path,label,label_index,artist,split,sha256,phash
data/private/portraitnet/general_paintings/aki-kuroda_cosmogarden-2011.jpg,general_painting,0,aki-kuroda,train,fd2e78b46893827051ba2e5afd1c35aff4ec81258c11db9f21d475327913c04b,9cc967722763134d
data/private/portraitnet/general_paintings/aki-kuroda_flower-bench-2007.jpg,general_painting,0,aki-kuroda,train,bd3aea5aaa6ede264bb895690160dd255a9830ae6bbbbea3e37d6c2058840d41,add2136ce537c02d
data/private/portraitnet/general_paintings/aki-kuroda_night-2011.jpg,general_painting,0,aki-kuroda,train,6f1ddf4e48cfe74e3c05c19c9faafb8787953845cac7dfb408d0d72924b53190,ac89d326dbc92cc9
data/private/portraitnet/general_paintings/aki-kuroda_untitled-1995.jpg,general_painting,0,aki-kuroda,train,0640d750f9131022c0cee30f44f726f77b0cbeba4581fb96418f216b9e78f250,98166769ce4d92dc
data/private/portraitnet/general_paintings/aki-kuroda_untitled-2008.jpg,general_painting,0,aki-kuroda,train,a74a922316b4ba9569a8fa421e0050c6b7d763407e616f3b2ff4b625a16497a8,b096cd68d3e97192
data/private/portraitnet/general_paintings/aki-kuroda_untitled-2012-1.jpg,general_painting,0,aki-kuroda,train,fb2a38686b59b037299ece422f6ab32d2c99f498499f5b446f7d90f951757232,b5ed9e27800c65ea
data/private/portraitnet/general_paintings/aki-kuroda_untitled-2012.jpg,general_painting,0,aki-kuroda,train,20bf5033e99844f3f2ebfe827216a7fa28a70e78449ae1ec2972dc72757adfbb,95f24a95427a857e
data/private/portraitnet/general_paintings/albert-gleizes_untitled-2.jpg,general_painting,0,albert-gleizes,train,83dc48d7cc783e1a6bb171c40293b37be734e0653f552a5f0bea435fe1d1ceaf,de064d7b3870c19e
data/private/portraitnet/general_paintings/albert-gleizes_untitled-3.jpg,general_painting,0,albert-gleizes,train,b33acd2d919ca64f8d48c202241a56bef6f9b1b0e437a26163d52e52f8b800a4,cfb63198ce649893
data/private/portraitnet/general_paintings/albert-gleizes_untitled-4.jpg,general_painting,0,albert-gleizes,train,863914d56c7323ccf5822cbd43578441a527366144a750a736e3d7f5025b58a7,8c92966571ded13a
data/private/portraitnet/general_paintings/albert-gleizes_untitled-5.jpg,general_painting,0,albert-gleizes,train,8d261a9d7908267f5108a1e06511bbdf6ed53124095317713aaacf889e6933b4,92b435f179cbc894
data/private/portraitnet/general_paintings/albert-gleizes_untitled-6.jpg,general_painting,0,albert-gleizes,train,1b80ca7c118e19ed25ac02c4e4cf838b83ef94e8e9f5af8cbfa922cfd7dfcae6,ea39cf12109f3363
data/private/portraitnet/general_paintings/albert-gleizes_untitled-7.jpg,general_painting,0,albert-gleizes,train,c0ee4b93abe810e164dc7d7b2fdb0dcdde24bb16b646a619b198f691f019ca23,b89970320f5f13e3
data/private/portraitnet/general_paintings/alberto-magnelli_farmers-at-table-1922.jpg,general_painting,0,alberto-magnelli,test,0bc12a910135f6b039b2bc7348d4c74d26f3059eb9f28e1297c59658d7ad2edb,a6f80f1e0cc351eb
data/private/portraitnet/general_paintings/alberto-magnelli_femme-la-blouse-jaune-1916.jpg,general_painting,0,alberto-magnelli,test,c733bc4c0ff3e7795c9633a05ce680a30c517ff4ce2f656f4b3dca5aadba6478,86f01f6653d35236
data/private/portraitnet/general_paintings/alberto-magnelli_incantation-1935.jpg,general_painting,0,alberto-magnelli,test,697149b862b46a789fa5734944efdceea25024ac9a30e4c99d57a52bebb7b1aa,d24aff4c3ce54838
data/private/portraitnet/general_paintings/alberto-magnelli_la-toilette-1917.jpg,general_painting,0,alberto-magnelli,test,a7f43a1cf534dd5230b7e062bf18d03ae20bbd501d36af8a32770438955b2cd4,c99f73d0127e07e0
data/private/portraitnet/general_paintings/alberto-magnelli_man-smoking-1914.jpg,general_painting,0,alberto-magnelli,test,3954922e93c47494298559670ac79e56d7b040efdc31b497dc5a73431643b32a,81e83f4ec8789b36
data/private/portraitnet/general_paintings/aldemir-martins_vase-of-flowers-1949.jpg,general_painting,0,aldemir-martins,test,44c43989af07ad6252d8b1aae56d9f6ce550d2d948f4205b1659bae7646c0d68,8eba92ccc5d4e6c1
data/private/portraitnet/general_paintings/alekos-kontopoulos_cupid.jpg,general_painting,0,alekos-kontopoulos,test,94292a030c8aa3abc0a2a1e6dde9a1ad0559648a268537332a51eef82fbbb356,e336537998c1ce86
data/private/portraitnet/general_paintings/alekos-kontopoulos_enangalismos.jpg,general_painting,0,alekos-kontopoulos,test,9a5eabd9a20cf226535987450eb35c57a51d3980d3f8dcb5bd67b94a8fcf4fd6,9d646a63c1396bc6
data/private/portraitnet/general_paintings/alekos-kontopoulos_he-wasn-t-18-1974.jpg,general_painting,0,alekos-kontopoulos,test,a2f4e9e10bc0a3d2f9096df8d16b7f04487336b566819caf2a7a681a274b66f9,febc705783581b21
data/private/portraitnet/general_paintings/alekos-kontopoulos_still-life-1956.jpg,general_painting,0,alekos-kontopoulos,test,32b70496a2db50f73ed6aa05b8ce27b28235e78137cbda7a0f591d28d4cb1220,d9c8611b6e693725
data/private/portraitnet/general_paintings/alexey-venetsianov_girl-with-culf.jpg,general_painting,0,alexey-venetsianov,train,02fa08d52b76060c9dd294a4f8f9c356aef13d87de437571dd984bc387a2ee9a,cc4e3911e767991c
data/private/portraitnet/general_paintings/alfred-manessier_david-1948.jpg,general_painting,0,alfred-manessier,test,5e39883ca1812db5593e433fa554f19e4ed431c329b4734dba90eb30fe2dacf5,96c76e98b95a4b21
data/private/portraitnet/general_paintings/alfred-manessier_les-dieux-marins-1935.jpg,general_painting,0,alfred-manessier,test,0d11489966febc91b239b18a5187348ec8d5f8af2cb22dcaf3cf2de5286edd5a,c3657e1ce1cb1926
data/private/portraitnet/general_paintings/alfred-manessier_soir-e-d-octobre-1946.jpg,general_painting,0,alfred-manessier,test,ef6c25d4df387579c3fbabcfd7501795bd100f9bdd1494ea898aa8bcd66de412,e0fe17c03cb23372
data/private/portraitnet/general_paintings/alfred-sisley_moret-sur-loing-1885.jpg,general_painting,0,alfred-sisley,val,0e03b7dcba8f96804c6419265faa99a7a7834c2f6f02ed627bbed9cb729b8743,c9d8b222cc350fee
data/private/portraitnet/general_paintings/alfred-sisley_moret-sur-loing-1888-1.jpg,general_painting,0,alfred-sisley,val,c92c1c2fee10d7a128951776b8367534e3aad4717953c8bd512dc8f7dd9b3c86,8a9a39e562eb259c
data/private/portraitnet/general_paintings/alfred-sisley_near-louveciennes-1874.jpg,general_painting,0,alfred-sisley,val,67415470ae4da2985bd5d4853cbc214cf4015d5e548e7d8d517a5ceff185aa2f,b0a00f6f99e2398f
data/private/portraitnet/general_paintings/alfred-sisley_near-louveciennes-1876.jpg,general_painting,0,alfred-sisley,val,0356c52f6ef9c6a623c2953b51570f06c3cbcc501a7f26481da99f255b57e6dd,d770e06fd06478c3
data/private/portraitnet/general_paintings/alfred-sisley_on-the-banks-of-the-river-loing.jpg,general_painting,0,alfred-sisley,val,34a7f18ed8f127361f0d5927fc5e4aec2d4feb24ed0800e32c01dac40ca2c517,85c7e47160ba3e17
data/private/portraitnet/general_paintings/alfred-sisley_on-the-cliffs-langland-bay-wales-1897.jpg,general_painting,0,alfred-sisley,val,70d7a722b06b6cb665e34c4fc5fbcd1b6c33cfbe73335c78b196d67ee6036429,a098efb65c6a1723
data/private/portraitnet/general_paintings/alfred-sisley_path-near-the-parc-de-courances-1868.jpg,general_painting,0,alfred-sisley,val,a660e14e769a30ea3d9dfd5cb4f02af75d883ffc45b23049c61d720fb5d9d243,b519d8dc4825c63f
data/private/portraitnet/general_paintings/alfred-sisley_platz-in-argenteuil-1872.jpg,general_painting,0,alfred-sisley,val,dd1d85765c884eaae6522903fdfbc1d36bbf8f1ebf0405dd5e8aa561da322dc2,b0ee4770bd0d638a
data/private/portraitnet/general_paintings/alfred-sisley_regata-at-hampton-court-1874.jpg,general_painting,0,alfred-sisley,val,da46248023bf33fddd3aa9ba4761dceec852a769586ed9c0af144e7c768c8571,9cbcc7c1631f883c
data/private/portraitnet/general_paintings/alfred-sisley_rider-at-the-edge-of-the-forest-1875.jpg,general_painting,0,alfred-sisley,val,0e328c89c84b730215564b697a47221c1515b146cfd860bab38b6dfc69792390,af36d259cbc105c6
data/private/portraitnet/general_paintings/alfred-sisley_road-at-veneux-1886.jpg,general_painting,0,alfred-sisley,val,e0eb637497c0459fff15b6ba291aa3bed40b478f7c2603d89c557a875c6e110a,d1ae4c5eba61354a
data/private/portraitnet/general_paintings/alfred-sisley_road-from-hampton-court-1874.jpg,general_painting,0,alfred-sisley,val,cd8eaeb8bf56d0868001248e0260e73f2e0c014f7f9659d79bfc4baf3deb14f3,8582e13fc3710fb3
data/private/portraitnet/general_paintings/alfred-sisley_sablons-in-spring-1890.jpg,general_painting,0,alfred-sisley,val,bf7f562d895183471798e196aaf43ece351a60ad4dfbedc7c809c0689b8c5363,f0988d637d7b1464
data/private/portraitnet/general_paintings/alfred-sisley_saint-cloud-1877.jpg,general_painting,0,alfred-sisley,val,c4a435a8f156afc441844f004a99af3f6dc38d35979b1cd0fb8b3834cafe8b15,d499710f97f24e30
data/private/portraitnet/general_paintings/alfred-sisley_saint-mammes-evening-1885.jpg,general_painting,0,alfred-sisley,val,f74edfe277ac161159ba3f771b742e691a5f2695017c7a45c42191a921c61229,9fb36114f2e2352a
data/private/portraitnet/general_paintings/alfred-sisley_saint-mammes-house-on-the-canal-du-loing-1885.jpg,general_painting,0,alfred-sisley,val,b7d89a0d66b92f25637b4964a33d942a786265ba38fb4fbd96c552686726267c,bf8ef8d44a62a095
data/private/portraitnet/general_paintings/alfred-sisley_setting-sun-at-moret-1892.jpg,general_painting,0,alfred-sisley,val,8a7d0397d313974c6974252e54d07f35ab70a7ca8257cd3f4b1b62d80cffa6f9,ede2951fd06a6087
data/private/portraitnet/general_paintings/alfred-sisley_sevres-bridge-1877.jpg,general_painting,0,alfred-sisley,val,ee2830df59b0a3c4dc7f8ea5d3b7c8e7414a0e83bd99ab38738fe279d559a109,8be4961b2df45278
data/private/portraitnet/general_paintings/alfred-sisley_snow-effect-at-veneux-1884.jpg,general_painting,0,alfred-sisley,val,1c0a98d58f45b2b80b358e9aa55583e4db49bef1612cddfccc672a27c1d0c873,bb278078f64e23d2
data/private/portraitnet/general_paintings/alfred-sisley_snow-effect-at-veneux.jpg,general_painting,0,alfred-sisley,val,9e1697f23fbadef08f67fd132c2e22db0a9ab3fa7627b40945335a38c116972a,bcb3809a675a83b5
data/private/portraitnet/general_paintings/amadeo-de-souza-cardoso_azenhas.jpg,general_painting,0,amadeo-de-souza-cardoso,train,9dab56f58b29d5c4d2fbbe94b773a55e9b40f0a758f74ed315f45f6b62ca3ffa,e2af9bd120dc9685
data/private/portraitnet/general_paintings/amadeo-de-souza-cardoso_basque-landscape-1914.jpg,general_painting,0,amadeo-de-souza-cardoso,train,d07fc283501fdf1fbc9221e5bdd278e8656db5160f7944c3ee6174b92c72d1a8,d9da1f529223369c
data/private/portraitnet/general_paintings/amadeo-de-souza-cardoso_bridge-1914.jpg,general_painting,0,amadeo-de-souza-cardoso,train,295d76521bc6095c590dcfbab63ed62ecdaa9c8ae5bf2607f84d7a6b8fdf9875,e07a3b614e8619fa
data/private/portraitnet/general_paintings/amadeo-de-souza-cardoso_brook-house-1913.jpg,general_painting,0,amadeo-de-souza-cardoso,train,aabd4a4c1d97aa40d7ac53377b7fb3529500775edbf93728c4230cfa3f34aa3f,c2e0f19e8db89ab4
data/private/portraitnet/general_paintings/amadeo-de-souza-cardoso_cash-register-1917.jpg,general_painting,0,amadeo-de-souza-cardoso,train,f2cb6df655bc8211c839cc1ef5ada37aa2830b509436b344da560b19c7dc62bb,d4580f0f5cd862bd
data/private/portraitnet/general_paintings/amadeo-de-souza-cardoso_castle-1912.jpg,general_painting,0,amadeo-de-souza-cardoso,train,c29f933faa7b0e080d5b950dea9588f73288949a670c5ddf7b9df8f187511fab,c041497e333ddf32
data/private/portraitnet/general_paintings/amadeo-de-souza-cardoso_composition-with-guitar.jpg,general_painting,0,amadeo-de-souza-cardoso,train,fe01848bca882a6e30b502f119c49a08d65288ea9def17c58826c71a4b652c1c,b5a37b0d43926a9c
data/private/portraitnet/general_paintings/amadeo-de-souza-cardoso_composition-with-violin.jpg,general_painting,0,amadeo-de-souza-cardoso,train,8e345eb306e846a6830390665ac2ec13102db861cfd493ab7c6150ca13d0e437,837334ce2fe3130d
data/private/portraitnet/general_paintings/amadeo-de-souza-cardoso_corpus-christi-procession-1913(1).jpg,general_painting,0,amadeo-de-souza-cardoso,train,9963a1f79c27875c030583527434fe1b0c18d1734ccbec2613d4b9410360af80,a493dbe1258f324b
data/private/portraitnet/general_paintings/amadeo-de-souza-cardoso_don-quihote-1914.jpg,general_painting,0,amadeo-de-souza-cardoso,train,94146a4c916f773d35f64d43bdd15fe5ad939d8e29890c80cfec8300c3a62c8f,a0c3549d1ff84ac7
data/private/portraitnet/general_paintings/amedeo-modigliani_the-cellist-1909.jpg,general_painting,0,amedeo-modigliani,val,c71d92cee9203e5d90e3ee1494795c645780f3c22146557b605ff5849dc46f25,efd822f33ecc0807
data/private/portraitnet/general_paintings/antoine-blanchard_notre-dame.jpg,general_painting,0,antoine-blanchard,train,97e2afa25e0e0dfdaa6b0dbefb8fff6941512d5e2c5f288a4ce87e963914415b,d8b1dc754e39a845
data/private/portraitnet/general_paintings/antoine-blanchard_omnibus-on-the-place-de-la-madeleine-winter.jpg,general_painting,0,antoine-blanchard,train,b6b95b62bb6ddbf7ace32c0b61fdee1faf4d835b9a1f9bff1faf11ca066d8399,8467b370dd4d23a9
data/private/portraitnet/general_paintings/antoine-blanchard_omnibus-on-the-place-de-la-madeleine.jpg,general_painting,0,antoine-blanchard,train,ad48599fdd7c5a0bf3413515250e094f48b70522a169760503d4c0f78f5307d9,8ca0a232995f57f6
data/private/portraitnet/general_paintings/antoine-blanchard_opera-caf-de-la-paix.jpg,general_painting,0,antoine-blanchard,train,d9d926a4ca5e9b445d1bd1a25d2357ee53e31fdbe688826ddf8a51fe17e04444,95a19a5ad40de5e3
data/private/portraitnet/general_paintings/antoine-blanchard_palais-royal.jpg,general_painting,0,antoine-blanchard,train,312945308a9f5505fb85ecd979e71163d874d90f307eca75ee74a314d04ad5b2,c6c7f038ed5c8985
data/private/portraitnet/general_paintings/antoine-blanchard_paris-la-cathedrale-notre-dame.jpg,general_painting,0,antoine-blanchard,train,d1d1bf70dd2956b797d5e2f1e0412193b22cf3aee03d4ccd1973d07852da530e,98a8d766cd3dd450
data/private/portraitnet/general_paintings/antoine-blanchard_paris-la-chatelet.jpg,general_painting,0,antoine-blanchard,train,b3d7f179aa6511934943bcabe1c0037526dc2e50ddf336d8dcb58930eb3d76fc,87d4b871eb0fa4a1
data/private/portraitnet/general_paintings/antoine-blanchard_paris-les-bouquinistes.jpg,general_painting,0,antoine-blanchard,train,166d3f070950c40a8902cbb774ce127a0c6ae3c4a888f03ea3c01ca218a7cd0e,d8b857670a39f644
data/private/portraitnet/general_paintings/antoine-blanchard_place-de-l-opera-caf-de-la-paix-1.jpg,general_painting,0,antoine-blanchard,train,558fa0fc661838b6831a647c0ca87fb99709d9bc4e96cde73e6a71c9363113aa,bc8c9adac522e267
data/private/portraitnet/general_paintings/antoine-blanchard_place-de-la-bastiile-1.jpg,general_painting,0,antoine-blanchard,train,b49f9de3ff0f0463b876660da559efb4496de5c1aa97f2d154f4af416cd8b8fb,d4d1ad2f30da47a4
data/private/portraitnet/general_paintings/antoine-blanchard_place-de-la-bastiile-2.jpg,general_painting,0,antoine-blanchard,train,6a75ed43627c26b99de09af441d2155d514fc0af279c79d719cba4a0b4108f49,d491f72d33d2c02d
data/private/portraitnet/general_paintings/antoine-blanchard_place-de-la-bastiile-3.jpg,general_painting,0,antoine-blanchard,train,7706c73a099b2480f69751617ca4dc5958c1d384d6b15236eed0893bc4d4d52e,d1f52f18d144ba4b
data/private/portraitnet/general_paintings/antoine-blanchard_place-de-la-bastiile.jpg,general_painting,0,antoine-blanchard,train,1b3284f297eb13ba43d9d402b1f95865d8c7d8463903b862df0ac61e30ace029,d5f5af4c20d48b29
data/private/portraitnet/general_paintings/antoine-blanchard_place-de-la-concorde-1.jpg,general_painting,0,antoine-blanchard,train,31c28c64a70b68cf359f55047a725bafaf5a67242f69b52d87bcacbfc5a325a1,cad0c726f0cb6535
data/private/portraitnet/general_paintings/antoine-blanchard_place-de-la-concorde-2.jpg,general_painting,0,antoine-blanchard,train,7d9f1d941b720206fa3c4216c4fa2a5d2dab2909fcee3597e9b766f7c8204c4c,ceb2f52724cca1d1
data/private/portraitnet/general_paintings/antoine-blanchard_place-de-la-concorde-3.jpg,general_painting,0,antoine-blanchard,train,a83efedf31ec7382516da45034e27dc35f2f1230f1875711f6eebf7819eaa825,8bb58a7167b8d055
data/private/portraitnet/general_paintings/antoine-blanchard_place-de-la-madeleine-1.jpg,general_painting,0,antoine-blanchard,train,017606b7d75899e7ef4440ca2adad158dae7f60f9f8e2d5083e0ffca1b54c033,c8d1cd6db43d32e0
data/private/portraitnet/general_paintings/antoine-blanchard_place-de-la-madeleine-2.jpg,general_painting,0,antoine-blanchard,train,ce6bb839e266fd0e76ed480012db7bd9cf8a61af83942cfff47bde14b97ba527,cce3f618cb04b6e8
data/private/portraitnet/general_paintings/antoine-blanchard_place-de-la-madeleine-3.jpg,general_painting,0,antoine-blanchard,train,e90bbf883a4104b5e47632380a5fb69224b80f9d52f200eb15ac394b3f40d3ae,c5d5d2379c09c9c3
data/private/portraitnet/general_paintings/antoine-blanchard_place-de-la-madeleine-4.jpg,general_painting,0,antoine-blanchard,train,856fe8aea66155edf6a22eff1c2d05b4a13232ba5d597feb4902a3c5efa61b46,d9c4c52dbe739a08
data/private/portraitnet/general_paintings/antoine-blanchard_place-de-la-madeleine-hiver.jpg,general_painting,0,antoine-blanchard,train,c8106b970c5f1ef0f266b282d1846c17d6ac9ff4ad005b096726afe5d8c2c30a,c56ab154f32c33e4
data/private/portraitnet/general_paintings/antoine-blanchard_place-de-la-madeleine-marche-aux-fleurs.jpg,general_painting,0,antoine-blanchard,train,018c500351b77a1aef33ea235c966a8697d32ee64b1751f0acdfe894c579048d,c4d4f7722d0ddc60
data/private/portraitnet/general_paintings/antoine-blanchard_place-de-la-madeleine-winter.jpg,general_painting,0,antoine-blanchard,train,f6c887c24b81cda7f43c94019d78b0ef3124dae0f7ce8b273c204d81ea374113,99e6ba6e905f208b
data/private/portraitnet/general_paintings/antoine-blanchard_place-de-la-madeleine.jpg,general_painting,0,antoine-blanchard,train,2784ee0db6cb3186a37dd7cad0c56a2da6a7fb8c8a09a191fa7443132bbc8ec3,c594d3763e29ace0
data/private/portraitnet/general_paintings/antoine-blanchard_place-de-la-republic-10.jpg,general_painting,0,antoine-blanchard,train,c5054b1d124f5c5603206b86c9bf26e5cbd0378ca25944d5ca353faf9aa4151f,dcda95258ed99245
data/private/portraitnet/general_paintings/antoine-blanchard_place-de-la-republic-3.jpg,general_painting,0,antoine-blanchard,train,198f49b9b55a48019f771f2df08762d4dad651939a5d04b5b4e710d585943327,83cec570b131dc3d
data/private/portraitnet/general_paintings/antoine-blanchard_place-de-la-republic-4.jpg,general_painting,0,antoine-blanchard,train,2ade10fcfa50af2975e3be053be7f1a0522a96ea4366b1b1de70a42bf226fa5c,c4dbb916a26cb345
data/private/portraitnet/general_paintings/antoine-blanchard_place-de-la-republic-5.jpg,general_painting,0,antoine-blanchard,train,5636f29a9319ecc5fb7caca14da0487b07151fe8113ec1991545828253666353,989ecc65c507cec9
data/private/portraitnet/general_paintings/antoine-blanchard_place-de-la-republic-6.jpg,general_painting,0,antoine-blanchard,train,9c9c2b0ccc2f29ab73b0799b75d8c3933d939505737ab88c974fe84f4a1c1efe,98ba8c6562d51f8e
data/private/portraitnet/general_paintings/antoine-blanchard_place-de-la-republic-7.jpg,general_painting,0,antoine-blanchard,train,546f0d1958c5ceffea11d52682da1d09af7ec4c081f5eb5efe68ea7c1c245ae7,8d9e9d7152742a8e
data/private/portraitnet/general_paintings/antoine-blanchard_place-de-la-republic-8.jpg,general_painting,0,antoine-blanchard,train,0a01dd770d8d5a9c5ba5c15790fc94d56fc8bafa7caa4c536db75c6f3f8993e2,989f9d70d6542d83
data/private/portraitnet/general_paintings/antoine-blanchard_place-de-la-republic-9.jpg,general_painting,0,antoine-blanchard,train,f4f7aebef67c7f146b7146b33f59ac7bdf73355dc8d37013d9dd5ea163c8bffd,98989965d475abd2
data/private/portraitnet/general_paintings/antoine-blanchard_place-de-la-republique-2.jpg,general_painting,0,antoine-blanchard,train,cd1b1165bfcfbb9d527f9b6866ff533be7644505fc00fd766e3757427aeb2494,8386e671918eaed3
data/private/portraitnet/general_paintings/antoine-blanchard_place-de-la-republique-3.jpg,general_painting,0,antoine-blanchard,train,807134a493e4a6348b373cee097d49fae0b476c7ddc7e7cd26f9141075be9320,d3d89e378047e9b0
data/private/portraitnet/general_paintings/antoine-blanchard_place-de-la-republique-4.jpg,general_painting,0,antoine-blanchard,train,e430134afb53a49d99f7d340ccfc0fa86628f04fceca34d786ccf270470f9464,d9cad624c87c9257
data/private/portraitnet/general_paintings/antoine-blanchard_place-de-la-republique.jpg,general_painting,0,antoine-blanchard,train,77e1cf338b5d9dc2aeca87d36f8c748ebec34ab62da1c45919727bdc9dfcde20,9d8aed739603a361
data/private/portraitnet/general_paintings/antoine-blanchard_place-du-chatelet.jpg,general_painting,0,antoine-blanchard,train,f048efd26b813dd3805bcb944372a331b3e94645f06cbf6db64af1256e6a4ad5,8280fd65f27afc0c
data/private/portraitnet/general_paintings/antoine-blanchard_place-du-luxembourg-le-pantheon.jpg,general_painting,0,antoine-blanchard,train,005715dd6bb2188ff468c16dd531f5e45073d19f0934f486621f0b278cbb4826,c4c99938ec768f23
data/private/portraitnet/general_paintings/antoine-blanchard_place-du-palais-royal.jpg,general_painting,0,antoine-blanchard,train,cbdcbcfd2253cd8bf1c5ecda722afa80387b880ed62a61c4dbf9761cffb11127,9486b371f854c7b4
data/private/portraitnet/general_paintings/armand-guillaumin_dans-le-midi-1910.jpg,general_painting,0,armand-guillaumin,val,b1e09849d023867f506bc44427d62be22a35b5c805549056d5cd75108f0bdfd1,b4b9198d5263a56d
data/private/portraitnet/general_paintings/armand-guillaumin_effts-de-neige-palaiseau-1883.jpg,general_painting,0,armand-guillaumin,val,cb56c6f9260e8c1dfcf23a5b1d83d77eeffe842d139fdbcc518381ee2965ebbe,a627d91811c9dd3e
data/private/portraitnet/general_paintings/armand-guillaumin_epinay-sur-orge-1884.jpg,general_painting,0,armand-guillaumin,val,827e003daf641f6c4fe826c57ad87f16cb94c4f395d05e59c718ff2f97a4944d,c5d4b07439ec648f
data/private/portraitnet/general_paintings/armand-guillaumin_hollow-in-the-snow-1869.jpg,general_painting,0,armand-guillaumin,val,3ab5a9c0ce2795490f545c14372c1598344c8727b745ad9b1e0ff28e8ddda493,9edce71843f22147
data/private/portraitnet/general_paintings/armand-guillaumin_la-creuse-sous-la-neige-1890.jpg,general_painting,0,armand-guillaumin,val,eeab6e9a6c4546c1493b9447ba369e73c503fa5d92794c0a6a808feb84c8bc66,e333c9e6d0cc5c83
data/private/portraitnet/general_paintings/armand-guillaumin_la-place-valhubert-1875.jpg,general_painting,0,armand-guillaumin,val,8783b12b2752585a0d66bf4c70e44d69fe48fd9e536ba07f6e224443bc17cc41,91b2cd5cc9e44ee4
data/private/portraitnet/general_paintings/armand-guillaumin_landscape-of-puy-de-d-me.jpg,general_painting,0,armand-guillaumin,val,160945310e1a6720546bcfdbb3a19a87eb91fc39f81d4e84d9284029f8ecb761,84f2e91f5e4768a2
data/private/portraitnet/general_paintings/armand-guillaumin_le-pont-des-arts-1878.jpg,general_painting,0,armand-guillaumin,val,5862728b14ffa51b55c7959f161aa270cc1fc62c06668b9311d044571d609a71,c8cee7794f8160d8
data/private/portraitnet/general_paintings/armand-guillaumin_le-pornic-1909.jpg,general_painting,0,armand-guillaumin,val,3a0b338ba6b860e304a41913d9c5aed5c0aef2cb4afd1508a758dfb801037876,d395e1ea021d17f1
data/private/portraitnet/general_paintings/armand-guillaumin_le-r-servoir-poitiers-1910.jpg,general_painting,0,armand-guillaumin,val,228c49b4a33048f575ab10db6fb9aa68b65dc29dd07e1e8ae3704278b2409789,86d9b08f436491bf
data/private/portraitnet/general_paintings/armand-guillaumin_les-rapides-a-genetin-1900.jpg,general_painting,0,armand-guillaumin,val,5463c331b3590758357e7b1fe9f9dc230a2cd7a1abd80ee2d6cbda9aa8c32c63,e2e3ae281aceca3c
data/private/portraitnet/general_paintings/armand-guillaumin_les-ruines-a-crozant-1897.jpg,general_painting,0,armand-guillaumin,val,31b0c9a1543b5e172e92cd8741fb65e89d5da2da7ee208fd9b2a44bf5e7708de,91bec3b41f1541f2
data/private/portraitnet/general_paintings/arthur-segal_weg-nach-kynwasser-riesengebirge-1908.jpg,general_painting,0,arthur-segal,train,58bc1e271272e72eb67d97614d85c4ed3a9a1b26133e796b2df7add558af5fc6,e3bf4e3cf1d14408
data/private/portraitnet/general_paintings/auguste-herbin_park-in-paris-1904.jpg,general_painting,0,auguste-herbin,val,fdc0a06a493517d45f2738ed099bae1ea8111228974fdd45990a9cccb1d49c36,e27090e2dc1b6d9d
data/private/portraitnet/general_paintings/auguste-herbin_the-roofs-of-paris-in-the-snow-1902.jpg,general_painting,0,auguste-herbin,val,70191fcfb69c7fd1e40b96223e4a812a6173e7cf78561f406f9b6ff968dc873b,dea5a888701b659f
data/private/portraitnet/general_paintings/augustus-john_study-in-provence-1926.jpg,general_painting,0,augustus-john,train,ae3a057503b15581874db5dc5ff5e123c6ab7970917e3a7d769fb02c45795729,bffd91959790e080
data/private/portraitnet/general_paintings/benozzo-gozzoli_adoration-of-the-magi-1.jpg,general_painting,0,benozzo-gozzoli,val,fe53895b2a1fa59e1a2d73041e4295be4502f56ef80b51a07f5725a1240fac73,fab29161c38ec61e
data/private/portraitnet/general_paintings/benozzo-gozzoli_adoration-of-the-magi.jpg,general_painting,0,benozzo-gozzoli,val,de5dd54643ae67644a2a93809fa08c42b251fe84027d3670057818e3ef20281e,c219b678c9cb19cd
data/private/portraitnet/general_paintings/benozzo-gozzoli_angel-gathering-flowers-in-a-heavenly-landscape-detail.jpg,general_painting,0,benozzo-gozzoli,val,a8d18f46e5779fa008ac58f13cba0c5f51c9b40034d6726581cbb22c16614bc6,f8ad610cba42de3c
data/private/portraitnet/general_paintings/benozzo-gozzoli_angels-worshipping-1461.jpg,general_painting,0,benozzo-gozzoli,val,022bb0d050b3c3877d27718067b2477833aabc34a263a7e5ebc7f345e1257d12,949b6ef3688b8156
data/private/portraitnet/general_paintings/benozzo-gozzoli_angels-worshipping-detail-1461-1.jpg,general_painting,0,benozzo-gozzoli,val,f73ff3eadae3d1675f567b45067ac8ed75cde3590e00d5d971c93fc2b0994b5d,d4017a6d237d7b60
data/private/portraitnet/general_paintings/benozzo-gozzoli_angels-worshipping-detail-1461-2.jpg,general_painting,0,benozzo-gozzoli,val,c38f2214a1836eb883d93fdac00443ab1407b9667ef451022a47478dd95a0ef1,8f587d286a19e56a
data/private/portraitnet/general_paintings/benozzo-gozzoli_angels-worshipping-detail-1461-3.jpg,general_painting,0,benozzo-gozzoli,val,79c60fd5e412c2203e70ab78430795b028d298fc5caa8e4423c9364827f26320,c69c7af304ac39c3
data/private/portraitnet/general_paintings/benozzo-gozzoli_angels-worshipping-detail-1461.jpg,general_painting,0,benozzo-gozzoli,val,aaea5af8ebdffded7b300a1ef3c19c229ebc8ca16d44d1fb455b070c5623e497,c1ce1fa671f06c58
data/private/portraitnet/general_paintings/benozzo-gozzoli_arrival-of-st-augustine-in-milan-1465.jpg,general_painting,0,benozzo-gozzoli,val,e2b6d76f0b8570a95f2e4a6e0018c574f1d99411cc475697d65888fdb1a6e666,ab964a1c9707b4f1
data/private/portraitnet/general_paintings/benozzo-gozzoli_baptism-of-st-augustine-1465.jpg,general_painting,0,benozzo-gozzoli,val,42673191fb6a086f1e0be9ced3f358e2ec8212376c6e4e65d88596c40bf57160,9d635aa543689d66
data/private/portraitnet/general_paintings/benozzo-gozzoli_birth-of-st-francis-prophecy-of-the-birth-by-a-pilgrim-homage-of-the-simple-man-detail.jpg,general_painting,0,benozzo-gozzoli,val,b17c051c2f1bb4af4a053ce19f6c22edff06acc962f831e63e95faf6c399939f,f2a387e672862798
data/private/portraitnet/general_paintings/benozzo-gozzoli_birth-of-st-francis-prophecy-of-the-birth-by-a-pilgrim-homage-of-the-simple-man.jpg,general_painting,0,benozzo-gozzoli,val,6801dd70b5c0241ccaf72154afaf072b8f1ba566e9a0ed56f424b4ed728c2701,99ca46cd65961b17
data/private/portraitnet/general_paintings/benozzo-gozzoli_blessing-of-the-faithful-at-hippo-1465.jpg,general_painting,0,benozzo-gozzoli,val,3e3c5507edea55254abb9d89ea4b468b14d2eee77d11504a4a3d0bddd962a2c2,926943cd7cd819e9
data/private/portraitnet/general_paintings/benozzo-gozzoli_conversion-of-the-heretic-1465.jpg,general_painting,0,benozzo-gozzoli,val,949b9165562aaaf31caadb12f23faa551119e527ae176a2550c89ad6f116911e,c26dc1963c42739f
data/private/portraitnet/general_paintings/benozzo-gozzoli_procession-of-the-magus-balthazar-detail-1461-2.jpg,general_painting,0,benozzo-gozzoli,val,bad27641e8d11b9395bf80e766336e11320ad5a376695f28fe95c9bad51afe2a,829e1e6768a9bbb0
data/private/portraitnet/general_paintings/benozzo-gozzoli_procession-of-the-magus-balthazar-detail-1461-3.jpg,general_painting,0,benozzo-gozzoli,val,4421e90c33fef7aadac0b3c3c25e801199403d100ad208918ef20a578cc00662,d95aba1684b456b5
data/private/portraitnet/general_paintings/benozzo-gozzoli_procession-of-the-magus-balthazar-detail-1461-8.jpg,general_painting,0,benozzo-gozzoli,val,41710f6647cbc2cbc5fc5b8e677b219986f67bb9c7cdf4dd8a54bd05e59b0f28,c1a524af887a735d
data/private/portraitnet/general_paintings/benozzo-gozzoli_procession-of-the-magus-balthazar-detail-1461.jpg,general_painting,0,benozzo-gozzoli,val,834e408d2f2feaf86419881a175d976aa17c5583e6ed38a2d7ea971ef6f6602c,92e76b3a4607da4a
data/private/portraitnet/general_paintings/benozzo-gozzoli_procession-of-the-magus-caspar-detail-1461-1.jpg,general_painting,0,benozzo-gozzoli,val,62f20199d015419ce7357e4d296d06e9e0922eb8c055d65c9e2c5b06a5f58d8b,d20c1e311debc7c3
data/private/portraitnet/general_paintings/benozzo-gozzoli_procession-of-the-magus-caspar-detail-1461-2.jpg,general_painting,0,benozzo-gozzoli,val,7e981db119255df955b51e4802d3d005ae1d852bfe029540a324755966b8fe50,dffc1af03390249c
data/private/portraitnet/general_paintings/benozzo-gozzoli_procession-of-the-magus-caspar-detail-1461-3.jpg,general_painting,0,benozzo-gozzoli,val,a9cb558e7dadf3af587ba0b48c23dbe7502084f901477da50f01c18148667916,c139715106de3fc6
data/private/portraitnet/general_paintings/benozzo-gozzoli_procession-of-the-magus-caspar-detail-1461-7.jpg,general_painting,0,benozzo-gozzoli,val,4ac9028032421064c3aaf394a2daf29a28736bcc5355e8c428eb1888b90cb7f3,c4674ea32c1f6237
data/private/portraitnet/general_paintings/benozzo-gozzoli_procession-of-the-magus-caspar-detail-1461.jpg,general_painting,0,benozzo-gozzoli,val,323e74115e3e9483a1bbd93befce25900a4ef97aaaab35b4bb1021fb779288da,f1cb8aa4da58cde0
data/private/portraitnet/general_paintings/benozzo-gozzoli_procession-of-the-magus-melchior-detail-1461.jpg,general_painting,0,benozzo-gozzoli,val,02376feed3bbcca52d145b95761a7bc6096b277f80088278aedad0031b9ac172,8bc23c358ddced03
data/private/portraitnet/general_paintings/benozzo-gozzoli_procession-of-the-oldest-king-1460.jpg,general_painting,0,benozzo-gozzoli,val,ad870d11ea83fd084aa852c37e5091583647561a685bd902ae22e4fd39136f86,95d66e383688c6cd
data/private/portraitnet/general_paintings/benozzo-gozzoli_renunciation-of-worldly-goods-and-the-bishop-of-assisi-dresses-st-francis.jpg,general_painting,0,benozzo-gozzoli,val,54f4309e72812d212052fccd96e9b9a29ab48ce74b572c553bba2196044d0aa3,972d1452c3ce6739
data/private/portraitnet/general_paintings/benozzo-gozzoli_saint-ursula-with-angels-and-donor-detail-2.jpg,general_painting,0,benozzo-gozzoli,val,68b73c168a778f3641eb429b38d7a7d7d810258646da95b6b43c4a24cce15ba0,c0142c5b9367edb3
data/private/portraitnet/general_paintings/benozzo-gozzoli_saint-ursula-with-angels-and-donor-detail-3.jpg,general_painting,0,benozzo-gozzoli,val,bbc7cb6143d1d1b5eaec05e977c0b9b59265deb468f5ccc9e87e7efe0f29eabb,d442e9bc05f90bf1
data/private/portraitnet/general_paintings/benozzo-gozzoli_saint-ursula-with-angels-and-donor-detail-4.jpg,general_painting,0,benozzo-gozzoli,val,8453ad2b2c26d45ac8c753f1d531846d7d45ae53fe26a24df8fdd46f5fc3f14b,914e6d6137647e1a
data/private/portraitnet/general_paintings/benozzo-gozzoli_saint-ursula-with-angels-and-donor-detail.jpg,general_painting,0,benozzo-gozzoli,val,9b9dafa338cc96371072c8098007e7dc8ce1a35a6782c65ae6098e17d8d0fc12,f91b60e40e3f4e25
data/private/portraitnet/general_paintings/benozzo-gozzoli_san-domenico-annunciation.jpg,general_painting,0,benozzo-gozzoli,val,2ac32195e7cb02b453f707d597c81909796267b419d7bfefa9267ae5903f7290,9096561f393df930
data/private/portraitnet/general_paintings/benozzo-gozzoli_scenes-from-the-life-of-st-francis-north-wall.jpg,general_painting,0,benozzo-gozzoli,val,08d84e691f4a00f2c2daf9722ad912371fb2bdf501342afedd42d66d1d6a4eac,d45028ff5cc05b97
data/private/portraitnet/general_paintings/benozzo-gozzoli_scenes-from-the-life-of-st-francis-south-wall.jpg,general_painting,0,benozzo-gozzoli,val,5888f195c22180789dd39e8af4524e766d8058dda6e508fde947a42516e2d922,89457bb879cca392
data/private/portraitnet/general_paintings/benozzo-gozzoli_scenes-with-st-ambrose-1465.jpg,general_painting,0,benozzo-gozzoli,val,60d35c7ab50ed2e81125e780a03fb10a726132f3298b19b2df5136fb114f2e64,978250374875fd9c
data/private/portraitnet/general_paintings/benozzo-gozzoli_st-augustine-at-the-university-of-carthage-1465.jpg,general_painting,0,benozzo-gozzoli,val,8d49c49871f14ebc86c6348c0f4693101cca74dc75b9e3723bf4442c20134ea8,a9357f899628353a
data/private/portraitnet/general_paintings/benozzo-gozzoli_st-augustine-departing-for-milan-1465-1.jpg,general_painting,0,benozzo-gozzoli,val,fa617fc7e40bf198ee1628a8221de58f2229804b8ed25ff914f5f5d774f22b8c,debe249b91415257
data/private/portraitnet/general_paintings/benozzo-gozzoli_st-augustine-departing-for-milan-1465.jpg,general_painting,0,benozzo-gozzoli,val,38daf1350b970e83f3c62410ad8b04a371ee2462dab7b2e9f05751ce14234181,ee903699c36e6a26
data/private/portraitnet/general_paintings/benozzo-gozzoli_st-augustine-departing-for-milan-detail-1465-1.jpg,general_painting,0,benozzo-gozzoli,val,44f61a592895a839e4a523673ee024b5621626406cfb351d9092f519ee8c394b,b3722896c76d4ae1
data/private/portraitnet/general_paintings/benozzo-gozzoli_st-augustine-departing-for-milan-detail-1465.jpg,general_painting,0,benozzo-gozzoli,val,c701049fb121a987caf9f384c9a70a594ca26c0cde27444561c9fe27f64a1048,b37433e3789e2294
data/private/portraitnet/general_paintings/benozzo-gozzoli_st-augustine-leaving-his-mother-1465.jpg,general_painting,0,benozzo-gozzoli,val,c42411ebf4fce4b71e4951d15d0e706049822abe7a3df3c143a16e604ef15ed0,8cae215c43bdf863
data/private/portraitnet/general_paintings/benozzo-gozzoli_st-augustine-reading-rhetoric-and-philosophy-at-the-school-of-rome-1465.jpg,general_painting,0,benozzo-gozzoli,val,08b22e0ae00199c2a072a6d5ddbba58a9e1a0518f6e8506582b6aced1d80b7cb,fa6140b6c71d279c
data/private/portraitnet/general_paintings/benozzo-gozzoli_st-augustine-reading-rhetoric-and-philosophy-at-the-school-of-rome-detail-1465.jpg,general_painting,0,benozzo-gozzoli,val,6637d512104751954da848ed60071a125d61584b532053e8da553481920afb7e,9965f17bca360833
data/private/portraitnet/general_paintings/benozzo-gozzoli_st-augustine-reading-the-epistle-of-st-paul-1465.jpg,general_painting,0,benozzo-gozzoli,val,13a1e7b79a3dced45cde1dacad989ace40bf54a71b3e986f4673e0f30c90d961,fc4b3a7179548287
data/private/portraitnet/general_paintings/benozzo-gozzoli_st-augustine-s-vision-of-st-jerome-1465.jpg,general_painting,0,benozzo-gozzoli,val,9baa0d4bc63414bc7147d04e6fd7956fb18c59915b4648ddc363d6121196d5a5,f9d14a296126e3f1
data/private/portraitnet/general_paintings/bernardo-bellotto_schloss-nymphenburg-1761.jpg,general_painting,0,bernardo-bellotto,val,c6c9a706c9c0c562d19e9b47b01daa7ba051a643a8db7c22c838cde592c5714d,d2e4ba4436bb446b
data/private/portraitnet/general_paintings/bernardo-bellotto_schloss-schonbrunn-1760.jpg,general_painting,0,bernardo-bellotto,val,def8f6a53c433773b04859c5ad5df7f5e58f8b23cf88d1585c2f9116521c52f7,9ef0460f70d6ab2c
data/private/portraitnet/general_paintings/bernardo-bellotto_signoria-square-in-florence.jpg,general_painting,0,bernardo-bellotto,val,0bca894ef087d60caa62be4d25ab32d729f95e4fb8b3a70c9ef2317caa32d0f4,d0a92e281bdcf497
data/private/portraitnet/general_paintings/bernardo-bellotto_spanish-riding-school-1773.jpg,general_painting,0,bernardo-bellotto,val,664fbefb24f9ccc7039cbc555cdaa12785b3f04540f32264e34c75af1c6db29c,9091b1f04e6be13f
data/private/portraitnet/general_paintings/bernardo-bellotto_the-arch-of-constantine-1742.jpg,general_painting,0,bernardo-bellotto,val,b6b6f92038de91d02c2468ded975a9c095344ee6fd71f5e5d24407785c58e2fb,97cc926f23547b81
data/private/portraitnet/general_paintings/bernardo-bellotto_the-belvedere-from-gesehen-vienna-1759.jpg,general_painting,0,bernardo-bellotto,val,2863570974b4ff988651793716862dac8adf1b6af6466ea73183a6e58cf941e4,d6d9710cf9a219e2
data/private/portraitnet/general_paintings/bernardo-bellotto_the-blue-palace-1779.jpg,general_painting,0,bernardo-bellotto,val,1c3bdd8b158d0b4e4d2f193f40050456ff57b82dd5ff0fbd23243b1f6dc200ec,b8972d0b36c82f39
data/private/portraitnet/general_paintings/bernardo-bellotto_the-dominican-church-in-vienna-1758.jpg,general_painting,0,bernardo-bellotto,val,558351345a46273b47a2a01ca7c16d15aa81e5e3ad296d909366c8cde3e1bd4b,8d8ed670f9a5a48a
data/private/portraitnet/general_paintings/bernardo-bellotto_the-election-of-the-king-stanislaus-augustus-1764.jpg,general_painting,0,bernardo-bellotto,val,419a6c6349b5282b891169c37528413c8ea5acbd4c8a6903213ab94147b10a2c,d590a4262be97a5e
data/private/portraitnet/general_paintings/bernardo-bellotto_the-fortress-of-konigstein-1758.jpg,general_painting,0,bernardo-bellotto,val,c5d71361778374f1fbf5daec6016cea2129223da474337ec3ffae4cf44a27f4b,86bd1e714e2d3193
data/private/portraitnet/general_paintings/bernardo-bellotto_the-freyung-1761.jpg,general_painting,0,bernardo-bellotto,val,fe6c60a45f6a4c14beb473b12f00831ea0976f4619acc2253f573f473755acb4,99b1e66fc308701f
data/private/portraitnet/general_paintings/bernardo-bellotto_the-imperial-summer-residence-courtyard-1758-1.jpg,general_painting,0,bernardo-bellotto,val,890f830f5b5c807917230e3f66d9cc2d83b6db89ace04fc80b13616d828b6f0b,fc9187f871467807
data/private/portraitnet/general_paintings/bernardo-bellotto_the-imperial-summer-residence-courtyard-1758.jpg,general_painting,0,bernardo-bellotto,val,5ee674ef6a3a6e18857649a1d85c7743be050bcff27b066fedd7139da9fe32f3,97d5ce4835b64ac1
data/private/portraitnet/general_paintings/bernardo-bellotto_the-imperial-summer-residence-courtyard-view-from-north-1758.jpg,general_painting,0,bernardo-bellotto,val,1456c36a9956dbec07a3e4e13585634c8f5056478ad1b97f8d6e31a031a5854f,93f9a44d41ca55ad
data/private/portraitnet/general_paintings/bernardo-bellotto_the-imperial-summer-residence-garden-1758.jpg,general_painting,0,bernardo-bellotto,val,508a78880c4941c4cffa1ab0925c01436e54d9f552f279e4ed921c21a8d393d9,d0f790496af70d92
data/private/portraitnet/general_paintings/bernardo-bellotto_the-kreuzkirche-in-dresden.jpg,general_painting,0,bernardo-bellotto,val,4c1552c292dcdd43b142b4f770e18cabe1043c2085efd81f66ed4e82a65323ea,e8ab37708a723789
data/private/portraitnet/general_paintings/bernardo-bellotto_the-marketplace-at-pirna.jpg,general_painting,0,bernardo-bellotto,val,11f914497c5e5b71e121f8bb8f513214ac0c09139482091f9b4e97627f48e5fb,d5b0a92f2a53f41c
data/private/portraitnet/general_paintings/bernardo-bellotto_the-moat-of-the-zwinger-in-dresden.jpg,general_painting,0,bernardo-bellotto,val,86a24f9f21247cba27b9e7eda6322a73c1ed05e588ed196a73976d9034e9f7c6,8ebff84170188f47
data/private/portraitnet/general_paintings/bernardo-bellotto_the-neuer-marktplatz-in-dresden-1747.jpg,general_painting,0,bernardo-bellotto,val,fc688c8dac2d3c6696187b127f05b1eb7095a57b78e0f473d924b386047a9649,8180ac5d339e6afd
data/private/portraitnet/general_paintings/bernardo-bellotto_the-new-market-square-in-dresden-1750.jpg,general_painting,0,bernardo-bellotto,val,ac58f4e63a5a04c72a9c92aba9b555daac7c3977ab406dda72ed1e38677d546c,8581a27f7d82726e
data/private/portraitnet/general_paintings/bernardo-bellotto_the-old-market-square-in-dresden.jpg,general_painting,0,bernardo-bellotto,val,51f362627de25789c2c9c977eb6c0ff2ad37803ae03e794226bf1d78d9c5955b,91e07f3f4a15a4b2
data/private/portraitnet/general_paintings/bernardo-bellotto_the-piazza-della-signoria-in-florence.jpg,general_painting,0,bernardo-bellotto,val,59cf7f52562009fa7fbb3751ef511955f40e0ec49453fbd349d21737b48fdaa7,d1ad2e6a49d8f407
data/private/portraitnet/general_paintings/bernardo-bellotto_the-ruins-of-the-old-kreuzkirche-dresden-1765.jpg,general_painting,0,bernardo-bellotto,val,0155ecde6513b3ee2bb16dade4ebbcf7f89b6d80ecc1d7bbd8a8374cf27242a2,d0f8ad866ad816b6
data/private/portraitnet/general_paintings/bernardo-bellotto_the-ruins-of-thebes-on-the-river-march-1758.jpg,general_painting,0,bernardo-bellotto,val,5b3e6b704f734b5946669ba96f8424a0a8cb247b476dfe710dbd806cfd284d0b,95a86a75b1b84e17
data/private/portraitnet/general_paintings/bernardo-bellotto_the-schloss-hof-garden-side-1758.jpg,general_painting,0,bernardo-bellotto,val,cff351afe310bbf4be4afe64c6cba15332a813e8867e542460d9a0844ea474db,d8e790496ef60d92
data/private/portraitnet/general_paintings/bernardo-bellotto_the-scuola-of-san-marco.jpg,general_painting,0,bernardo-bellotto,val,276037f29133a1da0883a7e465551a4be5386e138c79505fb60c513373cac8f9,82d0796ec3759aa5
data/private/portraitnet/general_paintings/bernardo-bellotto_venetian-capriccio-view-of-santa-maria-dei-miracoli.jpg,general_painting,0,bernardo-bellotto,val,cf81788aa2c38e04644c093baf63b21014cf540fc2e780f8f8df235e63dd7c9b,91f06e2f730c3533
data/private/portraitnet/general_paintings/bernardo-bellotto_venice-veduta-1.jpg,general_painting,0,bernardo-bellotto,val,2c01c205dca97ff1d6e56722af10079f06dc416b93ff442aff673bf559ca1771,80805f3bbf5265d9
data/private/portraitnet/general_paintings/bernardo-bellotto_venice-veduta.jpg,general_painting,0,bernardo-bellotto,val,b3b2a013df526f96fee0bd67b9832b97da9a0f1799e7233dcb26a7b9bddabec2,85bf6a640889757e
data/private/portraitnet/general_paintings/bernardo-bellotto_verona-veduta-1746.jpg,general_painting,0,bernardo-bellotto,val,d5c25a75b74870c956b422de09088ef8a770a1593849bdcf880d6cee2639f035,d1ef9027f8852758
data/private/portraitnet/general_paintings/bernardo-bellotto_vienna-panorama-from-palais-kaunitz.jpg,general_painting,0,bernardo-bellotto,val,ec281451cebe3043769a88be4ceadb38a48617ddb9200e4036ab113bcdbdcfb6,928d3d3e948b2d56
data/private/portraitnet/general_paintings/bernardo-bellotto_vienna-the-lobkowitzplatz.jpg,general_painting,0,bernardo-bellotto,val,05b66fa39a66da670c2c328d98079219a6e97fd95b10e1438b2b93495b8d44a5,9095af6a685b56c5
data/private/portraitnet/general_paintings/bernardo-bellotto_view-of-an-old-bridge-over-the-river-po-turin-1745.jpg,general_painting,0,bernardo-bellotto,val,3a63b5142bd9ae02d5d1f3ace9f798e427a77971e1b1f5616c729b4c44542408,cdc27c4e06f42a7a
data/private/portraitnet/general_paintings/bernardo-bellotto_view-of-cracow-suburb-leading-to-the-castle-square-1774.jpg,general_painting,0,bernardo-bellotto,val,9f58354015645381ee63bfb6a25df28022da7f40935b7144d587684c9caaec5e,84c4f93f7f4390d0
data/private/portraitnet/general_paintings/bernardo-bellotto_view-of-dresden-from-the-right-bank-of-the-elbe-with-augustus-bridge.jpg,general_painting,0,bernardo-bellotto,val,b084a6541dbfd5a50db0116f2c67ad5a5cd09e5a7c70979960d9a940758f058f,80f23f4fa01a35f3
data/private/portraitnet/general_paintings/bernardo-bellotto_view-of-dresden-from-the-right-bank-of-the-elbe-with-the-augustus-bridge-1748.jpg,general_painting,0,bernardo-bellotto,val,42bd4c4913332e3ae90721d4d9d13f626f4ac32e142919f88d466205f5c27c2a,81fe175da20a37d1
data/private/portraitnet/general_paintings/bernardo-bellotto_view-of-dresden-the-dresden-fortifications-moat-with-a-bridge-between-gate-and-post-mile-pillar.jpg,general_painting,0,bernardo-bellotto,val,cb9f4e775ecaae23aadcc6956a51711cc46e54278646e01ffe4240b72169ead3,81e23e15c9e69d5a
data/private/portraitnet/general_paintings/bernardo-bellotto_view-of-gazzada-nevarese-1744.jpg,general_painting,0,bernardo-bellotto,val,f8675885de3272c7b51ae79a9f7b74a6f8ec7f921cf572260c94a461dbc6d4a2,88a7327c51f88d76
data/private/portraitnet/general_paintings/bernardo-bellotto_view-of-pirna-from-the-sonnenstein-castle.jpg,general_painting,0,bernardo-bellotto,val,de3ee510317bc888e8c7e1b795b9e42f7704a790751bbb8dee3d94d18f39e6f0,d1dc1f316a9b245a
data/private/portraitnet/general_paintings/bernardo-bellotto_view-of-the-grand-canal-at-san-stae-1738.jpg,general_painting,0,bernardo-bellotto,val,50f5a82e497d6506b1cccbb0c0aa82cef6f0ad5cf44379ca704e69f3e69c9bad,80d03e6fc8b615e7
data/private/portraitnet/general_paintings/berthe-morisot_julie-listening.jpg,general_painting,0,berthe-morisot,train,4220a45562ce474c734144ee91423bc165b01479da8dc7db706eee9452303b25,fcc6cc1ab2b3441d
data/private/portraitnet/general_paintings/berthe-morisot_julie-manet-and-her-greyhound-laerte-1893.jpg,general_painting,0,berthe-morisot,train,007248e10dc073fb0b825e5a285830096bc3fef780360afbb4ccbfd5e0a35855,e8ce91b1627bd42a
data/private/portraitnet/general_paintings/berthe-morisot_julie-manet-and-her-nurse.jpg,general_painting,0,berthe-morisot,train,e30d1ac64ec504a2453fa40e65f8204c880927ba4fb2a341206d5561f8ac2bfe,9a6a30c12da575d7
data/private/portraitnet/general_paintings/berthe-morisot_reading-with-green-umbrella.jpg,general_painting,0,berthe-morisot,train,0836c73b726cf2cb95b62d19c67a2209d26ea5758addb977ef9acf2e9add698b,c26dd3ca7c4678e0
data/private/portraitnet/general_paintings/berthe-morisot_young-girl-resting.jpg,general_painting,0,berthe-morisot,train,97bde5c14039ba6f9462a717ef5bbb0da9b972c36f28050cbf3b1f9119494b64,dc6e30c38359ce65
data/private/portraitnet/general_paintings/berthe-morisot_young-girl-with-a-bird.jpg,general_painting,0,berthe-morisot,train,c9e888e09c05a3f4a97f4301b20829113a4ed4c62f843c32edb1ede4c73687da,8e3d3066e3363ca9
data/private/portraitnet/general_paintings/berthe-morisot_young-girl-with-a-fan-1893.jpg,general_painting,0,berthe-morisot,train,48411eb2950582c636fcaa0adc54f127f12f57d0801960f8f271d47bb11baad0,ddec6195361ac589
data/private/portraitnet/general_paintings/berthe-morisot_young-girl-with-an-umbrella.jpg,general_painting,0,berthe-morisot,train,dec3c52be6ee3757d7aad907a47ff491561c8fe57ad762d23032e008f8294305,bf846c34eb69b241
data/private/portraitnet/general_paintings/berthe-morisot_young-girl-with-doll-1.jpg,general_painting,0,berthe-morisot,train,693844e0dc99839051b3310b957dbee34f21e005f808ae11767f5cd6b05678d4,ae969a6515de2389
data/private/portraitnet/general_paintings/berthe-morisot_young-girl-with-doll.jpg,general_painting,0,berthe-morisot,train,492dcab47a5dc9ba75961d994fd28f5feea3deb3a298b456701c87ae278bd3c6,9863eded770e2085
data/private/portraitnet/general_paintings/boris-kustodiev_autumn-1918.jpg,general_painting,0,boris-kustodiev,train,102c49d6b732fe76dbd922d1b6e25b7b6176b6e3752300683d1ec9c4917810df,95db2a962733ec03
data/private/portraitnet/general_paintings/boris-kustodiev_autumn-1924.jpg,general_painting,0,boris-kustodiev,train,8762092d7c033406d1b341ccbc27088c9594659073e6f1230f37ef704cf3aa4e,f2fc2dcb0e3c4305
data/private/portraitnet/general_paintings/boris-kustodiev_autumn-festivities-1922.jpg,general_painting,0,boris-kustodiev,train,b5d2f11a6e2638d967775057500d3d16fd3a51b689f37a0bff70a82b7b09971c,9d9ba462cb151ee1
data/private/portraitnet/general_paintings/boris-kustodiev_autumn-in-the-province-teatime-1926.jpg,general_painting,0,boris-kustodiev,train,189f64baf3d399cf1f02352bfdb35671ee02df6530c67a94dd43c00f49aca154,87be28994dd01dc7
data/private/portraitnet/general_paintings/boris-kustodiev_bathing-1921-1.jpg,general_painting,0,boris-kustodiev,train,622e55161146fe1d59480f0fd764896d9e4fd4c924ee5c42217ac2ea0aefcc48,84b6e3c17758c497
data/private/portraitnet/general_paintings/boris-kustodiev_bathing-1921.jpg,general_painting,0,boris-kustodiev,train,57fc0d6c395aaf6ac44f3b5c24920a2f0b523bb1eea2199661c5c8712ba21cdc,c5f145d624077ee1
data/private/portraitnet/general_paintings/boris-kustodiev_beauty-1918.jpg,general_painting,0,boris-kustodiev,train,fd51cca4c0a0814f1c6c81bf023c716bc3e7d973984b8564774648628a6acdbb,862a65873b5265cf
data/private/portraitnet/general_paintings/boris-kustodiev_bishop-1921.jpg,general_painting,0,boris-kustodiev,train,234ba30efc79bf2773342b73ed86d611c7257a84bdb0edad7a63f685db88381b,c1e43d2db9d44c35
data/private/portraitnet/general_paintings/boris-kustodiev_catching-of-homeless-dogs.jpg,general_painting,0,boris-kustodiev,train,aa15f76f07531afb6afa9af47e1ec5370aae256ac906742d1765bbc6e3f883aa,e280a7eb0d0cda77
data/private/portraitnet/general_paintings/boris-kustodiev_children-of-the-artist-1913.jpg,general_painting,0,boris-kustodiev,train,53b8045b052705dbc5cd93b1a852d8152665d1a5eb3935a1ce2f0b3995e85dfb,abc787169079c2da
data/private/portraitnet/general_paintings/boris-kustodiev_christmas-tree-bargain-1918.jpg,general_painting,0,boris-kustodiev,train,c9f5f082e2f73276705b0949e3624193368c6f18c9ac7a46958a867cf5945015,a5d86d8659aec932
data/private/portraitnet/general_paintings/boris-kustodiev_in-the-box-1909.jpg,general_painting,0,boris-kustodiev,train,e216879a141fafa7fe43f545c606aced6bd5faa38bab9b7134180e0b873d7752,99be4e51bf449125
data/private/portraitnet/general_paintings/boris-kustodiev_lilacs-1906.jpg,general_painting,0,boris-kustodiev,train,c6aed2fcaad93f3f1934b4320660dab274130fe8b9720564bceec5a1ad83c6e0,c7bc50cb093f0ec6
data/private/portraitnet/general_paintings/bridget-riley_pink-landscape-1960.jpg,general_painting,0,bridget-riley,train,8c42961c04a1bfadbd1d7c7db2ea98ad1213b9fcdb6bd3dba066268207f97636,c905663a63ce9973
data/private/portraitnet/general_paintings/burhan-dogancay_old-ankara-1958.jpg,general_painting,0,burhan-dogancay,test,a86c958268f6284fd6a55148659cb4bea22deed134584b11590e6caee6a22d1d,bbc262d80c879be9
data/private/portraitnet/general_paintings/burhan-dogancay_silifke-den-1956.jpg,general_painting,0,burhan-dogancay,test,780456603e05eb6a14839b15ce90764a33127aae77c8424e66c1e350f22bf825,9985261c35793afc
data/private/portraitnet/general_paintings/camille-corot_the-artist-s-studio-1870.jpg,general_painting,0,camille-corot,val,a27472a317e94b420c989a7fca879f04080bcfcbe2f4199f0437b8811853fcf6,ae96f031a94e8673
data/private/portraitnet/general_paintings/camille-corot_the-artist-s-studio.jpg,general_painting,0,camille-corot,val,6221cb9f8a7d5f86bb226225a602b18f77326d73f20e56856dc4f0639b5240a7,f99cb2d3d8219662
data/private/portraitnet/general_paintings/camille-corot_the-augustan-bridge-at-narni-1826.jpg,general_painting,0,camille-corot,val,b7d82aec42436f9088ca53b30d0454f077e2479fa903e2818321cc55f96d0313,c5dca61b68124dd7
data/private/portraitnet/general_paintings/camille-corot_the-banks-of-the-midouze-mont-de-marsan-as-seen-from-the-pont-du-commerce-1872.jpg,general_painting,0,camille-corot,val,52ad15ad67a8f99594d1dc575c2f1d83bc309482b35687a9f04f7e0a565bd78f,87eaf07cce8b6064
data/private/portraitnet/general_paintings/camille-corot_the-baptism-of-christ-study-1845.jpg,general_painting,0,camille-corot,val,89de36476c7c9a1b04906c3365177869000daf52fd874a382153aa0e220c5751,e3aababce0e0b4c4
data/private/portraitnet/general_paintings/camille-corot_the-bay-of-somme.jpg,general_painting,0,camille-corot,val,d4424801a8af50f302b08e3a8590953ff0dda424d446070157a206e53ea5faec,b0f04b078e6f1f86
data/private/portraitnet/general_paintings/camille-corot_the-beach-at-dunkirk-1857.jpg,general_painting,0,camille-corot,val,1f5d387f5a46cb1c731a86c9fe18cab817d5906653f7e3a46f55e877b3784900,83a0e67a1fc6623d
data/private/portraitnet/general_paintings/camille-corot_the-boatmen-of-mortefontaine-1870.jpg,general_painting,0,camille-corot,val,22bcc9eacea045ca4a0a068d37a38f375d61f1d87fd607511f64002aa0031cda,eaf230e1ec82b336
data/private/portraitnet/general_paintings/camille-corot_the-bridge-at-grez-sur-loing.jpg,general_painting,0,camille-corot,val,1ee612888ca7b0c3ba604b1b180209df57328380b3c26a30f561d0b1ef8a4f78,d4c4bf2b2cb242ce
data/private/portraitnet/general_paintings/camille-corot_the-bridge-at-nantes-1870.jpg,general_painting,0,camille-corot,val,06911795f03b7b19604a121380f1c07008d8054abc8d1aa023d6de8f735a0a1f,d3e0a6936a92c33e
data/private/portraitnet/general_paintings/camille-corot_the-cart.jpg,general_painting,0,camille-corot,val,cbdb2f1234c956fa2f8294c6501874d61ef482b7545d653a2936a04c0102b094,91c3e47abe52c02f
data/private/portraitnet/general_paintings/camille-corot_the-church-at-essommes-near-the-chateau-thierry-1856.jpg,general_painting,0,camille-corot,val,a471a544e842c24c68645dc352a8ac096b90179492247a31590e1cc507495bec,f4b1912ae7c506da
data/private/portraitnet/general_paintings/camille-corot_the-church-at-lormes.jpg,general_painting,0,camille-corot,val,7ef906ff6809cb8704d8ee93ea16159a41fa8f141d7225c68acf30e279793e39,9cfeca4564ba489c
data/private/portraitnet/general_paintings/camille-corot_the-church-at-marissel.jpg,general_painting,0,camille-corot,val,f7fc8a0ecb1a79992736baae264170b0662786ec17ab4a4fbdb08950a79369d2,9986c6669d563355
data/private/portraitnet/general_paintings/camille-corot_the-dreamer-1854.jpg,general_painting,0,camille-corot,val,2997063ae9d7ce3024d5d95b13a08cdcce563eeb4ee1eb8645a7177a71e2369e,93e0685e99e36e49
data/private/portraitnet/general_paintings/camille-corot_the-edge-of-the-forest.jpg,general_painting,0,camille-corot,val,cafe831e67b98ae69b4e48c4db5e884833e6630e4cb41702d32926bfcd0a15d8,c0e53d8d8c3689bb
data/private/portraitnet/general_paintings/camille-corot_the-evaux-mill-at-chiery-near-chateau-thierry.jpg,general_painting,0,camille-corot,val,2cdb7184a1d5961ee88ce118a68374e39208d859ba8e750b7740dc9b9a4003eb,9583c71f6a7821ea
data/private/portraitnet/general_paintings/camille-corot_the-evening-star-1864.jpg,general_painting,0,camille-corot,val,ecaf84a0fbe100021281c05fefd95ff4f6000f8c82f9b07b3fa69238fd49976b,cecc339bc92636c2
data/private/portraitnet/general_paintings/camille-corot_the-facade-of-the-villa-d-este-at-tivoli-view-from-the-gardens-1843.jpg,general_painting,0,camille-corot,val,b1f2fb63f422bff4bc65350932a6ce9d33858579ad7ec634eb3ee4eabfa6038a,a291dd6ae8cae392
data/private/portraitnet/general_paintings/camille-corot_the-ferryman-tying-his-boat.jpg,general_painting,0,camille-corot,val,51b7c0655514e446230e19b462afc4189ae085edf8d59d505396a1adfdf04c46,ddb680cd3780da93
data/private/portraitnet/general_paintings/camille-corot_the-forest-of-fontainebleau.jpg,general_painting,0,camille-corot,val,4e5d2c0c7db0e88acfe683619588ad298d9575bf18f8d618117e5dca26625cb8,ab9a50c581e756e6
data/private/portraitnet/general_paintings/camille-corot_the-forestry-workers.jpg,general_painting,0,camille-corot,val,6f5a0433d7b56f766a7fb2d1c22138748c5615ec224c28af555b4876f62a3e0f,f0f006c3f11c86ef
data/private/portraitnet/general_paintings/camille-corot_the-forum-seen-from-the-farnese-gardens-rome-1826.jpg,general_painting,0,camille-corot,val,1fe9c70a393569ecf087010afe6dbf215f62ea326c71f2ccaec48ed82ddd62be,97ee60541f8e6271
data/private/portraitnet/general_paintings/camille-corot_the-gardens-of-the-villa-d-este-tivoli-1843.jpg,general_painting,0,camille-corot,val,7759e6fbdf92c380d5e4c4265e7fe8f42d52d875a30a48898d82694d3d49965b,c5cdb7a22a384c9e
data/private/portraitnet/general_paintings/camille-corot_the-goat-herd-of-genzano-1843.jpg,general_painting,0,camille-corot,val,ce6e72a6fb159e97c19ce02d5a50d89bea0acccfe745311cfc1cbb461be8d426,81a0d07c7e6ba1d7
data/private/portraitnet/general_paintings/camille-corot_the-goatherds-of-castel-gandolfo-1866.jpg,general_painting,0,camille-corot,val,bf2dd789ca07d180df304e322a0ee581524b59e693c02cb72a990ac90ba22a67,b4fc5f80c31d8e43
data/private/portraitnet/general_paintings/camille-corot_the-grape-harvest-at-sevres.jpg,general_painting,0,camille-corot,val,b2cdffc84254871bbf5904851d2a18dd93f683cd93b830bf025e2f7d9a9598cb,d4a73d42936d0ad5
data/private/portraitnet/general_paintings/camille-corot_the-lac-de-nemi.jpg,general_painting,0,camille-corot,val,a22a1f996f8a4ad5561f0bd1750220876d305844a982fd1b7e67f8b840fe6a69,cff0f8ced19908c2
data/private/portraitnet/general_paintings/camille-corot_the-lake-1861.jpg,general_painting,0,camille-corot,val,9f867ae7d7bc67acac9223111c577df7ee2d374b0dc3243f4e8d124df9de27ce,eae18d96b51c9616
data/private/portraitnet/general_paintings/camille-corot_the-letter.jpg,general_painting,0,camille-corot,val,9cc40053f9523a3fb69b2c4d1c32a8ebbc2be95e447e326c5a5172803a262611,95483a364aadc7da
data/private/portraitnet/general_paintings/camille-corot_the-little-bridge-at-mantes.jpg,general_painting,0,camille-corot,val,e6d164e28a64801900afae87744bea46afde1f3ab6724cba3cf70587e4620b11,b7fe924989d4cd80
data/private/portraitnet/general_paintings/camille-corot_the-little-nest-harriers.jpg,general_painting,0,camille-corot,val,a8c3ac21e4d02f2a67bcb2188bd5438860947cdaf8cbec7ab109f7b201413694,c1e232cbbcccaca9
data/private/portraitnet/general_paintings/camille-corot_the-mill-in-the-trees.jpg,general_painting,0,camille-corot,val,8a4b950897e958e210096d19c1778d09cf7a0ecde90ce0963633826450d4060b,98fea764189d26a5
data/private/portraitnet/general_paintings/camille-corot_the-monastery-behind-the-trees.jpg,general_painting,0,camille-corot,val,17c12535e6250affb97624e6b8e9f593488bf255bbb7dd6b9a8b8701d1ebe88d,b4b84e078b4ba793
data/private/portraitnet/general_paintings/camille-pissarro_a-path-in-the-woods-pontoise-1879.jpg,general_painting,0,camille-pissarro,train,e2fff8b943330025cedc5932568853bac791d0c718ad7027f99bddcbc4e3c7cf,9cc8d3f3e3b09819
data/private/portraitnet/general_paintings/camille-pissarro_a-peasant-in-the-lane-at-hermitage-pontoise-1876.jpg,general_painting,0,camille-pissarro,train,a24e9e146aa19c74342a40c75b81079062328e88996a8bf980d222c5eb12f277,d6cfc86493e9c08d
data/private/portraitnet/general_paintings/camille-pissarro_afternoon-sun-rouen-1896.jpg,general_painting,0,camille-pissarro,train,7f23e4ca4c6c5a03807a0ed07768147d1bc5f3417b3af1d723fb951d21da8c93,c895ff4014bfc463
data/private/portraitnet/general_paintings/camille-pissarro_afternoon-sun-the-inner-harbor-dieppe-1902.jpg,general_painting,0,camille-pissarro,train,cdb89b95e58b4b7dd64caeffcbe6b7167b35d30c25364b2b3d8054e7cd7d3c68,8ce04d0a7485fe77
data/private/portraitnet/general_paintings/camille-pissarro_apple-picking-at-eragny-sur-epte-1888.jpg,general_painting,0,camille-pissarro,train,3d901fcb9d47dc7fc1f11609152d38bf9309a1b5d966fcf9570ed90b14f6fe01,a6ce6f2f3c323058
data/private/portraitnet/general_paintings/camille-pissarro_apple-trees-sunset-eragny-1896.jpg,general_painting,0,camille-pissarro,train,2766c61e607da559c62467d2f9c9548b438e8950a4048bf6e19efff960010c89,bc9f8f2860e2469b
data/private/portraitnet/general_paintings/camille-pissarro_apples-and-pears-in-a-round-basket-1872.jpg,general_painting,0,camille-pissarro,train,0744a87f917aa86b0f8b1e3eef2b5f2b887b9859670c6c3ab93c64d55cbf119d,b4cccf3064d39bc8
data/private/portraitnet/general_paintings/camille-pissarro_avenue-de-l-opera-effect-of-snow-1898.jpg,general_painting,0,camille-pissarro,train,55f39ea27e45c4b08feb5515ad63286831397cb778b5a9fa05fcf6d59ed0e4ae,89b6e667b4300e5b
data/private/portraitnet/general_paintings/camille-pissarro_avenue-de-l-opera-morning-sunshine-1898.jpg,general_painting,0,camille-pissarro,train,1eb2ed9c050441d237159bda8212f50ada5cb641d86ee45b4c38f2a529ac0a74,99d9f2e224e4a359
data/private/portraitnet/general_paintings/camille-pissarro_bathers-1896.jpg,general_painting,0,camille-pissarro,train,9212ac4e4c35ae724bf7824eb8bf978b74041b6558506b24fbe6365f7c80f522,d0f02de19f85269d
data/private/portraitnet/general_paintings/camille-pissarro_bathers-seated-on-the-banks-of-a-river-1901.jpg,general_painting,0,camille-pissarro,train,cd6ffa3b95d71d35e9328fa83006af9984ed80a1230b1a368fc3fca57c07fb9b,b69628cd7c41f03e
data/private/portraitnet/general_paintings/camille-pissarro_boulevard-des-italiens-morning-sunlight-1897.jpg,general_painting,0,camille-pissarro,train,5d5967ef4b54da7cda61670d059e07c4ca997f1a14cbef0498de59b4a00a8695,c0dbecf09d2b1827
data/private/portraitnet/general_paintings/camille-pissarro_boulevard-montmartre-afternoon-in-the-rain-1897.jpg,general_painting,0,camille-pissarro,train,40d52fcbd4cd6aca8bc38d1b5e0012f290c2592288560f1073db29f86fff71ad,c7f0d05dbd90b3a0
data/private/portraitnet/general_paintings/camille-pissarro_brickworks-at-eragny-1888.jpg,general_painting,0,camille-pissarro,train,50bf0c8826ebae4ff311e4abcd66d6870ddb01de62b72c47225dc16228636930,ceb0a11b78a4db2b
data/private/portraitnet/general_paintings/camille-pissarro_eragny-landscape.jpg,general_painting,0,camille-pissarro,train,61df9adbbd9205910a0914d886d9ec3abb713c1762735383da90684e14e901a9,b291d56f8c170ed1
data/private/portraitnet/general_paintings/camille-pissarro_flock-of-sheep-1888.jpg,general_painting,0,camille-pissarro,train,d5581b1f5314f4a4b5af8f454d54c30993c7b9014604910dac88ea1368d17745,94e1a87ecb739505
data/private/portraitnet/general_paintings/camille-pissarro_flock-of-sheep-in-a-field-after-the-harvest-1889.jpg,general_painting,0,camille-pissarro,train,105b57deee6d907eb12a06e84fa464e46798c7dfc6428bdd409f8cf0598e8892,f9b986c7451d1aa8
data/private/portraitnet/general_paintings/camille-pissarro_flowering-apple-trees-at-eragny-1888.jpg,general_painting,0,camille-pissarro,train,5c0e7d1ccc79654aa9bc331de2dcff88d8e9bff5c9be97328f25881fb75cdfde,f1f5c70c38b2aa89
data/private/portraitnet/general_paintings/camille-pissarro_frost-view-fom-bazincourt-1891.jpg,general_painting,0,camille-pissarro,train,e39a83754addd902402b4d90cf8f5530b49198cc400a2fa7f4714e2c3ea60e55,c8948f123dee971a
data/private/portraitnet/general_paintings/camille-pissarro_hampton-court-green-london-1891.jpg,general_painting,0,camille-pissarro,train,af08bdd53d521b3f564479dc550d3db29bea5974d78085b78f56507374126a0d,c4b3b34ccdb3124e
data/private/portraitnet/general_paintings/camille-pissarro_haymakers-resting-1891.jpg,general_painting,0,camille-pissarro,train,d5bd9eb1115e49bc4cabba25fad0ec44c9b806cdcb546cece01393c655431a1c,8adad216b6a49c79
data/private/portraitnet/general_paintings/camille-pissarro_haystack-eragny-1885.jpg,general_painting,0,camille-pissarro,train,c7090bf7e2b28046a6c41269e11df52ee483dd4d7156e9d546e398586741b79c,c593164dcd96616b
data/private/portraitnet/general_paintings/camille-pissarro_portrait-of-jeanne-in-a-pink-robe.jpg,general_painting,0,camille-pissarro,train,9f295488d411c21c34bf61672847245ecba0677d194e8ef1ff9f9024d114f2da,9b3c36e9648c9798
data/private/portraitnet/general_paintings/camille-pissarro_portrait-of-jeanne-the-artist-s-daughter.jpg,general_painting,0,camille-pissarro,train,b3bea64d5911b376143777bb27797e4d96f159158001fe15b2950d9034c0caa5,9b73b061f71ccc18
data/private/portraitnet/general_paintings/camille-pissarro_young-flemish-maid.jpg,general_painting,0,camille-pissarro,train,6008fcbf0eda60e91f0d1d6268679558e041874de2de586b8fc7b5116339a357,88e8e595c23b5bca
data/private/portraitnet/general_paintings/childe-hassam_madison-square-snowstorm.jpg,general_painting,0,childe-hassam,train,54cb09d1fad3b9896090d37d72f107eee8a0f89df2c4b139086059cce7160601,d9b6812366d18e79
data/private/portraitnet/general_paintings/childe-hassam_marche-st-pierre-montmartre.jpg,general_painting,0,childe-hassam,train,b926ec19f9e6148910b32cc960c62e9a2622cc26e97e34ba34e3b206d3b37783,c0e57f3384c9db05
data/private/portraitnet/general_paintings/childe-hassam_marechal-niel-roses.jpg,general_painting,0,childe-hassam,train,2b5ce3440028985e703d37175b1ac2dac88f0534965442781acde26f7da7cdd8,f2e30e6cef3c200d
data/private/portraitnet/general_paintings/childe-hassam_marlborough-street-boston.jpg,general_painting,0,childe-hassam,train,f4a06906b964c3917b89d412887c1f69cac17d579ab950af0bbde7f86d1eb8df,db0bac24a2f2e535
data/private/portraitnet/general_paintings/childe-hassam_moonlight-on-the-sound.jpg,general_painting,0,childe-hassam,train,9e35823c7b9cbf270c0ef8db2974a2645725cd8db379e889e60278ce2f5015b2,def38c299d4a32a1
data/private/portraitnet/general_paintings/childe-hassam_moonlight-the-old-house.jpg,general_painting,0,childe-hassam,train,e8d417fae0aca25ebe08ac026e57d8974e648e6baf7576da8109255c2da5a055,c6be1840cde7309f
data/private/portraitnet/general_paintings/childe-hassam_moonlight.jpg,general_painting,0,childe-hassam,train,8b6bbaf8c744367d5565cfbe0571f5b5234a5c613f663859f822a0e52c56d4be,8dc61e2b90db6791
data/private/portraitnet/general_paintings/childe-hassam_moonrise-at-sunset-1.jpg,general_painting,0,childe-hassam,train,a791697188d2dbbff30713ef61fcedfb245e1048aab8a135485e0c97c773ef3b,9eef094c391dc42b
data/private/portraitnet/general_paintings/childe-hassam_mount-vernon-street-boston.jpg,general_painting,0,childe-hassam,train,e16aaaeab74947fb0536055ba16a8beacfb313974ed9400ea0866341b8ebbbd7,e587978df8487807
data/private/portraitnet/general_paintings/childe-hassam_mountain-home-idaho.jpg,general_painting,0,childe-hassam,train,54265e8c6d81a6cd73984b807038a1431089f35b698b1e1c4a25925e81dae1ab,8c8e7128df926367
data/private/portraitnet/general_paintings/childe-hassam_mrs-hassam-and-her-sister.jpg,general_painting,0,childe-hassam,train,0d0675ab359f73d8e4a2a696f2e60d929cb47a847d6bdea22edd3cb6886df17a,953c3a42d6bbc1a5
data/private/portraitnet/general_paintings/childe-hassam_mrs-hassam-at-villiers-le-bel.jpg,general_painting,0,childe-hassam,train,8d8a8c0d76f8236ec005160a4e74925f7a73c2f86047c229a46562dd27d1f32d,d02defd301d86317
data/private/portraitnet/general_paintings/childe-hassam_mt-hood-oregon.jpg,general_painting,0,childe-hassam,train,f7ff062178c3c94a5591b9833a48f6b7b836846355972408ff8faffb52312f79,f39c623380d8cf33
data/private/portraitnet/general_paintings/childe-hassam_naples.jpg,general_painting,0,childe-hassam,train,8bfa04f997f2e6d82b9d8fcd0b67c4da627945b0a75302544b6cb85d62391934,a5d0af6d803bd8a6
data/private/portraitnet/general_paintings/childe-hassam_new-england-headlands.jpg,general_painting,0,childe-hassam,train,2fc6b4612dd7e0fc0bebf5087df0f099a6f3706a0c3e78bf139a65504ac39961,8334f803977eb907
data/private/portraitnet/general_paintings/childe-hassam_new-england-road.jpg,general_painting,0,childe-hassam,train,9fab99dd13d07fdd732e11f7e8528819833fefd850e11f09105a8bf9f8dc6e7d,93abd8e52c062f9c
data/private/portraitnet/general_paintings/childe-hassam_newfields-new-hampshire.jpg,general_painting,0,childe-hassam,train,c63bdf88a56b69319734cbe4540e4962b8c8994fa9cb6226e424132cb632deb5,9bfc1916b95002bf
data/private/portraitnet/general_paintings/childe-hassam_newport-waterfront.jpg,general_painting,0,childe-hassam,train,11e8651cddecb170f9acb457b4e3277a7e05d89e096bed5173dc8a5a513234a1,ee41c235399eb6e0
data/private/portraitnet/general_paintings/childe-hassam_news-depot-cos-cob-1912.jpg,general_painting,0,childe-hassam,train,69de5007447061d7ff0fd406eefa23b8edd8b591baa4d7ededdfb8b864a5ca0a,fc798b8958c65938
data/private/portraitnet/general_paintings/childe-hassam_nocturne-hyde-park-corner.jpg,general_painting,0,childe-hassam,train,2b5c79c3b9ed48e7d74e9195a574148bd9bbca4762396ab2a26f76fce2028dc8,edd0136cd097267c
data/private/portraitnet/general_paintings/childe-hassam_november-cos-cob.jpg,general_painting,0,childe-hassam,train,43d45f99569d57c433993faf4dea1a1d1acd70dabfcb18f87c5c9989169c650b,e46526cbeaea5035
data/private/portraitnet/general_paintings/childe-hassam_nude-in-sunlilt-wood.jpg,general_painting,0,childe-hassam,train,fbaf741b68d7c6478c862a3f6796c0c7254f40f1dfa75a5936b4f7220bf442ee,d5d41ea795e3090d
data/private/portraitnet/general_paintings/childe-hassam_nude-on-the-cliffs.jpg,general_painting,0,childe-hassam,train,e635eef4b4bfd7b78d03aff00344dc40dc6d446824ba0d1c3b54d0204e750722,afd6300aceb783c1
data/private/portraitnet/general_paintings/childe-hassam_numph-bathing.jpg,general_painting,0,childe-hassam,train,05f129b47857884ec2a127f254466d151fd2aaffd21b037acdcf4a9d68003e4a,99f4321b4db8c23e
data/private/portraitnet/general_paintings/childe-hassam_old-house-east-hampton.jpg,general_painting,0,childe-hassam,train,7fffaa1dfc99279194791217f664dafe04bb98acd60bc83b87b93a7aa5ed1b6b,9cd363d24a8e0f1d
data/private/portraitnet/general_paintings/childe-hassam_old-house-nantucket.jpg,general_painting,0,childe-hassam,train,832b7768af795ce68a98ad23ae35ac3f8d288abe70edb3bab8fb590a5cfa5336,9983a494cf29e55e
data/private/portraitnet/general_paintings/childe-hassam_old-long-island-landscape.jpg,general_painting,0,childe-hassam,train,6f4f46fc9157439d530fdc8ef95ab087f576d3d0ba981029f27e8033cbf303de,c5931053d7f8665c
data/private/portraitnet/general_paintings/childe-hassam_old-lyme-bridge.jpg,general_painting,0,childe-hassam,train,68a6ec18daf7cdbf8188a4241c88facdd0f9f120986cfce9bb9415aa87299883,f18ce6135ca71a65
data/private/portraitnet/general_paintings/childe-hassam_oregon-landscape.jpg,general_painting,0,childe-hassam,train,6bbccbebea8efb4684637560e8a27769213f8b3e2cd9c2c2042a4d8dc97f4f15,fc98542790fa167a
data/private/portraitnet/general_paintings/childe-hassam_outskirts-of-east-gloucester.jpg,general_painting,0,childe-hassam,train,e36d688edcf647617c8a17544d633e732787f12dc2c02f5fb4ba1e90006ac58f,b6d8c98394ec8de2
data/private/portraitnet/general_paintings/childe-hassam_over-the-great-divide.jpg,general_painting,0,childe-hassam,train,fc5fe665d9ab1b0cf91cfcbcbe95ead18a8d64a2aaa8ec0ef01b690234505cc8,c1c7475ae6252cbc
data/private/portraitnet/general_paintings/childe-hassam_oyster-sloop-cos-cob.jpg,general_painting,0,childe-hassam,train,06509d9db4cedce060abd6134fcf6d6b6516f9ce5cab7bcb27c4fc573b855fcd,9251b30585e3d7ea
data/private/portraitnet/general_paintings/claude-monet_the-nets-1882.jpg,general_painting,0,claude-monet,train,4aa1f7b650be73721a1b6fd52fa87bb202400b01674ef712ab2b3044fdf13ff8,91e45ac68d32add6
data/private/portraitnet/general_paintings/claude-monet_the-old-fort-at-antibes.jpg,general_painting,0,claude-monet,train,23952d1d8f534009161d242fe78888b9915744d5b283406ffa294fbe6b48a944,d7b87c2680f47bc0
data/private/portraitnet/general_paintings/claude-monet_the-old-rue-de-la-chaussee-argenteuil.jpg,general_painting,0,claude-monet,train,0ba1b5dd04aa6a7b960d349008282ceaac24a1e94611de613c69ffa1a248a1c3,f4c769308caee90b
data/private/portraitnet/general_paintings/claude-monet_the-old-tree-at-the-confluence.jpg,general_painting,0,claude-monet,train,23e00e0e187617ea56a24ba9201e319802ba5251cf7e3c34319d61bca8fc0092,87a29487b1d8db4d
data/private/portraitnet/general_paintings/claude-monet_the-old-tree-gorge-of-the-petite-creuse.jpg,general_painting,0,claude-monet,train,075f42b07fa5e7b6c82fc6b3c9d017d39d6bdae1c3540585176f9004bab2b237,81a295c5f0ded3ca
data/private/portraitnet/general_paintings/claude-monet_the-old-tree-sunlight-on-the-petit-cruese.jpg,general_painting,0,claude-monet,train,e50b5ac7c53ad01850bf4298faf47e13c59934730c4faa59f0e46ec2577de633,85a2dcc4786e356e
data/private/portraitnet/general_paintings/claude-monet_the-pave-de-chailly.jpg,general_painting,0,claude-monet,train,d7d18bb60c2a0658403ed7dfe705cf1e0bbb28755f2fb729560ca34f3d62cd3f,ccc6e261b1cc64bb
data/private/portraitnet/general_paintings/claude-monet_the-pink-skiff-boating-on-the-ept.jpg,general_painting,0,claude-monet,train,4b51ca3dcf09133e065f9a11cce4118c9631751ea69a3dabf84cd73c42e7558c,bb9b456524869a5b
data/private/portraitnet/general_paintings/claude-monet_the-pink-skiff.jpg,general_painting,0,claude-monet,train,c331f881e6a71270722f5dc1c2271ae1d7b29ddde87b191bcc5756b75d5bcd2d,955dea4aa69195c9
data/private/portraitnet/general_paintings/claude-monet_the-plain-of-colombes-white-frost-1873.jpg,general_painting,0,claude-monet,train,df4ba7105d380b9ea93f380bdce33e46541e658267d649440f06a2f3ae4222f0,d59728b9a43a4e93
data/private/portraitnet/general_paintings/claude-monet_the-pointe-du-petit-ailly.jpg,general_painting,0,claude-monet,train,ec208dd830f84d3b01ca6739952076bc13a023c7f4e7e09ed353a792badb4f05,add612c562d1ecc9
data/private/portraitnet/general_paintings/claude-monet_the-pointe-of-heve-1864.jpg,general_painting,0,claude-monet,train,a0d6171d74434cfcbbe7e037905586ce8bb00c076bb180f3599f459de6b4e1ef,c758912f685e33c6
data/private/portraitnet/general_paintings/claude-monet_the-pont-neuf.jpg,general_painting,0,claude-monet,train,0b80b0fc948e1169833439bebfc1c2608c702ebb904001874f449bc807a2866e,8fb2c1657b0e940f
data/private/portraitnet/general_paintings/claude-monet_the-pool-seen-from-the-bridge-argenteuil.jpg,general_painting,0,claude-monet,train,463e4d2dbfe4129b935e43dba350a6ecb30d932401f3ebe89efcbf52e10cae20,8b94e3cc91365d63
data/private/portraitnet/general_paintings/claude-monet_the-port-at-zaandam.jpg,general_painting,0,claude-monet,train,7c027a696a372764930dd88831add32bc5ec8815306dc48ba90a2e1f77260b02,8df7f1700c0763e2
data/private/portraitnet/general_paintings/claude-monet_the-port-of-le-havre-night-effect.jpg,general_painting,0,claude-monet,train,803df462d0718038e7b492f8ede47addb56f98379bff5a03086dbea81d6e504a,9be4f7906f86014d
data/private/portraitnet/general_paintings/claude-monet_the-port-of-london.jpg,general_painting,0,claude-monet,train,b18b67659f1110c1b4b1e14449e3695d12685d3561bd899f2efc7a533463ce79,daa0292eda1c37e9
data/private/portraitnet/general_paintings/claude-monet_the-promenade-argenteuil.jpg,general_painting,0,claude-monet,train,0d07b5b3c830ea3925de42ff7f0ed41c15cf87cbf155faca5b1e0aaec0e03b78,b99066c21df3c47a
data/private/portraitnet/general_paintings/claude-monet_view-of-amsterdam.jpg,general_painting,0,claude-monet,train,01c3902b75165e999ee4bca740f8265e9e91a93cb73592ed44eb58698e928020,bcdec96df13008c6
data/private/portraitnet/general_paintings/claude-monet_view-of-antibes-from-the-plateau-notre-dame.jpg,general_painting,0,claude-monet,train,ac5ab7b652dce98a6b969903402af13e204763fd23bc8c38ebd4dbc6126b8b2f,b8b8c64783397d98
data/private/portraitnet/general_paintings/claude-monet_view-of-argenteuil-in-the-snow.jpg,general_painting,0,claude-monet,train,3c12eb67987c0d504e62da074a1266f3a19a831304e045897bce759cfffe2d51,c5f8a7da0b683159
data/private/portraitnet/general_paintings/claude-monet_view-of-cap-d-antibes.jpg,general_painting,0,claude-monet,train,1b5ad854549aafcae13980b0e152b0e31c2a292ae0cd80d3b72ac5f29af2248c,ccb3bf4ca3b04d03
data/private/portraitnet/general_paintings/claude-monet_view-of-le-havre-1873.jpg,general_painting,0,claude-monet,train,0248818ea8ce3ff9119d2b562f8b01a58584b3a59cd170cb31ace80819f46b4f,fac8cd03a3b734b0
data/private/portraitnet/general_paintings/claude-monet_view-of-rouen.jpg,general_painting,0,claude-monet,train,3673a6f174055066aa3fd56ddd7de142d6dae06cbfc45254e9fbbb4934f3e870,90ef3946c03b6e71
data/private/portraitnet/general_paintings/claude-monet_view-of-the-church-at-vernon.jpg,general_painting,0,claude-monet,train,fa948773ea96cedf269abf88208a008f248e0a34f3b639365b4b0672fc42d3c5,aaf9f9070562b899
data/private/portraitnet/general_paintings/claude-monet_view-on-village-of-giverny.jpg,general_painting,0,claude-monet,train,8c076df86691d1576bf6a35760fe069dd3be835f51e6612772d357f0ed77cc55,d5e3dc8a25cb3468
data/private/portraitnet/general_paintings/claude-monet_view-over-the-sea-1882.jpg,general_painting,0,claude-monet,train,68ae5ea21e3357dbb8c62412486d5534900ccf8c2f9ef600e7ed56020f168e06,958fcee6311a043f
data/private/portraitnet/general_paintings/claude-monet_view-over-vetheuil-1.jpg,general_painting,0,claude-monet,train,ade43efaeb113d249c4e3b5f8736e668da3aa23befd3b69784575ee076229504,cff09025655af32c
data/private/portraitnet/general_paintings/claude-monet_view-over-vetheuil.jpg,general_painting,0,claude-monet,train,5b540d9deffe018bbe9c669a46006db40e079759edcc1a25d91a619ccbf00855,a4d7daa6954b1c54
data/private/portraitnet/general_paintings/claude-monet_view-taken-from-greinval.jpg,general_painting,0,claude-monet,train,6ded977e6d40713129998a63a580e0213b02016799444c95254778e1f5366119,8df0e42b326c6957
data/private/portraitnet/general_paintings/claude-monet_view-to-the-plain-of-argenteuil.jpg,general_painting,0,claude-monet,train,a341e8eb416b2dc5aac688254e1ce4ae7fcecdb1beb494980c4e4b207676cfb4,dde0f6488ff00b2c
data/private/portraitnet/general_paintings/claude-monet_villas-at-bordighera-02.jpg,general_painting,0,claude-monet,train,d426df9c479e4410c0d13a56d8a2e53803e971c9af62371a140fbf445d73f158,f6aa0ba4643b354d
data/private/portraitnet/general_paintings/claude-monet_water-lilies-1.jpg,general_painting,0,claude-monet,train,2626d894c6ffcb3ce29b625d91a756bfddb3db264d9463ed3e111e4c032604d6,babc5066c6ce2a71
data/private/portraitnet/general_paintings/claude-monet_water-lilies-11.jpg,general_painting,0,claude-monet,train,9af469d63140108d2fed32806ed1cf8e4761ad3dcc2b907617f491fa405b79f8,d6816ee896b01f6c
data/private/portraitnet/general_paintings/claude-monet_water-lilies-12.jpg,general_painting,0,claude-monet,train,88c223ab2bebb992d42c3d0577391dcf4376ec129d3beafd0cf893f90dedb7b6,c3f403fcdd08cc33
data/private/portraitnet/general_paintings/claude-monet_water-lilies-13.jpg,general_painting,0,claude-monet,train,923b0de19bf36362a2a56d5f407d432c47c1e064bff8b5519be0b8b04c4495df,d2d9249ec36152cf
data/private/portraitnet/general_paintings/claude-monet_water-lilies-14.jpg,general_painting,0,claude-monet,train,f5f8905ace69a338883333792aca0c82b9645a3d6815bacad08bc6e76d625f0c,84cd4ddc6be3510d
data/private/portraitnet/general_paintings/claude-monet_water-lilies-15.jpg,general_painting,0,claude-monet,train,07178e9228fe0cdc1bed5c21b584f56dffdbab9db6055336259ceb67d71c728c,82ce25175771257b
data/private/portraitnet/general_paintings/claude-monet_water-lilies-16.jpg,general_painting,0,claude-monet,train,c6c0da721b6f18c7db170caeb10901571d88d8387f7453cd1313d56210c47602,858977a62e8a535b
data/private/portraitnet/general_paintings/claude-monet_water-lilies-17.jpg,general_painting,0,claude-monet,train,31e861517c59b1e03c07195cd3faeb8ee846a6257757a705ca47cf30def36392,cc4c2d89b16be176
data/private/portraitnet/general_paintings/claude-monet_water-lilies-2.jpg,general_painting,0,claude-monet,train,43ef2a92905c0bc8a8439a3973175dea34a690a43583dc6d1a945fe41a1687de,da386ac4ecc8e2ce
data/private/portraitnet/general_paintings/claude-monet_water-lilies-3.jpg,general_painting,0,claude-monet,train,2b31c8ce8fbe30ea5f57f43bc9d2477589a0a4b43bcb251bbd076dd1b7fd69bb,db955aa998614f16
data/private/portraitnet/general_paintings/claude-monet_water-lilies-4.jpg,general_painting,0,claude-monet,train,281b819eca542fcaa69cf85f6accdda0dc4b9ea3edda1f6b8ec08d9280163eb5,cd9b1e69ab6ccc02
data/private/portraitnet/general_paintings/claude-monet_water-lilies-5.jpg,general_painting,0,claude-monet,train,c4ab6532ba7b8dfd3cb361311dff388de99b7b31e5b2fc96810d1be343720f71,cba78425d91afd30
data/private/portraitnet/general_paintings/claude-monet_water-lilies-6.jpg,general_painting,0,claude-monet,train,08217e285b30cdb365c028cc2f0b2cfa7d7bd6b7874f7e0ec6e74cc9504aeb13,cbad047fca24e456
data/private/portraitnet/general_paintings/claude-monet_water-lilies-7.jpg,general_painting,0,claude-monet,train,ce7b4e77425513f07437ad6b840b383074f0b77fe5bfe3fd86e678ff21072d2e,e982fa78ca2d4d26
data/private/portraitnet/general_paintings/claude-monet_weeping-willow-and-water-lily-pond-1919.jpg,general_painting,0,claude-monet,train,2a709d789c0a068094c3a52f10c91ed5bdb834ba7a1750b38ad1dcb2dc474e82,ca7bf8ae2882f4c1
data/private/portraitnet/general_paintings/claude-monet_weeping-willow-and-water-lily-pond-2-1919.jpg,general_painting,0,claude-monet,train,7ed78289c6bbc6c8ad1e2abb053111f9cfd36dab035f66f1f929ec1287e3a48e,9f9d9440e751a9b4
data/private/portraitnet/general_paintings/claude-monet_weeping-willow-giverny-1922-1.jpg,general_painting,0,claude-monet,train,ac1e9017693f009ea887552f8e5863d03a22234edf90c46033a415c071828836,be83c874a1b288ef
data/private/portraitnet/general_paintings/claude-monet_weeping-willow-giverny-1922.jpg,general_painting,0,claude-monet,train,a19acd5707ceadad1c4a38a2a9b3d4aaa282aedec2d4b43868c844a7f9eda6fc,fe08906ef734b072
data/private/portraitnet/general_paintings/claude-monet_weeping-willow.jpg,general_painting,0,claude-monet,train,868ad5b6f64a2f49f7aca560587768d095732d9066badbb0dd67fce2a1a45e5d,b2ecf6c3f882e089
data/private/portraitnet/general_paintings/claude-monet_white-frost.jpg,general_painting,0,claude-monet,train,fb28a3ed9207f547aee6b1b8bf50fd12c9de194ebdba38f181cb46338e18f66b,87af42c48db5f132
data/private/portraitnet/general_paintings/claude-monet_white-poppy-1883.jpg,general_painting,0,claude-monet,train,b5835800cd7b16bbb3386f65a9d3c738c1ff7a9d144ded78fa7a29f583f2ff6c,bc924967523c36cb
data/private/portraitnet/general_paintings/claude-monet_wild-poppies-near-argenteuil-1873.jpg,general_painting,0,claude-monet,train,25da553b74f46c62b6719f44b6a7bbf30cd1238a4e1d1bd5a525fd874698f467,d0d0e367071f98f8
data/private/portraitnet/general_paintings/claude-monet_willows-at-sunset.jpg,general_painting,0,claude-monet,train,ef43e4b4d4e130636d51bcea2b3a44ccf3e4d7f0fbfbacd690c9662fc8aeba7c,eeea188d22fa08f6
data/private/portraitnet/general_paintings/claude-monet_willows-giverny.jpg,general_painting,0,claude-monet,train,2526c7fe3f0e0c97282cfe3a5499ffbf9b44c56f5c7d232b5ebd5751da24cb9f,aafbd429c10cc4bd
data/private/portraitnet/general_paintings/claude-monet_windmills-at-haaldersbroek-zaandam.jpg,general_painting,0,claude-monet,train,5f9e205011f6d3141f8057863f6945b5aaa37237f1462467c59d0f9bd5c6e988,cda427d9e6105aa7
data/private/portraitnet/general_paintings/claude-monet_windmills-in-holland.jpg,general_painting,0,claude-monet,train,09830ae42b45150937c2f72ddd9f090eeebe0d4a16f427ec5d83dc4ff9e6fd81,c5bf9a1276893562
data/private/portraitnet/general_paintings/claude-monet_windmills-near-zaandam.jpg,general_painting,0,claude-monet,train,7921dc7049e8b5eb8418b86617de59160b5e3a37cb578315810e183731bad5e4,8df8d26cacd2648e
data/private/portraitnet/general_paintings/claude-monet_winter-at-giverny-1.jpg,general_painting,0,claude-monet,train,ce7afdcd80d4d5c65f1aef873f5b971ff781eae180dca16309fffc45d6439f6e,c1f69ab54ba17452
data/private/portraitnet/general_paintings/claude-monet_winter-at-giverny.jpg,general_painting,0,claude-monet,train,bfe56d671beaae56f8776e56ecbb8a0c98de96acd9e86d43a8feeb82a08a76bd,91ee8ca31c73c89b
data/private/portraitnet/general_paintings/claude-monet_wisteria-left-half-1919.jpg,general_painting,0,claude-monet,train,e80d8a80006a790e2d4f6bcdb8fc9af5fbaf5541cbd7aa3682fb535d93afd3f6,ba75545e69cc2c31
data/private/portraitnet/general_paintings/claude-monet_wisteria-right-half-1920.jpg,general_painting,0,claude-monet,train,10166d07f3fa338671c5a67b01bb9ea4b96514b046073a7a763cc6a65c86c4b7,e66953126df78066
data/private/portraitnet/general_paintings/claude-monet_woman-in-a-garden-1876.jpg,general_painting,0,claude-monet,train,b9ac410dd85dca89152613ca4d2339fb3f001bfc622416bf0231aef06c7e9bed,d9e9d87868f8e015
data/private/portraitnet/general_paintings/claude-monet_woman-sitting-under-the-willows.jpg,general_painting,0,claude-monet,train,44125bd6f2e8f25f763fd154c22c3720e1e3a61e7ef57aa2173fc4649cd56a83,dca365dc13812ed6
data/private/portraitnet/general_paintings/constantin-flondor_plane-trees-1952.jpg,general_painting,0,constantin-flondor,test,c2b1c93a446749771b99467a9eb6fa414bf7bf81e44855efe2f67f0321b1b850,f5118af0198fda71
data/private/portraitnet/general_paintings/constantine-maleas_church-with-cypress.jpg,general_painting,0,constantine-maleas,train,e350900f6ccdd039eb740c7a9994162eea9544a2cb92a77e3b4d261be924c8ca,f8b8cd2547926743
data/private/portraitnet/general_paintings/constantine-maleas_columns.jpg,general_painting,0,constantine-maleas,train,65e00764547606bab2d197ed188d6ba590c35bc56b3716bda1121dfbcd493104,cdfbb2c434ae4aa0
data/private/portraitnet/general_paintings/constantine-maleas_cypress.jpg,general_painting,0,constantine-maleas,train,c42fdbf04395a73ba826c97b4288fabdf2e9f562c86d9dc624880cf36c98e60a,cb8b26a459f616c9
data/private/portraitnet/general_paintings/cornelis-vreedenburgh_a-peasant-woman-on-a-path-along-a-canal-1907.jpg,general_painting,0,cornelis-vreedenburgh,train,c6f2f955a63e5160c1d55313342fb440519694d782e3f11d55d500e772e00c67,efaab41213c599aa
data/private/portraitnet/general_paintings/cornelis-vreedenburgh_a-townscene-with-children-at-play-haarlem-1930.jpg,general_painting,0,cornelis-vreedenburgh,train,bf28be2b084f5a759ad6d7803d3c48ac46367dee55f3296f18da5623f37401a2,8698d816e16767d9
data/private/portraitnet/general_paintings/cornelis-vreedenburgh_a-view-of-amsterdam-with-the-st-nicolaas-church.jpg,general_painting,0,cornelis-vreedenburgh,train,ed15fd96f628f037375bcac2ed7f2098517dca0a65b28ecd69ff58c474f268d9,ab95ea05f29f6488
data/private/portraitnet/general_paintings/cornelis-vreedenburgh_a-view-of-the-montelbaanstoren-amsterdam-1925.jpg,general_painting,0,cornelis-vreedenburgh,train,1a1f4a4df96f879ab69d4baf9b5fc46dfcfffa6032cbeab6c1b26f4d73177ab4,c2ff1b48c41ff809
data/private/portraitnet/general_paintings/cornelis-vreedenburgh_corn-sheafs-in-gooi.jpg,general_painting,0,cornelis-vreedenburgh,train,b90126e2e00d2f399e1faacdc47d9bda7bd1e0d22013280afaafed926604ec9d,dae5817afc854239
data/private/portraitnet/general_paintings/cornelis-vreedenburgh_corner-paleissingel-straat-in-amsterdam.jpg,general_painting,0,cornelis-vreedenburgh,train,d175770e0d2737393765f674350fdd1c6ae95174bcd51c1d19ae2650e1497de6,8bdeaebcf061b140
data/private/portraitnet/general_paintings/cornelis-vreedenburgh_corvershof-nieuw-heerengracht.jpg,general_painting,0,cornelis-vreedenburgh,train,7e61409c7418f772882dd86f257b5857a0cf5adac2935c989725dab1273f3f75,b8e58302de6da83d
data/private/portraitnet/general_paintings/cornelis-vreedenburgh_cows-in-a-meadow.jpg,general_painting,0,cornelis-vreedenburgh,train,cdb15987889a09bcd1aca5c35cf2583b48be8aa298adc705f979a4521c5cff20,c1a69d11b2eb4e6a
data/private/portraitnet/general_paintings/cornelis-vreedenburgh_fishermen.jpg,general_painting,0,cornelis-vreedenburgh,train,1455c700e0bbcfc6e5afaf803209deeedc91189360bc0528d41ad06a37f50acf,9ec0397e816f92b1
data/private/portraitnet/general_paintings/cornelis-vreedenburgh_flower-beauty.jpg,general_painting,0,cornelis-vreedenburgh,train,b7b36b6ba062e7100ecb283acd2d7254c186f85f497d5b374ad3f446f439818b,b54847272e9672d9
data/private/portraitnet/general_paintings/cornelis-vreedenburgh_frozen-in-ship.jpg,general_painting,0,cornelis-vreedenburgh,train,73c6f3038f6af25ecbe93c4873a6e63237ccc7180a829fa624f0a88efea3892e,9cc3173cc13f4cc3
data/private/portraitnet/general_paintings/cornelis-vreedenburgh_garden-with-blossoming-trees.jpg,general_painting,0,cornelis-vreedenburgh,train,438850abb5bb789d7470b670198d59d75def9ca49a76f95705027dc8235a5bdb,c7c890473ddc075e
data/private/portraitnet/general_paintings/cornelis-vreedenburgh_pollard-willow-at-the-side-of-the-broo.jpg,general_painting,0,cornelis-vreedenburgh,train,1df658dd4b88889d79766b9a4cae58498b84da46f0da5ae6aa4ef072e5f5ef13,d1e4134ab46c66db
data/private/portraitnet/general_paintings/cornelis-vreedenburgh_pont-sainte-maxence.jpg,general_painting,0,cornelis-vreedenburgh,train,11602973b019fcbdbf5d180c9ab4247b9e0d2f752d7b9a18ba7bcd8ef146aadb,97c47a6a6a6b6823
data/private/portraitnet/general_paintings/cornelis-vreedenburgh_sand-diggers.jpg,general_painting,0,cornelis-vreedenburgh,train,ef2151da713f2c3de2daa2be740fc3f15c9f8a8417eda02a61041ed30c0a7133,df802f3bc01e35e4
data/private/portraitnet/general_paintings/david-burliuk_autumn-pond.jpg,general_painting,0,david-burliuk,test,cba2f8e2d2f50a1b4306c0742b08ee57a6675cad7edff49663053e04644a1a74,bfb984614fbe6204
data/private/portraitnet/general_paintings/david-burliuk_bayville.jpg,general_painting,0,david-burliuk,test,a318c8e5699ce991fb9388d7ce40afca8989c687aa5d3df98b7a47d6141344e2,e3e48d5a9e31991a
data/private/portraitnet/general_paintings/david-burliuk_blossoming-branch-in-a-vase-1960.jpg,general_painting,0,david-burliuk,test,53ad8c0e4f6c02371caf2991677bd3452f51c560bcabb2a063b0e1e8f5073114,f9cd69c40571897a
data/private/portraitnet/general_paintings/david-burliuk_bouquet-by-the-sea-1960.jpg,general_painting,0,david-burliuk,test,4d21351ab43372c3fc8c031a3ac937e8e91953bc1f086d40a5da616aeb3f4cb8,9481e9ac63bd5627
data/private/portraitnet/general_paintings/david-burliuk_bouquet-of-wild-flowers-with-ocean-background.jpg,general_painting,0,david-burliuk,test,0a56d26375718c2647e1354f7c02bd8e2fc99d3b2fbd0fd9df02537adba066ce,a1e5ccc696199b1e
data/private/portraitnet/general_paintings/david-burliuk_bouquet-with-sunflowers-with-landscape.jpg,general_painting,0,david-burliuk,test,5979e4d2c67d1cae1b2acda99f809ff2e23e174586f2f9281c73a41fa61e14ad,b0bbe8182353d373
data/private/portraitnet/general_paintings/david-burliuk_duty-boats-in-the-bay-1934.jpg,general_painting,0,david-burliuk,test,7306b227ce9033d46562c78db748540fdbc2f907a7c990b52aaad13c1a661649,91ee140e7bbd0e4c
data/private/portraitnet/general_paintings/david-burliuk_elsinore.jpg,general_painting,0,david-burliuk,test,ac181fd6b21d0739b3d2311e4385d9a6a3b763d190924f0b3a0511f2778595b5,aad6d821669c3d56
data/private/portraitnet/general_paintings/david-burliuk_english-castle-1946.jpg,general_painting,0,david-burliuk,test,5996c65b9f9bbc7a1b04defe6c485a2b4d26eb1f9fe7190f7e938d4075654fc1,a7cde29148787a33
data/private/portraitnet/general_paintings/david-burliuk_flowers-by-the-sea-1945.jpg,general_painting,0,david-burliuk,test,9ab3b305777d5934d2b718a71470d1857d873663febe0f19aa31506b2f7c9243,cff70490cb19b1ca
data/private/portraitnet/general_paintings/david-burliuk_flowers-by-the-sea.jpg,general_painting,0,david-burliuk,test,773a5f8771377519445d5b1f5452bcd438c9896a0c60a7c24473924313dd0a4a,bcf8c9a64789606b
data/private/portraitnet/general_paintings/david-burliuk_flowers-in-vase.jpg,general_painting,0,david-burliuk,test,814480f92e3355551734317717434d8bf6affdb260c8f1fcb503a4c3dc761fea,aacc44d32d1e933d
data/private/portraitnet/general_paintings/david-burliuk_french-town-1950.jpg,general_painting,0,david-burliuk,test,eedf203c341d10f7330492163296ba96b5ca53ef0c7a4b33d4b9c1778754ed02,a8fc369868265bbc
data/private/portraitnet/general_paintings/david-burliuk_futurist-still-life-with-cactus-1928.jpg,general_painting,0,david-burliuk,test,22497e41ab7c75dfa39c0079e84df540252cd6ac0257e74d5b968532a44a4b29,87b1e8cff1c26690
data/private/portraitnet/general_paintings/david-burliuk_green-landscape.jpg,general_painting,0,david-burliuk,test,ff164ccd067feb653379c2a2d6a28f42f84cd4a9bded597e77844d93cb46d840,9e9ee96152702765
data/private/portraitnet/general_paintings/david-burliuk_in-the-harbour.jpg,general_painting,0,david-burliuk,test,cb8040c0ae432c6bb24f5af3f31c9b85c1cbeb386c5ab8ca3ace65bde76a0649,81fce156866e7469
data/private/portraitnet/general_paintings/david-burliuk_in-the-park.jpg,general_painting,0,david-burliuk,test,211ffb056949893c675b86f214586cb1eeef7e318387f8fdb530d0bba9650532,a6d9312e5973d609
data/private/portraitnet/general_paintings/david-burliuk_japanese-bay-1921.jpg,general_painting,0,david-burliuk,test,531832e255e11924bc92cc91ab57c771e757279577f4edf3e8eb0e5505f5ec0b,d1858e3c61cb5eb4
data/private/portraitnet/general_paintings/edouard-cortes_effect-of-sunlight-on-notre-dame.jpg,general_painting,0,edouard-cortes,train,e368d7533384a9c63908f8f20a389dbf9dc0cf3edfc3a1cb09c79d5f8ad7ecae,b8d29f7f9021d690
data/private/portraitnet/general_paintings/edouard-cortes_flower-market-at-la-madeleine-1.jpg,general_painting,0,edouard-cortes,train,7954cea935650b13330ce5b56bcac5183cc2d8daffb9bebf79c30c37beb88782,dfcbcc2cc11039e5
data/private/portraitnet/general_paintings/edouard-cortes_flower-market-at-la-madeleine-2.jpg,general_painting,0,edouard-cortes,train,79ad20d4707200cebba92e71482e7476bf666fbcad2659c7b21b3e39b0e7a25a,988c90ee6b7b4c87
data/private/portraitnet/general_paintings/edouard-cortes_flower-market-at-la-madeleine-3.jpg,general_painting,0,edouard-cortes,train,a305fd7e5cdffd16998aac97f7c2131db8b3801a26557768eb836387c6dfa0ff,c6d2c0798f2636cd
data/private/portraitnet/general_paintings/edouard-cortes_flower-market-at-la-madeleine-4.jpg,general_painting,0,edouard-cortes,train,cd7613cc426ed74f81a94d52da500fa9519dce3d9dc47fa877e8e543ae400568,c2c3c06c3bb2367e
data/private/portraitnet/general_paintings/edouard-cortes_flower-market-at-la-madeleine-5.jpg,general_painting,0,edouard-cortes,train,b10a004cfe72d37221cc7c1c334fded27a11d622112ade7bf24812849c7590e7,cfcbc853d821a70e
data/private/portraitnet/general_paintings/edouard-cortes_flower-market-at-la-madeleine-6.jpg,general_painting,0,edouard-cortes,train,06de9bd214f551978e8ab9245caa5720b53e482c34f7f30d07a0c8aa9a0853af,c9c9cc26d42959e7
data/private/portraitnet/general_paintings/edouard-cortes_flower-market-at-la-madeleine.jpg,general_painting,0,edouard-cortes,train,d7d5ccaec009cdee92d1b961c01167d94e2a7d847f5dbc046adb4dcf4d0101ad,dfcb8936da11b608
data/private/portraitnet/general_paintings/edouard-cortes_flower-seller-at-la-madeleine.jpg,general_painting,0,edouard-cortes,train,5643092aba645317b65d62f035b270f327583c6de31a965dcf97d77d3bc0a4ef,c88dcc324efc15e9
data/private/portraitnet/general_paintings/edouard-cortes_flower-stalls-at-la-madeleine.jpg,general_painting,0,edouard-cortes,train,4cb61457954e4e2d41f7af55985d2c72d7fd36f7b1ed201596e552ac351a6f8b,de82c92dd2b9e41a
data/private/portraitnet/general_paintings/edouard-cortes_fountain-on-place-de-la-concorde-1.jpg,general_painting,0,edouard-cortes,train,5c4b01493a03a03347ffd0bd0ae262bc498c36de6ce4b251e444be07fa6971ec,ed94f212add862a9
data/private/portraitnet/general_paintings/edouard-cortes_fountain-on-place-de-la-concorde.jpg,general_painting,0,edouard-cortes,train,a88d2cac06bb788106b4deefc7ac1a7accedf72682933519a26cdaf29012fece,ec93f20dad361199
data/private/portraitnet/general_paintings/edouard-cortes_in-three-fourths-1.jpg,general_painting,0,edouard-cortes,train,7bf2e796d6521a947e05d89cc8bb93e571b56b5ec3ca6d9abf213f73217883b1,9392ad6dee0702da
data/private/portraitnet/general_paintings/edouard-cortes_in-three-fourths.jpg,general_painting,0,edouard-cortes,train,6f761d84c8145bf362026b9efd54f5f874a5fe2f383eded0224e8f38d3f36189,909eaf6fc07358e0
data/private/portraitnet/general_paintings/edouard-cortes_la-madeleine-in-crepuscule-look-from-boulevard.jpg,general_painting,0,edouard-cortes,train,aa75c9bb5493700dcbe71cc1f05f93f5ac6e7aba5cd28707932f2b4f59a53dfe,928fa744cd1669f2
data/private/portraitnet/general_paintings/edouard-cortes_la-madeleine-winter.jpg,general_painting,0,edouard-cortes,train,5f279fa0725e95f42fd4c06971ed0305656a51110636b502e4d1f207bc93d01b,c052da769f7406e9
data/private/portraitnet/general_paintings/edouard-cortes_la-place-de-la-bastille-paris.jpg,general_painting,0,edouard-cortes,train,77d797637e4a4ab7290fc105bb41a04d213bec22d083bfc03b2283a5f85e8a05,b59c1b52c6b53d42
data/private/portraitnet/general_paintings/edouard-cortes_lamp-effect.jpg,general_painting,0,edouard-cortes,train,b34fb776f8f65a53eb348a7ce3da9f16127396a3ba1ab3534b4a632aebf9bad4,9a9273636b8acc6c
data/private/portraitnet/general_paintings/edouard-cortes_les-grands-boulevards-1.jpg,general_painting,0,edouard-cortes,train,9cb4f5de0177f0e13c8193e2353299324eb01314e5dbdc82d7e929f2cf657b6a,938e9723ecb934e0
data/private/portraitnet/general_paintings/edouard-cortes_les-grands-boulevards-2.jpg,general_painting,0,edouard-cortes,train,7a21c517d4790327000d8239046fff3c9980a1712f5f77b8fd98c80353f476d9,c6c9d83d9dc66198
data/private/portraitnet/general_paintings/edouard-cortes_les-grands-boulevards.jpg,general_painting,0,edouard-cortes,train,95febc82717e95e34208c14c2bce60ac68895fde422c2e661a2a1cfba4360046,93c68736ec8d1879
data/private/portraitnet/general_paintings/edouard-cortes_les-halles.jpg,general_painting,0,edouard-cortes,train,dd5591fef9873b879a623960eacee4724567da55b6db63dfece73b198087a47e,8499be6bd1a51dc2
data/private/portraitnet/general_paintings/edouard-cortes_madeleine-and-rue-royale-paris.jpg,general_painting,0,edouard-cortes,train,97cac8ce4f0dd8903175540855cdc822cc210818c36dd0f4371c98ef903858ce,c1c9fe1ec3503c87
data/private/portraitnet/general_paintings/edouard-cortes_metro-george-v.jpg,general_painting,0,edouard-cortes,train,a3cfbcdc09f17bc0d6ad5cab7acf5c45a136a6e531b9245efc55c20d94c4e91d,93b3e048f21d34bd
data/private/portraitnet/general_paintings/edouard-cortes_new-bridge-1.jpg,general_painting,0,edouard-cortes,train,60aa0bb1faceac36507d43732c118822b85ae63497d06ffc6f783eb920989b36,9b8dc634d90aee25
data/private/portraitnet/general_paintings/edouard-cortes_new-bridge-2.jpg,general_painting,0,edouard-cortes,train,95fa57dd902a75b39ba96c294e250188560f20744578dc4ae13c661c2509b4b0,99da8c3cd18be664
data/private/portraitnet/general_paintings/edouard-cortes_new-bridge-paris.jpg,general_painting,0,edouard-cortes,train,166121c751553a3277e707e02e6d5fbc2c12fea692e85e29a873938a0d23f601,9bd48928f41fd685
data/private/portraitnet/general_paintings/edouard-cortes_new-bridge.jpg,general_painting,0,edouard-cortes,train,a1d5cb3fde0fa1b676daa31350bd2f5d92112bd9d6acdebff4011e2432c0ad02,92958a2ad583ffc8
data/private/portraitnet/general_paintings/edouard-cortes_rue-royale-concorde-1.jpg,general_painting,0,edouard-cortes,train,d6f8a6f091cd6e96228fc8b02aa7dd6b42951f60553a4d5c776f61f7a0adb53d,84f18a0af39c673e
data/private/portraitnet/general_paintings/edouard-cortes_rue-royale-concorde.jpg,general_painting,0,edouard-cortes,train,7373ce79c75421b6583207f2e68da2afaa15d87f741d52d24ee4d71d452de2f1,9c9f9665c58c83f0
data/private/portraitnet/general_paintings/edouard-cortes_rue-royale-madeleine-1.jpg,general_painting,0,edouard-cortes,train,d2641bd78640aff7c9851260510fde65f98541191513f2429e0da4aeef9dfd43,b58e9c589a352ace
data/private/portraitnet/general_paintings/edouard-cortes_rue-royale-madeleine-2.jpg,general_painting,0,edouard-cortes,train,9fb5394a11d276f38f97e64b95b0372ca6cf0f9d10c78f6968b847a195646d7b,94969d4dca3136ab
data/private/portraitnet/general_paintings/edouard-cortes_rue-royale-madeleine-winter.jpg,general_painting,0,edouard-cortes,train,7569c9d763e569ef04297f7ef80a8f226389d98b1ea32aeec1ac743eec08524f,9493cb1bcb3460dd
data/private/portraitnet/general_paintings/edouard-cortes_rue-royale-madeleine.jpg,general_painting,0,edouard-cortes,train,72b0741ebc34574a8a241fd0d656e0a0bc0005c2bf636e9505a55af3003b2026,9797864b8a3268b7
data/private/portraitnet/general_paintings/edouard-cortes_rue-royale-winter.jpg,general_painting,0,edouard-cortes,train,9ab1db4d4e466dd9822acfb5ea086cd6164f7d7a6af68bca64ba2d0c07a54d92,ce138f30fb8453e4
data/private/portraitnet/general_paintings/edouard-cortes_rue-royale.jpg,general_painting,0,edouard-cortes,train,7292ae3deeb3f712484f36eb579816de6d7a4173f8154356e2237ef869e75677,9b069929f68936e9
data/private/portraitnet/general_paintings/edouard-cortes_sacred-heart-of-paris.jpg,general_painting,0,edouard-cortes,train,45a927ccee1fba27b9e3ab8d4ec69948e64f52d0c9a40bc1f780a5a29aecb9ad,8cf2399369f44b25
data/private/portraitnet/general_paintings/edouard-cortes_st-denis-1.jpg,general_painting,0,edouard-cortes,train,0a8717a929942fab06c216acf579cf516442beecda8beea2957e1ecc7576f8b7,9c8cb873f23219ec
data/private/portraitnet/general_paintings/edouard-cortes_st-denis-2.jpg,general_painting,0,edouard-cortes,train,ea5e80e8ab84cb1c489c0c07a1f426dbd5d0330c21cc203fbb5410960ae68ad3,88c38171d6ec36d7
data/private/portraitnet/general_paintings/edouard-cortes_st-denis-3.jpg,general_painting,0,edouard-cortes,train,420fbfc5f56251d4f6b223ddde4dbb6c25139b3f16ee0dd236faafa5bcdb6d7e,c1c8f13d9f532aa1
data/private/portraitnet/general_paintings/edouard-cortes_st-denis-4.jpg,general_painting,0,edouard-cortes,train,2eb896c7e496ff0e36486d01311ca1b6fb8d92643ad2a13940e6ea8750a3f377,929d8261f87ad5d2
data/private/portraitnet/general_paintings/edouard-cortes_st-denis-5.jpg,general_painting,0,edouard-cortes,train,e21bad85b14200e089a0d0c1117ee1de94253def5121fa89db323ade6306e4c6,c44ec27dbf814d4a
data/private/portraitnet/general_paintings/edouard-cortes_st-denis-7.jpg,general_painting,0,edouard-cortes,train,4231046bf832eebfa0db4d29944fc7aa0cca32dfc6d233f3f34e46e4b3d9e5b7,c6c1d118a75e39b3
data/private/portraitnet/general_paintings/edouard-cortes_st-denis-winter-1.jpg,general_painting,0,edouard-cortes,train,738752f1d58931d9c571b1e67e8ae5ceaea57e88ce7cff573428beaa6a0b3ba7,c866c339a78b7496
data/private/portraitnet/general_paintings/edouard-cortes_st-denis-winter-2.jpg,general_painting,0,edouard-cortes,train,d9d08be01628989e1531ad0d309fdd377a7b8a68b1b0907e2687a771ed21cbe7,c46ec279b6cf6882
data/private/portraitnet/general_paintings/edouard-cortes_st-denis-winter.jpg,general_painting,0,edouard-cortes,train,20f6b92731de4101637e760061c775f1091e31f86a48c0025d72247dc99f3205,c4d4cb37c2a559a6
data/private/portraitnet/general_paintings/edouard-cortes_st-denis.jpg,general_painting,0,edouard-cortes,train,a6d65653cfbff8681522d5d993c93cfac1954cb5d0cab034b01442f41489c146,c1c9e97c9bc74381
data/private/portraitnet/general_paintings/edouard-cortes_st-martin-1.jpg,general_painting,0,edouard-cortes,train,772b1cfd3ff0bb413d239c32ec3a02cf802da192c3581f4e739977f4d2e5271a,c1cd91b1b7b69494
data/private/portraitnet/general_paintings/edouard-cortes_st-martin-2.jpg,general_painting,0,edouard-cortes,train,a9b7e1d3c10e4c0d29a3e8ad5579a62dfdef8683f9dc13e84f65fd61d4787f20,99958787c69313f1
data/private/portraitnet/general_paintings/edouard-cortes_st-martin-3.jpg,general_painting,0,edouard-cortes,train,11dc236abe7ea07124b518eb8cc03094ae0fb8e64718c769390426f1a0e9e525,878f8996cfcd1849
data/private/portraitnet/general_paintings/edouard-cortes_st-martin-spring.jpg,general_painting,0,edouard-cortes,train,67edc162127917c808793fdbf7e1c386778dab3fe32edf82b057aed71361530a,81cdb031e6b32ea7
data/private/portraitnet/general_paintings/edouard-cortes_st-martin-winter.jpg,general_painting,0,edouard-cortes,train,38b5371ea070013d9dfb2a7200845143ba96fa3bb7570420867a7860afadb9de,c1e6803ff2b35e82
data/private/portraitnet/general_paintings/edouard-cortes_st-martin.jpg,general_painting,0,edouard-cortes,train,b90969e1e2414d294b660c406efad8d6bf6d1af5b9984533c6b6c5cc99dee47b,949ba622e7ad09ad
data/private/portraitnet/general_paintings/edouard-cortes_station-de-l-est.jpg,general_painting,0,edouard-cortes,train,34154edbaa9b0c77aa48f805c59107cfa36bc893ab3afaf805eba89d25f64756,bd99b962c2851bd8
data/private/portraitnet/general_paintings/edouard-cortes_the-concorde-square-le-soir.jpg,general_painting,0,edouard-cortes,train,4a4a7f434a9a1aaf03d8739f248da7f74122a9fa42424a91d8bb7bf29c6b1d78,9e9e8a3dee0c09a6
data/private/portraitnet/general_paintings/edouard-cortes_the-ferryman.jpg,general_painting,0,edouard-cortes,train,c5be3fb4af5f9be0292f1787026ca93fb9fb2485a1295b9b32f488788322a9cb,a79a4de07ca3d08b
data/private/portraitnet/general_paintings/edward-hopper_el-palacio.jpg,general_painting,0,edward-hopper,train,09abb97f03f83b19b91e8979188a5e7782f0f2fa5f33f2ebf3a68d794958afe5,abbea0590936a61f
data/private/portraitnet/general_paintings/edward-hopper_five-a-m.jpg,general_painting,0,edward-hopper,train,796b1d3a34999d527c786fe292fc1ec59e21caeee523efa016ffb32eb5fe58c6,bbccc4bb64183ae4
data/private/portraitnet/general_paintings/edward-hopper_sunlight-on-brownstones.jpg,general_painting,0,edward-hopper,train,3774f80c8a0c789bc3916ad3f07c77dd0d0417dfd2556d4a6cdb487d231dee74,e791ba5c48f146a3
data/private/portraitnet/general_paintings/edward-hopper_sunlights-in-cafeteria.jpg,general_painting,0,edward-hopper,train,1867851a0f2b93ce9fa39558b4ca0089f0692b63c56c4786f82ef28327c132f6,9a8867ec3263ba63
data/private/portraitnet/general_paintings/edward-hopper_the-bootleggers.jpg,general_painting,0,edward-hopper,train,bc18c236d3cefa3f65f8282447900ac5b9454c17f6ce3897dc0bc826d83121b1,88a6f7d51a18b5c9
data/private/portraitnet/general_paintings/edward-hopper_the-long-leg.jpg,general_painting,0,edward-hopper,train,f427e78192483a0a9fa800c2d49280fd41d4480e407dd1803a02532e35569626,f0e40d62b6c91776
data/private/portraitnet/general_paintings/edward-hopper_the-mansard-roof-1923.jpg,general_painting,0,edward-hopper,train,fa2400ab626da139093d0f60783aa7a13b67757a84e3e860029af5faee4291a0,80eee1c0dc937f31
data/private/portraitnet/general_paintings/edward-hopper_the-monhegan-boat.jpg,general_painting,0,edward-hopper,train,383b3f0ffe5d1e7d44fae10b18e4f7a0938551e6cc3c01c64d9730ffb87f7102,bec54b3a9865c41b
data/private/portraitnet/general_paintings/esaias-van-de-velde_view-of-zierikzee-1618.jpg,general_painting,0,esaias-van-de-velde,train,eec684f3c03c8c65d146a85bbe8fc94db2c13eed14b0bb99895b43be87c92ebb,9c865166bec7638c
data/private/portraitnet/general_paintings/esaias-van-de-velde_winter-landscape-1623.jpg,general_painting,0,esaias-van-de-velde,train,665a634ff26d04041c2a1b8ff00fdee710d6c712926899c9dac654bbd1fcb290,91c64d3e36cd62b1
data/private/portraitnet/general_paintings/esaias-van-de-velde_winter-landscape-1629.jpg,general_painting,0,esaias-van-de-velde,train,701839b7790d16d64210c6235051adb77ad07e562ed8af3523cebbc8793ba2ac,d7800f63f4847b99
data/private/portraitnet/general_paintings/esaias-van-de-velde_winter-landscape-with-farmhouse-1624.jpg,general_painting,0,esaias-van-de-velde,train,ab811e4f67162f0e7a96be696df6aa1d943ea2b2e9ef6f58c962dddd11326fa3,c59c921ae52d9ef0
data/private/portraitnet/general_paintings/esaias-van-de-velde_winter-landscape.jpg,general_painting,0,esaias-van-de-velde,train,a03ee5a26fc25efc58e026cf2df8ca3d1b599a4789a633f6f40c76b8f2b5a40b,87f83e42708fb463
data/private/portraitnet/general_paintings/eugene-boudin_open-sea-1889.jpg,general_painting,0,eugene-boudin,test,8481b0f5125bb5f6d168aeea8df20060f20674313ea151fd2b42bd5134fef5c4,abc753d18226279e
data/private/portraitnet/general_paintings/eugene-boudin_pasturage-on-the-banks-of-the-touques-1884.jpg,general_painting,0,eugene-boudin,test,c34b21a849c0a4f2ec5bf688f8b0a570480369747ef4ba9f9c697d8f4a2e5c29,93e4cc32659e9a65
data/private/portraitnet/general_paintings/eugene-boudin_pasturage-the-valley-of-the-touques-1881.jpg,general_painting,0,eugene-boudin,test,6f14d0424bdb8197635a747c8f5259e71c7b43a0d517806561f9cc56f1d4e710,919625f5867d721a
data/private/portraitnet/general_paintings/eugene-boudin_port-at-low-tide.jpg,general_painting,0,eugene-boudin,test,2fd26eadeb42d92811181c80d29367cb9b04be9c2c1ab46503d1dea37db972f9,d9863841b7d50ef8
data/private/portraitnet/general_paintings/eugene-boudin_portrieux-1869.jpg,general_painting,0,eugene-boudin,test,1240c3eabd3997782a047b348f7a1e8ebcb558e9e2eb482b4d976b191dce061f,a2dd593ac522ddc8
data/private/portraitnet/general_paintings/eugene-boudin_return-of-the-terre-neuvier-1875.jpg,general_painting,0,eugene-boudin,test,1f1bed928bcf3fb141f1cf2f1b5f6eff91de497a015d58fb3e079fd588558788,e1d19941f11ecea3
data/private/portraitnet/general_paintings/eugene-boudin_river-near-abbeville-1894.jpg,general_painting,0,eugene-boudin,test,e165d50906d38e8d23cfe28394c7e7ca087ee7b72a1308c5c0e554c03aafe2e3,dbe5a435848d369a
data/private/portraitnet/general_paintings/eugene-boudin_river-near-dunkirk-1889.jpg,general_painting,0,eugene-boudin,test,499cb5070474276e3f8281f13c233fec24b09e6331ab11fa54d8c6b4ef45f7fd,93ee4e369d68803b
data/private/portraitnet/general_paintings/eugene-boudin_rouen-the-santa-catherine-coast-morning-mist-1895.jpg,general_painting,0,eugene-boudin,test,78c39ad319737cf6f9a8fac5679549d5d7390ab70bc99669958c41d7dbe5d4b5,9ce3a45be294c936
data/private/portraitnet/general_paintings/eugene-boudin_rouen-view-from-the-queen-s-way-1895.jpg,general_painting,0,eugene-boudin,test,34ca40718b40c62f68ce4f205b710534ad463e520adac9f4bcf676c1c75d4cc4,82c3fc5f67982546
data/private/portraitnet/general_paintings/eugene-boudin_rouen-view-over-the-river-seine-1895.jpg,general_painting,0,eugene-boudin,test,e440c354e74e636e880a0b12707991a0d4e4d57fe8dade42ede72148edfef18e,87c7f858679326c4
data/private/portraitnet/general_paintings/eugene-boudin_saint-cenery-the-church-and-the-bridge.jpg,general_painting,0,eugene-boudin,test,e997a2a2c8029b55d8cb40630eaadd9bbd34df66c820e62e61ddc05dc9bea9dd,d9c883063674d97d
data/private/portraitnet/general_paintings/eugene-boudin_saint-valery-sur-somme-moonrise-over-the-canal.jpg,general_painting,0,eugene-boudin,test,b9c5d40dabf92c7304625f859fc21a59d02c7de550848ef9573d771b203a766c,cad39224f9051bf6
data/private/portraitnet/general_paintings/eugene-boudin_saint-valery-sur-somme-the-bridge-on-the-lock-1891.jpg,general_painting,0,eugene-boudin,test,af9e66cb5f94a86ffd950840a7c27e56b84205e84801797a5e5213fc80f3af6a,dbacb461d28a25c7
data/private/portraitnet/general_paintings/eugene-boudin_seehafen-1870.jpg,general_painting,0,eugene-boudin,test,d0c6cc4a204f7af31518bd0ae5ac4328263c1db7b08d166e34195767f706709d,8af042fcd335d14d
data/private/portraitnet/general_paintings/eugene-boudin_ships-at-le-havre.jpg,general_painting,0,eugene-boudin,test,c54bbd59e74797858617f2da2df428eb507b9747e5e1a58985ae667a4c2759c8,cdb15266ad4709ec
data/private/portraitnet/general_paintings/eugene-boudin_shore-at-low-tide-rainy-weather-near-trouville-1895.jpg,general_painting,0,eugene-boudin,test,ff60e519eca002c777b0fe613b3e3db77fcebde6b3d4a64ee54b50f89eaf2c54,97c1cc6979c6830f
data/private/portraitnet/general_paintings/eugene-boudin_strand-in-trouville-1868.jpg,general_painting,0,eugene-boudin,test,4000bbf112dc26d9d0c02099b965650d069bef8302dd34532facc9dc4f098654,ddc13a7ec13ec091
data/private/portraitnet/general_paintings/eugene-boudin_street-antibes-1893.jpg,general_painting,0,eugene-boudin,test,e3ff9d00ab1058d3aeb57c56b65ca7e0971080660b2baefad636a0bcf3f3cdee,9ca70970d46dd33c
data/private/portraitnet/general_paintings/eugene-boudin_the-basin-at-deauville-1890.jpg,general_painting,0,eugene-boudin,test,621321bee6c76a215208beb25ed4649e5b6c690fb1ef0c463c37eb74f7fa4d12,9fe00471ef1f6099
data/private/portraitnet/general_paintings/eugene-boudin_the-beach-at-trouville-1.jpg,general_painting,0,eugene-boudin,test,3897f4687c5ec3220ac02259530b92676500616f4b02147c86e72eaead3cc06e,dac5057ac5353ac9
data/private/portraitnet/general_paintings/eugene-boudin_the-beach-at-trouville-1865.jpg,general_painting,0,eugene-boudin,test,918ffb2d3f87f5a6899d72cec2decd34ed5e578154a322c3b441cf34f2f7a790,80cd31eed127cf23
data/private/portraitnet/general_paintings/eugene-boudin_the-beach-at-trouville-1868.jpg,general_painting,0,eugene-boudin,test,96597d6c9c88019bbc6fa1b69a4a20a97a8c05fea79cf43a49ea59cef12f3568,f598235fa02b5ea1
data/private/portraitnet/general_paintings/eugene-boudin_three-masted-ship-in-port-bordeaux.jpg,general_painting,0,eugene-boudin,test,98c77200f0b593a405abd940e045fbd552f7cae35a7e98b2962ad43a814e9c18,e699522a855b9cce
data/private/portraitnet/general_paintings/eugene-boudin_trouville-1.jpg,general_painting,0,eugene-boudin,test,22484513c32e18e70b13c2eddce7608b717cd9bed0a48e69a3da101b11ff304f,94d72a5535eb1515
data/private/portraitnet/general_paintings/eugene-boudin_trouville-1869.jpg,general_painting,0,eugene-boudin,test,002266fc400eb4a4fb9decb1cc1de492bd1fe8898365dd33dcd3ceb23387099e,e7d8906659e09cb6
data/private/portraitnet/general_paintings/eugene-boudin_trouville-1879.jpg,general_painting,0,eugene-boudin,test,d5c3569e3b47fd7b45babb22e4b13189fe9d6211c9d29e575384c3f4afc8f6a4,bce18372fc08f61c
data/private/portraitnet/general_paintings/eugene-boudin_trouville-black-rocks.jpg,general_painting,0,eugene-boudin,test,f0ddd3a328f20b09dedc56c381723f64f7233ea5f9a906d2c87afc2117dc2898,93e3682c5e3ee311
data/private/portraitnet/general_paintings/eugene-boudin_trouville-fish-market-1875.jpg,general_painting,0,eugene-boudin,test,292f82ebee1a0555a5982630f709e63168e1db19315eee875d7c7ee116fe0a85,c0c09035b7bdb79a
data/private/portraitnet/general_paintings/eugene-boudin_trouville-fish-market.jpg,general_painting,0,eugene-boudin,test,d12b7259904cb221511db7bf5bf0786dcd1a735c93f5cdf18c614adc0f799be7,9cc1b063edc8f2cc
data/private/portraitnet/general_paintings/eugene-boudin_trouville-le-chemin-de-la-corderie-1878.jpg,general_painting,0,eugene-boudin,test,2627925c314bf5c58a2aeeee95ee2f84ea0a09963fabaede53dbd42af4846d96,8dcf9b72b0ca2651
data/private/portraitnet/general_paintings/eugene-boudin_trouville-the-ferry-to-deauville-1880.jpg,general_painting,0,eugene-boudin,test,f1b93156fd42ce9f6d6cb6fead0dccfdc6d8bafa6d6cfc615a2abd00999697ee,c0b52f44b8bf6e48
data/private/portraitnet/general_paintings/eugene-boudin_trouville-the-fish-market-1884.jpg,general_painting,0,eugene-boudin,test,b3340652ccee8db4de21cb6ff7fbcc3ed506c7ae8fb29346e078caeac50607c5,c38bb224e87674cd
data/private/portraitnet/general_paintings/eugene-boudin_trouville-the-inner-port-low-tide-1881.jpg,general_painting,0,eugene-boudin,test,7f83aa8ca767c66e410b1d3dd15cd8017f6110b6cf41b80dfdd86b6c3cfea752,b08d61330cf99e4f
data/private/portraitnet/general_paintings/eugene-boudin_trouville-the-jetty-and-the-basin-1896.jpg,general_painting,0,eugene-boudin,test,5eb746c0bd0552d260c4ca3569057836498eda63fe84a3c19aa18a238b873e73,c1ff6409fe8219e4
data/private/portraitnet/general_paintings/eugene-boudin_trouville-the-jettys-low-tide-1894.jpg,general_painting,0,eugene-boudin,test,892148ad0d94581a9a7b6187a183bc6ae6a537be5349c8a41b7e86a277f8d253,94f60c13ff2272e8
data/private/portraitnet/general_paintings/eugene-boudin_trouville-the-jettys-low-tide.jpg,general_painting,0,eugene-boudin,test,082a4a52fa70fb65cd90a8e11f05d61389f07fae6a66a1a32179a2833c537062,9ddae205fbb20519
data/private/portraitnet/general_paintings/eugene-boudin_trouville-the-port-1864.jpg,general_painting,0,eugene-boudin,test,9ad09cd70d31ecdf2f4f675a97db5430e989f64485937f7c60829fbbf99581db,90ed3b4ec1384f72
data/private/portraitnet/general_paintings/eugene-boudin_trouville-the-port-at-low-tide-1887.jpg,general_painting,0,eugene-boudin,test,8624e1393be7e6cad1436098c35d262f6dc6136878dbd92ee3f7a444424d305c,daa17525ca4a35d6
data/private/portraitnet/general_paintings/eugene-boudin_untitled-1885.jpg,general_painting,0,eugene-boudin,test,6cc71f7d1effeafa11b0c70613af069a1b4275789750c24c00be052149461ab7,dea1055ca24df15e
data/private/portraitnet/general_paintings/eugene-boudin_untitled-1889.jpg,general_painting,0,eugene-boudin,test,83638e9d18e4f0df6ee9e07ffd08139da40651ef55b918ad11bf3e6aca81d517,ecd3326cd72117e0
data/private/portraitnet/general_paintings/eugene-boudin_untitled-1890-1.jpg,general_painting,0,eugene-boudin,test,6a70793cd5e9d8226bea59f6f240127bd8aee0dce99bab94c64f5b02a0f47d43,d3ac6813ec9269d6
data/private/portraitnet/general_paintings/eugene-boudin_untitled-1890.jpg,general_painting,0,eugene-boudin,test,13d9a754a43e19e0e72689d22fe3ea437420b97f5293629b98bfee37757f33f0,d5866b5205f1873e
data/private/portraitnet/general_paintings/eustache-le-sueur_a-gathering-of-friends-1642.jpg,general_painting,0,eustache-le-sueur,train,a61229cea1bb8d48b35787f46dccf8b00456f35c809fcce212d5a8c66827b287,ab6853bc2117daf0
data/private/portraitnet/general_paintings/eustache-le-sueur_abduction-of-ganymede.jpg,general_painting,0,eustache-le-sueur,train,b3067812283e5d6b3b5a1119421b582422f84254f2a2786d9b147f0273b486b6,86ccb87bc1e61a4d
data/private/portraitnet/general_paintings/eustache-le-sueur_caligula-depositing-the-ashes-of-his-mother-and-brother-in-the-tomb-of-his-ancestors.jpg,general_painting,0,eustache-le-sueur,train,955b62416a0d117c3d02d1c5d14cb06a6e2a42bea9fe7e564b17284c144345d8,cec879f5058f2a52
data/private/portraitnet/general_paintings/eustache-le-sueur_christ-healing-the-blind-man.jpg,general_painting,0,eustache-le-sueur,train,9e353b01bfbe312db11c86c9d720e8943f68276b076a4ec78daf7fd3e936e68b,ea28527399acc637
data/private/portraitnet/general_paintings/eustache-le-sueur_clio-euterpe-and-thalia.jpg,general_painting,0,eustache-le-sueur,train,ec52772302fa33ea1500f30a22e45874b8b41677f1467de5f92a52b2e03cdb5a,a9bf764804b711dc
data/private/portraitnet/general_paintings/ferdinand-hodler_lake-geneva-from-chexbres.jpg,general_painting,0,ferdinand-hodler,train,0ad53cda6946eb83c4d16ee1e3abae5e9d4251e66ab30d44547e4c2e07b2e190,d0e5605dd7858f54
data/private/portraitnet/general_paintings/ferdinand-hodler_lake-geneva-from-the-caux-1917.jpg,general_painting,0,ferdinand-hodler,train,f021d6f89a676228c6cf043f07d1d600e317e9cc96aa31b3abb827a2cdd398de,8cec7c5c9cd45d14
data/private/portraitnet/general_paintings/ferdinand-hodler_lake-geneva-in-chexbres-1904.jpg,general_painting,0,ferdinand-hodler,train,71d51e9b90d36cdca714ba2784583ef5cf592e6b7da9a0eda3de8263c936db86,eac1f419e41be097
data/private/portraitnet/general_paintings/ferdinand-hodler_lake-geneva-in-chexbres-1911.jpg,general_painting,0,ferdinand-hodler,train,5c038b97c5879b7ba19927d4481a4b36a8f6076c1cdf0d0adf3810c80807410a,95c22a91f4f5aa6a
data/private/portraitnet/general_paintings/ferdinand-hodler_lake-geneva-on-the-evening-in-chexbres-1895.jpg,general_painting,0,ferdinand-hodler,train,c12f86f0de9d95b61bc7685c0d6d179c5452ac8e77b4631c254cd91670be6c17,a3c6dea15e590e1c
data/private/portraitnet/general_paintings/ferdinand-hodler_lake-of-geneve.jpg,general_painting,0,ferdinand-hodler,train,128bba2902d985291af3459baddfc63000630221103c922cf36d80fa62f0bf3b,95f535c4a27542ad
data/private/portraitnet/general_paintings/ferdinand-hodler_lake-thun-1884.jpg,general_painting,0,ferdinand-hodler,train,3c4798fc012513a1cd64f2465ebdb858ed0431e86667f73a61cd8a7733327d2b,d293a6b85a6771c1
data/private/portraitnet/general_paintings/fra-angelico_prophets-1447.jpg,general_painting,0,fra-angelico,test,0c5106114b14cd90221831380d527d83672807f7b8ed8d53a024ff70235f3f4b,c0aa76d3768e219d
data/private/portraitnet/general_paintings/fra-angelico_receiving-the-stigmata.jpg,general_painting,0,fra-angelico,test,c4aebeba77ade0a83e1979ffa164e6a9faa8cf10220f6d6cb67c7e13c077d69d,8a9a316c6b67afa0
data/private/portraitnet/general_paintings/fra-angelico_reliquary-tabernacle.jpg,general_painting,0,fra-angelico,test,77dee71a53cda24a019c0b8c7e184b85ecf72408d17377517aca3c1b23f4650a,c1b2a7d09a0d99ed
data/private/portraitnet/general_paintings/fra-angelico_sacred-conversation-1443.jpg,general_painting,0,fra-angelico,test,2131d5a1238680cc9ffaa70d6e64afd2446a84c7329cfc69e2de417d3274b951,93e90c5e695d6e18
data/private/portraitnet/general_paintings/fra-angelico_saint-anthony-the-abbot-tempted-by-a-lump-of-gold-1436.jpg,general_painting,0,fra-angelico,test,cfecf701af0b40a7e4b048a16261f8a0cdcbc73ea751c40e9f0aacb0a8f3f73e,bf4cc0500d7b199f
data/private/portraitnet/general_paintings/fra-angelico_saint-cosmas-and-saint-damian-before-lisius-1440.jpg,general_painting,0,fra-angelico,test,56a57dff1463888776ed8ae7791ca6018171ad09bd9e02ccaf07f4c248a5bcb7,e7960a8935ee322b
data/private/portraitnet/general_paintings/fra-angelico_saint-cosmas-and-saint-damian-condamned-1440.jpg,general_painting,0,fra-angelico,test,b7a85cf4512ba66a4d72ce78ea9f97f6e84c4ae1fc508fed31927b6920156ef9,87902d199786bda7
data/private/portraitnet/general_paintings/fra-angelico_saint-cosmas-and-saint-damian-crucifixed-and-stoned-1440.jpg,general_painting,0,fra-angelico,test,eef255ba5634deb809704dfd0972ae4afc6d1b4e104e86ad9b2e3e9f6c045ae4,8d92376d7a744385
data/private/portraitnet/general_paintings/fra-angelico_st-peter-consacrates-st-lawrence-as-deacon-1449.jpg,general_painting,0,fra-angelico,test,beb6d619a8579839f7f1c7d07531cfe6c0db1873a2b61d476f6fcf80f00fc6f6,d08778b42f93cec8
data/private/portraitnet/general_paintings/fra-angelico_st-stephen-being-led-to-his-martyrdom-1449.jpg,general_painting,0,fra-angelico,test,d481f03c0737214738ed4d3456aae2f9b02390a720da2aa1a58c50da7011e054,84e93b6429ec6e69
data/private/portraitnet/general_paintings/fra-angelico_st-stephen-distributing-alms-1449.jpg,general_painting,0,fra-angelico,test,5998baad3cea820683b175792ff88bc4a37c7f7fec38e45b95c910d5cbf7599a,c62101de4de766f2
data/private/portraitnet/general_paintings/fra-angelico_the-burial-of-the-virgin-and-the-reception-of-her-soul-in-heaven-1435.jpg,general_painting,0,fra-angelico,test,8fc06173902c22b6a8d1c30cf53768f964f1b3ea195f179b6963f7dd44f1f555,ca2dda70b49e898b
data/private/portraitnet/general_paintings/fra-angelico_the-coronation-of-the-virgin-1441.jpg,general_painting,0,fra-angelico,test,7c119428b9f5ea3a6791ef2ee1aaed41d520d52fa22c746fad959e7c5ff0ca62,9ea3645a833cd94e
data/private/portraitnet/general_paintings/fra-angelico_the-meeting-of-sts-dominic-and-francis-of-assisi-1435.jpg,general_painting,0,fra-angelico,test,0e26702853acb6752c65c666aca406efd4741f41ebaad10b776c1515e04f6b98,bee3c41fc41cf038
data/private/portraitnet/general_paintings/fra-angelico_the-naming-of-st-john-the-baptist-1435.jpg,general_painting,0,fra-angelico,test,cb124bef35527e6698a02f9712feb72c2445dd4f3fc4e5fdc9f6d6a2f7f73c4e,febc2d2d46c4c0f0
data/private/portraitnet/general_paintings/fra-angelico_the-story-of-st-nicholas-1448.jpg,general_painting,0,fra-angelico,test,26e51a97442197fd7fc96c5b6da138f521f7a5dc7d19bb069992cde47ec069f6,e5a3e21d241c9e1f
data/private/portraitnet/general_paintings/fra-angelico_the-story-of-st-nicholas-st-nicholas-saves-the-ship-1448.jpg,general_painting,0,fra-angelico,test,6e3b2054da57e5f77c2c2e82f5a3b692881db011220b3f6aa52ce2d3f440ea97,c9c0a13e35cdc52f
data/private/portraitnet/general_paintings/fra-angelico_the-story-of-st-nicholas-the-liberation-of-three-innocents-1448.jpg,general_painting,0,fra-angelico,test,51c08abc35339958674c70629d5efb8878bca55d4a0c04c06557c52c64c5618a,ced9c23a413636bc
data/private/portraitnet/general_paintings/fra-angelico_view-of-the-chapel-vaulting.jpg,general_painting,0,fra-angelico,test,9d331870823cab53c29e04dc1fd182d736fd629344faf303e3ba1e326417a8d6,a0167dc776cd2961
data/private/portraitnet/general_paintings/franz-kline_horizontal-rust-1960.jpg,general_painting,0,franz-kline,test,a301980d1094370f37f4c1ca1d713908dd39b6e9c6f56ce6a4acfcdc6d6c8337,aebcac46494a2d4f
data/private/portraitnet/general_paintings/franz-kline_le-gros.jpg,general_painting,0,franz-kline,test,015911fa6ab6d15781f7ff72e005958a2660ffa1744cb952bd3cb926a06f3cf9,e6194c86c9b6e9f0
data/private/portraitnet/general_paintings/franz-kline_new-york-1953.jpg,general_painting,0,franz-kline,test,6803268fea1562ee84f26952421298408bf87c50138e6e3d2f88235e855d77d6,9cee90db4889b366
data/private/portraitnet/general_paintings/franz-kline_number-2-1954.jpg,general_painting,0,franz-kline,test,04e8df876f25258e24ab370affd1117146de13e3a73994effd3b11c4cf895ec1,e7e72a819581bc3a
data/private/portraitnet/general_paintings/franz-kline_painting-no-7.jpg,general_painting,0,franz-kline,test,500e6f0b435c987b4c77178da6726377aa51033ae39ed2294420f2518ce99c95,9a936545ea479a9a
data/private/portraitnet/general_paintings/franz-kline_palladio-1961.jpg,general_painting,0,franz-kline,test,d639082b875194287749c7db2cd81acc419f2fe8ad8000ac05f9b043f9cbb27c,8db4cef071f066d0
data/private/portraitnet/general_paintings/franz-kline_torches-mauve-1960.jpg,general_painting,0,franz-kline,test,740b7a6fd0e4b12ff391db222a165e5eaccaa14ed9caa5089e9153fbef50e5f8,e8fd1fc04c851b6a
data/private/portraitnet/general_paintings/franz-kline_untitled-1.jpg,general_painting,0,franz-kline,test,f1f020ab3845cb1a197aff7745d35d79dcb0639409d20f50aa627af7d4b3927c,b6b219bc133b8749
data/private/portraitnet/general_paintings/franz-kline_untitled-1957.jpg,general_painting,0,franz-kline,test,0727731af3d3885c2c63a7553b0788e11076cac3414529669508d9af7dfc0564,8395f813f907813f
data/private/portraitnet/general_paintings/franz-kline_untitled-ii.jpg,general_painting,0,franz-kline,test,f2ab12beae1e13c46780c9d896ab31dda5caa4032acc6e01a81ae952664b54a1,fae1d92da285166a
data/private/portraitnet/general_paintings/george-segal_woman-on-a-bench-1998.jpg,general_painting,0,george-segal,train,308cb8d02af32b08ff86e941bb476a45a717ce830504405f254baedd7e39dff7,8eb33844af1e9953
data/private/portraitnet/general_paintings/gerard-fromanger_au-printemps.jpg,general_painting,0,gerard-fromanger,train,ca11d313435e651a68e7f57db3cff85cf90ad31aa14ed473d86a2c4730f70ff7,a839836cfd54c8e3
data/private/portraitnet/general_paintings/gerard-fromanger_bastille-flux-2007.jpg,general_painting,0,gerard-fromanger,train,052fe4da90c501d57bab3effe178681021e6503959c5a6e1cdb7eabd00c3ba21,ea710f21bec1ab68
data/private/portraitnet/general_paintings/gerard-fromanger_bleu-azural.jpg,general_painting,0,gerard-fromanger,train,e292cf6540ddfd6d1156857b167a75fb2a50e8d72aa1bb5f8705331b21e47335,bfe1e013c51cc11f
data/private/portraitnet/general_paintings/gerard-fromanger_en-chine-hu-xian-1974.jpg,general_painting,0,gerard-fromanger,train,ede81013702963725f90ffd350cc24fcd6ae3359c344efa0857da738b122703e,d44ad8e59a71b3d0
data/private/portraitnet/general_paintings/gerard-fromanger_existe-1976.jpg,general_painting,0,gerard-fromanger,train,067b2747acb766c0b472f26d1e5532d29ab8426ff73417738d1692ec2cd33526,c4e67ae16b1ae00f
data/private/portraitnet/general_paintings/gerard-fromanger_from-the-album-le-rouge-mai-1968-1968-1.jpg,general_painting,0,gerard-fromanger,train,e12a2d004aaf1e21ea1fc3bfb929f443c7b3c80d21dd5a16cd6841601e20163d,9df5213292da1d27
data/private/portraitnet/general_paintings/gerard-fromanger_from-the-album-le-rouge-mai-1968-1968.jpg,general_painting,0,gerard-fromanger,train,10a9eb2267b25b897f31c1fc77d32cc7fc7f375ed284428f88509bb154a4bb9f,872e278b7a123cb6
data/private/portraitnet/general_paintings/gerard-fromanger_le-linceul-n-a-pas-de-poches-2002.jpg,general_painting,0,gerard-fromanger,train,6342d460c0f25092b6e0402447611a21f6dd9fe32ffa4463c0362974be0073ae,fc19a5a3be748922
data/private/portraitnet/general_paintings/gerard-fromanger_le-matin-1984.jpg,general_painting,0,gerard-fromanger,train,0067b85be5e79b9d2944d490612bb6a2054b115eea01a8f477defe0f7183724c,e66e8d38c233a54e
data/private/portraitnet/general_paintings/gerard-fromanger_le-peintre-et-son-mod-le-1974.jpg,general_painting,0,gerard-fromanger,train,ca3980419b8195a07b8f71eaab41e600bb93879f6199e4c4ac18c498bdeac2c0,cae12d87edc91938
data/private/portraitnet/general_paintings/gerard-fromanger_le-rouge-et-le-noir-dans-le-prince-de-hombourg-1965.jpg,general_painting,0,gerard-fromanger,train,2436b11ac47fa3139982c2d59e1ccf40d7f7d89fdd30723606459bbe8e55d527,cfce2004baba39cd
data/private/portraitnet/general_paintings/giovanni-battista-tiepolo_angelica-accompanied-by-a-shepherd-who-cares-medorus-with-herbs-1757.jpg,general_painting,0,giovanni-battista-tiepolo,train,104569333d3c816b723a31c50af8b5fe01ae0c5ae903400c2e86452c9ac2391b,b8f143e8ac98e0ed
data/private/portraitnet/general_paintings/giovanni-battista-tiepolo_apollo-and-the-continents-1753.jpg,general_painting,0,giovanni-battista-tiepolo,train,409390bca16e6b0f3a22d48da5d7cc94de92e8097f7f8b5857455f2973940494,c33e7661791ed02c
data/private/portraitnet/general_paintings/giovanni-battista-tiepolo_apollo-leads-frederick-barbarossa-beatrix-of-burgundy-1753.jpg,general_painting,0,giovanni-battista-tiepolo,train,45b8c9f20f0cbc0784ea6444d1d60878b97ef262a10c238f06b68f429c8b91c3,9ba16c56e07f9168
data/private/portraitnet/general_paintings/giovanni-battista-tiepolo_christ-on-the-road-to-calvary-1749.jpg,general_painting,0,giovanni-battista-tiepolo,train,2cc5ab936b851ffe8744b20edd1b625f31696bb91218c3d9cc0d845250bd456d,a093ce8e585372b7
data/private/portraitnet/general_paintings/giovanni-battista-tiepolo_crown-of-thorns.jpg,general_painting,0,giovanni-battista-tiepolo,train,88e23dca13c78b0570fc73e1d53bc24f08a8b9a3ad93f7974570c6b0b5aa0785,85b7623376ccc09b
data/private/portraitnet/general_paintings/giovanni-battista-tiepolo_eurybates-and-talthybios-lead-briseis-to-agamemmon-1757.jpg,general_painting,0,giovanni-battista-tiepolo,train,828002962ba2ee9dd009bd84d461d69a52f087aa488b3c14ecc2e83f27e5af24,c0916e3fc926355d
data/private/portraitnet/general_paintings/giovanni-battista-tiepolo_finding-of-moses.jpg,general_painting,0,giovanni-battista-tiepolo,train,aa8742ce12294a53303331773e734b11ea26ec099eb103b7c70fc310e2f584b4,9188a4971f52cf6d
data/private/portraitnet/general_paintings/giovanni-battista-tiepolo_jacob-s-dream-1729.jpg,general_painting,0,giovanni-battista-tiepolo,train,8f6eab3a805c67a2a89a419ff4149d47b3d874935f99b840fe1b70ddd75f80de,8ccb913a8a71ed53
data/private/portraitnet/general_paintings/giovanni-battista-tiepolo_john-the-baptist-preaching-1733.jpg,general_painting,0,giovanni-battista-tiepolo,train,070146dae0a042488dc08c518657a5f82b6f0e93f8cc453fd3bff9cc9f68b260,81141e4f5a6d7d6c
data/private/portraitnet/general_paintings/giovanni-battista-tiepolo_mercury-from-mercury-exhorting-aeneas-to-leave-carthage-1757.jpg,general_painting,0,giovanni-battista-tiepolo,train,3a741134d50c85090e27b3d805cb0af174cec01d0dbe7479d6a534a61277abe9,d7f1119b658c874c
data/private/portraitnet/general_paintings/giovanni-battista-tiepolo_nativity-1732.jpg,general_painting,0,giovanni-battista-tiepolo,train,b2852fb34c140ec6ba076f1cf4a0850005f211790d8372279c84d3abed8e52e6,919a3637c68d3969
data/private/portraitnet/general_paintings/giovanni-bellini_st-jerome-in-the-desert.jpg,general_painting,0,giovanni-bellini,test,69311227e7ecb9c2759743ed29c614b511638a017735b35207ed48387b5865ba,87fc5a209a368fc9
data/private/portraitnet/general_paintings/gustave-loiseau_autumn-near-saint-cyr-du-vaudreuil-1899.jpg,general_painting,0,gustave-loiseau,train,34fb4c56de51a0e37c7c32cfc81707553fd6667218bcb627d4f8ef10436a6428,e82ab73c8dc0a19f
data/private/portraitnet/general_paintings/gustave-loiseau_auxerre-cathedral-1907.jpg,general_painting,0,gustave-loiseau,train,f35a7ed96a2b6dc09fcb7d9bd74a7dfb5affd3aa52cfeaa71afd19f83b201159,a29aaf5d48308fe3
data/private/portraitnet/general_paintings/gustave-loiseau_banks-of-the-seine-in-summer-tournedos-sur-seine-1899.jpg,general_painting,0,gustave-loiseau,train,b78071e331c65771d96f4138ab13aa3335c9c30197f65f95b755be06434dea10,a8945e618fcea51e
data/private/portraitnet/general_paintings/gustave-loiseau_barges-on-the-oise-1908.jpg,general_painting,0,gustave-loiseau,train,f28bab3a77b7750159d4db950ebc2af731f1a0f935a5d633d3cf036c622a620c,95e2ae790799ea42
data/private/portraitnet/general_paintings/gustave-loiseau_beach-at-fecamp-1.jpg,general_painting,0,gustave-loiseau,train,6ebcb4c63a4ae3e997c9f59d6e445d6593eb353055276284bbca586aaea8041e,95e69dc7d05c3229
data/private/portraitnet/general_paintings/gustave-loiseau_beach-at-fecamp.jpg,general_painting,0,gustave-loiseau,train,5788901cca3c1fc150f0897794466a95743d280cafc0630c46a351bc8ea17c40,d1a2e1b3336d644e
data/private/portraitnet/general_paintings/gustave-loiseau_beynac-quay-at-bordeaux.jpg,general_painting,0,gustave-loiseau,train,252d6412fa2813c1055dbcc223c24c0f0e6e42bc5982672884135914a9c714d9,b6d299242729ecce
data/private/portraitnet/general_paintings/gustave-loiseau_boats-on-the-seine-at-oissel-1909.jpg,general_painting,0,gustave-loiseau,train,59ff1fa10d49c05e869f339875b52573a0520c2f14efe09a4306811e122fe8a3,90a8c17c7d3eb513
data/private/portraitnet/general_paintings/gustave-loiseau_boats-on-the-seine.jpg,general_painting,0,gustave-loiseau,train,991736b5a365d2137ab5b15ca6d5765c42bcf54d88c2882346c5d8d7a2af691a,d386268c9f3394b9
data/private/portraitnet/general_paintings/gustave-loiseau_by-the-eure-river-1910.jpg,general_painting,0,gustave-loiseau,train,7b6f6750eff7fa49d82bc4a7f2d5114dd9e2856f013c2842fedcb73a56b69d42,bcbedcd848a8b660
data/private/portraitnet/general_paintings/gustave-loiseau_by-the-eure-river-1911.jpg,general_painting,0,gustave-loiseau,train,b2a2ee23b72324ed324ed160221bb5d7eb667ebb50ea43aa038eab899514be74,9bacdac6cce1b061
data/private/portraitnet/general_paintings/gustave-loiseau_by-the-eure-river-fog-effect-1906.jpg,general_painting,0,gustave-loiseau,train,e7685522b6dd3d50ed0c6e2925dc3c994daecbf39fdd2bf35501ece6fe54e209,cbd8baa227e45c13
data/private/portraitnet/general_paintings/gustave-loiseau_by-the-eure-river-hoarfrost-1915.jpg,general_painting,0,gustave-loiseau,train,cec2350fa52c7ded4bfc149596210f51bd85ebefbac8fe200f75ff42d86d312a,cbc8b030278dbdb9
data/private/portraitnet/general_paintings/gustave-loiseau_by-the-eure-river-in-autumn-1903.jpg,general_painting,0,gustave-loiseau,train,b93ffd9dae7ca40597af7fe0f27c9ae510334887f6d286602db7d6a8e7cb8430,c6f01989b92359b7
data/private/portraitnet/general_paintings/gustave-loiseau_by-the-eure-river-in-autumn.jpg,general_painting,0,gustave-loiseau,train,815450165c77f60d15d37116efad7a2f88f3de7c390e8ab66ec37f4990a2322a,c6ea180939a7e736
data/private/portraitnet/general_paintings/gustave-loiseau_by-the-eure-river-in-spring-1902.jpg,general_painting,0,gustave-loiseau,train,1d837db5201919997cdde128ae40ae4f4c357202a1c344f55e49e29a69595aa8,b6d959e4dc634231
data/private/portraitnet/general_paintings/gustave-loiseau_by-the-eure-river-in-summer-1902-1.jpg,general_painting,0,gustave-loiseau,train,50f028dd5f13f9aaa210889535e071567f85f568d9b562b2b5f66e13ece9a3af,a694cbccece4f242
data/private/portraitnet/general_paintings/gustave-loiseau_by-the-eure-river-in-summer-1902-2.jpg,general_painting,0,gustave-loiseau,train,cccbdfce55e2d8f17188547096af8774e1bbe765882ca447731b602f6fc3fda3,b6b7d9cccca4e210
data/private/portraitnet/general_paintings/gustave-loiseau_by-the-eure-river-in-summer-1902.jpg,general_painting,0,gustave-loiseau,train,9058e5be7add20b31be42582e7819e00f07ff4126c1e88e94a1d4083dd06f12d,adb692c3cb89c5d0
data/private/portraitnet/general_paintings/gustave-loiseau_by-the-eure-river-mist-effect-1905.jpg,general_painting,0,gustave-loiseau,train,46691d042f981bac20975c17674bf191720b67af2afc33d7a6fccb824363bb35,c1cc9c89b9b3a2b6
data/private/portraitnet/general_paintings/gustave-loiseau_by-the-eure-river.jpg,general_painting,0,gustave-loiseau,train,1a5e5a64cbb5bafcb45ee25574600319cea734ce13eb66db2cb8656930f35ffb,b2abd30d4cb5985a
data/private/portraitnet/general_paintings/gustave-loiseau_by-the-loing-river.jpg,general_painting,0,gustave-loiseau,train,a61b360c3ab468235a3bfd7078926bff9cb75947f6adc4455bb07fc3b06ae052,ce81332eccc7cc3a
data/private/portraitnet/general_paintings/gustave-loiseau_by-the-lorne-river-near-caen-1925.jpg,general_painting,0,gustave-loiseau,train,ed522e543fba23210ed2091ed8d8e4567f6ee441a67942e702e525fde5634b77,aea4d85868add473
data/private/portraitnet/general_paintings/gustave-loiseau_by-the-oise-at-parmain-1898.jpg,general_painting,0,gustave-loiseau,train,659cd47feb396f6b8967a433fa453028a3eca55706534d66588b09550610f8a7,d2ca6da43273c98d
data/private/portraitnet/general_paintings/gustave-loiseau_by-the-oise-at-precy.jpg,general_painting,0,gustave-loiseau,train,a081d5c24cb8fc59f52ba08fd148101c4c9ff246a3d6b821f27e969f83839cdb,e2ae1d6f90454cab
data/private/portraitnet/general_paintings/gustave-loiseau_by-the-oise-river-1892.jpg,general_painting,0,gustave-loiseau,train,08bc2f8bbb9350b068e8522be43fee03e00a78af711fd1e459253b69f1108813,9aa3f1717ccc4a23
data/private/portraitnet/general_paintings/gustave-loiseau_by-the-oise-river-1908.jpg,general_painting,0,gustave-loiseau,train,2019b660394500be03b6320aff50ec8d17e48009c5acc7515d7b19b24cd89230,ea899593dacc16a6
data/private/portraitnet/general_paintings/gustave-loiseau_by-the-oise-river.jpg,general_painting,0,gustave-loiseau,train,e8b2d5e36f45226fca552239030a6b2648177eca3950f3aff08c4d3bc5476345,fbd8630a936023fc
data/private/portraitnet/general_paintings/hans-hofmann_don-quixote-1963.jpg,general_painting,0,hans-hofmann,train,55a2a581cca79f0dee613238d888560da82c12b909b291236eac1fa681f95989,b193cd367098cb96
data/private/portraitnet/general_paintings/hans-hofmann_in-the-vastness-of-sorrowful-thoughts-1963.jpg,general_painting,0,hans-hofmann,train,d13cba973388536a27c40481f4452fe4da03a7f703918684c3e35deb2f9cfc83,ef2990969f597230
data/private/portraitnet/general_paintings/henri-edmond-cross_antibes-afternoon.jpg,general_painting,0,henri-edmond-cross,train,c341410ebb97a9a44b0531a4e0bfc1f2413a9a23ac7d31264b97929610aff106,8f8c797d43f0c10e
data/private/portraitnet/general_paintings/henri-edmond-cross_antibes-morning.jpg,general_painting,0,henri-edmond-cross,train,7b4ed178de09a83c8f79116ee5b5d20747cab2b7e07a98ebfd905e935397e5f4,999144cee7d6c1e1
data/private/portraitnet/general_paintings/henri-edmond-cross_antibes.jpg,general_painting,0,henri-edmond-cross,train,5b8ed1b2df391c0e40b517283ac935b3ea30475e268f07b947716a4517999b04,fccd94b672c90934
data/private/portraitnet/general_paintings/henri-edmond-cross_around-my-house.jpg,general_painting,0,henri-edmond-cross,train,0d54345740dbd853bb8bab7d57c0fce3743f3bcd67078db6070e9da2a5834214,bdb580d033d74e49
data/private/portraitnet/general_paintings/henri-edmond-cross_bathers-1.jpg,general_painting,0,henri-edmond-cross,train,f88959814d1946800d168bd2aff604b973f5a9c4f14eff6361f7b64e6b60286a,c4cdb593abcd01b4
data/private/portraitnet/general_paintings/henri-edmond-cross_bathers-1895.jpg,general_painting,0,henri-edmond-cross,train,62f464f70c068196135c687d55aa935464698e0d712ecaaa3f3e4907a21f1071,969bf689c0f0ca4e
data/private/portraitnet/general_paintings/henri-edmond-cross_bathers-1902.jpg,general_painting,0,henri-edmond-cross,train,58725b98463d5535556b7541fa7919dbc0083c40b79e7b6217f2c95cefcf5170,8141cb5fccbe70f0
data/private/portraitnet/general_paintings/henri-edmond-cross_bathers.jpg,general_painting,0,henri-edmond-cross,train,17ed01fd7b79d5fe149f84982d2c64add5f472d870836ecce4d00ada6de5c41c,d1962948866e976f
data/private/portraitnet/general_paintings/henri-edmond-cross_beach-at-cabasson.jpg,general_painting,0,henri-edmond-cross,train,e05efe45d65cadde911027bc33f6b3ad2632534dee7b8be6e194f2885ed03acd,c548b6de62b41736
data/private/portraitnet/general_paintings/henri-edmond-cross_beach-on-the-mediterranian.jpg,general_painting,0,henri-edmond-cross,train,de0846231310ff219bfb8cf7db7dd1b67637e42bc9f6414363b217f0b020ffd6,ad1b12edbd92c449
data/private/portraitnet/general_paintings/henri-edmond-cross_boats-in-the-port-of-st-tropez.jpg,general_painting,0,henri-edmond-cross,train,27dbf853eb354ac501d9fc402a5e06680dc158c7b81146e94f6db2d2de1de35d,eddc14297532c52e
data/private/portraitnet/general_paintings/henri-edmond-cross_by-the-mediterranean.jpg,general_painting,0,henri-edmond-cross,train,3bed6f473200d1283bb5313b5825e5a4d6cc80fd57bf87784def518074079a16,919d9ced6f2488cc
data/private/portraitnet/general_paintings/henri-edmond-cross_canal-de-la-guidecca-venice.jpg,general_painting,0,henri-edmond-cross,train,47faf28e6ce55bcc75873947f39f5eb6d522b5c6d6d1f05ed91602ff92681fc2,cbf2a64a298f348b
data/private/portraitnet/general_paintings/henri-edmond-cross_cape-layet-provence.jpg,general_painting,0,henri-edmond-cross,train,0ed4e12d907f9cc433393ca98e11ac41e9bb6447872696fbbb56ae61140801e2,82e84bc637f049db
data/private/portraitnet/general_paintings/henri-edmond-cross_provence-landscape.jpg,general_painting,0,henri-edmond-cross,train,859ed8e75c2d1ae0f49a89d94f4e44e58e87132ac1870c420fa4675852747580,c4e52d1a91b5b297
data/private/portraitnet/general_paintings/henri-edmond-cross_ranelagh.jpg,general_painting,0,henri-edmond-cross,train,c7694891df6f548a6d17e3fc24abc53aead9f3628e3830d41b4b0dd9f59e0f77,c2e1b7c4fc92611d
data/private/portraitnet/general_paintings/henri-edmond-cross_regatta.jpg,general_painting,0,henri-edmond-cross,train,5177244565521d250449006abfabf6b1632b1791becaf280df26c732d3cfdd15,a666c1d9187ba5c9
data/private/portraitnet/general_paintings/henri-edmond-cross_rio-san-trovaso-venice-1904.jpg,general_painting,0,henri-edmond-cross,train,b4653b889004aa0584bdc6e08d7507b4e54d75f8219054f630b1cc4283f56121,c871b983376e2cb8
data/private/portraitnet/general_paintings/henri-edmond-cross_river-in-saint-clair.jpg,general_painting,0,henri-edmond-cross,train,fbdfd39ea4c926db7b2e385ef627ff8bc35c641aa44b9eceec5d20449be402d4,e0fbb3a6df904c10
data/private/portraitnet/general_paintings/henri-edmond-cross_ronde.jpg,general_painting,0,henri-edmond-cross,train,0650fda6d18818f5a0c90ac2edf486c156613dbd0ebfa81bb1b1e1ef7ef667dd,d36ba5c65ba0350e
data/private/portraitnet/general_paintings/henri-edmond-cross_sailboats-near-chicago-1905.jpg,general_painting,0,henri-edmond-cross,train,6038f11ffeff0e232cbb0cf8ccab8db54a0d237935e9045045f66d9159827935,d1a70d1177d8acb4
data/private/portraitnet/general_paintings/henri-edmond-cross_sailboats.jpg,general_painting,0,henri-edmond-cross,train,a363f4aa446de8308feb827063636bd297ccb2da50853c04c57cddcf7d6dcf0a,faf0053eca72c8a5
data/private/portraitnet/general_paintings/henri-edmond-cross_san-giorgio-maggiore-venice-1904.jpg,general_painting,0,henri-edmond-cross,train,3ea50cbda01e211ea031128281102c3f3ba486056fd1dcefdbe70ed0eb40b0dd,9ca8c11eccdf23c6
data/private/portraitnet/general_paintings/henri-edmond-cross_siesta-by-the-water.jpg,general_painting,0,henri-edmond-cross,train,946d853275144c0e471080cdb2946b3c649d7484d16d457fabf240b9c0b30d29,9cf9c3c7d0163531
data/private/portraitnet/general_paintings/henri-edmond-cross_still-life-with-bottle-of-wind.jpg,general_painting,0,henri-edmond-cross,train,501a349ce3d3269361f2657aad56cd4fba0a229995dc08f703c208ee7d23363e,fae5cd40cf24a28e
data/private/portraitnet/general_paintings/henri-edmond-cross_study-for-in-the-woods-with-female-nude.jpg,general_painting,0,henri-edmond-cross,train,ecb32af14faf1a8958f7513645f86eb75498fe491467d6186384b24927439f00,ee37314a3d2d74c0
data/private/portraitnet/general_paintings/henri-edmond-cross_study-for-the-clearing.jpg,general_painting,0,henri-edmond-cross,train,66bdf245c0ea7403539147558993dff1a3ae4c7e17c446c036de939604e68a6e,974360d967a3107f
data/private/portraitnet/general_paintings/henri-edmond-cross_sunset-on-the-lagoon-venice.jpg,general_painting,0,henri-edmond-cross,train,ce6fa3f722034db0efdc0055ca7a080acdb06cc7e50379e14ad76417227374a4,a1b949cf914cccd9
data/private/portraitnet/general_paintings/henri-fantin-latour_roses-1882.jpg,general_painting,0,henri-fantin-latour,train,ac6c484c51ba4c742bd780f8f58ef48863f9a1a03fb007cf2be1664cac2bb441,f1cb34264df027c9
data/private/portraitnet/general_paintings/henri-fantin-latour_roses-1883.jpg,general_painting,0,henri-fantin-latour,train,61f2f0e0f9ba1661637770e278d25d46b06704ba9c482a68a078bfff0d66546c,edc01ee933c644b9
data/private/portraitnet/general_paintings/henri-fantin-latour_roses-1884.jpg,general_painting,0,henri-fantin-latour,train,5742abe6c85a7c5c17c4b196595380aa91c6e81d9b05d31688f0be072b149c61,f99512c08cae0ff9
data/private/portraitnet/general_paintings/henri-fantin-latour_roses-1885-1.jpg,general_painting,0,henri-fantin-latour,train,c7b09022d412f6962fdb1d716e1ce36c95787fb55b9b93f4ad9f19faeb24eabe,e08d11b398e5677c
data/private/portraitnet/general_paintings/henri-fantin-latour_roses-1885-2.jpg,general_painting,0,henri-fantin-latour,train,a83e71b6269f6ad592c8f01407b992fa239ae4e3b167b64c3858c09e235dace3,eacd3532c54b56a4
data/private/portraitnet/general_paintings/henri-fantin-latour_roses-1885.jpg,general_painting,0,henri-fantin-latour,train,b94eace8ecf095a1e7ebd140dacac40d96c7aca4e83584eb0273016ab3d90e04,e79f10780ce71b94
data/private/portraitnet/general_paintings/henri-fantin-latour_roses-1886.jpg,general_painting,0,henri-fantin-latour,train,59a5ea01c634309930b69092de2b3acabe12c6b98f6d811111ebc341fa84080b,b688c536b671c8c7
data/private/portraitnet/general_paintings/henri-fantin-latour_roses-1894-2.jpg,general_painting,0,henri-fantin-latour,train,15234f1def1c1c72fab6a17d324b52a60a55d3bf347f13720ab114639d0214ca,848c3e7ad19337a6
data/private/portraitnet/general_paintings/henri-fantin-latour_roses-1894.jpg,general_painting,0,henri-fantin-latour,train,fd7a27aabd18ec626c0a495c1721d7ba5c4da9c86ef32233c1cedd8ceea4cb42,c09e3f61c69ec1c5
data/private/portraitnet/general_paintings/henri-fantin-latour_roses-and-clematis-1883.jpg,general_painting,0,henri-fantin-latour,train,14cd4a4cfb6cceeaf80146c6025c94e6cf74c857a39b3f173f11f579c586401a,fa846d3bc3969861
data/private/portraitnet/general_paintings/henri-fantin-latour_roses-and-lilies-1888.jpg,general_painting,0,henri-fantin-latour,train,ab0dd1674e1fc7d8cdb4c3f8042cef185940d5ed1012975c5cb3ccb132dd2690,c1b370ec2ed1837c
data/private/portraitnet/general_paintings/henri-fantin-latour_roses-and-lilies.jpg,general_painting,0,henri-fantin-latour,train,b1c05fe3ac129fa3f49acd62ad9104cc1b84591e472b906ff7526e7391c7fafb,c59370ec2ed1837c
data/private/portraitnet/general_paintings/henri-fantin-latour_roses-and-nasturtiums-in-a-vase-1883.jpg,general_painting,0,henri-fantin-latour,train,49a8adfb7f1f458b46c5597fde23251528df040c1a6cebdd68065e12b6b8d973,c7b17aca91b46c62
data/private/portraitnet/general_paintings/henri-fantin-latour_roses-and-nasturtiums.jpg,general_painting,0,henri-fantin-latour,train,8989a7daf0604dda3e200fe2a00639a3b6903284233b721dd6e8683ba6a47c6c,cd8d3c713366cc83
data/private/portraitnet/general_paintings/henri-fantin-latour_roses-in-a-stemmed-glass-1890.jpg,general_painting,0,henri-fantin-latour,train,4e53dd0e7bcaed7643d8903168d8090c78edc2d0fd6c255eb688c7af3245105c,ec9d13f2246c9c99
data/private/portraitnet/general_paintings/henri-fantin-latour_roses-in-a-tall-glass.jpg,general_painting,0,henri-fantin-latour,train,72df0694c865990c60491c0f9eb30c510e0bd35627faf63fb14fa45209a8356f,99d9c626761c9c9c
data/private/portraitnet/general_paintings/henri-fantin-latour_roses-in-a-vase-1884.jpg,general_painting,0,henri-fantin-latour,train,5308349e21c7ae105d9df3b12cb22e63795faf024148620504182ae452df6d4a,c6873838b4c31fe6
data/private/portraitnet/general_paintings/henri-fantin-latour_roses-in-a-vase-1888.jpg,general_painting,0,henri-fantin-latour,train,21caa8c7f9a6afce329c86e736558d69c50b0c4ecc508776898be200a201ae43,e09917a658db27cc
data/private/portraitnet/general_paintings/henri-fantin-latour_roses-in-a-vase-1892.jpg,general_painting,0,henri-fantin-latour,train,005a8cd2fde4c50ec711cd4d2aa2b26e0e35bd75e3c107c5b699b5da2da22894,fa9093771ccc7063
data/private/portraitnet/general_paintings/henri-fantin-latour_roses-in-a-white-porcelin-vase-1874.jpg,general_painting,0,henri-fantin-latour,train,8e718d61c28b9036c0f1ea7d60c0f0eedb87545ebf112973e86371a16e3c365d,d992673cc698b323
data/private/portraitnet/general_paintings/henri-fantin-latour_roses-lying-on-gold-velvet.jpg,general_painting,0,henri-fantin-latour,train,8de5be3d46968244f9cca4b6ab73613956a52c061704af3908c6c879d0ef0a60,bbc9dd9244c662b2
data/private/portraitnet/general_paintings/henri-martin_idylle.jpg,general_painting,0,henri-martin,val,6e7f3553de0f82467ef4c33bf803e039fd06cee1b7ce959b6a5eaee0bcb4232e,9a91ec7e659a9b40
data/private/portraitnet/general_paintings/henri-martin_july-14-in-collioure.jpg,general_painting,0,henri-martin,val,caf22546bc8f43e13a44054eee22d3a6c869c92961b91241f87f0538c62b36b9,eec018ffe9a9a181
data/private/portraitnet/general_paintings/henri-martin_labastide-du-vert-3.jpg,general_painting,0,henri-martin,val,d5ed746b6526ddae25829411a84543b01f5e05d6d323c8b28dbeb90d264de742,d285e0fae138e64b
data/private/portraitnet/general_paintings/henri-martin_landscape-with-couple.jpg,general_painting,0,henri-martin,val,882a091e0ae1d9e7dd0f9c57661da76cf30b08295a2071cb8fcdf10d6032e02b,e1ff13c81e8396c4
data/private/portraitnet/general_paintings/henri-martin_lot-landscape-1890.jpg,general_painting,0,henri-martin,val,415b2adf23e67954c96e83d4e9a5d083163e580e644a873bebb2a467f7b71d93,c5b18c1669caed39
data/private/portraitnet/general_paintings/henri-martin_my-house.jpg,general_painting,0,henri-martin,val,fa10c33946a2c68488f19391aa0a86bde72f63f53b1bbef1767ee47724c49be9,95a7dabaa3b5b001
data/private/portraitnet/general_paintings/henri-martin_playing-pipes-to-the-setting-sun-1898.jpg,general_painting,0,henri-martin,val,e77e68bfa56c2caa0994244a4077bd7a78d536c4d743734699d77d8c19d4f386,be84d0d0cfb1a26e
data/private/portraitnet/general_paintings/henri-martin_port-collioure-1.jpg,general_painting,0,henri-martin,val,7354b35b35951f1d7b25062aa182d3fff94ae3bebca81cdd792f2006770c10c5,8d9e2184e6eea559
data/private/portraitnet/general_paintings/henri-martin_port-collioure-2.jpg,general_painting,0,henri-martin,val,5b3da9247f9d6bd268af03a4ad7645deafd0ce4f2c4826a4fb5060efc2071aac,81d1f04ba74ebfc0
data/private/portraitnet/general_paintings/henri-martin_port-collioure-3.jpg,general_painting,0,henri-martin,val,f033e75b7b99118e9480a05a138d1985cdfee82fb19f40e99fbb922c79c84b9b,aa75770a81d2b0b7
data/private/portraitnet/general_paintings/henri-martin_summer.jpg,general_painting,0,henri-martin,val,b409ffa9a6a9736f483edeed5f6e8e9b63d1753e0edd5fb30c3e2e5100d08495,f7c515bec111a493
data/private/portraitnet/general_paintings/henri-martin_terrace-in-marquayrol.jpg,general_painting,0,henri-martin,val,be6c5a8d9a5fb7d32d636025f05d1f126c9da3fb62e6273d6c2c2d36109105c1,8895e7ab9176e868
data/private/portraitnet/general_paintings/henri-martin_terrace-in-sun.jpg,general_painting,0,henri-martin,val,02ef420beeaa17349590df4748c4e00ce01cf896666c5ed1b678749cb2f16509,da6a3559c7709913
data/private/portraitnet/general_paintings/henri-martin_terrace-in-the-rain-in-marquayrol.jpg,general_painting,0,henri-martin,val,7f5694a66100d9953090d06824841fc438cbe4dfa0140c8bc35ec9099bbd7763,8087dae0ed5ae8f1
data/private/portraitnet/general_paintings/henri-martin_terrace-of-the-manor-in-marquayrol.jpg,general_painting,0,henri-martin,val,03e9ab0a724e27c88eeffe1fe01493cee59fbc5c74d3d927c695ef0e526b0277,d0146a2e6d2bdb3c
data/private/portraitnet/general_paintings/henri-martin_the-child-with-goose.jpg,general_painting,0,henri-martin,val,08666e1f1799e35fbcddab588032154a2c3e8493dd33592472969af1957136c8,c0ef37d2d03df402
data/private/portraitnet/general_paintings/henri-martin_the-church-of-dalbade-in-toulouse.jpg,general_painting,0,henri-martin,val,377e770925b0a8026bc70bb4a63fae90f896f31afc906e1154fe42fccdede46a,f0d99ca31f460e36
data/private/portraitnet/general_paintings/henri-martin_the-gloriette.jpg,general_painting,0,henri-martin,val,cc7a35edeb88beb68813283d2c4cf60e21187df7c939651ef9ba6dcc880b0f26,eab0e11581d696fa
data/private/portraitnet/general_paintings/henri-michaux_untitled-1.jpg,general_painting,0,henri-michaux,test,c015ad6b9be9d9fb06cb1b5f6260d19ef7eb6d93b6a852a676c739d1880faea5,bfc9851ec1af8093
data/private/portraitnet/general_paintings/henri-michaux_untitled-1979.jpg,general_painting,0,henri-michaux,test,a938406d7785177ce424d5fc4a7d15babba6ac3e24c2bc123d6c8f516d990799,aa6f9520c15e957a
data/private/portraitnet/general_paintings/ion-tuculescu_apocalypse.jpg,general_painting,0,ion-tuculescu,test,3c0776b0c1e83553220967d5edc1e7bb5b721b61462f777fa97b9ee4f084bafc,b0c8c73ee864cb3a
data/private/portraitnet/general_paintings/ion-tuculescu_autoportrait-on-a-autumn-leave.jpg,general_painting,0,ion-tuculescu,test,52eef4f6ada68ca043e0966ba96054665d09dcd437ec2ebdf4101b9771819ef4,bdc4337914c36f81
data/private/portraitnet/general_paintings/ion-tuculescu_blue-field.jpg,general_painting,0,ion-tuculescu,test,48da77baa77ac26c4ed5d4f8e8a1327a609869784a521033d19b99ea21fc08cb,cd8687fba0435eb0
data/private/portraitnet/general_paintings/ion-tuculescu_blue-totem.jpg,general_painting,0,ion-tuculescu,test,c0ef1eee82968c5cdd84fe7e2dcacf61d812f382fe80669844d84f463b1b0f01,dd448d6ab0abd60b
data/private/portraitnet/general_paintings/ion-tuculescu_butterfly-dance.jpg,general_painting,0,ion-tuculescu,test,fd70545ff49faa5be47feeee1b1bce9d07da149f8b32f6e656a6c4711293ada3,88bb5db16b439493
data/private/portraitnet/general_paintings/ion-tuculescu_butterfly-spring.jpg,general_painting,0,ion-tuculescu,test,367774472d01502bd94fe1c0383a2e09d31207a719b8f12ce23e9feef87d32cd,c2b732ca853bbce0
data/private/portraitnet/general_paintings/ion-tuculescu_charming-sea.jpg,general_painting,0,ion-tuculescu,test,a95de619bc7ac2396dba5e44d0168c5ed453c9123c65da3e1bb45979a7953297,e82e073ab8f17391
data/private/portraitnet/general_paintings/ion-tuculescu_circuits.jpg,general_painting,0,ion-tuculescu,test,088aa09670b6cbd641a5655b1c4195d2374c7f7918b35f49df7da9bbdd4c4f40,b8ad0fc11758728f
data/private/portraitnet/general_paintings/ion-tuculescu_composition-wtih-dolls.jpg,general_painting,0,ion-tuculescu,test,702e0440012734cfdac764bc7bc8e4265cd322b2a3076076d4b250e70dba1d41,89a09c7dced78256
data/private/portraitnet/general_paintings/ion-tuculescu_compositon.jpg,general_painting,0,ion-tuculescu,test,eb03fefb89ad38357fc8f973af4d4c0d40d02275964bcc4459b7f860c47a631d,e0a65b7bb7606125
data/private/portraitnet/general_paintings/ion-tuculescu_depth.jpg,general_painting,0,ion-tuculescu,test,5f92b3d2cd0c2a72bba885c5c0645ae9272cea3c22bd898257da433ce1007f6d,b496c265e966cd43
data/private/portraitnet/general_paintings/ion-tuculescu_drift.jpg,general_painting,0,ion-tuculescu,test,a011e383e2b3f83f789f4a7024bca25e1ae7d67de9060452f661ec178deed788,897eca6c6430ecf8
data/private/portraitnet/general_paintings/ion-tuculescu_god-s-eyes.jpg,general_painting,0,ion-tuculescu,test,3c9b48e10bee868b261d002583a2267618c465d3445f7a7671f6ff35bb85a09a,b56064b5ce9a94b6
data/private/portraitnet/general_paintings/ion-tuculescu_heat.jpg,general_painting,0,ion-tuculescu,test,990794d92ebfe9edbb4f60923acc04905eea0b95f694e3bd1161e482e554cce4,d1a958aeabc6a19a
data/private/portraitnet/general_paintings/ion-tuculescu_landscape-with-tree.jpg,general_painting,0,ion-tuculescu,test,30f3f0f9562c25c9ee93320c25332c7ed77fa3b8150c16c9e2e60fa8c9c6e36e,83417e2f61c785bc
data/private/portraitnet/general_paintings/ion-tuculescu_looks-of-the-colors.jpg,general_painting,0,ion-tuculescu,test,143e283b3255dcb8389d5df11d316de0aa4dbc291e2bc8d10d07672b8cdbec18,e44a50764e47cd9e
data/private/portraitnet/general_paintings/ion-tuculescu_looks-of-the-shadow.jpg,general_painting,0,ion-tuculescu,test,4587012c0d059d0aa391bdfeabba25dcc56c9bb97737013d6dafb8dc6fa98a9d,acbc604f916d8f23
data/private/portraitnet/general_paintings/ion-tuculescu_looks.jpg,general_painting,0,ion-tuculescu,test,66aeaf6effc80e5af561df1fd220234ef1cdc3dca476f7fa843ce08f0281af49,e948444a833f7f63
data/private/portraitnet/general_paintings/ion-tuculescu_make-up-box-the-green-eyes.jpg,general_painting,0,ion-tuculescu,test,b264b37461211fea07abba3b90c772171f954ea640574586b31aca57f6bdada9,ad6d527e5007705b
data/private/portraitnet/general_paintings/ion-tuculescu_marina-at-mangalia.jpg,general_painting,0,ion-tuculescu,test,312403f10181e434a1f2a8c897ead8bfd0dbd0bf4ab13bb7044107257c507b99,f01a25c29c9bf0af
data/private/portraitnet/general_paintings/ion-tuculescu_moods-of-the-field.jpg,general_painting,0,ion-tuculescu,test,a457a5f00bf4b5527713cd430825b9e897be4cdf0fc3801ca343d890b41efb9e,955509fa7a6a6833
data/private/portraitnet/general_paintings/ion-tuculescu_multiple-lives.jpg,general_painting,0,ion-tuculescu,test,21d36b8a8e3c3b724685f9af06fbf8f45af4d28b793453f96717e48ee998c1e5,fe01a277d950be48
data/private/portraitnet/general_paintings/ion-tuculescu_on-the-coast.jpg,general_painting,0,ion-tuculescu,test,5715ac8b7ed92875875f93e99371dbc8e639b4b3206dbba8c1d6c856412883c9,e4a4a6bbca171959
data/private/portraitnet/general_paintings/ion-tuculescu_peacocks-of-the-glances.jpg,general_painting,0,ion-tuculescu,test,7211ae4b4851416eea242b8c4a8127ee8198ced34295ef6dbcafd7348a471dff,ec66b5f023135317
data/private/portraitnet/general_paintings/jackson-pollock_blue-poles-number-11-1.jpg,general_painting,0,jackson-pollock,train,9a2d34c1f22208bf1911d640ce4fd66b1895a15e653aad0e58b2739a35ce635b,ea04e646f6fd2292
data/private/portraitnet/general_paintings/jackson-pollock_cathedral-1947.jpg,general_painting,0,jackson-pollock,train,df5ee11e0ea1883446f3bdd37a51523f83bfe9e322dbb8e603f198e4dbb58bec,af46cc1351acdac6
data/private/portraitnet/general_paintings/jackson-pollock_enchanted-forest-1947.jpg,general_painting,0,jackson-pollock,train,3296ecb34fe465382d14947ad5b4671c086abb35fb68f0a0ef56ab67bbf3a59f,face0dad9888ae16
data/private/portraitnet/general_paintings/jackson-pollock_eyes-in-the-heat-1946(2).jpg,general_painting,0,jackson-pollock,train,6a315d1287138712afcf9e67fa1b46c8b4f6ad5b58f920cb74ffdb6d48c47b33,9ab87d33cc5cc605
data/private/portraitnet/general_paintings/jackson-pollock_mural-on-indian-red-ground-1950.jpg,general_painting,0,jackson-pollock,train,13fd01850f924b41bfee40effa50b701d7f302abc5f779f78971dde0fc92cefd,eba899d12d4e3938
data/private/portraitnet/general_paintings/jackson-pollock_no-1-1948(1).jpg,general_painting,0,jackson-pollock,train,93fc5151bb28307eb40af48280a748ed5e03d92c8ee57943d13d6348b07df08a,8bd5d59499e9a0ac
data/private/portraitnet/general_paintings/jackson-pollock_number-13a-arabesque-1948.jpg,general_painting,0,jackson-pollock,train,08051ba23294b0748bca3fd34c77b74c3c3982131d7dc5d1d560a24ac4757eb0,a45700d31f6d63bc
data/private/portraitnet/general_paintings/jackson-pollock_number-17-1949.jpg,general_painting,0,jackson-pollock,train,6967ed9712cefaa33c61069d64b842c0ec7975f030449e4f0498dc7989611c66,ea1ad04ed5525c6b
data/private/portraitnet/general_paintings/jackson-pollock_number-29-1950.jpg,general_painting,0,jackson-pollock,train,479fd8300bea9061db9bbf547ca31278c2846b21bfa123a5b91e542ada3b9b86,ab80dc6c901fed33
data/private/portraitnet/general_paintings/jackson-pollock_number-3(2).jpg,general_painting,0,jackson-pollock,train,147dbcf0c6aa52df515ca1b0c6629b0adc4674362038ed79839f764740710648,91f1eb6a26a1e6c4
data/private/portraitnet/general_paintings/jackson-pollock_number-3(3).jpg,general_painting,0,jackson-pollock,train,878b3dedb3c4455b77e01b738cb399b4e1491a33823654af6cacc724e7480792,8b334c6118d3f9ce
data/private/portraitnet/general_paintings/jackson-pollock_number-32-1950.jpg,general_painting,0,jackson-pollock,train,d8e073491d84138ba0dbee6d3b5c9dab2c58bcf60f5a32599171fdd33569176a,aeb884a8dacae33a
data/private/portraitnet/general_paintings/jackson-pollock_number-7-out-of-the-web-1949.jpg,general_painting,0,jackson-pollock,train,fb0841666bc43887f83a7ab762319bc87ddd38507cb81befc5ba6dcd90a471a4,c51b547b155ea515
data/private/portraitnet/general_paintings/jackson-pollock_number-8-1949.jpg,general_painting,0,jackson-pollock,train,e0d61e759f0c3735df313ae11af0ac51f016024da6492dce80eb61cc66304600,aa33c5fb9044f552
data/private/portraitnet/general_paintings/jackson-pollock_summertime-number-9a-1948.jpg,general_painting,0,jackson-pollock,train,9197caec47740b96608046aa94e50ad59f9d5b4edeb6b9deed8f9ea9165f4130,aba4c4b78717c07a
data/private/portraitnet/general_paintings/jackson-pollock_untitled-1951-1.jpg,general_painting,0,jackson-pollock,train,f36c597d9773b4ff1a00b0d642afeb4a01ca80b9b8b82f7627b611b808df0512,be259074c597c61b
data/private/portraitnet/general_paintings/jacopo-bellini_christ-s-descent-into-limbo.jpg,general_painting,0,jacopo-bellini,test,390439084509e173f626ec8c9a783d0c6d4070db0bd3e6237b4f3ecf54d6bc28,8592f266646c49fb
data/private/portraitnet/general_paintings/jacopo-bellini_sketch-of-young-deer.jpg,general_painting,0,jacopo-bellini,test,9056d52705ebd3c75fb5c7da3170a6c18ef1829b1d0dc5da3f105b6bfe5f6a86,fa9b85c5c46cc564
data/private/portraitnet/general_paintings/jamie-wyeth_spring-plowing-1969.jpg,general_painting,0,jamie-wyeth,val,6e7086eaa911e7371dfcd0cef793379d9ea682c8acd88ff65f4b674909441b14,97d76868b5924267
data/private/portraitnet/general_paintings/jamie-wyeth_submerged-1975.jpg,general_painting,0,jamie-wyeth,val,8a67b0d3990f7ad95c3557c2c49afd0c23311a880bd639014498347063de615f,9f5066b1926cb699
data/private/portraitnet/general_paintings/jamie-wyeth_the-red-house-1972.jpg,general_painting,0,jamie-wyeth,val,197b0dd465517c3e84111354a28d9e5b64fb5b986ccc006a3a4bd5abdead17d7,b6b2c96c245ab51e
data/private/portraitnet/general_paintings/jamie-wyeth_the-rookery-1977.jpg,general_painting,0,jamie-wyeth,val,167cac2ab94ca22979756043ff63861db17da28a3912b47dc92ec111a7ba0f7a,f8851ef0235cd0eb
data/private/portraitnet/general_paintings/jamie-wyeth_twins-1990.jpg,general_painting,0,jamie-wyeth,val,c25ae1a7662e98f6b651876560ca6b496c172738c7040b898c47f7a59de97395,bbc4c23cd01b2f39
data/private/portraitnet/general_paintings/jamie-wyeth_wanderer.jpg,general_painting,0,jamie-wyeth,val,98d58324b2e3f83d9f62938ab2bf90f7af9189df2bb1649280743f0c7ac0ac9c,9ce0c703fd9863c5
data/private/portraitnet/general_paintings/janet-fish_black-bowl-red-scarf-2007.jpg,general_painting,0,janet-fish,val,bfc41473cc1355d8186205a5edc0cb11ce3fb95ec4ad3f878b71b7d9301eb9ce,bbe0e198e4c6c707
data/private/portraitnet/general_paintings/janet-fish_blue-decanter-polka-dot-bowl-suzani-2009.jpg,general_painting,0,janet-fish,val,9e63251ff67a81a36585d41fa0618616a81ccb0d9e4062db2feb94d921af55ae,81e7195ce26b699c
data/private/portraitnet/general_paintings/janet-fish_evian-bottles-1976.jpg,general_painting,0,janet-fish,val,5dd2ba25864de1236e91b6d0c01d110623f5ec945798550d1805b3dc5ca9224e,bee4c48ba3015df2
data/private/portraitnet/general_paintings/janet-fish_glass-and-shells-1990.jpg,general_painting,0,janet-fish,val,e96f1e3fbcb975a371c7d65eb09c2345f7018fc4cf1008ddcbaf3c049382848d,bf13e0eef3440447
data/private/portraitnet/general_paintings/janet-fish_peaches-1971.jpg,general_painting,0,janet-fish,val,49fe018a8cb6b63622bca073f77bbe4960371c35404cd5786c068af52560cbff,bfcdc032b0e84a8f
data/private/portraitnet/general_paintings/janet-fish_peaches-and-strawflowers-1990.jpg,general_painting,0,janet-fish,val,cea414f7e84b1672f8c3dde6359b256180f7bf4801c869ea6182dadc9dca61be,ffc0fc90c0d3d027
data/private/portraitnet/general_paintings/john-atkinson-grimshaw_dulce-domum-1885.jpg,general_painting,0,john-atkinson-grimshaw,val,ed3f4bc5169a5d09d3c22714cf3027240b7cee7423449eff9e1c035426924fc5,8c37918ca699a78f
data/private/portraitnet/general_paintings/john-atkinson-grimshaw_evening-knostrop-old-hall-1870.jpg,general_painting,0,john-atkinson-grimshaw,val,77bec712ebc99cc93eec4cedfcdfe071486841254af0e13ba3939589701e0afa,9bc8c5b137c63a54
data/private/portraitnet/general_paintings/john-atkinson-grimshaw_evening-whitby-harbour-1893.jpg,general_painting,0,john-atkinson-grimshaw,val,a85f1ddedde88366773619bb38eeea3a73493fc93769065ddb0aabfea704128b,c8898636b7c77cc4
data/private/portraitnet/general_paintings/john-atkinson-grimshaw_figure-on-a-moonlit-lane.jpg,general_painting,0,john-atkinson-grimshaw,val,94096919746a624ebaf626597baaa9cfcd249f7f0b5063c9f4800a8f35a8f9ec,d384e86d8e4ce65c
data/private/portraitnet/general_paintings/john-atkinson-grimshaw_forge-valley-scarborough-1875.jpg,general_painting,0,john-atkinson-grimshaw,val,1f9f7594a18792bd9c2f7316b67379552026cd9100b0fdf965424afb193fb631,d896c7cc6e4a1a5a
data/private/portraitnet/general_paintings/john-atkinson-grimshaw_forge-valley-scarborough.jpg,general_painting,0,john-atkinson-grimshaw,val,0d27b50a5371554da5334778d778586cb2bde0417fa7c78340baca2040264c23,90e2f4eb2f1b270c
data/private/portraitnet/general_paintings/john-atkinson-grimshaw_full-moon-behind-cirrus-cloud-from-the-roundhay-park-castle-battlements-1872.jpg,general_painting,0,john-atkinson-grimshaw,val,a751d33c4197664ac048a8dfdd0aef4cc8b5c83385fe5b2bbd653b8b3ac57eae,d88c2d611376e3ba
data/private/portraitnet/general_paintings/john-atkinson-grimshaw_golden-autumn.jpg,general_painting,0,john-atkinson-grimshaw,val,6e4abc904b580c22c5c754ed099d08d93a4ae79fd155a7d717a73399ed9b94ca,9a9c649ab8478bad
data/private/portraitnet/general_paintings/john-atkinson-grimshaw_golden-eve-1892.jpg,general_painting,0,john-atkinson-grimshaw,val,543f0014fa5f717b51b4f5c4a69abbd20d26bca4fcb8d3a73ab99c07c57ba3de,9090ec92b54fda9e
data/private/portraitnet/general_paintings/john-atkinson-grimshaw_golden-light-1893.jpg,general_painting,0,john-atkinson-grimshaw,val,62399706b369d2e1716a44d5a29882bb88dc2f8204847b86d46a2c72cf4900f6,d9c9668eba41b887
data/private/portraitnet/general_paintings/john-atkinson-grimshaw_in-peril-the-harbour-flare-1879.jpg,general_painting,0,john-atkinson-grimshaw,val,0e0d335fdce815ecac3905aec3e0326e302c9b30f7113f56ad13f259160d3720,9eb16972a66e218e
data/private/portraitnet/general_paintings/john-atkinson-grimshaw_in-the-golden-gloaming-1881.jpg,general_painting,0,john-atkinson-grimshaw,val,40ce2acfc5e7850b7e8350359f2102a0d47e43a7456fca37d19161932530254c,83c78dbe2c6143cb
data/private/portraitnet/general_paintings/john-atkinson-grimshaw_in-the-winter.jpg,general_painting,0,john-atkinson-grimshaw,val,c69fbac6e2fc4bb9d01729234a51fe555e7b5e0955e03c4dce81dd7e4b72313e,b04685f1463ec9bd
data/private/portraitnet/general_paintings/john-atkinson-grimshaw_knostrop-cut-leeds-sunday-night-1893.jpg,general_painting,0,john-atkinson-grimshaw,val,c262836d200cb75b3c3bd0e5bf70258e4e714aaac5f3e9fbb8e799ddeaf73d02,d9b6c51b64c816e3
data/private/portraitnet/general_paintings/john-atkinson-grimshaw_knostrop-hall-early-morning.jpg,general_painting,0,john-atkinson-grimshaw,val,cea42867507c2757d339b8ad438e9db6180917027bd3ba771f08d59383119118,d0ecab53bc8e6681
data/private/portraitnet/general_paintings/john-atkinson-grimshaw_landscape-in-the-lake-district.jpg,general_painting,0,john-atkinson-grimshaw,val,aa057607c5cb260c05c56a77dc3266f3044936560680ca1239948a8dd0a8bfe2,baf8c471021cbee5
data/private/portraitnet/general_paintings/john-atkinson-grimshaw_landscape-with-a-winding-river-1868.jpg,general_painting,0,john-atkinson-grimshaw,val,14e5fe6306e9403a42874b02dffedfad45b4c94f478fe85f4630e452d66df6c2,8783b1bc6ed9c4b0
data/private/portraitnet/general_paintings/john-atkinson-grimshaw_lane-in-cheshire-1883.jpg,general_painting,0,john-atkinson-grimshaw,val,6c66de76f40e680ef11a333cbc5f77ffdacd197bbef39019181d31ad70939cb9,8fe3a03dc915664b
data/private/portraitnet/general_paintings/john-atkinson-grimshaw_lea-hurst-kent.jpg,general_painting,0,john-atkinson-grimshaw,val,86a36fd6ad74d1553a0ff1e2a9c8ec7363e8afbcdb732ff6c0bade2a1977dbc7,da33f16d29cd1291
data/private/portraitnet/general_paintings/john-atkinson-grimshaw_lights-in-the-harbour.jpg,general_painting,0,john-atkinson-grimshaw,val,359299b0907924d1b68dd4abf848a17b3fd23dd20c18b20da538fc852f169e50,dba4c40d326b5ef0
data/private/portraitnet/general_paintings/john-atkinson-grimshaw_liverpool-customs-house.jpg,general_painting,0,john-atkinson-grimshaw,val,a7a7cf6f34f8c78a0aa2ca304cf466265e213c9bdefef1cca98b044fbe4eba93,9e9487e1907b80fd
data/private/portraitnet/general_paintings/john-atkinson-grimshaw_london-bridge-half-tide.jpg,general_painting,0,john-atkinson-grimshaw,val,5af09efbd144a7f49eb412c6e11e14f7352887357007fabcfaeb2ef6afc58338,dab6c5493ac8b46a
data/private/portraitnet/general_paintings/john-atkinson-grimshaw_london-bridge-night.jpg,general_painting,0,john-atkinson-grimshaw,val,d6f615b097e7d7cef7f39fd90d1d6af2545c087c88ef4a00225be264118cd3de,9aa5926d6dd22d52
data/private/portraitnet/general_paintings/john-atkinson-grimshaw_lovers-in-a-wood-1873.jpg,general_painting,0,john-atkinson-grimshaw,val,80d0d7ef5d56c34b7475f47594aa89541c925aace86d3e7adc928bf65ffe0ee4,996bf39cceb02425
data/private/portraitnet/general_paintings/john-atkinson-grimshaw_moonlight-1882.jpg,general_painting,0,john-atkinson-grimshaw,val,e7b84d2114bab9dae4cb5dc6dab8fad4249cf236a2ff5322fa642b35f7486525,da85ec369968c399
data/private/portraitnet/general_paintings/john-atkinson-grimshaw_moonlight-after-rain.jpg,general_painting,0,john-atkinson-grimshaw,val,25e92d9d45a7dff4b93dc5adf6335a00236fd2b58844825b2cd8401069072393,87ca92384ead7279
data/private/portraitnet/general_paintings/john-atkinson-grimshaw_moonlight-on-the-lake-roundhay-park-leeds.jpg,general_painting,0,john-atkinson-grimshaw,val,7f2d37cc53ed2382624038988751a2f812689f31c2f8861be2c875430b3bdb8b,dac23f1e6634d164
data/private/portraitnet/general_paintings/john-atkinson-grimshaw_nightfall-on-the-thames-1880.jpg,general_painting,0,john-atkinson-grimshaw,val,7795275efa78d8c349f260560129e98fb66cb5be9e1e6978404a1e3b6946a035,c8e7c53b33ca3c24
data/private/portraitnet/general_paintings/john-atkinson-grimshaw_november-afternoon-stapleton-park.jpg,general_painting,0,john-atkinson-grimshaw,val,c90ae72c558a55f5a04544389d92cbd32638c4cb6ea363e1e862675241c61b39,caea2f4cf06b0d51
data/private/portraitnet/general_paintings/john-atkinson-grimshaw_november-moonlight.jpg,general_painting,0,john-atkinson-grimshaw,val,f54860cf8966578735ef7af485e23596506c6e20aa60f387c0d03aa106a5b44b,c3fc9c61aa907768
data/private/portraitnet/general_paintings/john-atkinson-grimshaw_october-gold-1889.jpg,general_painting,0,john-atkinson-grimshaw,val,ea37867f3e4454e08313e49f92db962c047785155ea831999a32c67b67721021,c1c9bdc7b52c6096
data/private/portraitnet/general_paintings/john-atkinson-grimshaw_park-row-leeds-1882.jpg,general_painting,0,john-atkinson-grimshaw,val,605e5447f1d16af7fbd8c6b5b25ba792708d049cbc6392b6798f6b6b63943d66,c4f03f2f8604bdc9
data/private/portraitnet/general_paintings/john-ferren_ski-1952.jpg,general_painting,0,john-ferren,test,05a38147ca26a99373a83e1eaba040cad04d5b22760bf893c2778ba6bf360538,bbe3563dc14cd203
data/private/portraitnet/general_paintings/john-ferren_the-bush-1955.jpg,general_painting,0,john-ferren,test,73736bc9710e7831c59759abc8ac80ea78530c1932cf1717bea6d242fd0162e3,b59b4575c8e211ce
data/private/portraitnet/general_paintings/john-ferren_the-changeling-1964.jpg,general_painting,0,john-ferren,test,abf5be6b302db135e9596e820f9a343acd3a879252063b330b3df81610498c39,be6386a4d91bc919
data/private/portraitnet/general_paintings/john-ferren_yellow-field-1960.jpg,general_painting,0,john-ferren,test,ce84e8257d5f1d90b989ce4f546ea10d20433a9ac5f89906f961929fa6b732f7,81661e9939676e6c
data/private/portraitnet/general_paintings/john-french-sloan_evening-arroyo.jpg,general_painting,0,john-french-sloan,train,d7df332b459526e22582596d9374e59e6a35dd34a2a3d88853060a73136af3d1,fab0856de5e63062
data/private/portraitnet/general_paintings/john-french-sloan_gloucester-harbor-1916.jpg,general_painting,0,john-french-sloan,train,ce3f18ce445e1ca95359a01c1397a6ba394a948d47863165284a49c063cd5584,f2cd8e63699e8960
data/private/portraitnet/general_paintings/john-french-sloan_gloucester-inlet-1914.jpg,general_painting,0,john-french-sloan,train,2d80f8d5d89701b42f3041d99793d734f716dfa48c047f8b1ccd48aadf00b0d1,c9d7aa9c564b3458
data/private/portraitnet/general_paintings/john-french-sloan_grassy-dunes-gloucester-1914.jpg,general_painting,0,john-french-sloan,train,752159091d657586e524a193e6d7a093913cd1683fa333b67c2f079e4a45f80e,c2dfb081bdc05f4a
data/private/portraitnet/general_paintings/john-french-sloan_gray-and-brass-1907.jpg,general_painting,0,john-french-sloan,train,2a5402cec587cf7c2bf2bd446dd930de95d65b76d1e8c3c799ce738983bf6b8b,b32dc8538738e50f
data/private/portraitnet/general_paintings/john-french-sloan_gray-day-jersey-coast-1911.jpg,general_painting,0,john-french-sloan,train,7388f791a3e486c80433d31d2694721de8c6af213c3debb3fa6e2ad3148d3979,b865660a397a4f1d
data/private/portraitnet/general_paintings/john-french-sloan_spring-grammercy-park-1912.jpg,general_painting,0,john-french-sloan,train,b9b4cc5bfa4009737eb04c5d0c8110043a28f09c8700b9d8848599617a92b78c,819beec23de01fc1
data/private/portraitnet/general_paintings/john-french-sloan_spring-planting-greenwich-village-1913.jpg,general_painting,0,john-french-sloan,train,17087a67a1bb811bde016e0a69d28baef630d7b3bd8a57b8e9923c94cd895a4b,a29f4d644f5ae0b1
data/private/portraitnet/general_paintings/john-french-sloan_spring-rain-new-york-1912.jpg,general_painting,0,john-french-sloan,train,e6d171c86ac29d037f2a02748103cabeae80cd637a782841dfe784216ff1f52c,d6ed9cb9832cd608
data/private/portraitnet/general_paintings/john-french-sloan_spring-washington-square-1928.jpg,general_painting,0,john-french-sloan,train,bcaaf96209ac06dcb5802d6c51f9306446fe25662332b157ee59a0f8ac2654eb,deafa778b104b460
data/private/portraitnet/general_paintings/john-henry-twachtman_icebound.jpg,general_painting,0,john-henry-twachtman,train,84912aa5e2d49a952e976beeee63b33c3e9ace18866cb5b4da67cc7d761fce8f,9bf8833fdc036e01
data/private/portraitnet/general_paintings/john-henry-twachtman_in-the-garden.jpg,general_painting,0,john-henry-twachtman,train,89255c1afd09f92ce6c44a302836c30e32fcc5cc01a22d989b1e1e8e76c0c5ea,c1709ec7b7e2e118
data/private/portraitnet/general_paintings/john-henry-twachtman_in-the-greenhouse.jpg,general_painting,0,john-henry-twachtman,train,cd59d760ed5e9c0b0749d9e52ada875206536fbe9d585e46694424a2e7e092cc,e5c992d343a89c9e
data/private/portraitnet/general_paintings/john-henry-twachtman_last-touch-of-sun.jpg,general_painting,0,john-henry-twachtman,train,7ad8e8e208aefcf9e445442410219b9dbc09adef19402ee6a1bc1e74cbfcef1b,ec9a8ad374288e8f
data/private/portraitnet/general_paintings/john-henry-twachtman_little-giant.jpg,general_painting,0,john-henry-twachtman,train,225d4c35a983db9967077d004ded0e0df86b4752245d7f1f9085e4db17a2a8a8,fd824a37d86d9219
data/private/portraitnet/general_paintings/john-henry-twachtman_may-morn.jpg,general_painting,0,john-henry-twachtman,train,9124a4f8bf91141b546dadd6946f939054a1a58262ebbf46118cb9027262e224,8e889df1053ee387
data/private/portraitnet/general_paintings/john-henry-twachtman_my-house.jpg,general_painting,0,john-henry-twachtman,train,b22b2c0d887df5dfbb9ab340b1b44c50feae8f38a49d3d328201d8b6af89363c,eeca66d9c2360e49
data/private/portraitnet/general_paintings/john-henry-twachtman_my-summer-studio.jpg,general_painting,0,john-henry-twachtman,train,edc062a9836c94d65df72ec2ce89e1c825a35cecf8a96eb1ea8376fdf0259fdd,d98c3c712b3dc1c5
data/private/portraitnet/general_paintings/john-henry-twachtman_near-paris.jpg,general_painting,0,john-henry-twachtman,train,8604310e53c309753c1789ec451602db7f9339c0549da7dfc5c63dbb07be4beb,a790d86ee7b17818
data/private/portraitnet/general_paintings/john-henry-twachtman_niagara-falls.jpg,general_painting,0,john-henry-twachtman,train,3fc057fba95aed6248b2cdb23fb259320e94a35f237049e6842797d3198fa12c,fe0e75846991c7a1
data/private/portraitnet/general_paintings/john-henry-twachtman_niagara-gorge.jpg,general_painting,0,john-henry-twachtman,train,5793ea79f49f79361ef5fc1dba55bd60b0bd7fe1fdbff31f8087b9d6b14e919e,85935a355a0b6ed9
data/private/portraitnet/general_paintings/john-henry-twachtman_november-haze-aka-upland-pastures-1899.jpg,general_painting,0,john-henry-twachtman,train,ccb8f07cbf1720cb11ce6b9f92c02a135068357c5a927785ece9f81b1da84deb,ec83959b4437694e
data/private/portraitnet/general_paintings/john-hoyland_2008-untitled-silkscreen.jpg,general_painting,0,john-hoyland,val,2cbf8590f9c4229ca8c26f26f604f01f0fe5bb4e0160bc8fc80660ab531c3bb2,bacdce32b08d836c
data/private/portraitnet/general_paintings/john-hoyland_21-1-75-1975.jpg,general_painting,0,john-hoyland,val,0bed42eaec96abbe20aeed79c9fa67f9cc69c544116984fbafa22d01691cb602,afd53a55097a05b4
data/private/portraitnet/general_paintings/john-hoyland_25-4-78-1978.jpg,general_painting,0,john-hoyland,val,3c16de55d7f4a87507c7d41d0fa3d5b78cdf530dc11212eb2e348e2523659ffd,809c6f72925f6617
data/private/portraitnet/general_paintings/john-hoyland_before-time-mysteries-12-05-01-11-2011.jpg,general_painting,0,john-hoyland,val,6a51e5d74192a3ce86102ad66a114e9513f08de9997fe90d1dac35bbda88c1dc,e0fcf8e03cc3130f
data/private/portraitnet/general_paintings/john-hoyland_blood-feud-28-8-07-2007.jpg,general_painting,0,john-hoyland,val,97aecd10918a4ba1d135e25cc3c5843544fa487e5a966e75a03e0f53eba621ed,c1df676944206377
data/private/portraitnet/general_paintings/john-hoyland_letter-to-chaim-10-7-06-2006.jpg,general_painting,0,john-hoyland,val,1fbdf0fa8811d398778894201b0910738d9e209339d8b2a1c7ca595e3280a578,b5beca71475216b0
data/private/portraitnet/general_paintings/john-hoyland_life-and-love.jpg,general_painting,0,john-hoyland,val,d3a8f192f19a431aaf70b58c795d2e4ef3a6838cf7b000e6dc18c9925a0ace9b,ea3f1d892727a684
data/private/portraitnet/general_paintings/john-hoyland_memphis-1980.jpg,general_painting,0,john-hoyland,val,4ba3277b4d243a3cedb00090ace4be23bdaae4c7cb71fcf0b7dd627a792bbc9c,ef1590e295eac04f
data/private/portraitnet/general_paintings/john-hoyland_tiger-s-eye-10-3-07-2007.jpg,general_painting,0,john-hoyland,val,3ae81d5149317ab549e805de3925650b4b399727e41fb910347620c26079e9ae,c02b9b418b6f7666
data/private/portraitnet/general_paintings/john-hoyland_trace-1979.jpg,general_painting,0,john-hoyland,val,e30a7ad63d2ab4d64bb71bbd92ea95c09850e719c7cd8595d64335b3ddf57996,fa60953fc09bd486
data/private/portraitnet/general_paintings/john-hoyland_trickster-1979.jpg,general_painting,0,john-hoyland,val,babfc75651a5e5b7bdc48e328ee0adb8da532d9f8e8cb37f77391f794f14826e,ea91957ac50fd063
data/private/portraitnet/general_paintings/john-mccracken_untitled-december-6-1973-1973.jpg,general_painting,0,john-mccracken,val,6d1950c40ff9326a2316c0bc1bb67e1de1649acf7c72e0e6e2c0ef40f7339bf8,fac3d12d9498c4da
data/private/portraitnet/general_paintings/john-miller_algarve-farm.jpg,general_painting,0,john-miller,val,d81bad0183428dbb247040b9c8f4fe962f55ebcd149a6be8855ce88307723f76,9d86a0b5b3dcc49c
data/private/portraitnet/general_paintings/john-miller_algarve-landscape.jpg,general_painting,0,john-miller,val,ab32c16c7c6ba6550dd3208ce7aaba81e2adbc77d86a0b146148d954ea4341e8,994cf7f4b09bcc04
data/private/portraitnet/general_paintings/john-miller_autumn-trees.jpg,general_painting,0,john-miller,val,573caef2fd9ea90c7ad3ffeb0e40eed13da9984939cbd8249f97e61fe8be5c24,cbb415be43996619
data/private/portraitnet/general_paintings/john-miller_beach(3).jpg,general_painting,0,john-miller,val,9a02d434e6994f64e5c9daac47de233d0aa9472cdb087ca0f9453cc99a106b2d,803ab8c67fbcc147
data/private/portraitnet/general_paintings/john-miller_beach(4).jpg,general_painting,0,john-miller,val,cd80394104cd9eedfd53d713fd14368eb86eb09c4ec9de913a1f48435d6577fc,801fff887fa75808
data/private/portraitnet/general_paintings/john-miller_beach-goa.jpg,general_painting,0,john-miller,val,0fb71851a62bf49eaeefbe2594a34c49fe7ba29684f4f1c0d1d44fb2438396d2,cd32d16cb2d82c97
data/private/portraitnet/general_paintings/john-miller_celtic-coastline.jpg,general_painting,0,john-miller,val,52437fbd26c33842da296bdedb3f5c0dd4c91b64b605df67dc946e8dff995f54,ceb0e709866af26c
data/private/portraitnet/general_paintings/john-miller_coco-beach-goa.jpg,general_painting,0,john-miller,val,ea0018398d4851c8de9d9acc329cb351c5963dab7fda31ee9c6b644747aae414,b74b8535da25e192
data/private/portraitnet/general_paintings/john-miller_estuary.jpg,general_painting,0,john-miller,val,5255caffb333b4de9c62b3b6157eeb210b89b8a431b12c1929c4e7441cdb5ef9,c43e98e7609dd463
data/private/portraitnet/general_paintings/john-miller_evening-beach.jpg,general_painting,0,john-miller,val,5f63afb9893d24712e049cb3cc4fa67370b59184f19faddfdb3bf221129fc2c2,aa68d526d9b64993
data/private/portraitnet/general_paintings/john-miller_heat-and-dust.jpg,general_painting,0,john-miller,val,a36a62a6ea4dd0757fbd00964cd0286967dcbee325473abfab723db1336ee186,ce7bb924c339e482
data/private/portraitnet/general_paintings/john-miller_horizon-ii.jpg,general_painting,0,john-miller,val,e4b9d89ffb759bb18efe757189392ee20f54ab2b5ec54831b1404acc10090a48,dfa017ce80321dcf
data/private/portraitnet/general_paintings/john-miller_lelant-sea-movement.jpg,general_painting,0,john-miller,val,1e6fcba539a78396910e775fb3fba1584b8db0282933e367a024db29a6f57004,c43f78c39c70833e
data/private/portraitnet/general_paintings/john-miller_lord-the-sea-is-so-big.jpg,general_painting,0,john-miller,val,5f8a2c136235ec378ec8be134cc7e6599e4c72665fa2a20de1477a6cf087c99c,80ff73484d79330e
data/private/portraitnet/general_paintings/john-miller_my-boat-is-so-small.jpg,general_painting,0,john-miller,val,3371436626f1a75d16d77002e35888cf288c6769c36f8ff20d1e132b35825ca7,aad5ab4ab54ab548
data/private/portraitnet/general_paintings/john-miller_off-coco-beach-goa.jpg,general_painting,0,john-miller,val,e7357c4fd68ed3a055a03a392ac3130feae4cb005c6615a6d5b11bf8c5f5b8be,e29ee18d7449ce32
data/private/portraitnet/general_paintings/john-miller_shoreline.jpg,general_painting,0,john-miller,val,11061feac3271628eaf97f8d998bd69631a8a3d97369feb4c66fd105b0135aa3,ef0570f0850f1ff0
data/private/portraitnet/general_paintings/john-miller_spring-in-portugal.jpg,general_painting,0,john-miller,val,318e9d761dd88a859da72448ff26fb86be965d6c701bd4c2e65eb9f9b7646f61,929a3fe65ae96061
data/private/portraitnet/general_paintings/john-miller_sunrise-of-wonder-viii.jpg,general_painting,0,john-miller,val,41ff6da4787b3e42012a6b750681abdabe20a80c0543b5a38cb0c31b69b2ccb2,955fda34d29464d8
data/private/portraitnet/general_paintings/john-miller_sunrise-of-wonder.jpg,general_painting,0,john-miller,val,9fcca4f4a2ec4b2c1df05e1586bd80c6b219fcfd4e06d2a6346336bb39485936,d59057578cbb3344
data/private/portraitnet/general_paintings/john-miller_trevorrian-sancreed-farm.jpg,general_painting,0,john-miller,val,f797cd50c6be58cfd7f6610aa7ce69f3347fa15baa2c928a1cdb28b055fcdf58,81fe214dd633cfa0
data/private/portraitnet/general_paintings/john-miller_tropical-beach.jpg,general_painting,0,john-miller,val,291d9cff73c968110f5b67134e2f34c66ba16a4501d954b7380fca4aa8cab035,926f84354b9635cb
data/private/portraitnet/general_paintings/jose-guerrero_andaluc-a-aparici-n-1964.jpg,general_painting,0,jose-guerrero,train,f5b5548c65bf63067290231b4adb91befad4ada801a732e9942ca9e400b54abe,bd374698c15a4ad9
data/private/portraitnet/general_paintings/jose-guerrero_aurora-ascendente-1955.jpg,general_painting,0,jose-guerrero,train,ca12ad80772121b1dba7ffe8cf595fac877ba754c76fc6a05a820b42ec53f878,adbb19c883c76619
data/private/portraitnet/general_paintings/julio-pomar_la-table-de-l-architecte-1977.jpg,general_painting,0,julio-pomar,train,e4cfbc61a9a5cc0befe3462c16164e2f66aac0f1c9dd85bb67a7975d31ea3831,81f83ad53b82766a
data/private/portraitnet/general_paintings/julio-pomar_le-luxe-1979.jpg,general_painting,0,julio-pomar,train,0d3abf5c3a451529ef1d5f340ab2457140aad4afcabb78b87ee27dfbc478fff9,ef986b2c816ae296
data/private/portraitnet/general_paintings/kazuo-nakamura_inner-structure-1955.jpg,general_painting,0,kazuo-nakamura,train,38a775ea916353d92ee61261b294435ee665d2fb28d58d13ceed78d7db09367f,edfa01978384b4f2
data/private/portraitnet/general_paintings/kazuo-nakamura_inner-structure-no-5-1955.jpg,general_painting,0,kazuo-nakamura,train,04238533e7f62cb77c08f1deecbf4c8e2a69b4f8df1d476b7a410efda153573f,b9cdd3eca8466069
data/private/portraitnet/general_paintings/kazuo-nakamura_inner-view-3-1955.jpg,general_painting,0,kazuo-nakamura,train,18b2e2bccd62ec6a8afb9fd8d21238950f33fa9a5cbfc5fb63ada9c2e8cd4d12,bb12c4e9843e96b5
data/private/portraitnet/general_paintings/kenzo-okada_decision-1956.jpg,general_painting,0,kenzo-okada,train,c8d5071046f7325e59d0af2d2b8f55b4eb7f2107d8e5922588c1fdc113ee782f,fef282073c794b0a
data/private/portraitnet/general_paintings/kenzo-okada_eventail-1945.jpg,general_painting,0,kenzo-okada,train,49e4cef37178a03781ad4410006dcf99d444adf8abfb44302637e61ded5a6c5c,ac7b27291c4b0fc5
data/private/portraitnet/general_paintings/kenzo-okada_footsteps-1954.jpg,general_painting,0,kenzo-okada,train,a7d88007ca96b9b162bc99d631e2bfe44e4dbd111ae5940b4dfaf45db55c423e,9ff0c00f1c7147ec
data/private/portraitnet/general_paintings/kenzo-okada_stream.jpg,general_painting,0,kenzo-okada,train,2f6628894316bd3784710a820740376e9b22f3e27a98c7bbea1ad11f65b5c845,ffbd80521e81a84f
data/private/portraitnet/general_paintings/kenzo-okada_tanabata-1955.jpg,general_painting,0,kenzo-okada,train,fa3045576b534aab99a42f0e106d10bfdb36ee305e4f33874b36bc1b661e4401,adf68608ed0b926d
data/private/portraitnet/general_paintings/kenzo-okada_the-cliff.jpg,general_painting,0,kenzo-okada,train,d0b21beba99c6dd95f5ab58b6cabe69b124095f123dccbac12835ab195ee3edb,8177107f727c073a
data/private/portraitnet/general_paintings/konstantin-vasilyev_above-the-bonfire.jpg,general_painting,0,konstantin-vasilyev,train,161cbde34eeee32352e2c857c94218bfb54082368531cd8b95b8e3ab508069a5,bf9907e8834ff042
data/private/portraitnet/general_paintings/konstantin-vasilyev_not-detected-272814.jpg,general_painting,0,konstantin-vasilyev,train,d611f1536ad1e0e5a65ac731f716a4d29ad0acadfff7daf8fa39171be1a41dd3,ff44e493ac6a806e
data/private/portraitnet/general_paintings/larry-zox_abstract-with-blue-and-black.jpg,general_painting,0,larry-zox,test,00d0da595dccf6d979dc27280239181a03d05c2e379bba0c9390d7d42a129dab,be81d5b795c09075
data/private/portraitnet/general_paintings/lee-krasner_cool-white-1959.jpg,general_painting,0,lee-krasner,test,66e7ce3a96a42c95e2fd85ecb9d1f48817096359c7fc55923187a8ac999e8309,b98a78ced51b4658
data/private/portraitnet/general_paintings/lee-krasner_embrace-1974.jpg,general_painting,0,lee-krasner,test,2862eb937d10be55d258fc530683ce8fedc50967a024d8ca0d068b3a7d608cc3,fbc3c03d0d629cca
data/private/portraitnet/general_paintings/lee-krasner_number-3-untitled-1951.jpg,general_painting,0,lee-krasner,test,0564a2c401d8262a6793b82523ccef6a50be7f8ec71cbc24b6117828b170088b,a10046679fadcf9c
data/private/portraitnet/general_paintings/lee-krasner_obsidian-1962.jpg,general_painting,0,lee-krasner,test,7daab53cb0f46cd6a51ebdabffe390ab570beb65b9438e17e97699715db85a96,f8b2c328c7c13b96
data/private/portraitnet/general_paintings/lee-krasner_rising-green-1972.jpg,general_painting,0,lee-krasner,test,9c75b19cc891c0b4cdc49c07c7a7fe93cf9bccfd47fb3b6a7b3e94fbe474ec01,85e33ef23153701e
data/private/portraitnet/general_paintings/lee-krasner_untitled-1969.jpg,general_painting,0,lee-krasner,test,1fa1eb2aa417e52c862048cc7a89b32525262d9149a4506b6b2c4818be092e82,ea86846cf86ec9c6
data/private/portraitnet/general_paintings/lee-krasner_untitled-from-little-image-series-1949.jpg,general_painting,0,lee-krasner,test,b4ee7b8a260c3c5a36950550ce1d380183e9ec994f6c0117f05783f448513a40,aa736e75ae1a1231
data/private/portraitnet/general_paintings/lee-ufan_from-point-1975-1.jpg,general_painting,0,lee-ufan,test,b55372df15e39d8600bfb9c63b349f17ad664b00a9f6f5920770612144d7b6ea,bf2b8069857e9516
data/private/portraitnet/general_paintings/lorenzo-lotto_madonna-and-child-with-st-jerome-st-joseph-and-st-anne-1534.jpg,general_painting,0,lorenzo-lotto,train,fd51d6f56a9b2e16192a9733ed39a5f2ce19740f5ffa37df93e57a68c02a8622,957666ad1aca7941
data/private/portraitnet/general_paintings/lorenzo-lotto_madonna-and-child-with-sts-peter-christine-liberale-and-jerome-1505.jpg,general_painting,0,lorenzo-lotto,train,6a31a3f0a5c9c56e5de3b8a94ea61d959665b3caf7f830483c8be6b098a49370,abd83ca1e6e4f190
data/private/portraitnet/general_paintings/lorenzo-lotto_madonna-and-st-catherine-of-alexandria-st-james-the-greater-and-an-angel.jpg,general_painting,0,lorenzo-lotto,train,dbe2ceacf1128771e13d8328a0c2d744fa2b7acfc84e709404b43bf51be99603,c4f5396c0ada3399
data/private/portraitnet/general_paintings/lorenzo-lotto_madonna-of-the-rosary-1539.jpg,general_painting,0,lorenzo-lotto,train,719a19e7ce12072a4ca40ca396159efbfdb2677418204a61e11f8e07bbf3cad8,adfaaeb4a8e4e081
data/private/portraitnet/general_paintings/lorenzo-lotto_madonna-with-a-bishop-and-st-onuphrius-1508.jpg,general_painting,0,lorenzo-lotto,train,80958fab21cab5553cb7dfd9c7d7d5d02d46362f91d23500322122537eea290f,d901720faec5f1e1
data/private/portraitnet/general_paintings/lorenzo-lotto_madonna-with-st-jerome-and-st-anthony-of-padua-1521.jpg,general_painting,0,lorenzo-lotto,train,9a9a75ee44f637e75299aff747122f18cc7707e6eb939bab1275f1cc0f021310,c6e365d3e03c331a
data/private/portraitnet/general_paintings/lorenzo-lotto_madonna-with-st-roch-and-st-sebastian.jpg,general_painting,0,lorenzo-lotto,train,090d3d4c716122ebc8793e02ec760fb7f4b80fb2bb5859ac6e3eca38e7ec97f2,ad54220fa4b9e96d
data/private/portraitnet/general_paintings/lorenzo-lotto_the-annunciation.jpg,general_painting,0,lorenzo-lotto,train,0e1e84f6a9d66b4a4d17527d32c08f38175038a2a874d8efd8f28704f22afee5,a475c84a7552bbe1
data/private/portraitnet/general_paintings/lorenzo-lotto_the-charity-of-st-anthony-1542.jpg,general_painting,0,lorenzo-lotto,train,8d1fce8a4b0581fbd6df68788001fe6766d717a40765f5aea0c9fdf002faa85f,d805579c4b2b536e
data/private/portraitnet/general_paintings/lorenzo-lotto_the-holy-family-with-st-catherine-of-alexandria-1533.jpg,general_painting,0,lorenzo-lotto,train,c9a95d36e38726e7f0fc2f348383708a42203240ccd930b2c092b739d40cb00a,a1184ee76a6f3d05
data/private/portraitnet/general_paintings/lorenzo-lotto_the-legend-of-st-barbara-1524.jpg,general_painting,0,lorenzo-lotto,train,deedcd704b370dea89c8ead97c5cb697cbe232146b9e83a99a7a310e0283e4c3,d42c663999c4d72b
data/private/portraitnet/general_paintings/lorenzo-lotto_the-madonna-of-the-roses-1526.jpg,general_painting,0,lorenzo-lotto,train,223f0734de06647f03dc16ba8ac68dac1ac122b9e06802cff739f05b5fe7f949,fda2baecace0a085
data/private/portraitnet/general_paintings/lorenzo-lotto_the-mystic-marriage-of-st-catherine-with-the-patron-niccolo-bonghi-1523.jpg,general_painting,0,lorenzo-lotto,train,d745e42d5fbfdd14b0cb0cbbf23267a24b11efbf88d813881743c230e28f6b08,a45ba895ca2d79b4
data/private/portraitnet/general_paintings/lorenzo-lotto_the-nativity-1527.jpg,general_painting,0,lorenzo-lotto,train,4c4f30532f5ee3c0310fa195b3e97685d038958b1686bf4082f678098d16ebcb,873538cb433cbc33
data/private/portraitnet/general_paintings/lorenzo-lotto_the-presentation-of-christ-in-the-temple-1556.jpg,general_painting,0,lorenzo-lotto,train,ba044050c93a4f19d8d41b85e34697985dfec2ff13f9eb00199007e9b30baecd,e960251fa287dc37
data/private/portraitnet/general_paintings/lorenzo-lotto_the-story-of-st-barbara-and-st-alvise-1524.jpg,general_painting,0,lorenzo-lotto,train,d7bc37202c78087728f179bf45e905aed65d66ba99915e301c7be6916bd394b2,fe371c4d88902b6e
data/private/portraitnet/general_paintings/lorenzo-lotto_the-transfiguration-of-christ.jpg,general_painting,0,lorenzo-lotto,train,a4737de6fd04efbea738d5ec842d0fa2ae33c564c86df16fd1c7e620080b8a60,fea8a1a1af8c81c7
data/private/portraitnet/general_paintings/lorenzo-lotto_the-trinity-1523.jpg,general_painting,0,lorenzo-lotto,train,cfb98bedf1a515241c9eaac3e87bbd596b72e2d276e0d1f7f33cb6ff42a6fe5f,e3851ed4297b498d
data/private/portraitnet/general_paintings/lorenzo-lotto_triumph-of-chastity-1530.jpg,general_painting,0,lorenzo-lotto,train,746b7158733478c7d0a59455f7868ac290fc5546d1e2fff2df88d145ad9f2ffc,966769326cb99658
data/private/portraitnet/general_paintings/lorenzo-lotto_venus-and-cupid.jpg,general_painting,0,lorenzo-lotto,train,26119f02ab491f8017f34dbb810b7c250379da9bb665e4e6cb9f9057e903026b,81634e9636ca39ed
data/private/portraitnet/general_paintings/lorenzo-lotto_virgin-and-child-with-saints-jerome-peter-clare-and-francis-1505.jpg,general_painting,0,lorenzo-lotto,train,0fa67bc4e134495b194640765e02135d224123619cecc45abf9164fccf7f78e0,c8f46fe66649441e
data/private/portraitnet/general_paintings/lorenzo-lotto_virgin-and-child-with-two-donors.jpg,general_painting,0,lorenzo-lotto,train,8eee12a1d41033260efd6998699ba587b3118bf3caf06a89e6fb8eb3c9ba0437,d7c42cf938946996
data/private/portraitnet/general_paintings/lorenzo-lotto_virgin-annunciated-1527.jpg,general_painting,0,lorenzo-lotto,train,9726c2005b19c581a6fa0800b91513e7ccdbca472deb986921f6864a2ebb6c5e,8d4f3e30618b8a7e
data/private/portraitnet/general_paintings/lorenzo-lotto_wings-of-a-triptych-st-sebastian-st-christopher-1531.jpg,general_painting,0,lorenzo-lotto,train,d0bf4bf75dd354dfccc82c90c3a259d628965f311b68245daf55281c488e2f90,d8e5279e5c172638
data/private/portraitnet/general_paintings/louis-schanker_circle-image.jpg,general_painting,0,louis-schanker,train,5b0db11e33d64a38acc3ce41bd6870d18fda5dd488e31c60eace65a20fbb5698,ea899535c86db51a
data/private/portraitnet/general_paintings/louis-schanker_football-3-1950.jpg,general_painting,0,louis-schanker,train,e3b5c238477de96307f879ce3ca6cbd7dcdbd026bcadfd5393ae7fe2b85c37c2,ef319386b1a1f40e
data/private/portraitnet/general_paintings/louis-schanker_green-forms-1957.jpg,general_painting,0,louis-schanker,train,b849ee69ac093994067bd76ac723d26920a66775cebc74fa0024213b52d6ca9e,abb7846bd196ca28
data/private/portraitnet/general_paintings/louise-nevelson_night-sail-1983.jpg,general_painting,0,louise-nevelson,val,0b2d3e37fd0c7bbc73d093b3076b1f226abc791020b4b2759b615364b71e098a,f6be9e22c9780bc0
data/private/portraitnet/general_paintings/louise-nevelson_night-tree-1971.jpg,general_painting,0,louise-nevelson,val,e4921a1bae2070ee45fb81eb2b6ab168c99300ff2286473e1f915ebc7ed57cbb,f7c69919cdf08c24
data/private/portraitnet/general_paintings/lovis-corinth_the-family-of-the-painter-fritz-rumpf-1901.jpg,general_painting,0,lovis-corinth,train,1abc97bde18ff4d372366da9be7f919a978b833f674dd49008c2aaf0b37b38d4,c383c9c91fe436cc
data/private/portraitnet/general_paintings/lovis-corinth_the-jochberg-and-the-walchensee-1924.jpg,general_painting,0,lovis-corinth,train,fa1cbf6dc1624b4a0e2f5ff506fc500a71db47df90116a6939c442d99762d437,a6829d8847db4f78
data/private/portraitnet/general_paintings/lovis-corinth_the-large-martyrdom-1907.jpg,general_painting,0,lovis-corinth,train,5e76840c436fae4a77fdd65fef0fd5cbc832e81f404f4018d7f56e072f038bfd,ad887a63ddcad901
data/private/portraitnet/general_paintings/lovis-corinth_the-new-pond-in-the-tiergarten-berlin-1908.jpg,general_painting,0,lovis-corinth,train,f30579e083fbb334ae46dc529ea566f54ca2a4a2f786eeaae264cdb2c72b762d,fde9b4c0c89cac8a
data/private/portraitnet/general_paintings/lovis-corinth_the-sea-near-la-spezia-1914.jpg,general_painting,0,lovis-corinth,train,72a7a0e928822f04021dedf89292df895e09d4733cf85f51ceb452e58686cd84,c729c6a1dbda442d
data/private/portraitnet/general_paintings/lovis-corinth_the-violinist-1900.jpg,general_painting,0,lovis-corinth,train,a2393a1a0e7170e80df8d228a0d7e456b9e6ea07b55f6ef407ea309211e61434,9c730758b14fb60d
data/private/portraitnet/general_paintings/lovis-corinth_the-walchensee-mountains-wreathed-in-cloud-1925.jpg,general_painting,0,lovis-corinth,train,3bc1fd5478dfde0e466f08198213f6a8c17001865bf2cf689a5de19b213ee594,8db9a6ded96c4822
data/private/portraitnet/general_paintings/lovis-corinth_the-walchensee-new-snow-1922.jpg,general_painting,0,lovis-corinth,train,c50f246381fb6f42b9408ff15e136740449342509fe33040aa4b14bcc2b5198f,aacc8cf8f38b1e41
data/private/portraitnet/general_paintings/lovis-corinth_the-walchensee-on-saint-john-s-eve-1920.jpg,general_painting,0,lovis-corinth,train,6711127b006a316e84b92f04eb3e448513d1eb8596fc31b8fa32eb40ac105ce3,ceb0b1ef082dc6d8
data/private/portraitnet/general_paintings/lovis-corinth_the-walchensee-on-the-terrace-1922.jpg,general_painting,0,lovis-corinth,train,08c9a00d5348fecec601b5eb284face20ec0417b4c42dd49dbaa625bd5c07f59,cae577c5809aee06
data/private/portraitnet/general_paintings/lovis-corinth_the-walchensee-serpentine-1920.jpg,general_painting,0,lovis-corinth,train,df1defbbb1e15b9654856b9af825e015f1c0567300748f3e632868b6652ec82a,d3e8c9c799731216
data/private/portraitnet/general_paintings/lovis-corinth_the-walchensee-silberweg-1923.jpg,general_painting,0,lovis-corinth,train,5838717789973a38f7882153e1a8a8e3aa4560beebdc8171a6b395e1fdbed3ee,b5265231ccb4bdd2
data/private/portraitnet/general_paintings/lovis-corinth_the-walchensee-with-a-larch-tree-1921.jpg,general_painting,0,lovis-corinth,train,ceebb9d4c22c9d35a03a55d960b5950293a90a1d6dca476d6061e1877a6e5c3f,d5cdf2da0443266b
data/private/portraitnet/general_paintings/luca-signorelli_allegory-of-fecundity-and-abundance.jpg,general_painting,0,luca-signorelli,val,c1f22825248a0605f09fd16a7f7597f885e2750a87889e2ac9643ac2924a19dd,f02dad26d33e03d8
data/private/portraitnet/general_paintings/luca-signorelli_ceiling-frescoes-in-the-chapel-of-san-brizio-1502.jpg,general_painting,0,luca-signorelli,val,1303b55bd52e1d1bb367d28b461a3e55d1611d05d68f48026d9dce2e17ced82d,9f624935f18d8e49
data/private/portraitnet/general_paintings/luca-signorelli_claudian-1502.jpg,general_painting,0,luca-signorelli,val,c95747960d03a6eec1b85dad44a35ac85fa7524d7489efeb7a1dcc04fae458ad,87974a4c387dbe11
data/private/portraitnet/general_paintings/luca-signorelli_coriolanus-persuaded-by-his-family-to-spare-rome-1509.jpg,general_painting,0,luca-signorelli,val,ff3a6a0ad3c254601a5dc6e05dd6b3091d55afcd0ee08773e862d82ca736552f,fef3438ca0d605e1
data/private/portraitnet/general_paintings/lucian-freud_a-filly-1970.jpg,general_painting,0,lucian-freud,val,266ed29983a3e808fee64049a6cc9602ed33bf1258106373f6b54cf10cf01208,fbbc8ec1c4436368
data/private/portraitnet/general_paintings/lucian-freud_acacia.jpg,general_painting,0,lucian-freud,val,b9fb4a8ecd91f7fc8cecb9d5cc104f2e190896fc779f482deea7a80a0bf2a335,e50cf316723f013d
data/private/portraitnet/general_paintings/lucian-freud_garden-in-winter.jpg,general_painting,0,lucian-freud,val,95f619977ca00c5bf3e582f5cacdeccc76f02530c66879a26d75314c8df4e14d,d06e529d81ec1ab7
data/private/portraitnet/general_paintings/lucian-freud_garden-notting-hill-gate.jpg,general_painting,0,lucian-freud,val,214ae8c90fbcfb1f0c0f71bc519298403a21c97c22f080e6d5b4cedcc75aaa66,db846f30a457b1d4
data/private/portraitnet/general_paintings/lucian-freud_wasteground-with-houses-paddington-1972.jpg,general_painting,0,lucian-freud,val,b955eeb4525997386d48b821562f479a48cf16b9cce36118f769796798cddb1b,a2f785d2a4cda88d
data/private/portraitnet/general_paintings/maria-primachenko_at-the-well-1969.jpg,general_painting,0,maria-primachenko,train,c7fbdc06c725f45d6683ee8aebc36db6a7776e1eb3fea3e0f0fec8d1372cb8b9,ee18c44bb90de2f1
data/private/portraitnet/general_paintings/maria-primachenko_beaver-1979.jpg,general_painting,0,maria-primachenko,train,f06eb5fed1e5e0b33264079760eb5adc191d5a957bbe2b1948f37f51efafce44,b6934eb6c9c8c949
data/private/portraitnet/general_paintings/maria-primachenko_black-beast-1936.jpg,general_painting,0,maria-primachenko,train,ba389bf263cabb6157f83bddd91291e28e7483756d2a5e52ebb7e884f25b22c0,bfe0c3c90c9f3c11
data/private/portraitnet/general_paintings/maria-primachenko_black-monkey-1936.jpg,general_painting,0,maria-primachenko,train,93cf8766f10ddc594737b18f5d1e11be834bb64e06fe9e5407b7b91b0ea0c847,becbc282716c93c5
data/private/portraitnet/general_paintings/maria-primachenko_blue-birds-in-flowers-1983.jpg,general_painting,0,maria-primachenko,train,8be633d0f5830122e727efb0739e5a287c68be20f54d1137ea8de3883de8cfc9,a8abb398d582d587
data/private/portraitnet/general_paintings/maria-primachenko_blue-eyed-flowers-1983.jpg,general_painting,0,maria-primachenko,train,79566661d1110d77e8f6e4fd7e29ae26dc60b3bd0834896a6bc609ee96a019f9,bf74f02ad104d786
data/private/portraitnet/general_paintings/maria-primachenko_blue-ox-1947.jpg,general_painting,0,maria-primachenko,train,c6d8a841ab8bbce75bbca90722b53352862b356359e6707f0b6b133f586de2b5,eeccbd42c242b22f
data/private/portraitnet/general_paintings/maria-primachenko_by-beloved-plows-the-field-1983.jpg,general_painting,0,maria-primachenko,train,55078dd44508e754dba0d09fdf28e03cbb4302c83b8fe94df23de9e8eca2db92,ef839aa5e498a741
data/private/portraitnet/general_paintings/maria-primachenko_corncob-horse-in-outer-space-1978.jpg,general_painting,0,maria-primachenko,train,81e15573cd33eb0154e6fa9bb77b555d04c1f2b3826c275672493d6da878a87e,889c75470be878d7
data/private/portraitnet/general_paintings/maria-primachenko_crane-makes-friends-with-a-fox-1979.jpg,general_painting,0,maria-primachenko,train,2758c21361c17a94652685df462cd71f2f5cc645dae7d4f611587bca75b7b6d3,aa81f177fcc4c642
data/private/portraitnet/general_paintings/maria-primachenko_dear-cosmonauts-i-give-you-these-red-poppies-1983.jpg,general_painting,0,maria-primachenko,train,e3c42ea95706b1f7905f65940644ac321740b4e8213dc7e9af45b01494d33595,a049b65987b14eb7
data/private/portraitnet/general_paintings/maria-primachenko_dear-friends-i-give-you-the-sun-and-my-sunny-art-1978.jpg,general_painting,0,maria-primachenko,train,d82a9e8997d9495cbf92729569bbc3c19d32287b50d22f3ba482b8e23d4fd78b,838e0ee5e56d413d
data/private/portraitnet/general_paintings/maria-primachenko_dear-soviet-people-congratulationson-the-anniversary-of-great-october-1976.jpg,general_painting,0,maria-primachenko,train,e75d94b2f68f00a6a65114ac1012f2ea2d691040173681d6e2162cd3a000054b,aaacd00bc0fcdc1f
data/private/portraitnet/general_paintings/maria-primachenko_dear-taras-hryhorovych-whatever-you-see-here-is-yours-1982.jpg,general_painting,0,maria-primachenko,train,dbfcc1d4a4cd7eb9ee6f6a2bfe70505c3609329b62c8c6bf0a8756b3f6e15757,849b49c736c4f8b3
data/private/portraitnet/general_paintings/maria-primachenko_do-i-love-orchards-do-i-love-forests-1968.jpg,general_painting,0,maria-primachenko,train,5c0f6370209fa54d4eade4e8ab14a7883f2d6054663348a2359fefdc48b9e313,a8c3c5c3d2d2bcc3
data/private/portraitnet/general_paintings/maria-primachenko_don-t-feast-your-eyes-on-other-people-s-bread-1983.jpg,general_painting,0,maria-primachenko,train,18fd0defe49aa697e20b28364053066989dd7617a08affe3252708b352f5f1e8,80e3778c5c74b4d3
data/private/portraitnet/general_paintings/maria-primachenko_dumplings-on-the-shelf-1979.jpg,general_painting,0,maria-primachenko,train,384360c29b0e6877b81cdd7d6df448e938a1330720972488eb267875795bcfd8,82a5f292f50bd565
data/private/portraitnet/general_paintings/maria-primachenko_fairy-bird-peacock-1936.jpg,general_painting,0,maria-primachenko,train,24a86715c7446fea46704f4ae10b07f915ce9ce35a4b9858e25e4a9000dee96a,fe59d0b6c1ec81a4
data/private/portraitnet/general_paintings/maria-primachenko_father-frost-carries-the-new-year-tree-1960.jpg,general_painting,0,maria-primachenko,train,7b3972345b0ef9eea7da93591949c20bca4c4c2ec90821f74c48d39d4aa9bd96,b312deb5a539b890
data/private/portraitnet/general_paintings/maria-primachenko_father-frost-carries-the-new-year-tree-1967.jpg,general_painting,0,maria-primachenko,train,2fbdbd961d8cc248cdfbb4c615c6aaa2c0d3fb2433016a21c7fcf4d575a48ad0,faf8868761d6850d
data/private/portraitnet/general_paintings/maria-primachenko_flax-blooms-a-bride-goes-to-her-groom-1983.jpg,general_painting,0,maria-primachenko,train,294792e47dd8404087a6838d8a8a5358096052c9f37d95c02ea2ae1f8af0f70b,e6ae9eb28c32929a
data/private/portraitnet/general_paintings/maria-primachenko_flax-blooms-and-a-cossack-goes-to-a-girl-1982.jpg,general_painting,0,maria-primachenko,train,4feca4194a22bf3788deb4f9089e93a3e051d7dfcf96c248810ce38cfcc2d8e3,809d3f3375c63199
data/private/portraitnet/general_paintings/maria-primachenko_forest-bird-with-it-s-child-1961.jpg,general_painting,0,maria-primachenko,train,24eabc440dc107407215b939951593e3e3bdc3e42ce5c87ffe183636b368bb81,bc32b3c8cd4970cb
data/private/portraitnet/general_paintings/maria-primachenko_four-drunkards-riding-a-bird-1976.jpg,general_painting,0,maria-primachenko,train,80577f41b0234e3328e9403500032638097535a98265c2cf53243cfdb2c2daf9,80b169dd365ab5e1
data/private/portraitnet/general_paintings/maria-primachenko_godfather-brings-a-calf-to-godmother-1983.jpg,general_painting,0,maria-primachenko,train,dbe405abb5d2c5bd38f295b3fc3a0313328bb192eb65cbd1d438b5039359e801,a29afe93e1c9c096
data/private/portraitnet/general_paintings/maria-primachenko_green-elephant-1936.jpg,general_painting,0,maria-primachenko,train,dd12ce75a1adda003c3f18ccc844c5a45b9e00385979a890fc8488dc45dfe366,bea4d39364c7848e
data/private/portraitnet/general_paintings/maria-primachenko_halia-and-cossack-1947.jpg,general_painting,0,maria-primachenko,train,4c25067caf0952bab570751204bcf8a63ada7aad6c4adb24a11075313d4b76d0,da3ea28614e169cf
data/private/portraitnet/general_paintings/maria-primachenko_i-give-my-little-stars-to-children-1983.jpg,general_painting,0,maria-primachenko,train,1fafedc592d46e7811eab0afa1a841f19e74a8b8419bf2ee012de5e833cd2a7c,ae4ce768c58c84f5
data/private/portraitnet/general_paintings/maria-primachenko_i-give-these-flowers-where-ivans-live-1980.jpg,general_painting,0,maria-primachenko,train,39239b31c5b1b1178e8505bb0761d22c995abcbc5fe5bff787b12c52cc0627e5,b7ddf190d2438a62
data/private/portraitnet/general_paintings/maria-primachenko_i-give-this-bouquet-of-stars-where-children-are-1982.jpg,general_painting,0,maria-primachenko,train,1cfcc6d796d9f16ca036ffb216a1d66a30028268f4b03c9b8c35fed37892b39c,aac9f135c238d4e6
data/private/portraitnet/general_paintings/maria-primachenko_i-give-you-kyiv-these-polissia-flowers-and-this-bright-sun-1982.jpg,general_painting,0,maria-primachenko,train,93935323b4d229d72e509cca7aca8256d1f305a7ba3e65baa29463eff0bb4565,aab4c573d44af20d
data/private/portraitnet/general_paintings/maria-primachenko_ivan-gave-the-landlord-a-ride-in-his-gig-and-fell-inside-1983.jpg,general_painting,0,maria-primachenko,train,17653ba8d4d095ff88bda7ca941cb1ab671572247c879f1ee37cb16fe382849e,ba85ce33f126b44a
data/private/portraitnet/general_paintings/maria-primachenko_lamd-has-harnesed-a-wolf-1983.jpg,general_painting,0,maria-primachenko,train,21e3c3d316945731376a3dce1e591608541d8441bce7e36fd2fba9f541aceb60,aaadbc99f522c10b
data/private/portraitnet/general_paintings/maria-primachenko_let-us-go-to-the-betrothal-party-1968.jpg,general_painting,0,maria-primachenko,train,296c4c3e8a116d671e8ebf99f5558dc25afe845034ee6d58f9458668604d9de8,baf9e4669193c4c4
data/private/portraitnet/general_paintings/maria-primachenko_levanna-doing-exercise-1973.jpg,general_painting,0,maria-primachenko,train,665429cca8c1a537de07699fba879c0eaaa38bd2a2b10e0a81e0521771e382fc,87663e393890cf8e
data/private/portraitnet/general_paintings/maria-primachenko_lilac-1978.jpg,general_painting,0,maria-primachenko,train,e8cc0964d561dcc559a7716af484b2ffb6fd4eec1a33d5c832ab05fec1a5dd50,aaccf18e968eb0b8
data/private/portraitnet/general_paintings/maria-primachenko_lion-1947.jpg,general_painting,0,maria-primachenko,train,c56333d4440f8be10cd238f5848a99c2ef61a35384c8ed82af5ff219dbcb24c1,eae8c5998917913b
data/private/portraitnet/general_paintings/maria-primachenko_lion-has-broken-an-oak-1963.jpg,general_painting,0,maria-primachenko,train,3d3a76943157404a0f7f59ea590e259c4b1b4c32529ca4fcf2b6f0973f8a0cd3,aed788c39199d136
data/private/portraitnet/general_paintings/maria-primachenko_long-necked-and-itching-1977.jpg,general_painting,0,maria-primachenko,train,2b3c789b11c26226b08a36916104f455e50309cdd117d978d2f6138b7571f414,80515f3f6c8ab1b9
data/private/portraitnet/general_paintings/maria-primachenko_lovely-spring-what-did-you-bring-1977.jpg,general_painting,0,maria-primachenko,train,041e4e33e1402d0ef2e1583540807729175e96987530a010c97c6e3ef11d3133,ffa8ac548c6d8782
data/private/portraitnet/general_paintings/maria-primachenko_magpie-in-roses-1983.jpg,general_painting,0,maria-primachenko,train,95a3e15ddd4508aa11d080cb4e74edea62e55099a8dc7b6a1ed822e0067df924,be1ed934a7899a22
data/private/portraitnet/general_paintings/maria-primachenko_maiden-and-cossack-enjoying-a-ride-on-horseback-1982.jpg,general_painting,0,maria-primachenko,train,7908028c2c9bb7e1425543b1259a8dd95e6819afbd8208bcf8dabdfcca8e858f,a2ecca98b325ec8d
data/private/portraitnet/general_paintings/maria-primachenko_maiden-plays-the-lute-and-waits-for-her-beloved-1982.jpg,general_painting,0,maria-primachenko,train,f1ba80fd9a1457dd714e783fd868ae0f1f35122d2045652d3aef535561b7b44c,fbac94e3c9078718
data/private/portraitnet/general_paintings/maria-primachenko_may-i-give-this-ukrainian-bread-to-all-people-in-this-big-wide-world-1982.jpg,general_painting,0,maria-primachenko,train,b47d4e9af0e37627cd24fbbb8a12bef0eaa1b0545865207720301d1da0b5088c,80d65b66264f5cf1
data/private/portraitnet/general_paintings/maria-primachenko_may-that-nuclear-war-be-cursed-1978.jpg,general_painting,0,maria-primachenko,train,2dc578b21b7ed58d6bae7aec09a5c69ffb1efbcaa407769891a3bb3da4c057c1,81192f2d35d66ad6
data/private/portraitnet/general_paintings/maria-primachenko_menagerie-1977.jpg,general_painting,0,maria-primachenko,train,4fcef269bbd5ae5bd8a902a34f26de93dc77ff5265a9536abe779cad39648e19,888ef46087557757
data/private/portraitnet/general_paintings/maria-primachenko_monkey-riding-a-four-headed-beast-1982.jpg,general_painting,0,maria-primachenko,train,b2fd5337c7544a27da6b207513692d10ac59d57338061ca42a22234fc7e5cead,b7b4c94bf0318e0e
data/private/portraitnet/general_paintings/maria-primachenko_my-bouquet-to-grain-growers-1983.jpg,general_painting,0,maria-primachenko,train,b6a8bbb3317fe87fd0fa3e26c9db7c82547109cef8b6bf9551371128bed868b5,ab9cb184d32dd40f
data/private/portraitnet/general_paintings/martiros-saryan_banks-of-the-river-zangu-near-yerevan-1930.jpg,general_painting,0,martiros-saryan,train,6cacad3f7e4004569d9576a2b4a6526055f3f6ea6bb43095374bc8825dc51e5c,c1f9ecf440c207e7
data/private/portraitnet/general_paintings/martiros-saryan_bjni-fort-1946.jpg,general_painting,0,martiros-saryan,train,16f37a75b98f7fca8275c0779714bc049aae574f35728e58c9844d82b949b2a9,bcd94715584625fc
data/private/portraitnet/general_paintings/martiros-saryan_blossoming-garden-1907.jpg,general_painting,0,martiros-saryan,train,d8acf129a6ebaca8cc9f62ed508248d1cfba1273a16d18bd8b6304297664ad8d,b2d4c50f36fe290c
data/private/portraitnet/general_paintings/martiros-saryan_blossoming-tree-1907.jpg,general_painting,0,martiros-saryan,train,692900447f73e3e75a89fc4bba52f4786d0b012b36d68f31a0cf6937dbc94cfe,b0c74a74176ab535
data/private/portraitnet/general_paintings/martiros-saryan_bouquet-of-flowers-1945.jpg,general_painting,0,martiros-saryan,train,ff770501f011b4a09d6ba6c8cade0b7f61d3152246612d4a2b018e522366e021,b8b964ad5ab04973
data/private/portraitnet/general_paintings/martiros-saryan_bouquet-of-flowers-1946.jpg,general_painting,0,martiros-saryan,train,b18676d525d64008fba3639faf5940bd08356563662174c058f1271e11f68b6d,acb3ce4bc981f226
data/private/portraitnet/general_paintings/martiros-saryan_bright-flowers-1942.jpg,general_painting,0,martiros-saryan,train,ce27e349f9a4ff776648d539965bdac81519e473e97c7affd1fda1fa73a7d8f2,fc85b690681b0f5e
data/private/portraitnet/general_paintings/martiros-saryan_eastern-landscape-1924.jpg,general_painting,0,martiros-saryan,train,f720330ce0aeea406a8150cf2a3b9ab943aec8fc932bdaf430ceb19f851eb7b8,e0a5db1b90c02f9f
data/private/portraitnet/general_paintings/martiros-saryan_eastern-tale-1903.jpg,general_painting,0,martiros-saryan,train,f53035fa6734333eb40063bb1fbfb2bb01b93569d9385b0a96448b1bdddc7831,9a65afdb5059501b
data/private/portraitnet/general_paintings/martiros-saryan_evening-in-the-garden-1903.jpg,general_painting,0,martiros-saryan,train,703a763350619645ca7411dacb9b9af928b7a526e586c816ec89564158e69796,d8c6e7c382eb51b0
data/private/portraitnet/general_paintings/martiros-saryan_fellah-village-1911-3.jpg,general_painting,0,martiros-saryan,train,e2ffb1551ed6c65241d1ab1fde7ba11c6a94baf5fbac88916fc07831be271d51,db408517bde2d03b
data/private/portraitnet/general_paintings/martiros-saryan_female-portrait-1952.jpg,general_painting,0,martiros-saryan,train,1bb2f2603b97f4221009a4b476b86fd6074ad3edf6e231791a3881f913d4c9cc,9898aeb21fc53593
data/private/portraitnet/general_paintings/martiros-saryan_flower-1911.jpg,general_painting,0,martiros-saryan,train,93577e093d9fb0c342c2a4d504aaebaf574903e48d47a2063229347c5ad7df69,c514576d791a0e3b
data/private/portraitnet/general_paintings/martiros-saryan_flowers-1908.jpg,general_painting,0,martiros-saryan,train,ff48e00c9b1825fca46998f14b8c85e90298c40f30b636563f58a07187b55395,baac0573b048ddb6
data/private/portraitnet/general_paintings/martiros-saryan_flowers-1912.jpg,general_painting,0,martiros-saryan,train,262f667faefc44dd00f45412eac5913b5f43d88ec91ca62f367c6479a4c1a58e,bc9eb43c8e90d4cc
data/private/portraitnet/general_paintings/martiros-saryan_flowers-1913.jpg,general_painting,0,martiros-saryan,train,c0068113e0af2ba3b512d2ef78432881820b5e5e0d5017efac3e299e9b9b8eec,f4dfc2b0c51e21b4
data/private/portraitnet/general_paintings/martiros-saryan_flowers-1929.jpg,general_painting,0,martiros-saryan,train,49ffd45e7ab095425c59cfddac33ad06474b5064fe2945209eb2cea463751bfd,efb98cf09a938164
data/private/portraitnet/general_paintings/martiros-saryan_flowers-1967.jpg,general_painting,0,martiros-saryan,train,4e5be744b7ac319f6a72b1f0dee43b49e7a0a2aeefd111337e466e7d388956e2,a3e4d8b2edcd92a0
data/private/portraitnet/general_paintings/martiros-saryan_flowers-a-nook-of-the-garden-1940.jpg,general_painting,0,martiros-saryan,train,b1830d312bcd66f1338ad44b7c893e427c3fa98b44fc8395dccc87beb670b37b,87a5fa9ac721f980
data/private/portraitnet/general_paintings/martiros-saryan_fruits-1916.jpg,general_painting,0,martiros-saryan,train,0839faa18ffeafa6b093839dcbd26d5c9fd7dedcd78be7e54289a96fcf0809a1,e92d765218bc39e2
data/private/portraitnet/general_paintings/martiros-saryan_fruits-and-vegetables-1933.jpg,general_painting,0,martiros-saryan,train,f69627ece46155cbc4468832429127aa388dd8fde4e6c00152519c7f08067d1c,c2986f9b9ce392c1
data/private/portraitnet/general_paintings/martiros-saryan_gathering-of-grapes-1933.jpg,general_painting,0,martiros-saryan,train,8e670ff8a21cb91e1e760c7021406cad557c3bd754ce8d1501c2ceda087c6558,ecee6cd2d218e234
data/private/portraitnet/general_paintings/martiros-saryan_hrazdan-river-1903.jpg,general_painting,0,martiros-saryan,train,d2c48c8b31ff9495d6702f492427ea402b3152ba25a5b13ce21a98ac9057bdc6,cc4ec8dcc8ecf0e8
data/private/portraitnet/general_paintings/martiros-saryan_in-armenian-village-1901.jpg,general_painting,0,martiros-saryan,train,a0d055933b569bec42a4f255aa30191355349854555f23324cd64b256c14fb31,d1c9dad64dcc222b
data/private/portraitnet/general_paintings/martiros-saryan_lotus-1911.jpg,general_painting,0,martiros-saryan,train,e7772a54f58ba70ca6a29060b72571d050f09c1576e06ec5add13c42481ba4c6,c7e8341ef8739b40
data/private/portraitnet/general_paintings/martiros-saryan_mottled-landscape-1924.jpg,general_painting,0,martiros-saryan,train,05f819b48c742d87ca4cb72589cb6f5e1d69b440bba3aebd50bb71c134c70f46,d08db71a097dc617
data/private/portraitnet/general_paintings/martiros-saryan_mules-laden-with-hay-1910.jpg,general_painting,0,martiros-saryan,train,bfd65923c6ad0acf995f45bebf88110120a47c71673270af357ab4b2ebb91ab9,db22e44d0733a8f9
data/private/portraitnet/general_paintings/martiros-saryan_persian-still-life-1913.jpg,general_painting,0,martiros-saryan,train,f08fe8d18fec9eb6d66a6eefc19275b5861a42f75fbccf44fe2af9b228572b0a,8f813a0cb6b49767
data/private/portraitnet/general_paintings/martiros-saryan_pumpkin-and-pepper-1915.jpg,general_painting,0,martiros-saryan,train,cf7da27ffaf8a79d3056f84dfe0134eb10680c10b9604ad226672b82a4a1691e,b09eca699672612f
data/private/portraitnet/general_paintings/martiros-saryan_still-life-1913.jpg,general_painting,0,martiros-saryan,train,27eab6637f1a63863ef301642fd6e797e68832df767df7b1f82dfd07b48fc259,fee315cd6391ce00
data/private/portraitnet/general_paintings/martiros-saryan_still-life-fruits-1911.jpg,general_painting,0,martiros-saryan,train,ba4e35cccefb21a32fb3a0292a6aaa4d4dee172e043efd3cce9cba2aba3a53d1,eab69759806464f9
data/private/portraitnet/general_paintings/martiros-saryan_violet-jug-1910.jpg,general_painting,0,martiros-saryan,train,f4ec28f922c7989f8af9284d4ab465084aab5ecd59d8d235b6f6957547e9c477,eeacc41bcb238497
data/private/portraitnet/general_paintings/mary-fedden_aubergine-and-flowers-1968.jpg,general_painting,0,mary-fedden,train,ca30eb268de6090a822471b08e8d597d725303b2e3c585a0335f632df6aa5c92,c4c93b3727383837
data/private/portraitnet/general_paintings/mary-fedden_ben-s-box-1994.jpg,general_painting,0,mary-fedden,train,a307ddec0a23f61a314ae4e23bffc68dc79fcfa6002f8c4647b0509bc5507b3e,ce9130784bfa8bc6
data/private/portraitnet/general_paintings/mary-fedden_bowl-of-eggs-1985.jpg,general_painting,0,mary-fedden,train,31c6946f3cb361280a54b8ecdabda10552706bbb5b6a342fbd6e4f1509b465c2,c5540a2b4f32b72f
data/private/portraitnet/general_paintings/mary-fedden_chinese-teapot-1989.jpg,general_painting,0,mary-fedden,train,b48027b9a0ff0edf457b0871e3abd9cfc24061d8fd34febc217777217c110ef2,c19e39cdb2649936
data/private/portraitnet/general_paintings/mary-fedden_feather-and-two-stones-2008.jpg,general_painting,0,mary-fedden,train,8a9dfb65f081fee7fb4900fe4d25d1718bbb32d170df365ec46bfbbd5aa3414e,fad08d1556166e4e
data/private/portraitnet/general_paintings/mary-fedden_flowers-in-a-vase-with-lemon-1987.jpg,general_painting,0,mary-fedden,train,c031307afdafb8f6db588a18180a0765dfc5a42bc2384b266a8baa3a2aa7f695,d06cef9110cee1f4
data/private/portraitnet/general_paintings/mary-fedden_fruit-by-the-shore-1992.jpg,general_painting,0,mary-fedden,train,4b309a1fd13bb236eecb035611942263b08a4a242fef6972380aee5c259060e0,94f2223c63dcb5e2
data/private/portraitnet/general_paintings/mary-fedden_fruit2009.jpg,general_painting,0,mary-fedden,train,9e95f80f279621173bb0609f955e35e3097252d05d8b9518ce1ffa19c6d234a5,85b533cb819e58b3
data/private/portraitnet/general_paintings/mary-fedden_jug-and-four-eggs-1967.jpg,general_painting,0,mary-fedden,train,6b1eb46896cf088974a4f95408c6dac5581d5e3d48df2ffde4719fdfd902bb80,b8366c49c9e97a46
data/private/portraitnet/general_paintings/mary-fedden_landscape-in-gozo-1960.jpg,general_painting,0,mary-fedden,train,a2589d9aca0d2947ce4d5df2a3388d18ad31f1ba1bfbcffef5ded7fd3e7fc3ab,c3ff96147cc9181a
data/private/portraitnet/general_paintings/mary-fedden_leaves-1963.jpg,general_painting,0,mary-fedden,train,689ad9d8aae418d607f8aa10ffa440e06fd5f540ebe4d4a8a06d9821312765e3,c7be1c0d3c1d5455
data/private/portraitnet/general_paintings/mary-fedden_lunch-in-the-port-1964.jpg,general_painting,0,mary-fedden,train,25bd071406e68a99eb417f651df4dfb344575b048865733dbe1318de8d1b91ad,e592ae53986c516e
data/private/portraitnet/general_paintings/mary-fedden_mauve-still-life-1968.jpg,general_painting,0,mary-fedden,train,b1e9a010e1261983bd4c1f05d7d96a904fdb8a682d899fafc22e203c6993a6c6,d4ca31f22f0e39c3
data/private/portraitnet/general_paintings/mary-fedden_melon-and-grapes-2009.jpg,general_painting,0,mary-fedden,train,fc18119d52daa90b00169d55131f52cf59776638e10fd7d7180a37878b0b40a1,c43a27b87b8433c7
data/private/portraitnet/general_paintings/mary-fedden_minarets-1968.jpg,general_painting,0,mary-fedden,train,7100344f426947814a3432022109d7cadec491fff363fb385e078015cd70f64e,85871b4be8a5b50f
data/private/portraitnet/general_paintings/mary-fedden_pot-of-shells-1971.jpg,general_painting,0,mary-fedden,train,850b2361a77323be50a32147457df7e6f062c7ab766a66e4d7ae40651384398d,d50a53386ef14b95
data/private/portraitnet/general_paintings/mary-fedden_red-jug-1968.jpg,general_painting,0,mary-fedden,train,6a7170f366c33ce8ed663a0fb764111fd325e660d1429c727c4c4652c4add1e9,c0273f9ef0c0ced1
data/private/portraitnet/general_paintings/mary-fedden_red-parasol-1978.jpg,general_painting,0,mary-fedden,train,136f3493a3978e30d0b024fad5720b2abf5bfa4044b7b4a6739a330313529c44,d95b47c7393824ac
data/private/portraitnet/general_paintings/mary-fedden_red-table-brown-jug-2009.jpg,general_painting,0,mary-fedden,train,3cf39654513cadbe9e3b5516a78d437283af4be3f232530e02b8f5f44aeaea1e,ea4b9c1ce3639a1a
data/private/portraitnet/general_paintings/mary-fedden_still-life-1981.jpg,general_painting,0,mary-fedden,train,0f1db337fe7fa1adafa48b474cab1ed164b22130bdfe8807f535c120cf557f11,ee6c58d3b19cc162
data/private/portraitnet/general_paintings/mary-fedden_still-life-merindol.jpg,general_painting,0,mary-fedden,train,10cbe8dfe73098447af7551bdf14e64a22d125ec979b23d0fafb0c2b78d5273c,a13a1ff1688dd265
data/private/portraitnet/general_paintings/mary-fedden_still-life-on-red-1976.jpg,general_painting,0,mary-fedden,train,520ab5937c826bdade89096226b0944253a1ddb1c85de49407c81379c90b2e17,b5b52c9dd24a4a4b
data/private/portraitnet/general_paintings/mary-fedden_still-life-with-bottle-and-shells-2006.jpg,general_painting,0,mary-fedden,train,5321e753ebd0cbe388d27bddc226173746cfc1088c80bd09dcf298260ed29b04,92be6f812ccd513c
data/private/portraitnet/general_paintings/mary-fedden_still-life-with-coffee-jar.jpg,general_painting,0,mary-fedden,train,d16c46b7cb7b4112bf5a69fbbd1ee70e875c237592f90e570c3bc663d657f2b3,e111c50e1a6e2f3f
data/private/portraitnet/general_paintings/mary-fedden_still-life-with-fruit-1997.jpg,general_painting,0,mary-fedden,train,a30f0cdce96a339fb1b4b62db4abbb191e03908f4ec0028e85807bc556f69fa3,d7f12826cbdb202e
data/private/portraitnet/general_paintings/mary-fedden_still-life-with-fruit-and-flowers-1988.jpg,general_painting,0,mary-fedden,train,53019b83112979665adb4576951355f5539b131d58bb597be38f134f4c0ff924,d56a9cb12b54946e
data/private/portraitnet/general_paintings/mary-fedden_still-life-with-onions-1987.jpg,general_painting,0,mary-fedden,train,ea3d5233cb5e45be9364ea1ca474e0e2558f97de06b90cdd9e13789dd293803a,cb363b49b495c896
data/private/portraitnet/general_paintings/mary-fedden_still-life-with-pears-and-onions-1992.jpg,general_painting,0,mary-fedden,train,7460fb40777e0bec3a53a546fd9b95d284401213b4fff4f1c97a2446f67303f4,dbe0acc5915e6938
data/private/portraitnet/general_paintings/mary-fedden_still-life-with-pineapple-and-butterfly-2008.jpg,general_painting,0,mary-fedden,train,25e9e64ab9f6a44be1926c8aced7bb428760e8d5c40e6cc886948721d6fc8e4b,f048d2370f63f986
data/private/portraitnet/general_paintings/mary-fedden_the-checked-mug-1986.jpg,general_painting,0,mary-fedden,train,5d81e0ca8953c2d67dcdcfc5696ac7c67362a88b3e6b6fd3815e95e216a1549c,bea1921e255ab55c
data/private/portraitnet/general_paintings/mary-fedden_the-etching-table-1971.jpg,general_painting,0,mary-fedden,train,e94cfe27af7c44277959818887e5f72462794557f248f7347ba55b1162d23043,9d7ac225d2394ea3
data/private/portraitnet/general_paintings/mary-fedden_the-horse-mug-1991.jpg,general_painting,0,mary-fedden,train,e52ab5a434c8a2a794d8eea46c7ebaa5b3ab112c9d4621834151066856ba81c2,eaea87106a87b8c7
data/private/portraitnet/general_paintings/mary-fedden_the-moon-2008.jpg,general_painting,0,mary-fedden,train,32f250de363117c0514486047f4e2e3d103731ec34a53e168cd21489ad71731e,caec6c83b336e906
data/private/portraitnet/general_paintings/mary-fedden_the-moon-2009.jpg,general_painting,0,mary-fedden,train,968eb516325bf30e12fce353890c8fa2dac56db6a3bfacd7ed69f66ed667d62f,921233c7edb95646
data/private/portraitnet/general_paintings/mary-fedden_the-oil-can-1971.jpg,general_painting,0,mary-fedden,train,2183031ccfcc1b0f93fe38dd3dca64031858fbd85a3a6e58a7150f6f20bf8d7c,c31b5ccc88e3b6e1
data/private/portraitnet/general_paintings/mary-fedden_the-teapot-1984.jpg,general_painting,0,mary-fedden,train,9cdd7017e54d3da7acf5c15d06d246ef54035287fad075bb8e7b120b8eff6081,8c67f0d60c7273e1
data/private/portraitnet/general_paintings/mary-fedden_the-white-hyacinth-1984.jpg,general_painting,0,mary-fedden,train,86c6d8375578031c214740f2806b7695296d579be76b11fcc6fdeea95ffc5692,d2b22bcde9092cda
data/private/portraitnet/general_paintings/masaccio_birth-tray-1428.jpg,general_painting,0,masaccio,val,74363d2e3c4034b4ba4433833007cff2071392784cf6ba3c7ab63a2aaf31ed53,fb48a497c591c363
data/private/portraitnet/general_paintings/masaccio_martyrdom-of-san-giovanni-battista-1426.jpg,general_painting,0,masaccio,val,1b305fa826df235d169fec0cf6b2ebf0ec9cfe1e0f4ff4a2c25d5b90d3d087cc,f399f931270a1b07
data/private/portraitnet/general_paintings/masaccio_st-juvenal-triptych-1422.jpg,general_painting,0,masaccio,val,2c8411922b3651c43d02ae11d5dc44069156d8a1505b839d93b5e494da2a8652,f2a58d528c4cab5b
data/private/portraitnet/general_paintings/maurice-prendergast_beach-st-malo.jpg,general_painting,0,maurice-prendergast,test,052cc2530dad1d817251520366f789d1c3716108f0922cf88eb6a7177b7c8d2c,da9fad121f211f30
data/private/portraitnet/general_paintings/maurice-prendergast_bed-of-flowers-also-known-as-cannas-or-the-garden.jpg,general_painting,0,maurice-prendergast,test,abe546e778d27cc1e7b442d817dcb37e09d061fcae54f56e13e0ba621ce195ba,fea172960da11ea5
data/private/portraitnet/general_paintings/maurice-prendergast_blue-mountains.jpg,general_painting,0,maurice-prendergast,test,2c54a8e2ff0a1b333304d1f812739efd7646278c8917c79338c9e823abfd08b1,c8e4fba3b2f63880
data/private/portraitnet/general_paintings/maurice-prendergast_boat-landing-dinnard.jpg,general_painting,0,maurice-prendergast,test,d1508e595736bbc7678b53dff850d9b4640fa08e8a037bdb0047ed3342e03030,80933bbb3c798bc1
data/private/portraitnet/general_paintings/maurice-prendergast_boston-also-known-as-park-st-boston.jpg,general_painting,0,maurice-prendergast,test,054f40a7d04737f11e07734eb04ced9d5cae3c3691c0857eb2b158e8a21d019a,9f916164c24beb9a
data/private/portraitnet/general_paintings/maurice-prendergast_buck-s-harbor.jpg,general_painting,0,maurice-prendergast,test,a6d4d18e7cb34ef8b4f7d0c445c69e825874ca8c8e2a09efd9e583ac51c2d61c,eeee8988f6993290
data/private/portraitnet/general_paintings/maurice-prendergast_campo-santa-maria-formosa-venice-1912.jpg,general_painting,0,maurice-prendergast,test,0a5913857a5d59b22cb01406a03d9cd8d25848510df12822b293fda91f291247,f9b9634e602d2e19
data/private/portraitnet/general_paintings/maurice-prendergast_can-can-dancer.jpg,general_painting,0,maurice-prendergast,test,5a228957dd447460d6f3c0187c70a30d2a0c926e1eba7de5e7b4bdee85beefe5,c51f33ad2db01c96
data/private/portraitnet/general_paintings/maurice-prendergast_canal.jpg,general_painting,0,maurice-prendergast,test,c7de2224eb07735cb68cdc3533df368e949ee610853e19e83254c643bf2056fe,b7d500f2710ebfc0
data/private/portraitnet/general_paintings/maurice-prendergast_central-park-1.jpg,general_painting,0,maurice-prendergast,test,3d8a4142e28aa52c4be7535ce0a5452e49b8d4d4f7a01f71a770404a18294db5,dc37d045a3d867d0
data/private/portraitnet/general_paintings/maurice-prendergast_central-park-1900.jpg,general_painting,0,maurice-prendergast,test,0fd44ad651ecae82e7522b48d92ab3846347fbb131dc084e5f11f95a1322ff8c,c2e5454d4fc16c5b
data/private/portraitnet/general_paintings/maurice-prendergast_central-park-1901.jpg,general_painting,0,maurice-prendergast,test,88e91609379a13d71a8598450da5a01ae78dacc2bf44e98584a22f0a45ea3482,9390b28e8467dcf9
data/private/portraitnet/general_paintings/maurice-prendergast_central-park-also-known-as-central-park-new-york-city.jpg,general_painting,0,maurice-prendergast,test,0b7d963b1474ea75825a235a8aaf0a62da782c55a84e0a1b272257b44eedbae1,f90c15f186ee60d9
data/private/portraitnet/general_paintings/maurice-prendergast_central-park-new-york-1901.jpg,general_painting,0,maurice-prendergast,test,5c452b4e8e7723d96fd79d8548005d345f069cb13f99a2712d091fc037641426,92b656902d6f9b15
data/private/portraitnet/general_paintings/maurice-prendergast_central-park-new-york-city-july-4th.jpg,general_painting,0,maurice-prendergast,test,401dff24736e589423e0e9bbcd77646349e88ffcd878efb31bd90f55a539f40b,e82e55d50ee0d837
data/private/portraitnet/general_paintings/maurice-prendergast_central-park.jpg,general_painting,0,maurice-prendergast,test,12bcc1efe8414f981ab00a8be716830da685add256a622752e1685677e62ee9d,f70a1803f1aca99f
data/private/portraitnet/general_paintings/maurice-prendergast_chateaubriand-s-tomb-st-malo-also-known-as-st-malo-chateaubriand-s-tomb.jpg,general_painting,0,maurice-prendergast,test,625f93541afd2bc505e8631ea1f248b723da56a2b55648a224f6e8d401076cb1,afa4b7e492581a59
data/private/portraitnet/general_paintings/maurice-prendergast_cherubs.jpg,general_painting,0,maurice-prendergast,test,daa97bfa4e08c997ea68fe72b5323085c2cd16e5105dc6db50892ab3546f4700,cc4d2c1373e393e4
data/private/portraitnet/general_paintings/maurice-prendergast_children-in-the-park.jpg,general_painting,0,maurice-prendergast,test,734c867572ddefcb864950ba97b46e4182b383467287de441c32425b1341d883,cfaa8895ba89511f
data/private/portraitnet/general_paintings/maurice-prendergast_cinerarias-and-fruit.jpg,general_painting,0,maurice-prendergast,test,5933e1aed6358977fe4fe21a28e97f696935ed9316af5dbb1346ac754459ae41,acece6c4d19342d3
data/private/portraitnet/general_paintings/maurice-prendergast_circus-band.jpg,general_painting,0,maurice-prendergast,test,aebed715671088555328f534d6af0d0d6052d0886041256d1b62e41c45c4cc8c,944947180d76f8ef
data/private/portraitnet/general_paintings/maurice-prendergast_new-england-village.jpg,general_painting,0,maurice-prendergast,test,e9ecc341e21713249dc9daed48bb91a2cc38458989fc4f3d6db4bc3b6d159755,8b9cd650d0f0dcb5
data/private/portraitnet/general_paintings/maurice-prendergast_new-england.jpg,general_painting,0,maurice-prendergast,test,a4f8eb03f9437440a46c438be35d4dc69396c3e21d1b256ecbb75f18ddb9b37f,c4c1de67c29f4562
data/private/portraitnet/general_paintings/maurice-prendergast_north-shore-3-massachusetts.jpg,general_painting,0,maurice-prendergast,test,65436beb05a87b6458f2128b99858c331063e0a9669f52338574cbe4bb1a15d0,f385f1bc81bbc083
data/private/portraitnet/general_paintings/maurice-prendergast_notre-dame.jpg,general_painting,0,maurice-prendergast,test,f6aed998b8935abfa8610c218d95b0e149f69e63a2e228dd256f399e48e0f96c,9d98e069d19c758b
data/private/portraitnet/general_paintings/maurice-prendergast_nude-model-with-drapery.jpg,general_painting,0,maurice-prendergast,test,f0359e0090543ae6db942e69405fc151f8354334d938f0033e27e54091124d46,b12cccc78e98cf19
data/private/portraitnet/general_paintings/maurice-prendergast_on-the-beach-no-3.jpg,general_painting,0,maurice-prendergast,test,e8a9dbd4787c36c08d8d20053f7ddcf10477ce7955c8cd65c3b4da2d2df130da,9959d9cb86c74a68
data/private/portraitnet/general_paintings/maurice-prendergast_on-the-beach-st-malo.jpg,general_painting,0,maurice-prendergast,test,014199bab3c174688e8d6eac373ee2036e6bcffd080eb307434b68ea375aa21a,d48ba450e7d9d634
data/private/portraitnet/general_paintings/maurice-prendergast_on-the-rocks-north-shore.jpg,general_painting,0,maurice-prendergast,test,42ccd50625f3084c63bee0821c89c85cc6506e32dd6b7159cc57b00416da34e9,96894ed27d5e7224
data/private/portraitnet/general_paintings/maurice-prendergast_on-the-shore.jpg,general_painting,0,maurice-prendergast,test,1ef85f91fdd896e8f68d87f98047f74ec537d0b6dc37c23271c853c5ae334f2a,9386a5e3e3e1e838
data/private/portraitnet/general_paintings/maurice-prendergast_opal-sea.jpg,general_painting,0,maurice-prendergast,test,04102f8f1d53f4dd1c61ff8eb4d05f222c32426e6b26a59497b6baf0293c7aad,80e9d67a7993e690
data/private/portraitnet/general_paintings/maurice-prendergast_outer-harbor.jpg,general_painting,0,maurice-prendergast,test,b9a3e4dbef72605c81dd36a0d0fbc2ce55f50f8953be1b42351da22593efd9bb,8796a5f9e1b0e1a4
data/private/portraitnet/general_paintings/maurice-prendergast_paris-omnibus.jpg,general_painting,0,maurice-prendergast,test,6fa2a015dd0990ea2022454627a21045e4bddb01bfe5857c8c3dcaade5090b62,93b1e86f44999b98
data/private/portraitnet/general_paintings/maurice-prendergast_paris.jpg,general_painting,0,maurice-prendergast,test,00d2eca5ebe2704c0f8159fc3b2940eedc632ca715858c63eafcaf627fda0d5f,ea9635e8daa51392
data/private/portraitnet/general_paintings/maurice-prendergast_park-gloucester.jpg,general_painting,0,maurice-prendergast,test,b8809455eed1ddd309cac24c88aa32459e5795795cb128890d695ce22f6fe55a,931141377eb8789e
data/private/portraitnet/general_paintings/maurice-prendergast_park-naples.jpg,general_painting,0,maurice-prendergast,test,aee356aaaca33a9ef687470deff2791886697277514e47313a50b16027c1c769,9cbaa3a6e0955b83
data/private/portraitnet/general_paintings/maurice-prendergast_park-scene-nebay.jpg,general_painting,0,maurice-prendergast,test,7998ad23f334393d9c14f3d253768f3be8d6e0f544ecef020dd41644ae61dce1,99d1fad6324e09cc
data/private/portraitnet/general_paintings/maurice-prendergast_picking-strawberries.jpg,general_painting,0,maurice-prendergast,test,d27af5eb7e81c3372842d4d306c439056603ae5be9156657e65d6532519cfc92,af159407f0873e1b
data/private/portraitnet/general_paintings/maurice-prendergast_picnic-1923.jpg,general_painting,0,maurice-prendergast,test,c75ba8cb61461b501b8d13c24f13f5aa2ab0d42d0b27f005f8b8d0a647337194,fc8ebcc0fb42c071
data/private/portraitnet/general_paintings/maurice-prendergast_picnic-by-the-inlet.jpg,general_painting,0,maurice-prendergast,test,2c0fbd487eb038e8702f2a31f2feb3cbb1b6b75832066de0ecb134c0a66f5bf4,fc1b596626c23768
data/private/portraitnet/general_paintings/maurice-prendergast_picnic-by-the-sea-1915.jpg,general_painting,0,maurice-prendergast,test,f05c8a53151afa14ceffebd83ae7cca1453d35584f2dd1235489e88098366201,c4c8bc2126dd731f
data/private/portraitnet/general_paintings/maurice-prendergast_picnic-grove.jpg,general_painting,0,maurice-prendergast,test,38ba570c185ef373f193c659691554ca5dd24ba4a0f68c1149fa23aa5e2b17ee,d50f3c2aaaf187c1
data/private/portraitnet/general_paintings/michael-bell_unfinished-business-2010.jpg,general_painting,0,michael-bell,test,6e4c5da544e469c0442cafed29bec1a406b999350357143d85833e275a82d047,e1566e20236cba6f
data/private/portraitnet/general_paintings/mostafa-dashti_untitled-1989.jpg,general_painting,0,mostafa-dashti,val,7ce98300bb635f02b4f83adca43e1d138120b1e510c329acd33b6de908ba9771,80361a1b6f675e99
data/private/portraitnet/general_paintings/mostafa-dashti_untitled-1993.jpg,general_painting,0,mostafa-dashti,val,814ad6ec90a9e6391cbee5a0841623f91ca2410a06b0e92ac46a3fc92d14b2ec,9e91fd0632618af5
data/private/portraitnet/general_paintings/mostafa-dashti_untitled-1994.jpg,general_painting,0,mostafa-dashti,val,5c6a922e3e7f2613bfa7f3646a1de7e79b7cf7002e828e2e04b1821281e6aebd,99e6939826787273
data/private/portraitnet/general_paintings/neil-welliver_birches.jpg,general_painting,0,neil-welliver,train,49573b573714514fdecf333441ce13b7221f56180dff01a0039dc7844b0c1613,a273d44ecd35689a
data/private/portraitnet/general_paintings/neil-welliver_blueberries-in-fissures.jpg,general_painting,0,neil-welliver,train,52cfba515604bf74668be6387951741c96e79db71fd28592aa605130c257f3aa,c8cb89932f79f0c4
data/private/portraitnet/general_paintings/neil-welliver_edwin-before-osprey-nest.jpg,general_painting,0,neil-welliver,train,a327c151659b6a83b59b173d60cab409c0a6acfa77f51a7f189acc8c7cc16fed,97c81de7260fdb10
data/private/portraitnet/general_paintings/neil-welliver_figure-in-water.jpg,general_painting,0,neil-welliver,train,77a827de56f00e4c6cd9cb803ba430a7affccf9002faca5f24c73cf7e3873e61,d19446e61db907ce
data/private/portraitnet/general_paintings/neil-welliver_illusory-flowage.jpg,general_painting,0,neil-welliver,train,b7349074816429dea0dd2cd3914566f401648063db03f2fd09ae297d1d9ca311,933fa193c6ac5552
data/private/portraitnet/general_paintings/neil-welliver_islands-allagash.jpg,general_painting,0,neil-welliver,train,40602929bfb03622b18998c14a856ce492d3d59bf03c23c52e5d8176a444892d,8915d4682993feb6
data/private/portraitnet/general_paintings/nicholas-krushenick_ancient-image-1984.jpg,general_painting,0,nicholas-krushenick,train,56669352b4b3f8b2cf1b71d126faed0ba7d4c2cfc1b8b88c6441734d847d5625,facab5c48cd1932c
data/private/portraitnet/general_paintings/nicholas-krushenick_boston-tea-party-1975.jpg,general_painting,0,nicholas-krushenick,train,d91fb3df5a4c976971a717600e005d9dda1d944aaf39e84eb4a1833f74802bf0,ea30c77a950fd1c1
data/private/portraitnet/general_paintings/nicholas-krushenick_grand-entrance-1987.jpg,general_painting,0,nicholas-krushenick,train,fd0278db40ade9ea359234e23a0093678d203bfe49cd8143ddfb478a1b54f727,edb083879b8d1ae1
data/private/portraitnet/general_paintings/nicholas-krushenick_greenwood-1979.jpg,general_painting,0,nicholas-krushenick,train,949a9c3aa581da2b4f87d29b89f28a45695f179a10ef411f4ef76d6d83e28c94,bf2f816e2452a13e
data/private/portraitnet/general_paintings/nicholas-krushenick_james-bond-meets-pussy-galore-1965.jpg,general_painting,0,nicholas-krushenick,train,40216599cb3a2e0654696fb4db45dcdaa341e884ba0994094343274eebf9ad56,eecd96108d3ac07b
data/private/portraitnet/general_paintings/nicholas-krushenick_pumpkin-1998.jpg,general_painting,0,nicholas-krushenick,train,734893eb6f45279e155e7f4de01dede34e8a15b7199f7c2187c77e250570867d,964670b16f99a31d
data/private/portraitnet/general_paintings/nicholas-krushenick_quick-red-fox-1963.jpg,general_painting,0,nicholas-krushenick,train,821b65aee059a167c0ac88ea5cd2d26a22093b46d1dbf853f24030e19a104674,d58b6a70c63e99c1
data/private/portraitnet/general_paintings/nicholas-krushenick_untitled-1961.jpg,general_painting,0,nicholas-krushenick,train,82f1fe177311ee37e390050144d69d25917ff5b1f0d2d0911ad9928b06328ba8,efe4670f941c5858
data/private/portraitnet/general_paintings/nicholas-krushenick_untitled-1962.jpg,general_painting,0,nicholas-krushenick,train,f471e815090e589e4b47d4f5fa44418a801a6b5e1cba5e18ce3d83f23275e32b,e960f4534d3a7750
data/private/portraitnet/general_paintings/nicholas-krushenick_untitled-1963.jpg,general_painting,0,nicholas-krushenick,train,cd913c292ac2c830dbedf7077138555a2907d7bfde6e8b3c1ca9ded64b997c2c,fa88cb85b7837e40
data/private/portraitnet/general_paintings/nicholas-krushenick_untitled-1965.jpg,general_painting,0,nicholas-krushenick,train,6af1ab74750496c6bc4c900dc233e391e0419a97364d01d6412164e6f56158c9,f70c43f63d8f2380
data/private/portraitnet/general_paintings/nicholas-krushenick_untitled-1998.jpg,general_painting,0,nicholas-krushenick,train,e232d3281b79cba979436e1330c35c2ff96f30e6c39122380a0df7b4b2b84ed3,c4976cdc113367c3
data/private/portraitnet/general_paintings/nicholas-roerich_the-way.jpg,general_painting,0,nicholas-roerich,train,b61ca95a8c0e78ad89fba578efa27a9176049c497e8a3af2ee82c721de3e4527,c1c9c6f0dcd8cc96
data/private/portraitnet/general_paintings/nicholas-roerich_thinking-1918.jpg,general_painting,0,nicholas-roerich,train,3a97b596dec4d580c928ed500200d04427b255d6d9e84a062f6f04f3c6915519,afe7912a6947d0c8
data/private/portraitnet/general_paintings/nicholas-roerich_thought-1946.jpg,general_painting,0,nicholas-roerich,train,a2855d7ad0d6e1ead5bc24fc758b9b3720d5d6a2f081d476fbdce83f6d903bf5,c2c725239f753709
data/private/portraitnet/general_paintings/nicholas-roerich_thoughts-of-fire-1934.jpg,general_painting,0,nicholas-roerich,train,6b20df9020b65014cd4d5ce29e550f62b5ef642f7d7653ce7369a353d739b226,ea396bcc95629887
data/private/portraitnet/general_paintings/nicholas-roerich_three-arrows-1923.jpg,general_painting,0,nicholas-roerich,train,42f78560deffbd7298e6dffb2a06d8aa3098234618aebf55b26ad17dc32b492b,ffd8646bd8072468
data/private/portraitnet/general_paintings/nicholas-roerich_three-jewels-1932.jpg,general_painting,0,nicholas-roerich,train,4ba23024dcb30c9e9085564b3f3ec5cdcd370e2f82d87ec7e29221476926e4e6,dbab057c58136fa0
data/private/portraitnet/general_paintings/nicholas-roerich_three-swords-paintings-on-the-stone-1932.jpg,general_painting,0,nicholas-roerich,train,5f5b37ff64c8a7109c30bfe9006111a4addf2013688847558a3fbfb5b6b7f78f,96ad9c5bcd18c692
data/private/portraitnet/general_paintings/nicholas-roerich_three-swords.jpg,general_painting,0,nicholas-roerich,train,817be12b47108d1208894d51ffe47a5039b8c1f8aada9e6f34ec0c1ffd7ac589,ed9e303272c6704f
data/private/portraitnet/general_paintings/nicholas-roerich_tibet-1.jpg,general_painting,0,nicholas-roerich,train,5d1571515a07ecd81a41ef740f67969ba31e16962b3854f4cdd6a13b4b9a4643,f5da48e518e710ab
data/private/portraitnet/general_paintings/nicholas-roerich_tibet-1929.jpg,general_painting,0,nicholas-roerich,train,a6a3c3ba7c3a9203a0b69fd1f5e6cf0bade67abc6e440b582f83f4d19dcc737b,aac7245b916d97c8
data/private/portraitnet/general_paintings/nicholas-roerich_tibet-1933-1.jpg,general_painting,0,nicholas-roerich,train,881bd03cb1e6e7ad6b4ec0820e4b5db1226fcd13f94f9b30a45d141f456a52c2,96ec096692ad6e36
data/private/portraitnet/general_paintings/nicholas-roerich_tibet-1933-2.jpg,general_painting,0,nicholas-roerich,train,7c93fa3455c826519722d094c26de21783a82d15c7d327d662a1a4bf7e33f9e0,d7bcb23c25d25528
data/private/portraitnet/general_paintings/nicholas-roerich_tibet-1933-3.jpg,general_painting,0,nicholas-roerich,train,4c5b043dc51c557d1113e3062f19c3757c9a6fd7508a489c2eee03da0f658b7c,c2d37f0c6c71ca25
data/private/portraitnet/general_paintings/nicholas-roerich_tibet-1933.jpg,general_painting,0,nicholas-roerich,train,3f9e8eeece1a2b672d354d1bfe94fc6172048564cd6752745dbdec6dbe471190,d9f48986d17a4c95
data/private/portraitnet/general_paintings/nicholas-roerich_tibet-1937-1.jpg,general_painting,0,nicholas-roerich,train,561d7dee233da6de52b0b19f5dc5d92ea482f3a1c22cfa1c87e6f04c84d73acf,bad14422351fcfe2
data/private/portraitnet/general_paintings/nicholas-roerich_tibet-1937-2.jpg,general_painting,0,nicholas-roerich,train,202c3f3bf42d58d26b365bd8286e078f8d16d23017499db54dff17aa8c753a83,9a857b8a751a35c9
data/private/portraitnet/general_paintings/nicholas-roerich_tibet-1937.jpg,general_painting,0,nicholas-roerich,train,14995b1afb8d5bc7f6538a7818be55395fc5cba08af9475bc0bcd1f2211d7a1c,c99536ea4d93a8d4
data/private/portraitnet/general_paintings/nicholas-roerich_tibet-1938.jpg,general_painting,0,nicholas-roerich,train,6cc41d375803dd5ca4ae602ad9629c8c52916c167aff7d43d47158b951260ef7,86df2993c83c1fe0
data/private/portraitnet/general_paintings/nicholas-roerich_tibet-1943-1.jpg,general_painting,0,nicholas-roerich,train,1e5fc6faf404b0e41e0254b5d23ea678e4cb8a3685e719421207372f1e5a8bb2,ecb59a6623c03d96
data/private/portraitnet/general_paintings/nicholas-roerich_tibet-1943.jpg,general_painting,0,nicholas-roerich,train,b509e9068d972af392f9075030069a858dc970bbe42695372c5f4c2086cb9f84,84961f4f63b57289
data/private/portraitnet/general_paintings/nicholas-roerich_tibet-2.jpg,general_painting,0,nicholas-roerich,train,47e0af502a130a5f157bae7c4548b0a40885a42bff0786a3be38bd0c837f557f,a4de19a07ecb2c5c
data/private/portraitnet/general_paintings/nicholas-roerich_tibet-3.jpg,general_painting,0,nicholas-roerich,train,787a390c290e65d722d4efa6a7985aa9c99d5f30ac4b22b85fcf4bcbc8665519,d0af42b749d22f92
data/private/portraitnet/general_paintings/nicholas-roerich_tibet-at-brahmaputra-1936.jpg,general_painting,0,nicholas-roerich,train,53db8f521e76b2a6a9685697220853f8d747fcac34a0173ebad648c7ef08bb99,b9dc648391463fcc
data/private/portraitnet/general_paintings/nicholas-roerich_tibet-dzong-1936.jpg,general_painting,0,nicholas-roerich,train,736372e16d6c787657c43fc75742b10ee1ceab14f2b08aa0af5d533a14a14f6b,9feae2108e668de4
data/private/portraitnet/general_paintings/nicholas-roerich_tibet-dzong.jpg,general_painting,0,nicholas-roerich,train,770f02c5895f0a66b8fb0c621ee239e8ab506c92509a7267d1c1ee52da95b03b,9fee60108e668fe4
data/private/portraitnet/general_paintings/nicholas-roerich_tibet-evening-1937.jpg,general_painting,0,nicholas-roerich,train,7ff9cac8c026b06ffdca0a69c594b4195425627907b475e05c8981dbbd548c00,9a857b82753a25e9
data/private/portraitnet/general_paintings/nicholas-roerich_tibet-flaming-peak-1933.jpg,general_painting,0,nicholas-roerich,train,e470c9ea4bfd46bc60f3acf15abfb8eacb386feeccd35d402a8a71ba3a859c61,988de2f378781c1b
data/private/portraitnet/general_paintings/nicholas-roerich_tibet-himalayas-1933.jpg,general_painting,0,nicholas-roerich,train,3789afbb13b6972d3af17ded307d268bcbabff0ad38c6e8d5a03a414ab662cf1,a8e0d0ebabc522cf
data/private/portraitnet/general_paintings/nicholas-roerich_tibet-himalayas.jpg,general_painting,0,nicholas-roerich,train,0440aabded16ffee1b6d04d7e43dea11fcd43d66e6fc398dd5e883b9c7b47efd,8c9946b4526f53e9
data/private/portraitnet/general_paintings/nicholas-roerich_tibet-monastery-gelug-pa-1936.jpg,general_painting,0,nicholas-roerich,train,0a533fcf149f55f1df885bcdfd2e179c4d249c03e1c3c04bc3426436640d9235,83f05e2b61989e67
data/private/portraitnet/general_paintings/nicholas-roerich_tibet-monastery-in-the-mountains-rakaposhi-1940.jpg,general_painting,0,nicholas-roerich,train,013f2aac73d746c538450467d900b98d6338758989de1ebb6cd03c234939ab50,d0cb66352dd6e960
data/private/portraitnet/general_paintings/nicholas-roerich_tibet-monastery.jpg,general_painting,0,nicholas-roerich,train,9042da63053a60e3bb6fc9eec4df2ccc6235e9d875d27af20a8b87db948933db,d0cf66352d56b168
data/private/portraitnet/general_paintings/nicholas-roerich_tibet-sacred-stones-mongolia.jpg,general_painting,0,nicholas-roerich,train,66759e39370e5a363a92a2e5cf4a55c394ae954d82e81933ad0ea456a0c59fff,e6d12bf43086fc83
data/private/portraitnet/general_paintings/nicholas-roerich_tibet-stronghold-1932.jpg,general_painting,0,nicholas-roerich,train,a2339b1666022cadde37d1e4d15f4308aa4a85b4512b5da7daffde3b759a92be,a0dd1f20f55f28d4
data/private/portraitnet/general_paintings/nicholas-roerich_tibet-stronghold-potala-1939.jpg,general_painting,0,nicholas-roerich,train,1a23c05dc79b22b7c8152a2000a7be684b05e423eec6df2cccf0915c050a1a95,bab4d0e0cf87a760
data/private/portraitnet/general_paintings/nicholas-roerich_tibet.jpg,general_painting,0,nicholas-roerich,train,b6098aa61a938c363a61b85c671523980d74dc8d6048606c658ee9cc79a1e91e,c0c02f3f06dad31f
data/private/portraitnet/general_paintings/nicholas-roerich_tibetian-camp-1932.jpg,general_painting,0,nicholas-roerich,train,d9e8101901ef57ee56da7d7d417ca1cda64232d7938df06f2c5adf5ef59554ca,b3850d72230d7eb3
data/private/portraitnet/general_paintings/nicholas-roerich_tibetian-camp-1936.jpg,general_painting,0,nicholas-roerich,train,f90cda4567e224effa6ff65c44b41e5a2f9dc09fce6fef23ca76b72f1057d824,e19c33cb1e638c63
data/private/portraitnet/general_paintings/nicholas-roerich_tibetian-camp-keilang-1932.jpg,general_painting,0,nicholas-roerich,train,d26192efcf735ef53cd059a3e02c2ba43eece171fab14b8148fd8b7a0fc713f7,a3a6a6c7d2c2cbc2
data/private/portraitnet/general_paintings/nicholas-roerich_tibetian-dwellings.jpg,general_painting,0,nicholas-roerich,train,30dfd02554e83fefc64b5552797fd4a918b1032b36b16ce915ec6b4031430e0e,989f6d6191c226af
data/private/portraitnet/general_paintings/nikolay-bogdanov-belsky_skating-from-mountain.jpg,general_painting,0,nikolay-bogdanov-belsky,train,b100db7ae37d44f9270236ec7091241ec7a344423e3d27bcacf3b89c5f3b1f6f,e50b9a74c4cc74f1
data/private/portraitnet/general_paintings/nikolay-bogdanov-belsky_spring-rehearsal.jpg,general_painting,0,nikolay-bogdanov-belsky,train,bc76d72a76d5f99f6d5ec2d386a65316ef261454613a3dc87073bd315b31312c,bfbd9460c09c63e4
data/private/portraitnet/general_paintings/nikolay-bogdanov-belsky_still-life-with-a-bottle-of-vine.jpg,general_painting,0,nikolay-bogdanov-belsky,train,01396fb1134b3edb5309dfeaa5d222d12d566f6a7ece61eb55601f90b13582d7,fc68e1530bc2ee1c
data/private/portraitnet/general_paintings/nikolay-bogdanov-belsky_summer-day-1.jpg,general_painting,0,nikolay-bogdanov-belsky,train,10d2cd877c74056225ed3e39a69d3224a1306668b4b85998c1e6d98f7f76906c,80f13da6b1cc4f17
data/private/portraitnet/general_paintings/nikolay-bogdanov-belsky_summer-day.jpg,general_painting,0,nikolay-bogdanov-belsky,train,d479245da336ab69a16c6f9c94f7e8573db70ce9f5550392ce27ecf22a840ebd,eb7f360135b058c9
data/private/portraitnet/general_paintings/nikolay-bogdanov-belsky_sunny-morning.jpg,general_painting,0,nikolay-bogdanov-belsky,train,9722ab218557c7449ec4c4afe026b31ebba4882b374606e81fae192ec45df9e2,f04ce61fe2936cc1
data/private/portraitnet/general_paintings/nikolay-bogdanov-belsky_swimming.jpg,general_painting,0,nikolay-bogdanov-belsky,train,caff102e4651287a9579fef3a5051878303dfe08f050071a35bd80f6ff13db71,d1ea865d6b2718f0
data/private/portraitnet/general_paintings/nikolay-bogdanov-belsky_symphony.jpg,general_painting,0,nikolay-bogdanov-belsky,train,6339efbca4ba0cdec513fd661162573fcb8370606e53dcb60ace2cbeae202c61,cca239494bd39bd4
data/private/portraitnet/general_paintings/nikolay-bogdanov-belsky_teacher-s-birthday.jpg,general_painting,0,nikolay-bogdanov-belsky,train,a54e50432949ce90a538a956e78010c9221670efab1c58b675a7b02c69eef1b3,dc493c407273f48f
data/private/portraitnet/general_paintings/nikolay-bogdanov-belsky_teacher-visitors.jpg,general_painting,0,nikolay-bogdanov-belsky,train,ebfecd7c2c10abe85f306f4b4fe50d4128f5e7a7bd74f42280a32683bae32a6a,c9d876caaf31c02d
data/private/portraitnet/general_paintings/nikolay-bogdanov-belsky_the-former-defender-of-the-homeland.jpg,general_painting,0,nikolay-bogdanov-belsky,train,989a195580f69e34884c559e5e8312f46a7662b0f74e4e9b0bcf932d0cb819e6,afd64043a767a654
data/private/portraitnet/general_paintings/nikolay-bogdanov-belsky_the-latern.jpg,general_painting,0,nikolay-bogdanov-belsky,train,cb916b734f0e246131aa7d077ae1238cf724cf604bac3f2b06f169156d62010b,9a6d659236d96938
data/private/portraitnet/general_paintings/nikolay-bogdanov-belsky_the-wedding.jpg,general_painting,0,nikolay-bogdanov-belsky,train,44f754f110a3eed4913ed879cd6e25ee54a6c30a88d54a0d918419578a4e87df,d38fdb75892a8861
data/private/portraitnet/general_paintings/nikolay-bogdanov-belsky_the-wood.jpg,general_painting,0,nikolay-bogdanov-belsky,train,49d8d0298eed8b9b4eb5b1589c285dbf44bc77f3bea8e0d114a4e08f887f67ba,b05349249acf9f4b
data/private/portraitnet/general_paintings/nikolay-bogdanov-belsky_three-boys-in-the-wood.jpg,general_painting,0,nikolay-bogdanov-belsky,train,f3f53b7fd44aa1c32b7d6b787b2ed439fcfe8798c482cd71c9f970dbdd6b27dd,cd058d60b4c9cfb6
data/private/portraitnet/general_paintings/nikolay-bogdanov-belsky_to-school.jpg,general_painting,0,nikolay-bogdanov-belsky,train,c875f06a73ae75f346645ded1744b8db2b23754dfe434567fac0f2534129353c,eb339e4a61b1e09c
data/private/portraitnet/general_paintings/norman-bluhm_mathematics-1962.jpg,general_painting,0,norman-bluhm,train,225aa716a4c44ffdb0e792d0fdb05718d765c714581c1da02746cf1ae4dd35e4,8ae0d79d346a62da
data/private/portraitnet/general_paintings/norman-bluhm_untitled-1957.jpg,general_painting,0,norman-bluhm,train,42eae382e98d38aa78780e9fc4491db6bb5875a5b1856f3a0c79a3d22637cd42,aef3d570e5a2e048
data/private/portraitnet/general_paintings/pablo-picasso_au-bon-marche-1913.jpg,general_painting,0,pablo-picasso,train,c413e3cc1b2b5655873f1d5c2f95b626f32b1bb66be07d61842d27eaa0b02a40,bde47a4b8b5aa418
data/private/portraitnet/general_paintings/pablo-picasso_couple-of-dancers-1915.jpg,general_painting,0,pablo-picasso,train,0bfa499338db285ad02c42784437b8f02479e82211210ebabfac91247b96a88e,9389e97436da58a6
data/private/portraitnet/general_paintings/pablo-picasso_glass-and-bottle-of-suze-1912.jpg,general_painting,0,pablo-picasso,train,843b5963a8f89c530a77b888435c94ccc2e762e45cd75394af6e00ee89574980,f81967e79c069998
data/private/portraitnet/general_paintings/pablo-picasso_guitar-and-jug-on-a-table-1918.jpg,general_painting,0,pablo-picasso,train,6916caea9a054888d552087b4e3e264976fe3a6e1cf8b334a4efb9bcf5ae9d9e,d0832f6c3e3b634c
data/private/portraitnet/general_paintings/pablo-picasso_head-of-a-man-1913.jpg,general_painting,0,pablo-picasso,train,d85de09d9d32b2ae8bcd4f998852bd0c14d0e5fe49d711b359c31ca5d28188da,f0348359cde7b318
data/private/portraitnet/general_paintings/pablo-picasso_playing-card-and-glass-1914.jpg,general_painting,0,pablo-picasso,train,a80a69ea5cc345e777d1f82c034b469f9eb68b66a904fc293a428242181107c0,a596d3d9c21d9263
data/private/portraitnet/general_paintings/paolo-uccello_madonna-1452.jpg,general_painting,0,paolo-uccello,train,0445738f3aa519e4055d84d0fe096e146c4be774012053ba11bcab1c33d2b3aa,e6ca9b319a2e1d1c
data/private/portraitnet/general_paintings/paolo-uccello_scene-of-peace-offerings-noah-s-drunkenness-and-shame-1448.jpg,general_painting,0,paolo-uccello,train,35ad5a16fe89cba850aa76fe56b1a806fb62143769aefbcebfc57fa73859356f,d43f3b48cec3283c
data/private/portraitnet/general_paintings/paolo-uccello_scenes-of-monastic-life.jpg,general_painting,0,paolo-uccello,train,9e416fbaad440c952a94ca099a1de13ef5df3432d3d5ac0a60c44d80d561301d,9c5f438ff4c14a89
data/private/portraitnet/general_paintings/paolo-uccello_the-adoration-of-the-kings.jpg,general_painting,0,paolo-uccello,train,dc5da77dc7ca38b129e8f2cca8dd9f272fad016e6e2a7d6888efb290beee1629,c2b9b0e3c9e4d552
data/private/portraitnet/general_paintings/pat-lipsky_for-leslie-1974.jpg,general_painting,0,pat-lipsky,train,bf356183935bcc4ed1cd3659eb8799ed3545d84b4dc955a49f53793c9f6eae2c,c8500fbe52dba5b4
data/private/portraitnet/general_paintings/patrick-caulfield_bananas-and-leaves-1977.jpg,general_painting,0,patrick-caulfield,train,57d14c1a79f94c551f775bab79c78af759c0eead0f2b1171485560fcefbf1408,947a6c9d31e762e0
data/private/portraitnet/general_paintings/patrick-caulfield_big-sausage-1978.jpg,general_painting,0,patrick-caulfield,train,c656c025d716ec40f59be34e99495e2e5487517ad157b3989d8b4247426a8760,ad0ed4e4c2d1dab1
data/private/portraitnet/general_paintings/patrick-caulfield_braque-curtain-2005.jpg,general_painting,0,patrick-caulfield,train,da10dd186b9ebef52e1d494d4f92c1fcc8aa4c385d5d6a0133355544cbe63b6f,f1941e7c0d6b0d93
data/private/portraitnet/general_paintings/patrick-caulfield_cafe-sign-1968.jpg,general_painting,0,patrick-caulfield,train,d82795e4005e23935444a2861f725e568e00076d014ed0900a79ef8601202f7f,fabc85b58587854a
data/private/portraitnet/general_paintings/patrick-caulfield_interior-night-1971.jpg,general_painting,0,patrick-caulfield,train,843a1ae2185d01df9c887f63420ed7b2269fe24d1a1bee7c5e17fbabd9834e07,b992ec6dc5b12968
data/private/portraitnet/general_paintings/patrick-caulfield_interior-noon-1971.jpg,general_painting,0,patrick-caulfield,train,d3a4801c989ab808f7adc78c0a5b588cbf59cea68ed958dd8dac709818dee1b9,d76d98931882c7a7
data/private/portraitnet/general_paintings/patrick-procktor_two-chinese-generals-1968.jpg,general_painting,0,patrick-procktor,train,d9194300ce1d4eeb6915c1ae2037fb755c0747a08a6a837e008e522decf92f9a,b906bd6142fd02bd
data/private/portraitnet/general_paintings/paul-brach_the-negative-way-1-1964.jpg,general_painting,0,paul-brach,val,b4eece58ee6c125cf176fb6153471477e8cc5c4cb56a9aea2d082e76d73d2af1,aac255a61f7a5a1a
data/private/portraitnet/general_paintings/paul-brach_the-negative-way-9-1964.jpg,general_painting,0,paul-brach,val,598f67dee082a10b37ba3c94891e61c662b0e48647f7ad3ac53cdbf7e5b7e362,ffff18b708aa8208
data/private/portraitnet/general_paintings/paul-bril_diana-and-her-nymphs-at-the-hunt-1600.jpg,general_painting,0,paul-bril,train,9a75412926aac5cf22a7c546acdaa77498c86d2475e2480073186764846ad6c2,9c9332a6ed2d21e5
data/private/portraitnet/general_paintings/paul-bril_fantastic-mountain-landscape-1598.jpg,general_painting,0,paul-bril,train,d019b80233382593cd2b220a2a8deb8d0ab4de89c7fe0e8d88c0469956b2ad6c,90c0ca87633ef769
data/private/portraitnet/general_paintings/paul-bril_jesus-walking-on-the-sea-of-galilee-1590.jpg,general_painting,0,paul-bril,train,9ca64eb5b805600c69588f4540256522fb21bf44272d7b338f1f1ff46cb112e0,f5e31e8c68129f49
data/private/portraitnet/general_paintings/paul-bril_landscape-1.jpg,general_painting,0,paul-bril,train,c73d8a504c52b24058e822cb35c66b7cd83440b8cdf682c34e341e88ff03dd78,9c9cf4674dc221c7
data/private/portraitnet/general_paintings/paul-bril_landscape-with-a-hunting-party-and-roman-ruins.jpg,general_painting,0,paul-bril,train,7fe000f63aa1a629aa1f99bdfeb7f5fa96b422b3e5795d85a6b9c58a30bbdc97,90d4256d319bdf64
data/private/portraitnet/general_paintings/paul-bril_landscape-with-mercury-and-argus-1606.jpg,general_painting,0,paul-bril,train,b524983b7601259f1b1a36be2bf7451081c27304f8e082ce2a56b1c7332162d6,85c53e3d4c9c63d2
data/private/portraitnet/general_paintings/paul-bril_landscape-with-nymphs-and-satyrs-1623.jpg,general_painting,0,paul-bril,train,7c5e5a78aac211d3ee7b65fa57a769f6100c5668ef2592c0a232d2ebd669136d,cccda973264d7036
data/private/portraitnet/general_paintings/paul-bril_landscape-with-roman-ruins-1580.jpg,general_painting,0,paul-bril,train,8ff6efa53d96d17342d2ef13d4e0cca33c201dcb82729b5fa7a0625c3e382dcd,92c867339d6ff009
data/private/portraitnet/general_paintings/paul-bril_landscape-with-st-jerome-and-rocky-crag.jpg,general_painting,0,paul-bril,train,8388463af5953e72e8cb1f560a559f5354155b45227ffd63eab3d5f0061b2679,91996c56b18b69b3
data/private/portraitnet/general_paintings/paul-bril_landscape-with-stag-hunt-1595.jpg,general_painting,0,paul-bril,train,4bde741e177caddabee1a63b71536545a8bc57df79e2568b78d20b8d77f14fa0,d2d06e4d0f872c9b
data/private/portraitnet/general_paintings/paul-feeley_untitled-1965.jpg,general_painting,0,paul-feeley,train,55b303dc876ce2bc3ab2fae6ba15221cfabac7be3eb642b5f3e631eef7fec898,ab68b62cd2b488f3
data/private/portraitnet/general_paintings/paul-feeley_untitled-april-15-1964.jpg,general_painting,0,paul-feeley,train,2ed53b4e0abe900861d4b73f975b5c01fb01652a2be20e61957a2f515b22f159,ff41e31e400ef4e1
data/private/portraitnet/general_paintings/paul-feeley_untitled-august-1962.jpg,general_painting,0,paul-feeley,train,3532f82f2ca33f117a569269a5ee72144aad8659b101f4b5cc6329ba105a9245,86bbe2470343d6f8
data/private/portraitnet/general_paintings/paul-feeley_untitled-color-radiation-from-blue-center-1964.jpg,general_painting,0,paul-feeley,train,58bb3bf1659a032200973e3bfae0c6585a9b20860cd9b9840be2c53a22deedde,b7c8c11e7219dc63
data/private/portraitnet/general_paintings/paul-feeley_untitled-february-26-1964.jpg,general_painting,0,paul-feeley,train,ed6024448e26f766b143583776238e6c11f002adedca7ac751dcf4ccd0e9a08b,abdc8c4af383cca1
data/private/portraitnet/general_paintings/paul-feeley_untitled-watercolor-4-1964.jpg,general_painting,0,paul-feeley,train,95b28c6129c8a16e765551e78b788120c2eac997bc7e432e58568b1a1550724f,b4cccbb22ccd32e4
data/private/portraitnet/general_paintings/paul-jenkins_continental-divide.jpg,general_painting,0,paul-jenkins,test,7e805938eb92074464734ea1e247a59b8bf05d6f73e6d4519a4a41298e832069,f23531394d9a5a1e
data/private/portraitnet/general_paintings/paul-jenkins_not_detected_235704.jpg,general_painting,0,paul-jenkins,test,415bb0a475e8dbce7c335c47e2f138a279bbb9d9832157953aab6bfea874eb6a,ec138568d8cfc3c3
data/private/portraitnet/general_paintings/paul-jenkins_patternity.jpg,general_painting,0,paul-jenkins,test,7d40ce4d816f8e7e7fc736218b35c57a4a1b2f4dc1eff0d143e04b480b52915c,f87dc9a15ea1e0c1
data/private/portraitnet/general_paintings/paul-jenkins_phenomena-calling.jpg,general_painting,0,paul-jenkins,test,61b0161e88525e2a287678d48ad144e5b43b1f64ca321f7c0bdba80684690a63,f0c699276d1a5273
data/private/portraitnet/general_paintings/paul-jenkins_phenomena-compass-bearing.jpg,general_painting,0,paul-jenkins,test,9c5bec62dbab66f7d57cf3e4b5771f809b93b519274d41708dc3b5f35a14868e,ee0fc7739c0390cc
data/private/portraitnet/general_paintings/paul-jenkins_phenomena-french-west-indies.jpg,general_painting,0,paul-jenkins,test,5de94586344612099cc6d1f90a51fdd9ac667c30cba0cabba642fb77012c8852,ffb8a0398383c4dc
data/private/portraitnet/general_paintings/paul-jenkins_phenomena-montezumas-band.jpg,general_painting,0,paul-jenkins,test,f7e3362dfb51d57681654c111b548502522c686ed7feba4e1edcd934af69b407,b7e69302c9f081f6
data/private/portraitnet/general_paintings/paul-jenkins_phenomena-pointed-eas.jpg,general_painting,0,paul-jenkins,test,73faf6d1d9d00d7d4d31f2f3a31cd6e15022fa82799776d9109a573149c8dd76,8962790ce778cec3
data/private/portraitnet/general_paintings/paul-jenkins_phenomena-solstice-encounter.jpg,general_painting,0,paul-jenkins,test,9fd87177bcd4e0b265cec1b67c950d429ed485ffb682d390bf21b6b7d3599742,d4da7923368ccd31
data/private/portraitnet/general_paintings/paul-jenkins_phenomena-wind-arch.jpg,general_painting,0,paul-jenkins,test,e1fef06baa2d2daf906d3bcac364e9bb0ed68563874abc566606ee61729f7701,ead2c9898f5e3036
data/private/portraitnet/general_paintings/paul-jenkins_phenomenon-prism-yield(1).jpg,general_painting,0,paul-jenkins,test,2e95d800b2943750c61a75d0a4a307ad337e132f38b186246eb60066f202434f,c8c3cd7d35949ac2
data/private/portraitnet/general_paintings/paul-jenkins_the-color-of-light.jpg,general_painting,0,paul-jenkins,test,c15aa7d20cceeff660e4a6fdac9328ddd3c3deee4c674afc25b1ed6539ff96e3,fb3a120493f09f27
data/private/portraitnet/general_paintings/paul-klee_red-and-white-domes-1914(1).jpg,general_painting,0,paul-klee,val,027c42db15355c27b6c3ccda4741b52d518bb07ee435381c6eb1473fbf589ee1,ffa94154dcb1d0c8
data/private/portraitnet/general_paintings/paul-klee_red-balloon-1922(1).jpg,general_painting,0,paul-klee,val,0b5b83816ffe6b1c6e506fa02cad4c70b794f501bc4dba444101e8e5e3d9997e,93d6259946397a87
data/private/portraitnet/general_paintings/paul-klee_revolving-house-1921(1).jpg,general_painting,0,paul-klee,val,e87acab026ffee34cd4c2c4322362ad8e294741a283848617c8dd94bfeb77710,c03952320f636f7d
data/private/portraitnet/general_paintings/paul-klee_rose-garden-1920(1).jpg,general_painting,0,paul-klee,val,70bd063446d18f63d998a44034d17a9a27e53a3a46aa4d375e9a231eed59511e,db742470a52a71ee
data/private/portraitnet/general_paintings/paul-klee_senecio-1922(1).jpg,general_painting,0,paul-klee,val,7547deb57ff14c98da7475a7e069fbee2fd414f8cdce799e0fcfb0247335f2a1,94336a9227786fe1
data/private/portraitnet/general_paintings/paul-klee_summer-houses-1919(1).jpg,general_painting,0,paul-klee,val,eab62ef1a0e3bc16993e133358d32d07523064b3fbf8ec662a8e9ff7ebfa52d6,d04f5b732e5866a1
data/private/portraitnet/general_paintings/paul-klee_swamp-legend-1919(1).jpg,general_painting,0,paul-klee,val,a17390e0a93967d85651b5b2aae43c2ae10d4188a85dedb145e5b36e9fc60f7e,8ca01b7b7ccec4b4
data/private/portraitnet/general_paintings/paul-klee_temple-gardens-1920.jpg,general_painting,0,paul-klee,val,40535d385b650033ca5c8ab769439777e6a5ca3af8fa61b7970cab8fe1cf1af9,ba3c852b85cec3d4
data/private/portraitnet/general_paintings/paul-klee_the-chapel-1917(1).jpg,general_painting,0,paul-klee,val,130fe09006f93733dbb8bc6f533b0a37d112a6121168b250f6e26a000ced5c80,c368a3c29973da56
data/private/portraitnet/general_paintings/paul-klee_the-mask-with-the-little-flag-1925(1).jpg,general_painting,0,paul-klee,val,226f4cf6ef33ee0ba98803f9b721b10afa4133eed16061e672384ca9d9214678,ba3cad3594789a62
data/private/portraitnet/general_paintings/paul-klee_untitled-still-life-1940(1).jpg,general_painting,0,paul-klee,val,5cd37176a99033b685ad17078970c3c5e2c1b9e37cf31359c8a5de8b2c149ec2,a37fcc1879816636
data/private/portraitnet/general_paintings/paul-klee_view-towards-the-port-of-hammamet-1914.jpg,general_painting,0,paul-klee,val,fe3f9ab531e357044a5e4b2b9705341587aef80248e9eb3099f919454b27bba4,844e33f1f4f2d0a6
data/private/portraitnet/general_paintings/paul-klee_villa-r-1919(2).jpg,general_painting,0,paul-klee,val,573b28791522131fe856390c0c4cf27f9ad1f74cd12d59ff6e61661e0c101fd4,852a3eb6e1f41e25
data/private/portraitnet/general_paintings/paul-klee_wall-painting-from-the-temple-of-longing-1922(1).jpg,general_painting,0,paul-klee,val,c1b815da946eb19ebb06e44f7f70b67b2df1ab7dd17192433c71a5c1406dcf74,c21fce91a5a5b9a4
data/private/portraitnet/general_paintings/paul-reed_17dr-1965.jpg,general_painting,0,paul-reed,train,4671cfdc1d065b6a26dc6b9e8944c17a4f2461d0b137cb94cb8745238bdddb03,a8f596c33c0f7065
data/private/portraitnet/general_paintings/paul-reed_18-l-1965.jpg,general_painting,0,paul-reed,train,67446b8314370ba1a81458479c545b7bc47fdf6e067670b0b6a4b88ba72d803e,eeb1f1d4c4ccc4c4
data/private/portraitnet/general_paintings/paul-reed_18r-1965.jpg,general_painting,0,paul-reed,train,9c77531c70d4102192ee6c47a46a38454cdcb0fcc0ffb96b048171d04c32655a,b09cb59a821f551f
data/private/portraitnet/general_paintings/paul-reed_8-1965.jpg,general_painting,0,paul-reed,train,f66f08a01c2b874b7929487fa78c0f34aeb54683ceae6e4e931d6357921d3fa2,84b11fc17ccf305e
data/private/portraitnet/general_paintings/paul-reed_draa-1988.jpg,general_painting,0,paul-reed,train,f19a3d697b3fe34bd8f8375458c6270c78646fe75c522b6ff47b6705b5aefc4b,b3c8909a96aa8bf6
data/private/portraitnet/general_paintings/paul-reed_gilport-d-lxii-1972.jpg,general_painting,0,paul-reed,train,b245f51b82e9fd1ace8652927d2488657957832576c18d2a37d282becf95e539,f9b2e01ae45e8749
data/private/portraitnet/general_paintings/paul-reed_tatar-1998.jpg,general_painting,0,paul-reed,train,5b3dbf94681fa094ad6044150475496fd8fa692e77b40d412fbf0dea346eeb21,9a965bc9ce11aad2
data/private/portraitnet/general_paintings/paul-reed_upstart-18f-1965.jpg,general_painting,0,paul-reed,train,4e19ece9d148e88e5f8210ddd907284ba2fc80ca29934aa2b81dc25067380e89,df90f1c1c4c0f3c9
data/private/portraitnet/general_paintings/paul-reed_upstart-xxii-1966.jpg,general_painting,0,paul-reed,train,f850027f8287dd8e49c096eb5044b867ce7086ba2a03477c68e98f769d22b7fe,fd15c1bb4062f3e0
data/private/portraitnet/general_paintings/paul-reed_upstart-xxv-1966.jpg,general_painting,0,paul-reed,train,a35b5bb2da9f6a2a13d475f5d0801db2eff312699939d99f6d833fa80e5c0e03,ea36e0526bd2f170
data/private/portraitnet/general_paintings/pauline-boty_5-4-3-2-1-1963.jpg,general_painting,0,pauline-boty,test,0f896d9d041ee1b13462b87248da3e83054be6f2b2a97902a1c2f0db6b35f7e0,eaf10b169d407d69
data/private/portraitnet/general_paintings/pauline-boty_it-s-a-man-s-world-ii-1965.jpg,general_painting,0,pauline-boty,test,48d1b5569324b9b497b87bc84a4fe002ae4a86accc7821f9d9bc163d4f78c542,8ec93036693c6ced
data/private/portraitnet/general_paintings/pauline-boty_monica-vitti-with-heart-1963.jpg,general_painting,0,pauline-boty,test,39b8fe361d87ccebbbfd63801882b3dd3dec8d25595b6b0c4d5dda4b58157af9,8e61319f4f643b31
data/private/portraitnet/general_paintings/pauline-boty_my-colouring-book-1963.jpg,general_painting,0,pauline-boty,test,9c4cd1b0df809be22f29f3114ff767209119e841d8c1c0cf28c6c64fbf8d6976,f1a4c35b8ce8f04b
data/private/portraitnet/general_paintings/pedro-calapez_asa-02-2007.jpg,general_painting,0,pedro-calapez,val,078f30275e4761ec0f32ddb681fdcf2778e9d9ba9552c46d14e5a6821a8bd360,bb989066cce343da
data/private/portraitnet/general_paintings/pedro-calapez_campo-de-sombras-muro-02-1996.jpg,general_painting,0,pedro-calapez,val,281fdab0995caf11b8d89d2469545c95e13305aa7cc07214106f703ed5056c52,b1b2ce6d07367990
data/private/portraitnet/general_paintings/perle-fine_soft-neon-1973.jpg,general_painting,0,perle-fine,train,2795746ef1bd7ff647d3b2f571fea7ac03858bec5ae1e03497da4e3a9a73d18f,aad441e315f872d5
data/private/portraitnet/general_paintings/peter-blake_illustration-to-the-cover-of-face-dances-1981.jpg,general_painting,0,peter-blake,train,1d5144ce8f7afc5511bae6e6fbb8e139cbb6c352a7977f6a8c8df95377b77762,fa36917b84c6c474
data/private/portraitnet/general_paintings/peter-blake_on-the-balcony-1957.jpg,general_painting,0,peter-blake,train,d3fbcddd5c6a1833affe4f060066b18ca4ffc6b2bfaddb717692ade2772c3bff,a42ee5ddb2b42896
data/private/portraitnet/general_paintings/peter-blake_portrait-of-david-hockney-in-a-hollywood-spanish-interior-1965.jpg,general_painting,0,peter-blake,train,ada9c0993b8af6d7137153a82f6c06bd2425c4d94e33acecb844ad7452f42410,e44d3c709ed8b472
data/private/portraitnet/general_paintings/peter-blake_the-beach-boys-1964.jpg,general_painting,0,peter-blake,train,0085b8117b4c7eeeb8693e275957e1aad4a9a9174ea634b6029943e085afe4c5,bf95c06a9586343e
data/private/portraitnet/general_paintings/peter-blake_the-fine-art-bit-1959.jpg,general_painting,0,peter-blake,train,c4d7531a6bcc98beddb0eb13c05d10a07c3079ce864af2f1e6ad3c281dbe5b36,d4feded462c121c1
data/private/portraitnet/general_paintings/peter-blake_the-first-real-target-1961.jpg,general_painting,0,peter-blake,train,a80aa24ca719d7c19374dfbdf4251a3a47a7b88f54b8ee5581d3d334f422812b,bd53522a5b717870
data/private/portraitnet/general_paintings/peter-busa_new-york-times-1945.jpg,general_painting,0,peter-busa,train,9de6104a455c8c4866e4e5623324933c470b5429097e3c1c78142b88866b30b5,88ab94c69e95e6a5
data/private/portraitnet/general_paintings/peter-max_1-2-3-infinity-the-contemporaries-1967.jpg,general_painting,0,peter-max,val,95641db61defe28ed26e46632fbd6a7b137d772c4c289c8d0cd951418f197f76,8a0ad50e3e61f53d
data/private/portraitnet/general_paintings/peter-max_12-captain-midnight-1966.jpg,general_painting,0,peter-max,val,d022ede1c1052e264da3a2102029f3f597c76afa3a7cbd5525f5d64d76097aec,eeb1984eb66a9838
data/private/portraitnet/general_paintings/peter-max_american-500-sunset.jpg,general_painting,0,peter-max,val,83d9db2c44f1032c7af00c540f76b3a731497d5769e680984fd51aec8cc16971,b761c1bee331c01e
data/private/portraitnet/general_paintings/peter-max_better-world-1993.jpg,general_painting,0,peter-max,val,2199850ebfce25e8f44570710743fc5cf10f0ac5e1ff25f214a79b61b9bf5721,93fa78a50d1e282f
data/private/portraitnet/general_paintings/peter-max_buddha-moon-monk-sunrise-1999.jpg,general_painting,0,peter-max,val,5cf4a8be47449ebad47efb764df37a304ca964b1e10fe1ace55474a5d5b31625,9ab44d43653b3b8c
data/private/portraitnet/general_paintings/piero-della-francesca_death-of-adam(1).jpg,general_painting,0,piero-della-francesca,val,fdb573203ef36ac8d48df28c132e8b0825e5ad1ec1e493f434a960028826b327,c23178832f866bdb
data/private/portraitnet/general_paintings/piero-della-francesca_federico-da-montefeltro-1472(1).jpg,general_painting,0,piero-della-francesca,val,f2d4fd83fdc0e643b9d9abc57522db2e5de8fd4a77d2050fb03a28ee25ef856f,8484eb0292fc5fbd
data/private/portraitnet/general_paintings/piero-della-francesca_ideal-city.jpg,general_painting,0,piero-della-francesca,val,f59655c4ad7e380d517a64e9ca7d87ca150c787ba8dac0e44dce3ead296ccfe0,8669d968fa44ec74
data/private/portraitnet/general_paintings/piero-della-francesca_prophet-1(1).jpg,general_painting,0,piero-della-francesca,val,1af272cb47dd445273fea78cd5331f2060a5273861a0a9bd681d384b7336c938,af34b04e9243d17b
data/private/portraitnet/general_paintings/piero-della-francesca_st-anthony-resurrects-a-child.jpg,general_painting,0,piero-della-francesca,val,2de76f43816fe6b1b8e210015499dc71529bdca2c81d50861a4d06a4d157acaa,aa1a952ced599366
data/private/portraitnet/general_paintings/piero-manzoni_achrome-1959-2.jpg,general_painting,0,piero-manzoni,val,882651dde1a92f28fcb29004e081bbe9f7ea718ab7440ea68d9acbb98177541a,bfef68cac090d095
data/private/portraitnet/general_paintings/pierre-soulages_peinture-18-mars-2010-2010.jpg,general_painting,0,pierre-soulages,test,009fd1add833e115f24bec164df350e6e86e7e3afae7cc67666c5f458a56be12,8684733bcb731f05
data/private/portraitnet/general_paintings/pierre-soulages_peinture-244-x-181-cm-25-avril-2011-2011.jpg,general_painting,0,pierre-soulages,test,158aca5f919a56e5cfd71703fd272ad1907d52e95d518718a9c2837f1af6d444,efc515192bea7212
data/private/portraitnet/general_paintings/pierre-tal-coat_nature-morte-au-pichet-et-raisins.jpg,general_painting,0,pierre-tal-coat,test,0942bbee70b2c3db9229fc67b72103815e6085082cedba5ef70bcf30eaac3a1a,b38fccf842d16872
data/private/portraitnet/general_paintings/pierre-tal-coat_nature-morte-sur-la-table-1944.jpg,general_painting,0,pierre-tal-coat,test,37f981e22645e66b8a6e0b894ed2967e238a21ff40ac69c7887474dbacb829fb,fba4f2b00952cb9c
data/private/portraitnet/general_paintings/pierre-tal-coat_untitled(1).jpg,general_painting,0,pierre-tal-coat,test,c95e1f7030e5e2e368af86940351e29833fef6bb3acefb29149f835161759181,ae69dd9857347c08
data/private/portraitnet/general_paintings/piet-mondrian_not-identified.jpg,general_painting,0,piet-mondrian,train,3dadf342e69286d5fdec78c671a996d94ad20f351877121427d3ccb5c369e413,fc9493c71297433a
data/private/portraitnet/general_paintings/piet-mondrian_still-life-with-gingerpot-1-1911.jpg,general_painting,0,piet-mondrian,train,da6dcf23ff689d585d85a78d44f30792a417e2eb694bc6233ad95819ae13a81f,c8bce2b6e4d13ac1
data/private/portraitnet/general_paintings/piet-mondrian_still-life-with-gingerpot-2-1912.jpg,general_painting,0,piet-mondrian,train,112bfc95db2996a84fdcdef7155ee9316b44dbf375aa4e05230c3528342f029f,8e7cb722621e6d23
data/private/portraitnet/general_paintings/pieter-de-hooch_at-the-linen-closet-1663.jpg,general_painting,0,pieter-de-hooch,train,b3d00d3009a8fd8d097055116f5e37ef7e821d48e49332b3e4f24d0dd734065e,d57a81c492f9ce32
data/private/portraitnet/general_paintings/pieter-de-hooch_card-players-at-a-table.jpg,general_painting,0,pieter-de-hooch,train,b8207ce3fc081f0b3a5723649a4a6247ebd348f8f2a716787a44d68e52d51261,f03f5e908716de60
data/private/portraitnet/general_paintings/pieter-de-hooch_cardplayers-1658.jpg,general_painting,0,pieter-de-hooch,train,7611566c8a0ab6a74691cc8642f979f963db50374644d1160f3be25c1bfd0e79,f11d0773b264239e
data/private/portraitnet/general_paintings/pieter-de-hooch_company-in-garden.jpg,general_painting,0,pieter-de-hooch,train,3c04bc008c31a39abc7160cc8b36de3e977bc3b5bc691ff2392a17ebc5590243,92f6a9c84673462f
data/private/portraitnet/general_paintings/pieter-de-hooch_company-making-music.jpg,general_painting,0,pieter-de-hooch,train,524f0d33a5a95fc9edfd99a533c6e8fd55ee988181e64b83de6817a34734afcf,c6605a0d66afd927
data/private/portraitnet/general_paintings/pieter-de-hooch_concert.jpg,general_painting,0,pieter-de-hooch,train,7d1d4b72b464854add1b9a93aaa50565874b2ceca6e1a330f9d779415f451f9d,90604d1e6dddb696
data/private/portraitnet/general_paintings/pieter-de-hooch_couple-with-parrot-1668.jpg,general_painting,0,pieter-de-hooch,train,727e9a920b1e3f551bf6265c6d57dc41ecf2a98140203978aab6e616305cd09b,c2383dcf3e607326
data/private/portraitnet/general_paintings/pieter-de-hooch_courtyard-of-a-house-in-delft-1658.jpg,general_painting,0,pieter-de-hooch,train,15041bec17c61b83faaffeea7ddf6c17e0a16a95cf16cb98bd1370676b93975c,eb1ad15b9a52748c
data/private/portraitnet/general_paintings/pieter-de-hooch_dutch-family.jpg,general_painting,0,pieter-de-hooch,train,35d846c02109c9a90ddb71c80355aa59c22e7340fa65cadf6388f427fe8cd9c7,cecffa42b1503293
data/private/portraitnet/general_paintings/pieter-de-hooch_going-for-the-walk.jpg,general_painting,0,pieter-de-hooch,train,17b680b41d8748a14d131e7d2957682be2204873f28d153da4a4fcba33dd00ab,b16466395266ad9b
data/private/portraitnet/general_paintings/pieter-de-hooch_happy-drinker.jpg,general_painting,0,pieter-de-hooch,train,32e20ab4c77cb7dc6febec46e96f7d995beb2f342f7722bbb5ee9ca2676af68d,b46a9b7631956499
data/private/portraitnet/general_paintings/pieter-de-hooch_interior-of-a-dutch-house.jpg,general_painting,0,pieter-de-hooch,train,096f27cbbc8db904d3ab1ffd56994c6a52ed16218adfa0c1e0f83e3b3d3158db,c6d231393ecf381c
data/private/portraitnet/general_paintings/pieter-de-hooch_interior-with-a-mother-delousing-her-child-1660.jpg,general_painting,0,pieter-de-hooch,train,4e1af6eaeea51a10c4e329e6c1296298d2ac61a915244ddad1b7e79e233bca08,c2ab9e74d841c15f
data/private/portraitnet/general_paintings/pieter-de-hooch_interior-with-figures.jpg,general_painting,0,pieter-de-hooch,train,264af01829e9eccb0321bd4bd6be77854424c3a6f59f04c2219f3a3059897e5c,8de6325dd8723d0c
data/private/portraitnet/general_paintings/pieter-de-hooch_interior-with-two-gentleman-and-a-woman-beside-a-fire.jpg,general_painting,0,pieter-de-hooch,train,11f2a931e2691818c08458d28fc3bf7dfbe8a3ba7d4e24d114f0d73af6b21670,ce8b3326a672e319
data/private/portraitnet/general_paintings/pieter-de-hooch_interior.jpg,general_painting,0,pieter-de-hooch,train,f078858537b6deef809ffd6c79eb4de624955818582a02240ac81288bd53cfbc,f0e04d6b33721e8d
data/private/portraitnet/general_paintings/pieter-de-hooch_man-offering-a-glass-of-wine-to-a-woman-1653.jpg,general_painting,0,pieter-de-hooch,train,571754f2201d8996c4114deaf7b2b473c5ced47712f363d1d6459e0e22d4ecdf,ef3d00068bf98ce3
data/private/portraitnet/general_paintings/pieter-de-hooch_mother-at-the-cradle.jpg,general_painting,0,pieter-de-hooch,train,564705b4addb0931ca269971816f91d8bee777b634305d60085cf647cbdd240f,96bb69e432f30613
data/private/portraitnet/general_paintings/pieter-de-hooch_nursing-mother.jpg,general_painting,0,pieter-de-hooch,train,d060472d02e57c695d09a10be03b93e8b80e6631c71878fd36ad1180d57fbfa4,992df733c81c9931
data/private/portraitnet/general_paintings/pieter-de-hooch_paying-the-hostess-1658.jpg,general_painting,0,pieter-de-hooch,train,1783646e310004facccd406285c3f9a403e624f17cb3c9da16b284d4ba34e8d2,9269b75ac0976c93
data/private/portraitnet/general_paintings/pieter-de-hooch_portrait-of-a-family-of-musicians-1663.jpg,general_painting,0,pieter-de-hooch,train,accb3ebb28420165f6f86a73489e03acd397312c6278ced96007a584ccd5f5c0,873dd2469907eb0d
data/private/portraitnet/general_paintings/pieter-wenning_still-life.jpg,general_painting,0,pieter-wenning,train,d599ed5c80af793c59f73e54058453b30b2bb75b8df5421c2f53db3e05cd1b36,f8b085c9ca4f85ec
data/private/portraitnet/general_paintings/pieter-wenning_the-bridge-rondebosch.jpg,general_painting,0,pieter-wenning,train,b9c93f296c8d6b145b430020671b1c719a8dabd229fd0151380cc37f5ec729b2,c6d3fa9071360799
data/private/portraitnet/general_paintings/pieter-wenning_transvaal-evening-nelspruit.jpg,general_painting,0,pieter-wenning,train,5bf8a69c54133f84f894ff18fb5ef127c1beaee7882882ae740328bc76994443,d689211ed3613ed6
data/private/portraitnet/general_paintings/pietro-perugino_baptism-of-christ-1.jpg,general_painting,0,pietro-perugino,test,7706aa1a6a91bd0334aa952b9d995c16d064d2a24144ece525372c442840c591,c8acb57356134a2f
data/private/portraitnet/general_paintings/pietro-perugino_christ-handing-the-keys-to-st-peter-detail-2.jpg,general_painting,0,pietro-perugino,test,8101dbd87df692d9d36c94ce71f62b04afae79d8b2d594b34493a1edac61414a,a756494451bf3c95
data/private/portraitnet/general_paintings/pietro-perugino_the-miracles-of-san-bernardino-miracle-baby-born-with-one-dead.jpg,general_painting,0,pietro-perugino,test,0068b0e704d7a89a3c63d86ea4344fe9b8c1432e8fce60de31969f463eeb647d,c4b16a6eb14e3dc2
data/private/portraitnet/general_paintings/pino-pinelli_pittura-bl-1993.jpg,general_painting,0,pino-pinelli,train,1ca09a4295946ecd514d939cab91a88a8ac9318628be870f033f8ffb78f7cbb0,dfe0853f604f1ab0
data/private/portraitnet/general_paintings/pino-pinelli_pittura-n-g-1987.jpg,general_painting,0,pino-pinelli,train,b7a336fa8d35dac2c77f45d3016aae6c40773860024e06889dfc8602fe94cd25,ebab46a461f1709a
data/private/portraitnet/general_paintings/pino-pinelli_pittura-su-carta.jpg,general_painting,0,pino-pinelli,train,805dfb00de2570bdd317aedbc944abba568c5774b1952d33ee49ef236efc0029,acd8664ee19133a7
data/private/portraitnet/general_paintings/pyotr-konchalovsky_a-house-in-belkino-1907.jpg,general_painting,0,pyotr-konchalovsky,val,76b1ff8ce57f0077f974ab988ef7e6877df7834925e4145634a719b63c29b797,969625633b384cbe
data/private/portraitnet/general_paintings/pyotr-konchalovsky_archangelsk-ships-in-port-1903.jpg,general_painting,0,pyotr-konchalovsky,val,39c6d2426871351438d6cd96a59a3dcdbbc7c5e3f5734211ef5314382086aa01,8386da39a6de16f0
data/private/portraitnet/general_paintings/pyotr-konchalovsky_portrait-of-the-artist-s-wife-olga-konchalovskaya-under-the-umbrella-in-the-garden-1904.jpg,general_painting,0,pyotr-konchalovsky,val,32cd85f1a76baa73f68f2899409f432fad78c222b8ec48503a76564334112027,8cdff31ccca64843
data/private/portraitnet/general_paintings/pyotr-konchalovsky_siberia-taiga-1902.jpg,general_painting,0,pyotr-konchalovsky,val,1a669825dcb82ff6562cd9d8d8e59026638e7ff377827d3df02e59c5e7b8f034,c5ece6bd8a53421a
data/private/portraitnet/general_paintings/pyotr-konchalovsky_study-1907.jpg,general_painting,0,pyotr-konchalovsky,val,6100d97b5d3ee436fed1d1434d611ee7f6f3a4dacdbf6dfe1d4975bff14c25d0,b60a2da69e345e3a
data/private/portraitnet/general_paintings/ralph-hotere_song-cycle-1975.jpg,general_painting,0,ralph-hotere,train,5b8b01324610f0bf2487969aa04d3e7e821231ef68724080ec87658b009d7028,907f81e23fc02fd8
data/private/portraitnet/general_paintings/raoul-dufy_carnival-on-the-grands-boulevards-1903.jpg,general_painting,0,raoul-dufy,train,c8792884ceff4de3ef5813ed2a2611014312cb465b272582177cfdb77576098e,81c9bc74b053996f
data/private/portraitnet/general_paintings/raoul-dufy_claudine-from-back-1906.jpg,general_painting,0,raoul-dufy,train,362bd6fca67eb6b235d423c5f7e8262f7951e15f078f1aaca2f4792b2cecdf36,dbc06d24f6939a29
data/private/portraitnet/general_paintings/raoul-dufy_the-beach-at-sainte-adresse-1902.jpg,general_painting,0,raoul-dufy,train,061a03044e15ce77cf6a77c2fb895fd063b9d2d1bf50e906e5eec16154c4a1a6,afe0b6009f6f609c
data/private/portraitnet/general_paintings/raoul-dufy_the-beach-of-sainte-adresse-1904.jpg,general_painting,0,raoul-dufy,train,94a32ac427cac5d8f92fafa336dc6b6c49c195ae58e97c128ebc893eccbfe457,806b949ea71c6b6b
data/private/portraitnet/general_paintings/raoul-dufy_the-louis-philippe-bridge-and-the-saint-gervais-church-1904.jpg,general_painting,0,raoul-dufy,train,533ea2d2f34b3e6d109cb156b8a6ab55d12185d2aee5c98616672065bcb75b45,e1ed892fc9969c42
data/private/portraitnet/general_paintings/raoul-dufy_the-port-of-martigues.jpg,general_painting,0,raoul-dufy,train,05038efc71031ab10913e63d032215d01cf43e06c4961aa954bd4498e2213ba4,8f8f7a6005f23d29
data/private/portraitnet/general_paintings/raoul-dufy_view-of-a-port.jpg,general_painting,0,raoul-dufy,train,98818a34665b54eb37bec167677399f1dddb26509c97fdabc9cbc15cd2b82aab,afb5b162cc5c6072
data/private/portraitnet/general_paintings/richard-artschwager_five-scratches-1969.jpg,general_painting,0,richard-artschwager,train,e57175e236cbe6ac872716de612196f09db12bdf770adf99b24e291467011186,f3a61cd2a1c9d598
data/private/portraitnet/general_paintings/richard-diebenkorn_interior-with-book.jpg,general_painting,0,richard-diebenkorn,train,7826a3ab6cc50d41a585ed7f85d997949e5c34638d2a311ec50290ab1b7a8eb9,98f8470f78917e07
data/private/portraitnet/general_paintings/richard-diebenkorn_interior-with-flowers.jpg,general_painting,0,richard-diebenkorn,train,2fb30cdfa1fa8324b38c75468aea885f7fef513e4db219035cc66108968d339f,fd0c1f7bc085a1e2
data/private/portraitnet/general_paintings/richard-diebenkorn_interior-with-view-of-buildings-1962.jpg,general_painting,0,richard-diebenkorn,train,ecd6609ee11ac995f79b779e281fc733f4dad3b87490806c3402c36b7aa9947f,e18efa671529c0f1
data/private/portraitnet/general_paintings/richard-diebenkorn_interior-with-view-of-buildings.jpg,general_painting,0,richard-diebenkorn,train,352ef8cdb9860097cd6a86300beae59469ec6dd30e3821f6f4be293ae5dd9c6f,96dc49017b6332b7
data/private/portraitnet/general_paintings/richard-diebenkorn_interior-with-view-of-ocean.jpg,general_painting,0,richard-diebenkorn,train,fa3c479454bdd117fa513538af707f7ba24a023748eda2f40320f2c9ed703ea1,91b17ece78c28669
data/private/portraitnet/general_paintings/richard-diebenkorn_knife-and-glass.jpg,general_painting,0,richard-diebenkorn,train,081456ace5da6497c508858571a57ba64d206a22071e064cc411e9743c8bd124,eeb1184c8cd66793
data/private/portraitnet/general_paintings/richard-diebenkorn_large-still-life.jpg,general_painting,0,richard-diebenkorn,train,8488e0be6f7941eb601487ab9983c5dee830d232ad56da8bb77f9e04d63429fd,955b40349bcf4d78
data/private/portraitnet/general_paintings/richard-diebenkorn_lemons-and-jar.jpg,general_painting,0,richard-diebenkorn,train,15050674fed064b84092eada2a65a831485c5935b11833d4ae916ea31072124a,807f576a49c19a3d
data/private/portraitnet/general_paintings/richard-serra_bramme-for-the-ruhr-district-1998.jpg,general_painting,0,richard-serra,test,f4eb9371e6b46d90184f7f238e70125816ebec15544da9e2c1a3c135e4e793f4,d3f1824d31b7c50e
data/private/portraitnet/general_paintings/richard-serra_pittsburgh-1985.jpg,general_painting,0,richard-serra,test,612d65cd2a1121a4db203dd225423ff8072f34431f932972ca7af8665442261f,eec4c4e4c4e6913b
data/private/portraitnet/general_paintings/richard-tuttle_20-pearls-11-2003.jpg,general_painting,0,richard-tuttle,train,4c95ca875184fc7986dab34ae9d4b08f1adee44efdf709bfa12dd008af135276,b99987c66d189c65
data/private/portraitnet/general_paintings/richard-tuttle_8th-paper-octagonal-1970.jpg,general_painting,0,richard-tuttle,train,3e1a0e62bab919840aedc381e7fd9a2de2d6d250e8e9557f600232a579fc812d,c3cf693c643036e3
data/private/portraitnet/general_paintings/richard-tuttle_boys-let-s-be-bad-boys-5-1998.jpg,general_painting,0,richard-tuttle,train,23eb2b7c5b6070fff0fd8e1b23c093f7dbf83ed98330c59206fc18227f0db4d6,f6379168d8c8cccc
data/private/portraitnet/general_paintings/richard-tuttle_relative-to-our-society-1990.jpg,general_painting,0,richard-tuttle,train,5c2b0d2e53ab364a4ea897dc1b4db4ecff59e7fec2b46c6ea0c28dd0bdc2ae2b,e79266cd18e518b3
data/private/portraitnet/general_paintings/richard-tuttle_village-vi-no-i-10-2005.jpg,general_painting,0,richard-tuttle,train,a5d17e88cce9cc542f3f22dc80dc7893827ee2ec8257e33bd97fcb656d2dc8f4,bb919cce63e3844c
data/private/portraitnet/general_paintings/robert-brackman_the-toilet.jpg,general_painting,0,robert-brackman,train,f24c2d8df8c1a6da30d7ff39d79dd9eeb97f813e13754c9970488928b0ea691c,e22f34c00de1fef0
data/private/portraitnet/general_paintings/robert-julian-onderdonk_a-cloudy-day-bluebonnets-near-san-antonio-texas-1918.jpg,general_painting,0,robert-julian-onderdonk,test,30da1d76ed33f563a313d7a808b21753e245322f90246dd28959a8eddb597e8f,9d9eeee463616111
data/private/portraitnet/general_paintings/robert-julian-onderdonk_a-january-day-in-the-brush-country-1922.jpg,general_painting,0,robert-julian-onderdonk,test,b459a0c48ada718fc43a59d4d4319bb97577800337329fb4490e149477d93ccd,a7f6b89d28694474
data/private/portraitnet/general_paintings/robert-julian-onderdonk_a-june-morning-1909.jpg,general_painting,0,robert-julian-onderdonk,test,bc3ed5281b7991eb0023402ad55f6bfe879d0da40c8d13831a2f9df8e2868cc5,c9cd31c798a35671
data/private/portraitnet/general_paintings/robert-julian-onderdonk_a-path-through-the-texas-hill-country.jpg,general_painting,0,robert-julian-onderdonk,test,4fd875f8b70c47c098598ee8e4c200427f1753df46bd8b2e70cfeab8f328ce10,991bc6c773664f20
data/private/portraitnet/general_paintings/robert-julian-onderdonk_arrochar-park-staten-island-1903.jpg,general_painting,0,robert-julian-onderdonk,test,d403c845aa260cfab421c6b18cb62123da129164feae76a65b77b3097d348202,f06b852a0fd86b95
data/private/portraitnet/general_paintings/robert-julian-onderdonk_autumn-birches-central-park-1909.jpg,general_painting,0,robert-julian-onderdonk,test,184b5d23132993fc031ad3fea542ca79f51c96893e2175e6a85b5d07bc1071b6,90c63fc16699cae3
data/private/portraitnet/general_paintings/robert-julian-onderdonk_autumn-landscape-1.jpg,general_painting,0,robert-julian-onderdonk,test,bd19701292bc19fb6a822dd88b34dab948fa025d06b41f180b7714541be6305b,c9da3213c77c2d61
data/private/portraitnet/general_paintings/robert-julian-onderdonk_autumn-landscape.jpg,general_painting,0,robert-julian-onderdonk,test,63e748942f58600649f60a3f6aa5447b20586c4e37f3973e307c571e453c00f0,9a9be565cc92e861
data/private/portraitnet/general_paintings/robert-julian-onderdonk_autumn-sunset-1908.jpg,general_painting,0,robert-julian-onderdonk,test,b1cf9ab2730f0d6a1ae185e24f5506ad0234d2e8aaa0513304366a3e9ed06d98,c59592624fc93337
data/private/portraitnet/general_paintings/robert-julian-onderdonk_bluebonnet-scene-1.jpg,general_painting,0,robert-julian-onderdonk,test,5b3737900e04409e88813ef423ec970e5c849838b326cccbc0124c85b2508728,908882e74367737f
data/private/portraitnet/general_paintings/robert-julian-onderdonk_bluebonnet-scene-1921.jpg,general_painting,0,robert-julian-onderdonk,test,911817108f6d280fc2309e648e6e183e56629eb512ff76d7d7ff83287f736b4e,9e9ebfa16160c1d2
data/private/portraitnet/general_paintings/robert-julian-onderdonk_bluebonnet-scene-with-a-girl-1920.jpg,general_painting,0,robert-julian-onderdonk,test,bbbecb194017b081ef3884d365cdd609eaa2d3861430db2b68785415f49be610,9bbde960c0048f9f
data/private/portraitnet/general_paintings/robert-julian-onderdonk_bluebonnet-scene.jpg,general_painting,0,robert-julian-onderdonk,test,4f722fd3a1065e1abe8e239a49c9a49811b4a4e80098f2677464b70b48bad0df,d5d7b0b02c2b2af2
data/private/portraitnet/general_paintings/robert-julian-onderdonk_bluebonnets-at-dusk.jpg,general_painting,0,robert-julian-onderdonk,test,8c8645eec8edf9811ceee75d59a93ccf3e8919eb7ca2388b0c1f017818e5a14e,c8cca3c2a00d7b7f
data/private/portraitnet/general_paintings/robert-mangold_104-perimeter-series.jpg,general_painting,0,robert-mangold,val,036b716bfdcb6477dacd4d3972c2d3728607933b81c8f026b82aec3508bc8a85,a9e1853c116ec1ef
data/private/portraitnet/general_paintings/robert-mangold_column-structure-ix-2006.jpg,general_painting,0,robert-mangold,val,ad937a8dc916145dc0bfba75f1636b9c0d049676b46ef1a954ace4ee2f4e90ed,b94f0b9385e4e4e4
data/private/portraitnet/general_paintings/robert-mangold_green-column-figure-2003.jpg,general_painting,0,robert-mangold,val,f59034b998fb8be9ad9a79065ad3b974bbbb3ebc3e2600ee1b88a4898da2cef6,f3309964cc33cce6
data/private/portraitnet/general_paintings/robert-mangold_series-of-three-1984.jpg,general_painting,0,robert-mangold,val,de265a8343dee9f91d20d8657b157569c52b51d465cc86d9184e76fb1529e3b1,bb20cf64309acbcd
data/private/portraitnet/general_paintings/robert-mangold_untitled-from-seven-aquatints-1973.jpg,general_painting,0,robert-mangold,val,35240644aa4708bf5969c84517ce7ad78c9b000301f6aed01d47bfab95b51935,eb2b95c494943a4f
data/private/portraitnet/general_paintings/robert-morris_untitled-2010.jpg,general_painting,0,robert-morris,val,cc90e23e7c4b7279d25279b501acb01b598f111e8d586ccf9036977c03164d72,e9a19698969e961e
data/private/portraitnet/general_paintings/robert-morris_wall-floor-slab-1964.jpg,general_painting,0,robert-morris,val,f67ce24ad87edd23fbf8a3494f9671368b7acbd478c417c3f697fb59ad29d776,aaed17843d52217b
data/private/portraitnet/general_paintings/robert-ryman_eagle-turquoise-7h-4-1966.jpg,general_painting,0,robert-ryman,test,e6598a9179edabd6a3776f89f9fe7e0d043b041b917a6d6fabf08722e2441c56,c072353f151f724b
data/private/portraitnet/general_paintings/robert-ryman_rule-1991.jpg,general_painting,0,robert-ryman,test,9680344687ba6e231d0d1fdadc4edb29ebc8fa09bdf9cbd5c6de2023a3492cd2,8f853185f217e16b
data/private/portraitnet/general_paintings/robert-ryman_untitled-1961.jpg,general_painting,0,robert-ryman,test,57174e1340b1092870f00886a7b142069e97669a12f8b32faf511511844f0ab0,cb9d685a34679427
data/private/portraitnet/general_paintings/robert-ryman_untitled-from-seven-aquatints.jpg,general_painting,0,robert-ryman,test,72523b413554f9b841a79125cedd4530e90e03708dce3de3856b9be687459f2d,ff94c0ea9460c1ed
data/private/portraitnet/general_paintings/robert-ryman_wing.jpg,general_painting,0,robert-ryman,test,2b6a6ef1c12719f5ac71a3a3d1b94dfd0559dd6e479be5925587920076154abe,d5aa558a55ad4595
data/private/portraitnet/general_paintings/rodolfo-arico_assonometria-blu-1969.jpg,general_painting,0,rodolfo-arico,train,80661263b4fb21b2c13417f0dcb9c54d6d7ee2f74de3a6770a922e28a8714af3,bbeca8d1d7c183c0
data/private/portraitnet/general_paintings/rodolfo-arico_progetto-a-x-1975.jpg,general_painting,0,rodolfo-arico,train,0ce1af5c7906587e5b449512e136a57fcea06bed52fc92d8c9487d1e742e9cb5,ffc2c43c6be225c0
data/private/portraitnet/general_paintings/rodolfo-arico_untitled-4.jpg,general_painting,0,rodolfo-arico,train,deccf789fd04955a064fadcd15d8d69849a871f39fa1fb12abf2dd569e5fd94c,afc0c16f782dc1c5
data/private/portraitnet/general_paintings/rodolfo-arico_untitled.jpg,general_painting,0,rodolfo-arico,train,7c2777156d6cf3293952718e4b1fef32244478789d7b8bd3b1b3a34afdaae0bb,e4d6db2424d9cf21
data/private/portraitnet/general_paintings/ronald-davis_zig-zag-times-two-1966.jpg,general_painting,0,ronald-davis,test,0843872981c31ebcebb5fa4c70678f36ad829c5943811d11966c66269e0984ad,ea95d02fd06a857a
data/private/portraitnet/general_paintings/ronnie-landfield_series-painting-2-1966.jpg,general_painting,0,ronnie-landfield,train,8aecf85e249f13a44631ebe301fef15acf10aacd658d2548ae42c0b5d4825f84,c42e7a2a2f7a3b90
data/private/portraitnet/general_paintings/ronnie-landfield_yellow-ochre-1967.jpg,general_painting,0,ronnie-landfield,train,6c29ef106eb9c2f472d6c96ef5f99907b4bd9da8551c752a6c79da4d6ec5ab6c,d5d5b5b4b5a0b4a0
data/private/portraitnet/general_paintings/ronnie-landfield_yellow-prairie-1972.jpg,general_painting,0,ronnie-landfield,train,06f45fe7594bd8a7b500c19873cb5df7e3d2990a9669d2106ec7e06788fb6b36,c14c127e7b78296d
data/private/portraitnet/general_paintings/ruth-vollmer_intersecting-ovals-1970.jpg,general_painting,0,ruth-vollmer,test,132618268dcb94dbfe695530a61edfb3eff0a04007e51c4810af7fdfed38338b,979e68c13563723c
data/private/portraitnet/general_paintings/ruth-vollmer_sunflower-head-series-1973-1.jpg,general_painting,0,ruth-vollmer,test,e440dcd39a950522109123434a47f6eea2201dc42a6bb5ab24438526b5766368,95885d2336b94d76
data/private/portraitnet/general_paintings/ruth-vollmer_untitled-1959.jpg,general_painting,0,ruth-vollmer,test,f4386e8d1c42efd0be1061338bacc17507b00025ef6b29e84fed0a88eac2dd4a,be58c56b9a35c825
data/private/portraitnet/general_paintings/salvador-dali_quantification-of-leonardo-de-vinci-s-last-supper.jpg,general_painting,0,salvador-dali,train,952fd1a0cb37c1e0d43f26de4a24655c8508a1acf77282e1ac37f704069d230e,ae1126799b44e65e
data/private/portraitnet/general_paintings/salvador-dali_quis-ascendet-in-mentem-domini-1967.jpg,general_painting,0,salvador-dali,train,75b82b251663ed7229e65fd43947d0bd135440fcecc232d774cd90a379cf2f55,f2bcb3818dc19c39
data/private/portraitnet/general_paintings/salvador-dali_rubus-incombustus-exodus-3-2-1967.jpg,general_painting,0,salvador-dali,train,6ceafb6b921ff40bf66a914c57c7933be1ec96fc133f933cc54067c95b5d5001,ead68d69a528d235
data/private/portraitnet/general_paintings/salvador-dali_seated-figure-contemplating-a-great-tapeworm-masturbator.jpg,general_painting,0,salvador-dali,train,dc3ff8e9ec9bf2384f5bccd2b6497b694999717ad41d6334dcee66972204a169,98b89fc7608470df
data/private/portraitnet/general_paintings/salvador-dali_sedet-sola-civitas-plena-poupolo-2-chronicles-36-19-1967.jpg,general_painting,0,salvador-dali,train,8b08cf4bbbe32f51353d624e3de52270c68f79abbc6675c00e570624bec10b4e,fc14521bcbaa2567
data/private/portraitnet/general_paintings/salvador-dali_seduxisti-me-domine-1967.jpg,general_painting,0,salvador-dali,train,d718270098b2b012976e2cc7c73775d3df1c56286847600c8e3764965b89a36b,f09a41adb5965e4a
data/private/portraitnet/general_paintings/salvador-dali_space-eve.jpg,general_painting,0,salvador-dali,train,38789c05dbabe901c413f8455006ee339dfd19b65c455dca6b37835e845a992d,809347d35fff00b4
data/private/portraitnet/general_paintings/salvador-dali_spiritus-promptus-est-caro-vero-infirma-1967.jpg,general_painting,0,salvador-dali,train,9a58f0366a0c6022d3de4c1c0c3ca3a8e5f67c44a825688f2af51be56fcc5886,e5614d0dcb0fec0e
data/private/portraitnet/general_paintings/salvador-dali_sponsabo-te-mihi-in-sempiternum-song-of-songs-2-12-1967.jpg,general_painting,0,salvador-dali,train,33a3797735dd2633867beea1f9959d2e7881acd0c3a1536b8e1354a5fc02f6cc,bf8fc4f706c024d1
data/private/portraitnet/general_paintings/salvador-dali_stultae-et-prudentes-filiae-sirach-7-26-1967.jpg,general_painting,0,salvador-dali,train,9b032cf117b413528a1b2e928305c10ea2823c933f08e7a40bf2d073c71ee10e,c8c71686425ef5f1
data/private/portraitnet/general_paintings/salvador-dali_tertia-die-resurrexit-1967.jpg,general_painting,0,salvador-dali,train,6cdb764a91b0ab71dbebe0c62612eea54e3702e242ec3325c22a7844999a63fb,938704165767365f
data/private/portraitnet/general_paintings/salvador-dali_the-gaseous-swan.jpg,general_painting,0,salvador-dali,train,356187c6c646d3e820d1c5e75d3b52a86c3aa877c47206866cb0fef751b0d49a,d2d2792c6d0d2727
data/private/portraitnet/general_paintings/salvador-dali_tolle-tolle-crucifige-eum-john-19-15-1967.jpg,general_painting,0,salvador-dali,train,6aca3097c5cdf6d61c7e35b707074f2819fc2b2cd81ff0d1e246392021bdf5dd,f22d4e4c8073763d
data/private/portraitnet/general_paintings/salvador-dali_trulla-caementarii-in-manu-domini-amos-7-7-1967.jpg,general_painting,0,salvador-dali,train,6ec4268e0f3844c42cdf253149c853932dcb5c059f05a6f196c5edf02d3bc567,eb8342094c3fb5f8
data/private/portraitnet/general_paintings/salvador-dali_tu-est-petrus-mathew-16-15f-1967.jpg,general_painting,0,salvador-dali,train,3ade264dd5ede6f475ba26a7a0aef88ca241de1661efcb6a50e44a5b8a66874c,f2a75a8b4c911ad9
data/private/portraitnet/general_paintings/salvador-dali_turris-babel-1967.jpg,general_painting,0,salvador-dali,train,249e98aaa90c3db2dd49c2f0520c4a25c0dbf071050e9159a08a6c680f130a1b,e4f4528f7a091e8e
data/private/portraitnet/general_paintings/salvador-dali_two-religious-figures.jpg,general_painting,0,salvador-dali,train,4a603a439d671cc76ba048065da053527c20154b720fe3be70de7c87afe3e20c,a4863b5945a7c9ec
data/private/portraitnet/general_paintings/salvador-dali_untitled-landscape-with-celestial-beings.jpg,general_painting,0,salvador-dali,train,d88ca653e3f392920fa126d586d3b481bf1685d50744849cd9a0e54cc6e603a1,c92536d23d8f64c5
data/private/portraitnet/general_paintings/salvador-dali_uxnor-lot-in-satuam-salis-conversa-genesis-19-24-1967.jpg,general_painting,0,salvador-dali,train,c62f3ed412a2fc060671b75c8c08a425e2c44ffc6ac3c3a3c76856409fb8ee15,dd4ceeadb4b44064
data/private/portraitnet/general_paintings/salvador-dali_veni-domine-jesu-revelation-22-17-1967.jpg,general_painting,0,salvador-dali,train,6d01ed9454a389730eb6340f9a6568c141af734bb97aed60845aa1dc76f3b06a,b3f34091f4e3413e
data/private/portraitnet/general_paintings/salvador-dali_vere-hic-homo-iustus-erat-luke-23-47-1967.jpg,general_painting,0,salvador-dali,train,d54faf1b4fb0e84e5dedabb139747dad9203e7c1173411e13db8f379ad46126d,ef51a0c2fce8ba28
data/private/portraitnet/general_paintings/salvador-dali_vinea-electa-isaiah-5-6-1967.jpg,general_painting,0,salvador-dali,train,d84ab138c6eac41fe54b39798289d58b6dadc011330474f01288a5b152d6a00d,d780a9b6e0c9eacc
data/private/portraitnet/general_paintings/salvador-dali_vir-et-mulier-in-paradiso-voluptatis-1967.jpg,general_painting,0,salvador-dali,train,208c4d62514fb1fc550b8d3b5387f549528eb9cf5afaefa292206f93f31cdf14,eb838c87da356073
data/private/portraitnet/general_paintings/salvador-dali_vox-clamantis-1967.jpg,general_painting,0,salvador-dali,train,beef1ba2dbbdfed9e7e17291c8bdac6b426fbb9214f6534e1bd9fe7e825fd50b,e32b6cddd1d59014
data/private/portraitnet/general_paintings/sam-francis_a-chalice-for-healing-1985.jpg,general_painting,0,sam-francis,test,9691e3f2f9af64f8a2d49be88943ff69337135bc952950e4ab01911fa40e472b,ba68e41895af9791
data/private/portraitnet/general_paintings/sam-francis_black-and-red-1953.jpg,general_painting,0,sam-francis,test,043c6a4952e71d57f26cdd9a0911735bc9c485c59b395ef971909ee1743a6f01,dcf7df10dc88c0b0
data/private/portraitnet/general_paintings/sam-francis_blue-and-red-1953.jpg,general_painting,0,sam-francis,test,41a62a373ba8d06a4db877ef44c1ba4d8a06f6220bfb908b1d8343e96cfc7d67,bf10bd00fdaad922
data/private/portraitnet/general_paintings/sam-francis_composition.jpg,general_painting,0,sam-francis,test,f6f2688b7cfeedff0263e8d31fc5839b60ba0cd67cb7ba59ba4d3d3338843d28,aaacc7d5d8d09859
data/private/portraitnet/general_paintings/sam-francis_mantis-1962.jpg,general_painting,0,sam-francis,test,ac5423b8869f29713a1ee3b75952f0b0fc32c4fbe783e863354318d490207fae,d41f2df1f01a9a13
data/private/portraitnet/general_paintings/sam-francis_red-and-pink-1951.jpg,general_painting,0,sam-francis,test,82460d854d558c2fa8dc4b579c29ddb34208b838f9939f6571c3cc0dc0951baa,846204dd85ff2f53
data/private/portraitnet/general_paintings/sam-francis_toward-disappearance-iii-1958.jpg,general_painting,0,sam-francis,test,e2415d60bea6761080dccdbc76bd5a211643bbfc2876482475bfbee8ca986af0,b8bc47c771612e2c
data/private/portraitnet/general_paintings/sam-francis_untitled-1954-1.jpg,general_painting,0,sam-francis,test,5847f48c728f6c111fc195b659c0356c58559f392380d588973cff7cd196506b,b7a14f42da243af1
data/private/portraitnet/general_paintings/sam-francis_untitled-1957.jpg,general_painting,0,sam-francis,test,f72ab73f59a42634c267bd475aad214d9e90dd605e2c0720483145085e00687d,857df6c44d2cd258
data/private/portraitnet/general_paintings/sam-francis_untitled-1960-1(1).jpg,general_painting,0,sam-francis,test,c5b346cfcea00134e3e2c1e3a768274a5968c7b07fe38e1fa2e3450536429d51,fa4897a9d0cbc436
data/private/portraitnet/general_paintings/sam-francis_untitled-1964-1.jpg,general_painting,0,sam-francis,test,f49c6b64d08caf7ab43052fd0234df4cb186fd8fca3334248bb63c08352bd95b,c0566ec075d57754
data/private/portraitnet/general_paintings/sam-francis_untitled-1964-2.jpg,general_painting,0,sam-francis,test,a72b4c355ee2396639e64689fba65856967dbfffbc5f2ac417e2ee76ba9ca52a,ea813ad50e7b853c
data/private/portraitnet/general_paintings/sam-francis_untitled-1966(1).jpg,general_painting,0,sam-francis,test,15743761d3de3a9fc8b97f5c266bb4332f9fd978426c9169ecc6f6fe45151965,d2b62d2b2d292d2b
data/private/portraitnet/general_paintings/sam-francis_untitled-1966(2).jpg,general_painting,0,sam-francis,test,ba061b66f294bd442a4a041d38cd6f68da3e4d7fdd49b89d04198370dcb6fb19,c5487f4e6a5d6914
data/private/portraitnet/general_paintings/sam-francis_untitled-1966.jpg,general_painting,0,sam-francis,test,bd442e38c28a1b747fa0bd19c13fe981218f4c4f44e2ac6975448fe688b084ff,d5457f2b2a3f2a02
data/private/portraitnet/general_paintings/sam-francis_untitled-1983.jpg,general_painting,0,sam-francis,test,76c78cc696b04c1c61dd4a20e9f8008910567ac53cc5f7a3e2a44a9e71cc55ea,c70e38713f60c78e
data/private/portraitnet/general_paintings/sam-francis_untitled-1984-1.jpg,general_painting,0,sam-francis,test,489b34f68fcedc16c852c5ba9bafc924c78f545190656119845af07322854b50,cc761b0ee2e8f01e
data/private/portraitnet/general_paintings/sam-francis_untitled-1984-2.jpg,general_painting,0,sam-francis,test,8b9e65144cc76b678d15d7c202329f4c949a65d66f3ac20446b50917d528cdce,e3319a62cd329c9e
data/private/portraitnet/general_paintings/sam-francis_untitled-1990-3.jpg,general_painting,0,sam-francis,test,322c327bcfa9e255cafbdf54e41233a21606ad0bdd9dc8c716e8ea55669af31d,d59f5e382aa554a1
data/private/portraitnet/general_paintings/sam-francis_untitled-blue-green-1958.jpg,general_painting,0,sam-francis,test,8f34bdd9a5676505947393734e0533552060b6c8c5ea6c9bfbceee2af1ce9307,d0823fd43b142f1f
data/private/portraitnet/general_paintings/sam-francis_untitled-bright-ring-1-sfp68-55-1968.jpg,general_painting,0,sam-francis,test,c219d18ef00fbcc06de597e281f14e42e3202f33f8db78dd97a873626478d27f,c0ff4f624c7b4c60
data/private/portraitnet/general_paintings/sam-francis_untitled-from-pasadena-box-1963-2.jpg,general_painting,0,sam-francis,test,bcda58153f00008240f8fe674d956bae77c95180a95d0315dc782ddbcd3e53d4,bf62c09eb3b4a429
data/private/portraitnet/general_paintings/sam-francis_untitled-los-angeles-1983.jpg,general_painting,0,sam-francis,test,b5612f63e90cb0cff1aef22c337047d22f7857e6c8becd85f9fbab2f3a771b8d,ef4e700ed970f188
data/private/portraitnet/general_paintings/sam-francis_untitled-purple-edge-1965.jpg,general_painting,0,sam-francis,test,63e61414716ec655f2f6b0816b5f2a654eadb2cddeae2e9b213f311a8170a936,c3693c9669c5c927
data/private/portraitnet/general_paintings/sam-francis_untitled-sf67-016-1967.jpg,general_painting,0,sam-francis,test,7fae6317e702eb311a4a22cdd459c78982d455744d8e93ad32e5db8ba6cfa773,83bf0f807ff06c90
data/private/portraitnet/general_paintings/sam-francis_untitled-sf71-045-1971.jpg,general_painting,0,sam-francis,test,a11be80679cdf44a6cc3e78d9a852258058c7771c82b4f83c5def52a77d894cc,c0666ae67a873b07
data/private/portraitnet/general_paintings/sam-francis_untitled-sf78-233-1978.jpg,general_painting,0,sam-francis,test,90a7eb2aff83c75584bc9c08892557e69939f92675e41554cff1f276ea38a9c4,a89b8e6dbc667112
data/private/portraitnet/general_paintings/sam-francis_untitled-sfp84-305-sfp86-497-1984.jpg,general_painting,0,sam-francis,test,f78627c3995256277512c884d1053549f1a7624e9d676e74c99a06bc4d2eeb6f,ed1e36e1907a90e5
data/private/portraitnet/general_paintings/sam-francis_untitled-sfs-243-1968.jpg,general_painting,0,sam-francis,test,ba803e45d5a88b94471518412d68c85be3ba79d63363305f187ea6f6de518ad5,c05a43c98b2f2f6d
data/private/portraitnet/general_paintings/sam-francis_untitled-sketch-sf66-048-1966.jpg,general_painting,0,sam-francis,test,e49956c27b6aa08f6027c1804164d5265badb0fffcfaa4d04d35c946b763a0c0,80b42f3e3d75e0e2
data/private/portraitnet/general_paintings/sam-gilliam_castle-banner-5-2004.jpg,general_painting,0,sam-gilliam,train,14a342525240321d64ac3ee98ab1b1f63d516dec6d88d0044905f9dacd097b35,eb4c9537b4329499
data/private/portraitnet/general_paintings/sam-gilliam_comet-i-1964.jpg,general_painting,0,sam-gilliam,train,8128849c8a00a3f685f170ff49783066f05f21f690bdb03dff8b56b94d85fd36,a71f988e67479223
data/private/portraitnet/general_paintings/sam-gilliam_pink-flutter-1969.jpg,general_painting,0,sam-gilliam,train,bdfed3e9b2d3c0ef21e8cf0290038b4ade9157508013d54ec9d23e8634f28a5f,8663690e734b0f79
data/private/portraitnet/general_paintings/sandro-botticelli_judith-leaving-the-tent-of-holofernes-1500(1).jpg,general_painting,0,sandro-botticelli,train,f3b611e805253d5952038225d9c3f1ef65a6570f06a83a077eafa3226045f092,c8cc33f14765a726
data/private/portraitnet/general_paintings/sandro-botticelli_madonna-and-child(1).jpg,general_painting,0,sandro-botticelli,train,d31c6e535ea6e3aa25cc1c9f9b60ccbb81cb38c4f4ead3f889d77a366f343a1b,cc8dbde10f0e4336
data/private/portraitnet/general_paintings/sandro-botticelli_madonna-and-child-with-an-angel(1).jpg,general_painting,0,sandro-botticelli,train,113d263a963d6cd74fd3a1ffeb0d87022846374b656116843769bbf60930964f,9ca44fb17c3c834e
data/private/portraitnet/general_paintings/sandro-botticelli_madonna-and-child-with-st-john-the-baptist(1).jpg,general_painting,0,sandro-botticelli,train,ec174baaaf15de0bcf7176bcd47deb80787df8cb21f1639469a678e641cac204,faa5e1b2674094e3
data/private/portraitnet/general_paintings/sandro-botticelli_madonna-and-child-with-two-angels(1).jpg,general_painting,0,sandro-botticelli,train,81b9ebde7ac60f1c865d456cc5a0a79f1ff15a3b8a248b694534892901d23a51,9bc4ee1bb46ea04c
data/private/portraitnet/general_paintings/sean-scully_bridge-1991.jpg,general_painting,0,sean-scully,train,8030ffa8e7005adf259a4ddea60bb3b8b515e2d7df762a17271aa0d30df06734,fa8d8c66d162857a
data/private/portraitnet/general_paintings/sean-scully_coloured-wall-2003.jpg,general_painting,0,sean-scully,train,c7b3e8bc4126b7278c3529511c749fc1b0c3040f7fad80656dff92d51d27adcd,bd3b91e4926ac4c5
data/private/portraitnet/general_paintings/sean-scully_untitled-1983.jpg,general_painting,0,sean-scully,train,e7ce2b2a9a4edcd6f8d125791f62a389b637b13aa5c4e767e98133340c974ea7,bf3ad03dd0c1c4c6
data/private/portraitnet/general_paintings/sean-scully_untitled-1993.jpg,general_painting,0,sean-scully,train,fdcdeb341249debaa276bcb6fad60288cfdf40dfff53568b255e727f82e83e95,be9ce52fc06c85e0
data/private/portraitnet/general_paintings/sean-scully_untitled-no-6-1979.jpg,general_painting,0,sean-scully,train,7838d4f212c3d392fc3ed5ac3d332737f2d532e0020a7823ee6f3db5bccec6f7,beac88b82886bd67
data/private/portraitnet/general_paintings/sean-scully_wait-1986.jpg,general_painting,0,sean-scully,train,cc04693570c538348a11353f0c381f7019ffc2e261ff5f879bd06e70529234c5,9ab41ea7220e617f
data/private/portraitnet/general_paintings/serge-sudeikin_ballet-1910.jpg,general_painting,0,serge-sudeikin,test,04dae9a64b67b018f76a38b336393d571f606e3ba2ecf8b7194ccd7d372fa3f2,909bb7b806e76607
data/private/portraitnet/general_paintings/serge-sudeikin_harlequin-s-garden-1915.jpg,general_painting,0,serge-sudeikin,test,3bc4fc85cfddfd2c1e8d4a9c4eb130dc0286b8a7185d48ead1a9a71c40a2e5fe,889f38e26637c761
data/private/portraitnet/general_paintings/serge-sudeikin_lovers-under-the-moon-1910.jpg,general_painting,0,serge-sudeikin,test,ca3b34ba9f21a9e8525280ecf8c91862f6d4cc34c0af80c74f857f626110f365,d58e609f6859d662
data/private/portraitnet/general_paintings/serge-sudeikin_night-festival-1905.jpg,general_painting,0,serge-sudeikin,test,5b581a9342ebae0ceb3bf633ba01ac8237c652e68ef7eb02eecd8d040003740f,d2ad85cb855f9c30
data/private/portraitnet/general_paintings/serge-sudeikin_pastoral-1906.jpg,general_painting,0,serge-sudeikin,test,b5c6d3fb9309a4003e94b7de289e591a70aadf641478f64eab890f6ba74702fc,bff1e08d9026934e
data/private/portraitnet/general_paintings/serge-sudeikin_pastoral-1910.jpg,general_painting,0,serge-sudeikin,test,7ec470098b69e20698e644f1d527a23d681b16491e1df8079533c3a47f1394cf,b89226a76775d01d
data/private/portraitnet/general_paintings/serge-sudeikin_study-for-eugene-onegin.jpg,general_painting,0,serge-sudeikin,test,40975d42fade4d44e0fec4bf7964db33756ddb7e1bb7aebe9226ca3002e89c85,b771e006f9e7062a
data/private/portraitnet/general_paintings/serge-sudeikin_vignette-for-the-magazine-balance-1907.jpg,general_painting,0,serge-sudeikin,test,27ce440b7e9ec5c7b03d0b8f2026071c52f33ea841d142c10df77c89d3488615,afb0bccce023c3c3
data/private/portraitnet/general_paintings/sol-lewitt_blue-vertical-2000.jpg,general_painting,0,sol-lewitt,val,966891dcf318c148773ca93e4727e08117f581810e55655adcaa4b3492a7c8c0,8afd3ddd3f8a4020
data/private/portraitnet/general_paintings/sol-lewitt_lines-from-corners-sides-the-centre-to-points-on-a-grid-1977.jpg,general_painting,0,sol-lewitt,val,cddbcc4ba62c7705e78a475d8ff463aa8092568c61c5765a5c9d4f9b53442098,ae90abc0ea86bb87
data/private/portraitnet/general_paintings/sol-lewitt_untitled.jpg,general_painting,0,sol-lewitt,val,ea177e7b2f9c779fdd5d6c92f22e39d0d9f54cc5ff7164d7d83e90974066465f,90c7ab01ad38dcfc
data/private/portraitnet/general_paintings/sven-lukin_detour-2012.jpg,general_painting,0,sven-lukin,val,efeb81ddd6a40734b13884dfcba7ec74d3334705d2a3d3b31ebad1e2c2c0c87e,eed893a4ad64ad03
data/private/portraitnet/general_paintings/sven-lukin_diamond-head-1964.jpg,general_painting,0,sven-lukin,val,81a14ecd5693e17a5e3035ba1f530006d37c703a58027b06434a0c64157318c4,bc7c90f293d90b0d
data/private/portraitnet/general_paintings/sven-lukin_disneyesque-1971.jpg,general_painting,0,sven-lukin,val,747b3b64328c669b110cb68afc51e47d917dcb92c697f7e960ef493b64ca6da0,eca6c6c3d298383d
data/private/portraitnet/general_paintings/sven-lukin_snug-2010.jpg,general_painting,0,sven-lukin,val,d5a5174fa7fd7b9f2871fe4d23a36eeec30c5f61cd5e9389c94962e8a132b3ef,bf9f40e437c86492
data/private/portraitnet/general_paintings/sven-lukin_trafalgar-1965.jpg,general_painting,0,sven-lukin,val,41eab22fe05cbc0226a4620a0bb48b27c405b3d44c0c99e84c13053f5e9015b7,fa8734da86628de4
data/private/portraitnet/general_paintings/sven-lukin_untitled-1998.jpg,general_painting,0,sven-lukin,val,5f0e583220d3236f6e9723083719d665b79c8b7fba2dbe4e8e28ba4c902e5e4d,e1978638996536e6
data/private/portraitnet/general_paintings/sven-lukin_untitled-l-4-1963.jpg,general_painting,0,sven-lukin,val,a97fa9f97ef399eb1914e941ad110063e30d28e66dc303f1d2719b96ff249db8,fea3da70a41862da
data/private/portraitnet/general_paintings/tano-festa_bicromia-del-cielo.jpg,general_painting,0,tano-festa,val,7d73c2298574b82cbfba7a9795d795cf4199ee817781f0f1bfb96843f698b0ca,c1eb2ac16a9ca7b4
data/private/portraitnet/general_paintings/terry-frost_zebra-1972.jpg,general_painting,0,terry-frost,test,de4b6cbb80d86fee4a3d770b2f282a4518b0695263d831110268bf0403d51c82,ff81c26a903fc2e4
data/private/portraitnet/general_paintings/theo-van-rysselberghe_elisaeth-van-rysselberghe-in-a-straw-hat-1901.jpg,general_painting,0,theo-van-rysselberghe,test,47de37f4e939a6f0786e5b29ef45e75103dcd95e4b7980ccce5525d0968a2479,e8b73bcc868359b0
data/private/portraitnet/general_paintings/theo-van-rysselberghe_elizabeth-van-rysselberghe-in-a-cane-chair-1916.jpg,general_painting,0,theo-van-rysselberghe,test,be069b160427aa85e837e6c4ef879f89db7a26816855ee7c003a745e059b677b,892b63d6d49f3483
data/private/portraitnet/general_paintings/theodoros-stamos_archimandrite-1960.jpg,general_painting,0,theodoros-stamos,test,b76cc150d75904c3e266f89a54a4b44a9d07c8798aa47dfc721829dec8d04587,c66391e331686e7a
data/private/portraitnet/general_paintings/tony-smith_gracehoper-1962.jpg,general_painting,0,tony-smith,val,7153df68df0ae08de8bdaf2488af1b41d86f93676df756afccadd7efa937fdc5,bf84865bf0262c7c
data/private/portraitnet/general_paintings/tony-smith_the-elevens-are-up-1963.jpg,general_painting,0,tony-smith,val,1433cbbcb65f960ac172dd1941047fb5c5346a41b871f7160512c994f59983f4,dbc880ccce967ab2
data/private/portraitnet/general_paintings/tsuruko-yamazaki_work-1957.jpg,general_painting,0,tsuruko-yamazaki,train,202e1261c79078e11df1c2440a580b56a4035c763c963e0f47c94083e6c8d8b2,f3d89664c87b6390
data/private/portraitnet/general_paintings/vasile-popescu_bridge-over-sabar-1942.jpg,general_painting,0,vasile-popescu,train,e5bcf2d3f14cfd1649d74efb992b0173d03f33c6b6c7cbbdb6f4149befb7bcd8,f37804d3dc652e4c
data/private/portraitnet/general_paintings/vasile-popescu_comana-landscape-1928.jpg,general_painting,0,vasile-popescu,train,3c0ba588327cc41b5c76791a0b005b31014a2abe490599542c36eb81637e188a,86c0db3f258bf8b0
data/private/portraitnet/general_paintings/vasile-popescu_marquee-house-painter-s-wife-s-home-1934.jpg,general_painting,0,vasile-popescu,train,10622cd07e287604faa548a108e29bf1be07e99d1fc844c16a23f1960d22b577,d6c51ab06f9c28f2
data/private/portraitnet/general_paintings/vasile-popescu_rooftops-1920.jpg,general_painting,0,vasile-popescu,train,f534084ee59efbf797d02673d9b3b45096ce99426981ba61ae744b401be8f472,d49f70604f8899db
data/private/portraitnet/general_paintings/vasily-polenov_venice-channals.jpg,general_painting,0,vasily-polenov,train,68d3495f4f1ce6465399b6f6b9bb3e32268d0be1286e9bacc9f077bfbee6566e,ea9d946247b55a4c
data/private/portraitnet/general_paintings/vasily-polenov_venice-pipes.jpg,general_painting,0,vasily-polenov,train,e202d311b932bad2ad286bf046222227f7cc4aee6cf8618f11a4387c6c932cb6,c9fdb68c0916e632
data/private/portraitnet/general_paintings/vasily-surikov_alupka-ai-petri-1915.jpg,general_painting,0,vasily-surikov,train,9ebc31e52b06afb86404afaa8c86e3f931bc4a964694735d46c92fe48c927063,97c0e80d8b63b47b
data/private/portraitnet/general_paintings/vasily-surikov_seville-1910.jpg,general_painting,0,vasily-surikov,train,08a84f43d17f1b433085708d56faf6b937ac2279c42a4a6de67c5a5cd7f5c47e,af4c9a5a61892bf2
data/private/portraitnet/general_paintings/victor-borisov-musatov_may-flowers-1894.jpg,general_painting,0,victor-borisov-musatov,val,fc038ca2e56a6edf355adaded121740c8f882752b99d638a464356ee20098c9d,e0e369f423e190cf
data/private/portraitnet/general_paintings/victor-borisov-musatov_spring-scene.jpg,general_painting,0,victor-borisov-musatov,val,c482d68249b13fa46aafe12c06b01e97c5fa640ee41dce9df5745925d78e7001,c252b456c2dbcd39
data/private/portraitnet/general_paintings/victor-borisov-musatov_spring-sun.jpg,general_painting,0,victor-borisov-musatov,val,1436dc34e60cce52f6f75ecad0dfc060b3857779b4e51af1c638f5a178938dbf,e1edb4f092f26d04
data/private/portraitnet/general_paintings/victor-borisov-musatov_the-boy-nearly-broken-jug-1899.jpg,general_painting,0,victor-borisov-musatov,val,fa9174ce2ffa84574c8d423019f4ef5c3c04fe205e154a0b9bba064c4a6c1388,c1c20db19f9ff405
data/private/portraitnet/general_paintings/vittore-carpaccio_the-meeting-of-etherius-and-ursula-and-the-departure-of-the-pilgrims-1498.jpg,general_painting,0,vittore-carpaccio,val,9794074848fad3d5a79690276865fbc7df809270824ad09815a86f1fa03a7519,97964eeef9182138
data/private/portraitnet/general_paintings/vittore-carpaccio_the-miracle-of-st-tryphonius-1507.jpg,general_painting,0,vittore-carpaccio,val,8a00aa1db16c2ce98fedb3d2d419e4509eac2f910393d70b0d90e4aeb421b95a,93ef8d51d6917086
data/private/portraitnet/general_paintings/vittore-carpaccio_the-miracle-of-the-relic-of-the-true-cross-on-the-rialto-bridge-1494.jpg,general_painting,0,vittore-carpaccio,val,8850a75e743cafd9a1587ea0b4541b1982145fae60b94a362be085ad0531c8e0,8f9d7b6263d1f080
data/private/portraitnet/general_paintings/vittore-carpaccio_the-pilgrims-meet-pope-cyriac-before-the-walls-of-rome-1493.jpg,general_painting,0,vittore-carpaccio,val,4e91b4731fbdab5b03de46a123f55848ded66d2e3c52a69cff861ee3b93fffee,ccef85a9135b3614
data/private/portraitnet/general_paintings/vittore-carpaccio_the-repatriation-of-the-english-ambassadors-1500.jpg,general_painting,0,vittore-carpaccio,val,bc3abab758217c300d31a69ffffec20b61561fc129027899aced547372e22b2a,d6c79619cb594994
data/private/portraitnet/general_paintings/vittore-carpaccio_the-stoning-of-st-stephen-1520.jpg,general_painting,0,vittore-carpaccio,val,313bcd1f0dcac75291639bb171d8db9a4929e02fae92d0b36b74dc8cb5552465,929487a7e1717c36
data/private/portraitnet/general_paintings/vittore-carpaccio_the-triumph-of-st-george-1502.jpg,general_painting,0,vittore-carpaccio,val,7d3b06c9c51c714e74644db8ed6ddf6aa8d8e0fcff24009cb76afa2a61aa782f,9682f0d53d20afdc
data/private/portraitnet/general_paintings/vladimir-borovikovsky_portrait-of-d-a-derzhavina-1813.jpg,general_painting,0,vladimir-borovikovsky,train,ae350f1c0127825da8c8ab968fa2cc597fd46ad54782d1623e8e5c2c0d58667a,d3fc3e0d9cd31320
data/private/portraitnet/general_paintings/walasse-ting_gauguin-ting-1976.jpg,general_painting,0,walasse-ting,train,153698673bbff8bc820d856d2a1784166b98d46a29705730cc2228b7486cffc9,91d216be26056fad
data/private/portraitnet/general_paintings/walasse-ting_parrots-with-flowers-1981.jpg,general_painting,0,walasse-ting,train,4beb357d84249cfd4f2c22efd5b3bd1c3e55e48a2136ba5a509f4beffd17add6,ea3bd48fa1d094e4
data/private/portraitnet/general_paintings/walasse-ting_peacock-ii-1990.jpg,general_painting,0,walasse-ting,train,9261b72363dc3252f167f0315212612bcd94d1829558f0e97b133839e821f5f6,d36cae338c32d934
data/private/portraitnet/general_paintings/walasse-ting_picnic-quadriptych-1980.jpg,general_painting,0,walasse-ting,train,f4ad6963737b99b99f60a562e0dfad04120a0002f3e2069ffd5652c412dfc9f4,fd06c866adb923a1
data/private/portraitnet/general_paintings/walasse-ting_pink-and-orange-lady-with-flowers.jpg,general_painting,0,walasse-ting,train,d66f5be262bc0d2c97106a02f2341b4e669b01fc531ec5c82428c77a17d154de,db076ca126ce1cb5
data/private/portraitnet/general_paintings/walasse-ting_poppies.jpg,general_painting,0,walasse-ting,train,4c74c828ad9df7e11e250346b6cf05f99db038cd6cf570186f2d5254625bf0ff,972ce4c690f2cbcc
data/private/portraitnet/general_paintings/walasse-ting_red-parrot-green-parrot.jpg,general_painting,0,walasse-ting,train,7b303e01f94b5efd5287dda1225cb11c338ec8537b341593f15a466ff49f5ddd,96b2c24bb58769a5
data/private/portraitnet/general_paintings/walasse-ting_rose-garden-1990.jpg,general_painting,0,walasse-ting,train,21bbf5cc87fa030d3774f36a557571a2baaa4a9782c10948c4a23b3f90c038a4,943c5cc6969cace3
data/private/portraitnet/general_paintings/walasse-ting_still-waiting-for-you-1995.jpg,general_painting,0,walasse-ting,train,fa97553416149b0855e77efa797b1a92c7484cce24a1c84490fc589364f7b9a0,836f3c98e61df094
data/private/portraitnet/general_paintings/walasse-ting_summer-days-2008.jpg,general_painting,0,walasse-ting,train,c7b8ea035593453ed3bf92d5f21fcaf76fe7306ff3772fd9f6a9c5ae0dda2b8c,84b033eed21e3c79
data/private/portraitnet/general_paintings/walasse-ting_the-pink-cat.jpg,general_painting,0,walasse-ting,train,c124eefd0e24255f73907534ffcc5b717302367a3bff9a02789391d8acc55611,f8ae99373136c0c6
data/private/portraitnet/general_paintings/walasse-ting_the-pinkest-flowers.jpg,general_painting,0,walasse-ting,train,d39249b07e79df0c7e933f748b44966c8b19b8a84eec03f1d371c7a7f9015652,8aab35e04fbde019
data/private/portraitnet/general_paintings/walasse-ting_three-ladies-and-parrots.jpg,general_painting,0,walasse-ting,train,4ec5f9ed29d683a02b179bb75eb277407b5bd67b20a98e94654ece9c771a0772,95ac687865e2e25e
data/private/portraitnet/general_paintings/walasse-ting_three-parrots-1981.jpg,general_painting,0,walasse-ting,train,cc678e3a8f77c3801f4e7e1fc2b0eea7c4980d1f1da6489388d8fe7f2040a72d,8a0e7a83b532dbe1
data/private/portraitnet/general_paintings/walasse-ting_three-women-birds-and-fruit-1980.jpg,general_painting,0,walasse-ting,train,15eac2127419a0f29cd30f7603d948d662ba2085c60f02f8cb1ad7ba43818f36,9376763c31353139
data/private/portraitnet/general_paintings/walasse-ting_two-ladies-with-flowers.jpg,general_painting,0,walasse-ting,train,e2b95d4ffe76b798a29e77168273c91dc1df7fecf2d628412abd5e34397df0ba,d6686b6863331b17
data/private/portraitnet/general_paintings/walasse-ting_two-parrots(1).jpg,general_painting,0,walasse-ting,train,0d19793bb9563cc512dd858838ada05054a3738088be8949fee678701f9530a9,c33e904be41f68c7
data/private/portraitnet/general_paintings/walasse-ting_venus-1980.jpg,general_painting,0,walasse-ting,train,042481430ad855dbd0c3086607e56301cb01b07a78ac7f5d4e092f20ff48a92a,9e607217b78dc8d8
data/private/portraitnet/general_paintings/walasse-ting_woman-with-parrots-and-a-cat.jpg,general_painting,0,walasse-ting,train,b129f3d737a319d30857ebc910bf3771bf516972a9568a88a4d7f012737bbf23,9c43b75e2e9c5864
data/private/portraitnet/general_paintings/walasse-ting_women-in-robe-1988.jpg,general_painting,0,walasse-ting,train,f9271c433c6af3e06507887571455fcf09805649e4e02b6357f170bbe8b166b2,b34a8983cf1f8c1e
data/private/portraitnet/general_paintings/walasse-ting_women-with-flowers-1988.jpg,general_painting,0,walasse-ting,train,63af2cd2dac0034f8dde887b44c4e467032ad797f86df1e245952096f95823b1,ed2dba92c14ab2ca
data/private/portraitnet/general_paintings/walasse-ting_women-with-fruit-1988.jpg,general_painting,0,walasse-ting,train,a7df6c076ecb42a19f402cfe65ad4ee8f075785aae4721c47d48c77c67abaa55,8932f64fb41ed82c
data/private/portraitnet/general_paintings/walter-battiss_an-arabian-city.jpg,general_painting,0,walter-battiss,train,7dfc750cd464a4c5bac33e638c4c40815dd45b7e8ebf44fb1931a1da9128d78f,8266ce1d79e39a92
data/private/portraitnet/general_paintings/walter-battiss_arabian-city.jpg,general_painting,0,walter-battiss,train,c37be1c6c618ec5af81d6e944d7222e83ba140c3d6cee68f8acaffa14c9bea2f,bd2e1c700ed59c9a
data/private/portraitnet/general_paintings/walter-battiss_below-drummond-natal.jpg,general_painting,0,walter-battiss,train,3178ba8d971ee23e63b8498050904a40f13e37eeb688329a4f224e3a67020fc2,d483e63f9b9ca02c
data/private/portraitnet/general_paintings/walter-battiss_figures-and-a-dog-in-a-mountainous-landscape.jpg,general_painting,0,walter-battiss,train,d432e97de263da5e5a1db386ebc4ec690b2c2d88b54766db7ed891fe5e4859aa,b4b404637b4b2ff0
data/private/portraitnet/general_paintings/walter-battiss_figures-in-a-township-1967.jpg,general_painting,0,walter-battiss,train,1fbd63edd538918480628fff9033cf427feb7ef613229e0a37bc5116cb3cb0d9,8e2d35744ae669c9
data/private/portraitnet/general_paintings/walter-battiss_figures-outside-cottages.jpg,general_painting,0,walter-battiss,train,4f2acaf3387866594a2a1c08ab93ded55d5ba522c01c2bb5dc85662fffe94bc6,dfe073126cd31067
data/private/portraitnet/general_paintings/walter-battiss_graffiti-street-scene.jpg,general_painting,0,walter-battiss,train,b4148b2b92e3dd9fd1e2087c56610c25fbd28b3912f50cc52577f1418a774747,c48d9eaa5f44916e
data/private/portraitnet/general_paintings/walter-battiss_jungle-pool.jpg,general_painting,0,walter-battiss,train,2d4b46d93f27cd2130fe878b39d7ba0d60b7108f1b776948d4c9a737b4e3e23d,90c13f372c2b6cce
data/private/portraitnet/general_paintings/walter-battiss_le-d-jeuner.jpg,general_painting,0,walter-battiss,train,44572804e152e9aaeebfcbc992fefcc75249d9486c10c08e90c28cc8b3557985,d4827521d8df1795
data/private/portraitnet/general_paintings/walter-battiss_lotsani-ruins-limpopo.jpg,general_painting,0,walter-battiss,train,08f0bb0755e5fbfebd1e13940f24d07925f38d8b70f6be2a9a74d7da2f6bf7c7,be7f075d2008463f
data/private/portraitnet/general_paintings/walter-battiss_primordial-scene.jpg,general_painting,0,walter-battiss,train,b594da9e1242b70654cc70edcd152779c645a4cc34d33d1cfccd5d6f7c64f624,fed4d21af24495b0
data/private/portraitnet/general_paintings/walter-battiss_sailing-on-a-summer-s-day.jpg,general_painting,0,walter-battiss,train,bfef9eb395e51a46e93c2bf1cceba5fcf411edfb41e6d2ec05b24b033df80bb0,c7a12ed1a4c857a7
data/private/portraitnet/general_paintings/walter-battiss_the-gathering.jpg,general_painting,0,walter-battiss,train,a10687562d988533841ed832692c15def8d2583183ef7087582331640c4e39db,d4b45a3e634b2175
data/private/portraitnet/general_paintings/walter-battiss_the-market-1.jpg,general_painting,0,walter-battiss,train,ebd25524711c292dafd8b6d86e51eadb92ae17797647d373105c9be1a60132b4,e1a874bae3116a7c
data/private/portraitnet/general_paintings/walter-battiss_the-market.jpg,general_painting,0,walter-battiss,train,c33c2c83c15d9c640b86184f6b9dc17984851eac83b9b1f107ff2a8cfd91e00b,d10b793f667a9242
data/private/portraitnet/general_paintings/walter-battiss_trees.jpg,general_painting,0,walter-battiss,train,2699941e776e6b57b3d52259c71f93298a45aa863bc54f8acd0937085f8a7287,eea3c3cc98d1d138
data/private/portraitnet/general_paintings/walter-battiss_village-life.jpg,general_painting,0,walter-battiss,train,34bdc454d931e34c1459faa0e7c7022a91e0b1ce16276c30572efd5ede580ec3,bc3637972064c7d2
data/private/portraitnet/general_paintings/walter-battiss_yellow-afternoon.jpg,general_painting,0,walter-battiss,train,0e59a7db0f5271eb02943cfb2c26cfd1e52ed0cd3b1196e87aa767e92e117dbb,84b37c67af98b061
data/private/portraitnet/general_paintings/walter-darby-bannard_baffin-1961.jpg,general_painting,0,walter-darby-bannard,test,8db929b77bb391f26822f9f37be68f4ac24e5aec3717c62f47dbb049280bcac6,c2d52adf20ed36e0
data/private/portraitnet/general_paintings/walter-darby-bannard_untitled-1962.jpg,general_painting,0,walter-darby-bannard,test,a38f8f7d09870fdc0e8f50ebea00a73cd2b65e6fddfcca77b3943587b21bc101,bf88c2b40b8f6969
data/private/portraitnet/general_paintings/walter-de-maria_seen-unseen-known-unknown.jpg,general_painting,0,walter-de-maria,train,a708b06fffbd1051fb6d051d8987111e8718f88447ebb99c6bf5ab0efe14a4f7,bf6ac0803f2a2b3e
data/private/portraitnet/general_paintings/walter-sickert_a-marengo.jpg,general_painting,0,walter-sickert,val,68fb038aca09e4c4a4a1fa5005870323f725588f536c0671c2a6e5d76a3191ed,c9f1ce0ea4a9d15a
data/private/portraitnet/general_paintings/walter-sickert_home-life.jpg,general_painting,0,walter-sickert,val,1afd0a012ec7881c24f0c62356659d8915251cea187ce01ea060f8848c01d6e0,e7019ac89ff091d9
data/private/portraitnet/general_paintings/walter-sickert_interior-of-st-mark-s-venice-1896.jpg,general_painting,0,walter-sickert,val,1aeebd56184e30d9b3522bef72e30dff1bc3038c8facc3377789ec90a9bb0df8,8f2bc01fe2cee8d0
data/private/portraitnet/general_paintings/wassily-kandinsky_a-mountain-1909.jpg,general_painting,0,wassily-kandinsky,train,a7bdb346264cd897f94f4ced04adb08094dcb74ecb239e2b59ec751ddc384670,9b78e405965a8b7a
data/private/portraitnet/general_paintings/wassily-kandinsky_all-saints-day-i-1911.jpg,general_painting,0,wassily-kandinsky,train,02e16457000bd8f944e5988cb2d7bf2686a59e33820c15f660f0cf284af93089,f2454c96e139b762
data/private/portraitnet/general_paintings/wassily-kandinsky_all-saints-day-ii-1911.jpg,general_painting,0,wassily-kandinsky,train,4829a6b3d25111fcf609ed0ba041ef690ff6f93217afbb8311a36f17267ad9e0,baf1c509ef41aa43
data/private/portraitnet/general_paintings/wassily-kandinsky_angel-of-the-last-judgment-1911.jpg,general_painting,0,wassily-kandinsky,train,e0e84ee075f0c7e470732e0be16580c47e7d53234230690572e29edcd864271b,d0e709959b39de09
data/private/portraitnet/general_paintings/wassily-kandinsky_arab-town-1905.jpg,general_painting,0,wassily-kandinsky,train,cc1169fac0831dbb805c82dc4dfaaa78bc9f2e0a5e1515a381e0324192e4946f,8cd62e2e54c9d1e3
data/private/portraitnet/general_paintings/wassily-kandinsky_arabs-i-cemetery-1909.jpg,general_painting,0,wassily-kandinsky,train,d485a1fd70b7bb3ca6546f4f7311377689962a39c08f082341a035e9b0058619,a219c565d1e731dc
data/private/portraitnet/general_paintings/wassily-kandinsky_autumn-in-bavaria-1908.jpg,general_painting,0,wassily-kandinsky,train,4cad68ce88ac45d2131730fdecc83581c005bdbfa58ca9f7149a960223a4348f,ca58a42798f16cf9
data/private/portraitnet/general_paintings/wassily-kandinsky_bedroom-in-aintmillerstrasse-1909.jpg,general_painting,0,wassily-kandinsky,train,199833a63816c96214ce9c076acb3a0b44577bb2ba05e8d29b6b0713bdeae9f3,ffb09843c41e49bc
data/private/portraitnet/general_paintings/wassily-kandinsky_blue-mountain-1908.jpg,general_painting,0,wassily-kandinsky,train,c0524028d6905ddac219f4b8c7e22b886007e46ec5debf265197c01841b8cf9b,c7c72b33638f1065
data/private/portraitnet/general_paintings/wassily-kandinsky_blue-rider-1903.jpg,general_painting,0,wassily-kandinsky,train,daef43cfc295acd7c79d27ca3a4c9971eb01dcf18611ffb58ae68fab0483a531,c7207eccf89c380f
data/private/portraitnet/general_paintings/wassily-kandinsky_boat-trip-1910.jpg,general_painting,0,wassily-kandinsky,train,2bee6637722f848c0279a7a3f551ed36e4cff2808cf151ea1c42e6ebf96411f1,ddd8f2266c181b87
data/private/portraitnet/general_paintings/wassily-kandinsky_cemetery-and-vicarage-in-kochel-1909.jpg,general_painting,0,wassily-kandinsky,train,7d806f4de0a875ba074d1122b5c2416851e5f31b82bf2317c387b8c0a3e33f20,ea984c37a578d315
data/private/portraitnet/general_paintings/wassily-kandinsky_colorful-life-1907.jpg,general_painting,0,wassily-kandinsky,train,b6624afd937ed303d2dd2745d1c3c407258409249aeb5c0ddf392744f9241609,d37962d9dc1e1909
data/private/portraitnet/general_paintings/wassily-kandinsky_crinolines-1909.jpg,general_painting,0,wassily-kandinsky,train,25a879b070bb4c7ae33a8592219351c4ce37d7084ea90978063d546a6b56c084,be4418b456cd616f
data/private/portraitnet/general_paintings/wassily-kandinsky_group-in-crinolines-1909.jpg,general_painting,0,wassily-kandinsky,train,e84004d9fee40594bd3088bbf103f052e9ae7f2f344ed1616ca753d2aec75315,906eb99b64eeb114
data/private/portraitnet/general_paintings/wassily-kandinsky_grungasse-in-murnau-1909.jpg,general_painting,0,wassily-kandinsky,train,2a353fb6fa019896393b11bf0b66f246d08d67f68228491c85fe92334ec8e6a8,bd65d076405afe48
data/private/portraitnet/general_paintings/wassily-kandinsky_horses-1909.jpg,general_painting,0,wassily-kandinsky,train,45a89f7a473f10efb53566751bdd298486e613cad58f60f93c205f496aa26324,e3116366ce79293c
data/private/portraitnet/general_paintings/wassily-kandinsky_houses-at-murnau-1909.jpg,general_painting,0,wassily-kandinsky,train,55fccaee2f2e4e803bbb7d22ec8847a21186c2243224a743b4c02182889f2c31,a7414a3c6f161b3e
data/private/portraitnet/general_paintings/wassily-kandinsky_improvisation-3-1909.jpg,general_painting,0,wassily-kandinsky,train,405cfcaad3657dadd2b28fc3844eb2981b0c32338f30d55ed6b042ebf9cfae19,91bc64436fd46369
data/private/portraitnet/general_paintings/wassily-kandinsky_improvisation-6-african-1909.jpg,general_painting,0,wassily-kandinsky,train,5d35d185fd18bab38dcb579f9a31f3294c4d5f0f4c8ee3a127a823d1402b6fdf,f96f84dc1b071ab0
data/private/portraitnet/general_paintings/wassily-kandinsky_improvisation-7-1910.jpg,general_painting,0,wassily-kandinsky,train,99e84dd64a2e718d1ffd44c60330a5a87e9b1926de85753902879e57fd468238,c8ba03ec098bb9e7
data/private/portraitnet/general_paintings/wassily-kandinsky_interior-my-dining-room-1909.jpg,general_painting,0,wassily-kandinsky,train,939a20c960e081bf9e771fd96ceef679a3b16ad8e7aad63a441e324141c7e389,e289de309b7790c3
data/private/portraitnet/general_paintings/wassily-kandinsky_lady-in-moscow-1912.jpg,general_painting,0,wassily-kandinsky,train,c55a2d3c59f9b634d3f70f63510093a287c8823d5c90c9f8394c5ddc4aeea9be,cce54c86b386735a
data/private/portraitnet/general_paintings/wassily-kandinsky_landscape-with-factory-chimney-1910.jpg,general_painting,0,wassily-kandinsky,train,c375c610a30fea2dbf723510517c9ae49e88312a74ca670f5ea3ba310a1c8091,edc49dc21d3f6809
data/private/portraitnet/general_paintings/wassily-kandinsky_moonlight-night-1907.jpg,general_painting,0,wassily-kandinsky,train,25285511d71b4f848efd6eb7548c63c39d2c547de2ee21011fa21dac98893fc7,ed29a7aca542b1c5
data/private/portraitnet/general_paintings/wassily-kandinsky_moscow-i-1916.jpg,general_painting,0,wassily-kandinsky,train,8553f4c3e66f17771ff34f53b7d3324ab3a76aca9c7559a6dd965e6e11a9f4e3,afa50c1fd0d1e362
data/private/portraitnet/general_paintings/wassily-kandinsky_mountain-landscape-with-church-1910.jpg,general_painting,0,wassily-kandinsky,train,bf3abb60b526ca2617638556b1f182f4a3b85a01ad32c3db1f28f4b235de0e17,d5abb1da6c64830d
data/private/portraitnet/general_paintings/wassily-kandinsky_munich-schwabing-with-the-church-of-st-ursula-1908.jpg,general_painting,0,wassily-kandinsky,train,8eb90fffcd100bcaa6ec92a7c093317adc3e439ec729561c5ef9766c7e128188,af46c0c0c43aff1e
data/private/portraitnet/general_paintings/willard-metcalf_mountain-view-from-high-field.jpg,general_painting,0,willard-metcalf,test,96e0b206f440d1ae3cd6462ed20eb3f95a8e3732065c84618deda82d1c1cf137,b1d1a68e4679b1a3
data/private/portraitnet/general_paintings/willard-metcalf_november-mist.jpg,general_painting,0,willard-metcalf,test,cee923d1817bf5d027f76da61d9d657b0712ea5189964624c1f4ef5a84b99e16,eae1afb084161e76
data/private/portraitnet/general_paintings/willard-metcalf_november-morning.jpg,general_painting,0,willard-metcalf,test,130b3621e4da56f9d62f4f8e4e57e5412c8e871c56322afaf3689b5a5dfef933,f8e4d3608c83cf1e
data/private/portraitnet/general_paintings/willard-metcalf_nut-gathering.jpg,general_painting,0,willard-metcalf,test,c6dced21fcb3d5124f4b577facf6a6556683fda5193a30d6a9046f458f60b55e,9d9c6a6b22ca5565
data/private/portraitnet/general_paintings/willard-metcalf_october-morning-deerfield.jpg,general_painting,0,willard-metcalf,test,02dbb1d1169ffefbfd3797c372f501d15b86208ed58e112428c50962fd4cf0da,d6bec821c93cd0ea
data/private/portraitnet/general_paintings/willard-metcalf_october-morning-no-1.jpg,general_painting,0,willard-metcalf,test,192a3461d376b2008bd97f5ae62664cb0b1024c9a009dfbe0ee29365229f8dd9,9e96d9992766209d
data/private/portraitnet/general_paintings/willard-metcalf_october.jpg,general_painting,0,willard-metcalf,test,3817f58d0c7fbeff8247189374c82436eb0751d418b7f20d7bd2fcba939cebdc,b9b9b55cc004fb62
data/private/portraitnet/general_paintings/willard-metcalf_on-the-suffolk-coast-02.jpg,general_painting,0,willard-metcalf,test,9bdfae07e2230a5c509ea7503353055e2d82a3d4a1fccd70f43cee18256687a2,c3f39a9e262361e1
data/private/portraitnet/general_paintings/willard-metcalf_on-the-suffolk-coast.jpg,general_painting,0,willard-metcalf,test,7a65f4bfac094a5eae46c1ee62a55e1f08b4699c39e266d3a0d4da2d1e89613f,83fc87e036194f4b
data/private/portraitnet/general_paintings/willard-metcalf_painting-my-wife-and-daughter.jpg,general_painting,0,willard-metcalf,test,14b507829020e3616618a2ea5156843264ec0660b52dae6d5cbee7b372efc52f,8ef699617a883da4
data/private/portraitnet/general_paintings/willard-metcalf_passing-summer.jpg,general_painting,0,willard-metcalf,test,bab2f5b54a8cee040f00851614461fcd3147fe6d893b1db1c4d351df4693b8b0,c2e6639865e734d8
data/private/portraitnet/general_paintings/willard-metcalf_pasture-old-lyme.jpg,general_painting,0,willard-metcalf,test,4851c2cf753ba4d1a05a418a67ca93387de80969e6393b8141107debac9aa97b,bdbcc8e066c0d49b
data/private/portraitnet/general_paintings/willard-metcalf_pond-giverny.jpg,general_painting,0,willard-metcalf,test,b54e2365e0d7c1e6b475a7a7022e97a761f90d313ce32d791102583d8cb1562c,83c9cff6604c3e19
data/private/portraitnet/general_paintings/willard-metcalf_pont-royal.jpg,general_painting,0,willard-metcalf,test,40fd4a8d9446f395f99844e45817d949a53b4d0b2f4e48adc306291a103186be,c489abf67d6b0c84
data/private/portraitnet/general_paintings/willard-metcalf_purple-white-and-gold.jpg,general_painting,0,willard-metcalf,test,09cd1bb9586d4e93b2ed4418370d8d1cd6f2180d138475d824733e291eced4da,cdcf6ce0889d845b
data/private/portraitnet/general_paintings/willard-metcalf_remember-spring.jpg,general_painting,0,willard-metcalf,test,b096cb9ca6974deed8deb88fcffd432dd6cec17afb76533543490d3d944a8ee3,97a7901343d1f8ec
data/private/portraitnet/general_paintings/willard-metcalf_september-morning-plainfield-new-hampshire.jpg,general_painting,0,willard-metcalf,test,bfa6f42bdcdfc7bfd81f9f1d2c058923e0d3b1871054dc5f627accf9045d4d63,daf6b9897443419c
data/private/portraitnet/general_paintings/willard-metcalf_september.jpg,general_painting,0,willard-metcalf,test,4e2c720d6252a55fdd43347c2e68132ed38e9c603e3c4f95f80dc2adb73fa5e0,aab49f6a848c69cd
data/private/portraitnet/general_paintings/willard-metcalf_sillon.jpg,general_painting,0,willard-metcalf,test,14fa632d997a3d4861f589b84b3e4efd96dfdbe194ef97d1bf00856443493c03,d9a2d248751f28fa
data/private/portraitnet/general_paintings/willard-metcalf_snow-in-the-foothills.jpg,general_painting,0,willard-metcalf,test,092b887426db863a668ca5599fa6fa5d12f67d989c5e057cfe0487448bc109d7,f22eb189509ed539
data/private/portraitnet/general_paintings/willard-metcalf_summer-night-no-2.jpg,general_painting,0,willard-metcalf,test,7e494a2412f5370701e1ef076b591fdee4ad2b76ffa53ce7f8e81da31670094a,b62981b64d1fdac8
data/private/portraitnet/general_paintings/willard-metcalf_sunlight-and-shadow-1888.jpg,general_painting,0,willard-metcalf,test,a5172aed562ed5ae5d2fd6d3a89cb9df6aafd75e69a9361d0be225b6fe7a4fc3,f2e3c3e712480c5f
data/private/portraitnet/general_paintings/willard-metcalf_swollen-brook-no-2.jpg,general_painting,0,willard-metcalf,test,b8e011c9331fa2b3dde35ac01cb2fa34636b689d17306edaae2d07c29b0a58c4,8aa1dee5d1d0351e
data/private/portraitnet/general_paintings/willard-metcalf_tea-on-the-porch.jpg,general_painting,0,willard-metcalf,test,8ef6ca05effaecac5cbe7e534f23ead1cd368bca6d2ae96f00e6071a97720579,ca9123e63b9ac167
data/private/portraitnet/general_paintings/willard-metcalf_thawing-brook-winter-shadows-1911.jpg,general_painting,0,willard-metcalf,test,f9eb6f356294832da19d0224c9e1b8c45774b319bd1e96891ab884f19ffa0951,b212dc876b4ae6b1
data/private/portraitnet/general_paintings/willard-metcalf_thawing-brook.jpg,general_painting,0,willard-metcalf,test,7e8159fbc5fe67980582a801b125db1db6e32e98c31fc51856613a117834c213,c80ddbe0b46e359a
data/private/portraitnet/general_paintings/willard-metcalf_the-ballet-dancers-aka-the-dressing-room.jpg,general_painting,0,willard-metcalf,test,99942719dd55d8493bf3bce79671af52f593488825ca4d08ced25dd369f85719,c5e43309ef3dc0ca
data/private/portraitnet/general_paintings/willard-metcalf_the-frozen-pool-march.jpg,general_painting,0,willard-metcalf,test,0c6f287c76d3d5669e9b65d10bb6534d4098431228dc34e5efd66d19f86d6c4b,a31c9cb3cbcde046
data/private/portraitnet/general_paintings/willard-metcalf_the-golden-screen.jpg,general_painting,0,willard-metcalf,test,b6926ff6c28a216f36d2a708264ac2651db80f2f9dcdfb6e02410fdcd1e279bb,8db81fa4dba67013
data/private/portraitnet/general_paintings/willard-metcalf_the-landing-place.jpg,general_painting,0,willard-metcalf,test,f688ba1f6a1b34f82203019fd61f7d6f6e5a218be60bb9f6a60014473630be48,91a7c0f8dcc3ce86
data/private/portraitnet/general_paintings/willard-metcalf_the-little-white-house.jpg,general_painting,0,willard-metcalf,test,942f844fe3e25fde6fd3ab133bec0e4351cd316e686abeff6f715460a5e6d67a,9b31e5cff0e22a60
data/private/portraitnet/general_paintings/willard-metcalf_the-path-1915.jpg,general_painting,0,willard-metcalf,test,05a17368bfaaf92933accb41741069e4d6b120067871792ffd4398ebd5e438a3,f96cf4e38049833d
data/private/portraitnet/general_paintings/willard-metcalf_the-path.jpg,general_painting,0,willard-metcalf,test,11dd9d7dd3d6497ddee004065cab685f0a63ccc7598bf5b17723021b9f9878ca,f968f4e38049c33d
data/private/portraitnet/general_paintings/william-h.-johnson_knitting-party-1942(1).jpg,general_painting,0,william-h.-johnson,train,37dced717e390f6fc2d2c4e7f160ec17f8b20d5de5880b46bcc51b20b46abdcf,fee162a7b952806a
data/private/portraitnet/general_paintings/william-h.-johnson_lamentation-1944(1).jpg,general_painting,0,william-h.-johnson,train,937bb4bacbe0c03b82de152c78c631f3bf5ddfedcf22e136da9ec6095a688cc5,ed52e4ad13d8e116
data/private/portraitnet/general_paintings/william-h.-johnson_let-my-people-free-1945(1).jpg,general_painting,0,william-h.-johnson,train,90079abe5041d15d59d4581cdf9979961d1ab3a56012ebf2b9a8c44191a3de05,d4f534d03b1f2f08
data/private/portraitnet/general_paintings/william-h.-johnson_lift-up-thy-voice-and-sing-1944(1).jpg,general_painting,0,william-h.-johnson,train,486739b58aacf59af246c8083c5dd2eee0e1cb80c8bc0f102a4cbfd71aa2cb57,9cbc1f9670e1c349
data/private/portraitnet/general_paintings/william-h.-johnson_little-girl-in-orange-1944(1).jpg,general_painting,0,william-h.-johnson,train,9926d595a839a1711630bb2294a112e50b953ad33cafdaa1faad5f475bc3fcf0,bda342f5825d8a55
data/private/portraitnet/general_paintings/william-h.-johnson_little-sweet-1944(1).jpg,general_painting,0,william-h.-johnson,train,e00c9ab91122e96cd7fa9297894e2615e0814aafeea701139879df9145672ae1,bcb850e5c7c7c720
data/private/portraitnet/general_paintings/william-h.-johnson_lunchtime-rest-1941(1).jpg,general_painting,0,william-h.-johnson,train,84b331e6dda22267e2e092116b3fe40fa986d5811aeffbb429259ff9552e7fdb,f8ca84943735d8e5
data/private/portraitnet/general_paintings/william-h.-johnson_marian-anderson-1945(1).jpg,general_painting,0,william-h.-johnson,train,091dc796e28701c9a5008eae3582ac71a4c5771e25d15b1f1fa0f73d0671e567,c82f27c0e0cc9bbd
data/private/portraitnet/general_paintings/william-h.-johnson_maternal-1944(1).jpg,general_painting,0,william-h.-johnson,train,ba203dbed344065b795d6455ae8284bb5c6b5e00923fe3917d42763032330395,cee6333998f0c926
data/private/portraitnet/general_paintings/william-h.-johnson_moon-over-harlem-1944(1).jpg,general_painting,0,william-h.-johnson,train,81070806bca3fa04a2b3a336a934a55c3bb5d0b2d65cbc2a25556a0bf6b975fd,ae13536daa72d485
data/private/portraitnet/general_paintings/william-h.-johnson_nat-turner-1945(1).jpg,general_painting,0,william-h.-johnson,train,96e0d32fcff65fab04e0dba1fb1a971e99b7d5bd3f10c3dcb1233e29439dcb00,b3e68de3ad2c0a07
data/private/portraitnet/general_paintings/william-h.-johnson_nehru-and-gandhi-1945(1).jpg,general_painting,0,william-h.-johnson,train,5db02d4cd9a074fb757a62e501d70a117cb3c30c10358f0da6cb29fb7c0d8a93,d1f872ce0b3734a1
data/private/portraitnet/general_paintings/william-h.-johnson_new-born-babe-1939(1).jpg,general_painting,0,william-h.-johnson,train,e914af7b277f2813a5e66f5b50aaf6d77ddba3136ac6beb4c9dc3e876773c2e8,e4ec2966961a69b5
data/private/portraitnet/general_paintings/william-h.-johnson_new-york-skyline-at-night-1943(1).jpg,general_painting,0,william-h.-johnson,train,0150816b84e9fe47ef7ea099b295d2163046af234fa6df14043dce7df9c8d1a1,eefe85c0d0412c9f
data/private/portraitnet/general_paintings/william-h.-johnson_nude-1939(1).jpg,general_painting,0,william-h.-johnson,train,1e71bdb8ef75d8d49900f3027f09bbcf6b1d9ecf071dea3e9ab0e5fa9d999d24,b0ccd8c869b497e3
data/private/portraitnet/general_paintings/william-h.-johnson_off-to-market-1941(1).jpg,general_painting,0,william-h.-johnson,train,956acba52dd738863c46f99e44c3407d4c4fe6c53f4de71196ed53c87f892468,f596cce992aa89c8
data/private/portraitnet/general_paintings/william-hogarth_the-invasion-england.jpg,general_painting,0,william-hogarth,test,0722ba8ee6b6579c082134505e5005a8acf72cae67f8c43a0acf95e94c04af29,b7b4a94ee670a219
data/private/portraitnet/general_paintings/william-hogarth_the-invasion-france.jpg,general_painting,0,william-hogarth,test,7b37aaaf7e3c715b57b629399459ee19e5a4c5c99efa73f6bada9b10209acffc,eaeddd32d10ec118
data/private/portraitnet/general_paintings/william-hogarth_the-lady-s-last-stake.jpg,general_painting,0,william-hogarth,test,c231669226140db7e657f60cb60831c922f671c293e0864ddcb94ebdd596fa5a,a874380a079d77cf
data/private/portraitnet/general_paintings/william-hogarth_the-lottery.jpg,general_painting,0,william-hogarth,test,80db0d994f5bf74597b0e12650798293567f48d36728299d622c08b66b324759,8c3fea4afb0195b0
data/private/portraitnet/general_paintings/william-hogarth_the-murder-of-the-count.jpg,general_painting,0,william-hogarth,test,a628f8e191ccb1b75b703f49a30d51e7950b3244e9292f49f0e21f42db4ba9be,8ca374ccd39d2cd1
data/private/portraitnet/general_paintings/william-hogarth_the-polling-1755.jpg,general_painting,0,william-hogarth,test,ae7d9deae1aa5271bf1af11b1f3f53bfb013cfa8e0c6c57a90f58ebd1ab7217d,c2cb1f374168d5f0
data/private/portraitnet/general_paintings/william-hogarth_the-pool-of-bethesda-1736.jpg,general_painting,0,william-hogarth,test,f2390aac382190a91fe40707bed081cc895e4f793d2cf1e41eebacb63fac6d75,92d4497ea74b642d
data/private/portraitnet/general_paintings/william-hogarth_the-prison-1735.jpg,general_painting,0,william-hogarth,test,d576739bf63f67b179a3f7d5d6557c437dee927d65f32d73717a071065d934af,b6ea6b80b567522c
data/private/portraitnet/general_paintings/william-hogarth_the-sleeping-church-1729.jpg,general_painting,0,william-hogarth,test,d1a040c9cbc60a815686c2b8fe880ec380a4c7d2d4e666e1df9a177fdc6cf028,d19f2438cb71363c
data/private/portraitnet/general_paintings/william-hogarth_the-staymaker.jpg,general_painting,0,william-hogarth,test,b33ea93946e861aee6d901663c7f98d6b29f13d3484b3d38c08116975a947746,d1e64cb1c265cb1e
data/private/portraitnet/general_paintings/william-hogarth_the-strode-family.jpg,general_painting,0,william-hogarth,test,5c89bc613a53980ce51fd252acf44dcca2e797ab2bead900992bb9d826205f16,962d689e618cf933
data/private/portraitnet/general_paintings/william-hogarth_the-tete-a-tete-1743.jpg,general_painting,0,william-hogarth,test,2721b4567d68ec31762324d5cb0f50c6f031e18cebf61ec3b2e0393a3a785aeb,85e66619b3665879
data/private/portraitnet/general_paintings/william-hogarth_the-wedding-of-stephen-beckingham-and-mary-cox.jpg,general_painting,0,william-hogarth,test,28806fc04c52255fa4a1c1d9955db2247f836fbc1a6cfeea844d01c22b7c4edb,96eb3c966bb414c1
data/private/portraitnet/general_paintings/william-hogarth_the-western-family.jpg,general_painting,0,william-hogarth,test,bc9defced10821d3b26be4285d4bc4bdaf94cf638c5f4f6658b74197e35126ca,d2ad58c28d66fc52
data/private/portraitnet/general_paintings/william-hogarth_time-smoking-a-picture.jpg,general_painting,0,william-hogarth,test,7f8f271d06f63aaafd1bc7b363a03a104900d3e9a6bfacb3d4fdac649dedc21a,967ced01d82fac1c
data/private/portraitnet/general_paintings/william-hogarth_times-of-the-day-evening.jpg,general_painting,0,william-hogarth,test,c1e9dd4e9ba20ba5a2e69fd595333f2c5946c060239a660e9dcd99fca9d22af0,fad425a1ac4ed171
data/private/portraitnet/general_paintings/william-hogarth_visit-with-the-quack-doctor.jpg,general_painting,0,william-hogarth,test,9592165eee2b507ac7d4f83b7e29f3936e13a24747e667b8775e575200c0797c,968d3bb88c2e5996
data/private/portraitnet/general_paintings/william-hogarth_w-a-rake-s-progress-the-gaming-house-1735.jpg,general_painting,0,william-hogarth,test,bf3f559981e42c249d8666367e3b7436f8a1e30da786b3007bee17afe958af33,9ebb692c82172fc8
data/private/portraitnet/general_paintings/william-hogarth_wanstead-assembly-at-wanstead_-house.jpg,general_painting,0,william-hogarth,test,69a04422b5c86b61014fb335c0815fac8f5b7f23e985aaae3c2d99f37af156e9,8d93dcec137ca914
data/private/portraitnet/general_paintings/william-hogarth_wga-a-scene-from-the-beggar-s-opera-1729.jpg,general_painting,0,william-hogarth,test,9c4d38ee37dfeed0fe2c609fccefd0e0513c2b2005f7ad3702f796c649f72b87,9c2511fa6d097a9e
data/private/portraitnet/general_paintings/william-james-glackens_1911-for-the-championship-of-the-backlot-league.jpg,general_painting,0,william-james-glackens,train,082497fa78f38673b834bc1b502d6308c78ac587174daee503c62eb2acbe2710,ecc4eca595481b37
data/private/portraitnet/general_paintings/william-james-glackens_city-scene-1910.jpg,general_painting,0,william-james-glackens,train,d93bf7c51a489eff128558c19633bedb59d57bd39dd5cd079f2cd03a3f0bd680,abd695a8b4a424b7
data/private/portraitnet/general_paintings/william-james-glackens_merry-christmas-1910.jpg,general_painting,0,william-james-glackens,train,366577bf9751f0ecf906f6ec77412529d35f3d195048a26baec0fc467a8cea9f,dbd0b545868e8f26
data/private/portraitnet/general_paintings/william-james-glackens_summer-hotel-1909.jpg,general_painting,0,william-james-glackens,train,04d5b87a5187826bdc7804293255e3e6380c5bb2a83395ab7e784a6bb1c55165,87c8e87a68370de3
data/private/portraitnet/general_paintings/william-james-glackens_the-drive-central-park-1905.jpg,general_painting,0,william-james-glackens,train,e9bfd4348fd2b2cf4f1bdf6c5b7fe0aa2c7e7618dba92287220ea14db7752691,af576a6610cbbc60
data/private/portraitnet/general_paintings/william-turner_the-fighting-temeraire-tugged-to-her-last-berth-to-be-broken-up.jpg,general_painting,0,william-turner,train,ba5934fb50898c6eed2c4e4b3f9284d3350e850991c1f843c1fce5e3134a7fa5,dca3444d8710ef7a
data/private/portraitnet/general_paintings/william-turner_the-grand-canal-scene-a-street-in-venice.jpg,general_painting,0,william-turner,train,9279b5529bda6ec51dfcea4f558552658bd13982d52770e257bddf65cea7c728,dae51d24c30a17b7
data/private/portraitnet/general_paintings/william-turner_the-grand-canal-venice-engraved-by-william-miller.jpg,general_painting,0,william-turner,train,0507c56fc48279ef66dd3195f56c46db7af2aaf139868dfd2972a95c671a1e3b,8d922d3f12314adf
data/private/portraitnet/general_paintings/william-turner_the-morning-after-the-deluge.jpg,general_painting,0,william-turner,train,f72bc9aee71789415e9b0dca7acfc7164b4db482818eeac0c266a379ac7a0cf4,83dc5f371a1d601b
data/private/portraitnet/general_paintings/william-turner_the-nordgalerie.jpg,general_painting,0,william-turner,train,5dc56a760685ba9141795c55d2db63155843186cea04bf32b55a608b27501435,9b84746a4ebccc1d
data/private/portraitnet/general_paintings/william-turner_the-pantheon-the-morning-after-the-fire.jpg,general_painting,0,william-turner,train,d9cb8818a7f68c3466ebf91b07a0b194b10cdb85d1a44939c8da99dfb94af1d2,d1fc89371c376492
data/private/portraitnet/general_paintings/william-turner_the-wreck-of-a-transport-ship.jpg,general_painting,0,william-turner,train,97229db3d8bac894b63def317510b80449c2e77146ae8c64f547438986a5655a,8cf67363b48d0a47
data/private/portraitnet/general_paintings/william-turner_totnes-in-the-river-dart.jpg,general_painting,0,william-turner,train,cbd078f4272296981f46cd5627769f149174b11ae33ad036338e9d2ea073f0d6,84d3fe3c8709f093
data/private/portraitnet/general_paintings/william-turner_transept-of-ewenny-priory-glamorganshire.jpg,general_painting,0,william-turner,train,3f66b8f92a400622a1fd55dec1312bc62aa50e1974d63605102f3a00c90af9ac,c164369b77b45835
data/private/portraitnet/general_paintings/william-turner_ulysses-deriding-polyphemus.jpg,general_painting,0,william-turner,train,881f34abd15d8c28141d77ac6fdebac56f4b934274fe77936e5903324c55c84a,95ca6635966a9555
data/private/portraitnet/general_paintings/william-turner_undine-giving-the-ring-to-massaniello-fisherman-of-naples.jpg,general_painting,0,william-turner,train,43b2d7db92b6ae714fb3881d0ae8580368b8194f6176047ac07e651ca9a9e3f5,9dbd3660cb347093
data/private/portraitnet/general_paintings/william-turner_valley-of-the-brook-kedron.jpg,general_painting,0,william-turner,train,daa3cf9161b35012c9f26fa44550ffeba06f4edb3ff01080f9706136b961fabd,c0952e6b5807dd3d
data/private/portraitnet/general_paintings/william-turner_view-from-the-terrace-of-a-villa-at-niton-isle-of-wight-from-sketches-by-a-lady.jpg,general_painting,0,william-turner,train,863357c6946a4f90df4f9c1c4084a242edef245318fc95d1b722548215760a40,d4826f3f05975a43
data/private/portraitnet/general_paintings/william-turner_view-of-orvieto-1829.jpg,general_painting,0,william-turner,train,799d3e92f52d2e602605826e15e3fc71e6ef5f310b3b81af32f425d8145e9772,94c8765fc7631e05
data/private/portraitnet/general_paintings/william-turner_view-of-saint-germain-ea-laye-and-its-chateau.jpg,general_painting,0,william-turner,train,d92c7dc9a8392b5ebc29ba2bddd95c392eda71e49813794944db3fb786453ccb,c5bb904635d66837
data/private/portraitnet/general_paintings/william-turner_weymouth.jpg,general_painting,0,william-turner,train,0a25d58e419c2f0e9495edb510c3812444cda5354b7fdc6da6f8d37a9ab5c12f,b0c6da38c7f86619
data/private/portraitnet/general_paintings/william-turner_whalers.jpg,general_painting,0,william-turner,train,8e9f982aecb968ad3738a9b8d440b295728f592a8b937f79d8b84b9380c3afad,f4ce51eac870dc07
data/private/portraitnet/general_paintings/william-turner_what-you-will-1822.jpg,general_painting,0,william-turner,train,622909c00113a7301d0741027b60269fce84cd60e6a51f73b2dae56431e65d6f,d8e6c787b29c1a19
data/private/portraitnet/general_paintings/winston-churchill_gardener-s-cottage-at-mme-balsan-s-house(1).jpg,general_painting,0,winston-churchill,train,a1777a21df071cfd2bd77938be43585d14468d661b3dc20f372224788f1ebe3c,d59d2afe88e37202
data/private/portraitnet/general_paintings/winston-churchill_goldfish-pool-at-chartwell(1).jpg,general_painting,0,winston-churchill,train,9e6c6bc05052fe464d54a22b1d773c8cfb89ce6f644b67bc249aa091759222c1,bf8d62b595e0a0c3
data/private/portraitnet/general_paintings/winston-churchill_great-hall-at-blenheim-palace(1).jpg,general_painting,0,winston-churchill,train,c9363150612c6a2ee7b160f6387586fca52a692d1cacbf3a0c6d80f3828b4e3b,eae187c49c98d89d
data/private/portraitnet/general_paintings/winston-churchill_ightham-moat(1).jpg,general_painting,0,winston-churchill,train,593f02933c2d9afebe80e72a0ff1fd6c06f8320add71c6571376a19258629957,b8ae7c70d1c6a58c
data/private/portraitnet/general_paintings/winston-churchill_interior-at-breccles(1).jpg,general_painting,0,winston-churchill,train,c015a9462cb495ff5cc032269c1158888fdc11278db53bd64e876eab732c7c42,c83d37cb6cce19c0
data/private/portraitnet/general_paintings/winston-churchill_long-gallery-at-sutton-place-near-guildford(1).jpg,general_painting,0,winston-churchill,train,b618f7bf762a63f3a34f1e9fe8048e66eb423b1fd185967a2de6ef7e265403bc,aaaac549ae935b19
data/private/portraitnet/general_paintings/winston-churchill_marlborough-tapestries-at-blenheim(1).jpg,general_painting,0,winston-churchill,train,85b911fc468d909e91cbf90ca3898c0fb780d5b5be35aacd55b6658761d37455,87a5283899d39eda
data/private/portraitnet/general_paintings/winston-churchill_marlborough-tapestries-at-blenheim-1(1).jpg,general_painting,0,winston-churchill,train,1e2fe708b07b2e39f7e7d23f96c5fd2f0b1639378e6be3ff94238d47642a8c4d,87a4d07b915acbd2
data/private/portraitnet/general_paintings/winston-churchill_mary-s-first-speech(1).jpg,general_painting,0,winston-churchill,train,924cb9ee1ae3af4508e3d82f666dfbf60e706b41caf3e75b4b1447fa4af1951c,92cd3563a2e7b506
data/private/portraitnet/general_paintings/winston-churchill_mells-somersetshire(1).jpg,general_painting,0,winston-churchill,train,e4129754c1c75cece5c02c955d20d0437f363a1d692687ab640e9f627af5a83c,a8e317dc3c687323
data/private/portraitnet/general_paintings/winston-churchill_mountains-and-sea-at-sunset(1).jpg,general_painting,0,winston-churchill,train,f0d7ddae0f0f085b1e3b89529cf4db4edfd2cb4070dbaf0840c4caca6a691e36,93de344b9a3543ac
data/private/portraitnet/general_paintings/winston-churchill_near-breccles(1).jpg,general_painting,0,winston-churchill,train,84689b62548321f3103520fe76aa38b6271eb6827aa29bfa8bfd57ec89c557da,c0abfee4823e3b44
data/private/portraitnet/general_paintings/winston-churchill_near-lochmore-on-the-duke-of-wesminster-s-scottish-estate(1).jpg,general_painting,0,winston-churchill,train,0880225ebea55324f4b913d40842435460e54c46d128af44fe6ab45ff93da0bc,97b58583eb72e860
data/private/portraitnet/general_paintings/winston-churchill_near-the-pyramids-1921(1).jpg,general_painting,0,winston-churchill,train,0996486fa6a560f883e39ea398225d902ba5c1fbf4aea4674ab1dbc890288cf7,d585b42acbba812f
data/private/portraitnet/general_paintings/winston-churchill_newbuildings-sussex-1921(1).jpg,general_painting,0,winston-churchill,train,cbd5b1393ea575d4e32168dace627687b3c8d3e30f1ed0098fe87c38a27432b2,fb262499c1999ba6
data/private/portraitnet/general_paintings/winston-churchill_seascape-with-rain-clouds(1).jpg,general_painting,0,winston-churchill,train,8f9bd410e6a36d3c32c543d4079b17cdbce4ba5dfd0f08c5f1a166392659ab9e,c647cdccbd2981c6
data/private/portraitnet/general_paintings/winston-churchill_shadows-on-a-staircase-in-southern-france(1).jpg,general_painting,0,winston-churchill,train,656e7b5793bd6746b31bc295a90f18daba43795129d94b22d754753b9198ea31,a12968b5dac6b770
data/private/portraitnet/general_paintings/winston-churchill_shady-cloister(1).jpg,general_painting,0,winston-churchill,train,bbb459b984ab0499e3e6d8d2f46f463c37b4f8122876221aa1894e429db202f2,b595e806eab84bb1
data/private/portraitnet/general_paintings/winston-churchill_state-room-at-blenheim-palace(1).jpg,general_painting,0,winston-churchill,train,8469f7bf4350bded9b9953c07913af4e5d7d02182576d456479b40f32c829a77,da26b5e8d318ec07
data/private/portraitnet/general_paintings/winston-churchill_storm-over-a-bridge-in-southern-france(1).jpg,general_painting,0,winston-churchill,train,30a6410567308f006c0da8c0fad1649179abb3345a2cb1ceaa6f21b2fcff287e,c69f0b36b43324ec
data/private/portraitnet/general_paintings/winston-churchill_the-harbour-at-st-jean-cap-ferrat-1921(1).jpg,general_painting,0,winston-churchill,train,c40714eba951ded4932fafcac52450ad3652a93181f94d169afa4a747a0d8807,878eb98782c3c3f2
data/private/portraitnet/general_paintings/winston-churchill_the-harbour-at-st-jean-cap-ferrat-1921-1(1).jpg,general_painting,0,winston-churchill,train,a498fc3538e11eb0094c3699ec56940476525d76bfd69bb5fa9f6eb4dfd98df9,ceb11b662b0936b3
data/private/portraitnet/general_paintings/winston-churchill_the-pont-du-gard(1).jpg,general_painting,0,winston-churchill,train,16a47642801b362b1ed683c0eb095d2dd812b1f6c98010c549ed21c6b873f1f4,c5817ff812c569d2
data/private/portraitnet/general_paintings/winston-churchill_the-terrace-lympne(1).jpg,general_painting,0,winston-churchill,train,1648368958f5d1892913a4c66d10a5c4c4b5a219bab6888d483c003e04d0f1a8,97ae8391708cecc7
data/private/portraitnet/general_paintings/winston-churchill_trees-and-shadows(1).jpg,general_painting,0,winston-churchill,train,5e281537e7addf211605db5a5039239f87405886a1b1b906a4573cb76fadc2c8,876d3ad838c33cd2
data/private/portraitnet/general_paintings/winston-churchill_view-at-lochmore.jpg,general_painting,0,winston-churchill,train,d226432562bfa50713387f31f353af6dde7306165eb02919cd4ee1b7464e0690,d7a3266a5227c93a
data/private/portraitnet/general_paintings/winston-churchill_view-at-mimizan-1920.jpg,general_painting,0,winston-churchill,train,1490919d3afbc47497d2a60b1bf096579d7506653a768b2622f8f7bc2d0e7ce9,8ed1719e7c0f8760
data/private/portraitnet/general_paintings/winston-churchill_view-at-mimizan.jpg,general_painting,0,winston-churchill,train,fc2619b69991550c6bd249f1cd7e99c9636f6c6e4ff4946084d9cc1564fdb8ca,c66295daad942937
data/private/portraitnet/general_paintings/winston-churchill_view-near-vence-in-the-alpes-maritimes.jpg,general_painting,0,winston-churchill,train,540ce047d93f6db5b38a90a4f5681bd8121d442e7bdc7cebf33deeda3a5ab188,978d66194638ccf3
data/private/portraitnet/general_paintings/winston-churchill_view-of-cairo-from-the-pyramids(1).jpg,general_painting,0,winston-churchill,train,fb3381799d732601a6368fa762811a49b304f81e576b58c378fe9c148048bd4e,b2ef36643e014cab
data/private/portraitnet/general_paintings/winston-churchill_view-on-the-river-var.jpg,general_painting,0,winston-churchill,train,6d34c9b1327cb99a6dd4fbbdb3abae8d0822566be3586368d049204466d61d4e,dbd0e10f072cd8f2
data/private/portraitnet/general_paintings/winston-churchill_village-house-in-southern-france.jpg,general_painting,0,winston-churchill,train,5fbae8fc5fc70f20893ceb62524c204a6020fd28ffb0bc25ff1e5a23131e5aeb,856a5a5daae22fd0
data/private/portraitnet/general_paintings/winston-churchill_west-front-of-blenheim-palace.jpg,general_painting,0,winston-churchill,train,972df61e4ae5c7d46961654194ab7cd0968c9bb4bf2f827e9af0a79e8b988766,da2a27941dc7e92c
data/private/portraitnet/general_paintings/yves-gaucher_b-w-vi-1970.jpg,general_painting,0,yves-gaucher,train,9e6526d718c80f1929f898175dc71d6a42fcb9beca3cd9b832fccab38b4f3e1e,81dc73a01f247b8f
data/private/portraitnet/general_paintings/yves-gaucher_r-cr-ii-n-d-j-1968.jpg,general_painting,0,yves-gaucher,train,dd2f7935f5ee9c1242c5c5700a9b8bf2fce0c8c4df0d87916c59c6eefd7c584e,8ff57de219631430
data/private/portraitnet/general_paintings/yves-gaucher_traces-2000.jpg,general_painting,0,yves-gaucher,train,422ebf484a58c2e578705293b8d3b772a66d1195fac2fa1a34fe49138bcf4139,c1ea35c62bd532c9
data/private/portraitnet/general_paintings/yves-gaucher_untitled-yellow-1966.jpg,general_painting,0,yves-gaucher,train,b0ccb2141cd6ef2055bf69dc02d9b3b2da0567b1f4c158a01690a0bfc4c0b5a9,85a16da96dbb6017
data/private/portraitnet/general_paintings/yves-klein_untitled-blue-monochrome-1956.jpg,general_painting,0,yves-klein,train,61db135db5a9eecb93dad160a9a615895627d947dd267a5a618f317774d8d656,b39b998e8ccc8ccc
data/private/portraitnet/general_paintings/yves-klein_untitled-blue-plate-1957.jpg,general_painting,0,yves-klein,train,3d2ff6a2cff6686fb167a4a95d6d51a63d542f7698cb838765932aae00e2abd2,ee3d80d087ca9e8b
data/private/portraitnet/general_paintings/yves-klein_untitled-red-monochrome-1956.jpg,general_painting,0,yves-klein,train,b4c4965a9e1d96b7be19eccee1addc1ab99a0306e1b9594008508d6015e3e480,e666998ccccccd8c
data/private/portraitnet/portraits/agnolo-bronzino_portrait-of-a-gentleman.jpg,portrait,1,agnolo-bronzino,train,d4d0cf8eae00a276783684854326792aa813644b281e6340116b1d2cbcf2260a,adb2c2ca5dac3354
data/private/portraitnet/portraits/agnolo-bronzino_portrait-of-a-girl-with-book-1545.jpg,portrait,1,agnolo-bronzino,train,b06141c6ce08d6364297252d06fac33f2ab2562f09a13ed35ae29edfea0edef2,cc1c6313317bb786
data/private/portraitnet/portraits/agnolo-bronzino_portrait-of-a-lady-in-green.jpg,portrait,1,agnolo-bronzino,train,0663092147ea1583589252faf6f648066cb57765f245fbee11681932358d7acb,ccdc2331ca2779d2
data/private/portraitnet/portraits/agnolo-bronzino_portrait-of-a-lady-with-a-puppy.jpg,portrait,1,agnolo-bronzino,train,99a6d26ce08025404186e83f001affad84908946360b7ba0f118861b0bb31338,cd1c7663c0db6331
data/private/portraitnet/portraits/agnolo-bronzino_portrait-of-a-sculptor.jpg,portrait,1,agnolo-bronzino,train,75b8236b2c2f4c39d23a035c46892fde03ce3331864e5f1d59cb0a27791ec836,d0861e7a6127bbd8
data/private/portraitnet/portraits/agnolo-bronzino_portrait-of-a-young-man-with-book.jpg,portrait,1,agnolo-bronzino,train,f63e28f78987351c62045b0f4504e8cec9d633be22acb7d479317d0c97a3117e,be8694b963a1a3b2
data/private/portraitnet/portraits/agnolo-bronzino_portrait-of-a-young-man.jpg,portrait,1,agnolo-bronzino,train,c045a6d0f58cd06dda5c738e01d01e673a0c588022149ca89df7b9a83f9f3df2,ecbc04717f23631c
data/private/portraitnet/portraits/agnolo-bronzino_portrait-of-andrea-doria-as-neptune.jpg,portrait,1,agnolo-bronzino,train,48833783fdc632591afb4d51489f0a2f74c13f5b23752094695cff89db1c0280,996b6ac924962f72
data/private/portraitnet/portraits/agnolo-bronzino_portrait-of-bia-de-medici-1542.jpg,portrait,1,agnolo-bronzino,train,442a78ef48f3c5f3a4cb94766b427e40df39904f2111d475aa61a12fa0e5912e,c41e6a95f31a6553
data/private/portraitnet/portraits/agnolo-bronzino_portrait-of-cosimo-i-de-medici-1.jpg,portrait,1,agnolo-bronzino,train,53db1b2f24fc3972fd431a5a6b1ffbb2f22af40678c916e69e586ff4aec439a6,cc8c71663373c633
data/private/portraitnet/portraits/agnolo-bronzino_portrait-of-cosimo-i-de-medici-1545-1.jpg,portrait,1,agnolo-bronzino,train,0058599be60af777df78ae9a82f4c2cdb61ec154c4b82fb6edf82fc82b9320ac,944e2db263a3366b
data/private/portraitnet/portraits/agnolo-bronzino_portrait-of-cosimo-i-de-medici-1545.jpg,portrait,1,agnolo-bronzino,train,a49998c2d804bf2fcf45e22ae4e085b599167efc4f81bd9ae12c56d2084573a0,d11bd0e536d46734
data/private/portraitnet/portraits/agnolo-bronzino_portrait-of-cosimo-i-de-medici-as-orpheus.jpg,portrait,1,agnolo-bronzino,train,1e5e526b2e9400962c8a3c11501b12cd376f881a06d1b856c12fde02ebfe3587,9a6d6d66d89133c2
data/private/portraitnet/portraits/agnolo-bronzino_portrait-of-cosimo-i-de-medici.jpg,portrait,1,agnolo-bronzino,train,c93a7623565064e2e1f5e3d7abb4fe59944cc3aced14787c8006f924972a68c3,84486db5e3663733
data/private/portraitnet/portraits/agnolo-bronzino_portrait-of-eleonora-da-toledo.jpg,portrait,1,agnolo-bronzino,train,440528986e124aeaa508652e682b899b8b6709b0fb20b27025dc9e871e8a4c9a,dd9e601674671ba1
data/private/portraitnet/portraits/agnolo-bronzino_portrait-of-ferdinando-de-medici.jpg,portrait,1,agnolo-bronzino,train,a35b4ff0cf9472f6823a827b1643d484d04bbf6dfdace0696d0167f921632ce7,cf6ee1307ab0331a
data/private/portraitnet/portraits/agnolo-bronzino_portrait-of-francesco-i-de-medici-1551-1.jpg,portrait,1,agnolo-bronzino,train,233d5ef01ba1432e55ea62a91592021a840faf002298f35c23d099044d4bcd3a,ce0ce3327136b1e3
data/private/portraitnet/portraits/agnolo-bronzino_portrait-of-francesco-i-de-medici-1551.jpg,portrait,1,agnolo-bronzino,train,731950998f5b5f52aa79474bff3d94bf18aed4eb354c39c31c45965d2fc2c29f,c6cece313943398b
data/private/portraitnet/portraits/agnolo-bronzino_portrait-of-giovanni-de-medici-1545.jpg,portrait,1,agnolo-bronzino,train,dc20eb40f84767e25085c0414aab55795ce27826b861d9e8240d180f3c3f2955,cc0e2d35723739f0
data/private/portraitnet/portraits/agnolo-bronzino_portrait-of-guidubaldo-della-rovere-1532.jpg,portrait,1,agnolo-bronzino,train,844b475605753aa6904930bfb45d01a5416ebd5051181ee3b51686a8043990e0,9e649c768cd36893
data/private/portraitnet/portraits/agnolo-bronzino_portrait-of-laudomia-de-medici.jpg,portrait,1,agnolo-bronzino,train,2ceb7a77abc94646535f85a0214344628b6346270c7358e38f50545fda882fda,cc88ff237301b333
data/private/portraitnet/portraits/agnolo-bronzino_portrait-of-laura-battiferri.jpg,portrait,1,agnolo-bronzino,train,032625f4434f0021129480293bc446bf255711b5855f2b8ea83e205dc8b06063,d89c616e16e17953
data/private/portraitnet/portraits/agnolo-bronzino_portrait-of-lorenzo-lenzi.jpg,portrait,1,agnolo-bronzino,train,21951bbada9453b8de722648743ddc243612b72a8fdee6acb2aa5a2e4865ad58,fc8ce11e50e323f1
data/private/portraitnet/portraits/agnolo-bronzino_portrait-of-lorenzo-the-magnificent.jpg,portrait,1,agnolo-bronzino,train,2be984e166d9db964afe928cbfde298e1c921764a2de8d1c1f13a39739dfcc72,8647b9186e2467f3
data/private/portraitnet/portraits/albrecht-durer_portrait-of-a-venetian-1505.jpg,portrait,1,albrecht-durer,train,96ecdbec9544445fc3d0e4c6c1cebac77ece7e974077c8fc50dbb0f976b83b23,8f4e70b9306ba5b4
data/private/portraitnet/portraits/albrecht-durer_portrait-of-a-young-man-1500.jpg,portrait,1,albrecht-durer,train,a8ccf81fa1bd408342f55489030a3f1aa7fed348090728d4c929681d4966375d,874f603e6a917cca
data/private/portraitnet/portraits/albrecht-durer_portrait-of-a-young-man-1506.jpg,portrait,1,albrecht-durer,train,d0cebd2b48bdfbfab0324e6e8b075cecbe3bbdbbe7dc0bd490c13fa3cfafc8b6,eeae32f0c9434e4c
data/private/portraitnet/portraits/albrecht-durer_portrait-of-felicitas-tucher-1499.jpg,portrait,1,albrecht-durer,train,14046ea9d9daf4b1608169bfcf5c5a66ef99e5e2c0f794e9dbe7752db4c3a210,dcb76893780bad03
data/private/portraitnet/portraits/albrecht-durer_portrait-of-hieronymus-holzschuher-1526.jpg,portrait,1,albrecht-durer,train,c3c36a8916aed8d7c633fb5a72a891f31ee55bb54f097573cd2275e6281b266a,e9ad1514beb112cb
data/private/portraitnet/portraits/albrecht-durer_portrait-of-jacob-muffle-1526.jpg,portrait,1,albrecht-durer,train,d94a484a8d1665e23a4dd040591d6dc05f9adaf6b209fdbbc340708a10b6db7a,e8cf3927243126b7
data/private/portraitnet/portraits/albrecht-durer_portrait-of-jakob-fugger-1.jpg,portrait,1,albrecht-durer,train,ce464736e4552d3dcfa13cf9cb4ed484c965af65a39f0f71bb72a195dfbe0229,cb4fb0506d68257e
data/private/portraitnet/portraits/albrecht-durer_portrait-of-jakob-fugger.jpg,portrait,1,albrecht-durer,train,256cef2e4ebf28eafd926613bc20acccce1aaa5e44c552911d87c02ec7ae9aee,c981267ea987dcd8
data/private/portraitnet/portraits/albrecht-durer_portrait-of-john-s-kleberger-1526.jpg,portrait,1,albrecht-durer,train,4102ee906a1a41d72e405b01035dae4e80d4b75ffd32e7f33474fbaa74f5f8e7,ee67b0b0c59147c6
data/private/portraitnet/portraits/albrecht-durer_portrait-of-nuremberger-painter-michael-wolgemut-1516.jpg,portrait,1,albrecht-durer,train,c4a4eff8184c0b01daa811dfbc0887449c2248677a3b006424fedf33d7551d43,ccb67026c366ce9c
data/private/portraitnet/portraits/albrecht-durer_portrait-of-st-sebastian-with-an-arrow-1499.jpg,portrait,1,albrecht-durer,train,86fdf6b00b756771424b8e6bd85c063edec728c57ba552ebae1353e869811a25,ede8e317a312a24b
data/private/portraitnet/portraits/alexey-venetsianov_a-peasant-girl-from-tver.jpg,portrait,1,alexey-venetsianov,train,38cb3d416852f6f0382f1ed6984eefc9a40e6274bae384996db98716b7c3a37a,c51f7ae2b56d18c0
data/private/portraitnet/portraits/alexey-venetsianov_a-peasant-girl-with-a-calf.jpg,portrait,1,alexey-venetsianov,train,7608f503d3e8476af35369e5b91d05668d3314aed54cce2bd7145bd589e909ff,9c4c6b35c7a23d58
data/private/portraitnet/portraits/alexey-venetsianov_a-peasant-girl-with-embroidery.jpg,portrait,1,alexey-venetsianov,train,aadf8751f5c14630cdbd7f68a7d9d10fedc08e939a63310b035c426cc7f04a33,f05b2ac51a64cee5
data/private/portraitnet/portraits/alexey-venetsianov_a-peasant-woman-combing-flax-anisia.jpg,portrait,1,alexey-venetsianov,train,d5389f153c1aa31a8cdf91fae8e9ea4d8edb437d27cc8d066e8fabb34dc3f428,994c70a7747883f6
data/private/portraitnet/portraits/alexey-venetsianov_a-peasant-woman-resting-on-her-hand.jpg,portrait,1,alexey-venetsianov,train,f7db8226dcd381490c7da9d40066914dd370a91d9f6c7d660d674bc4a5d64c0b,cb8e3c712073b572
data/private/portraitnet/portraits/alexey-venetsianov_a-peasant-woman-with-a-child.jpg,portrait,1,alexey-venetsianov,train,0450e4c736ad7f7adeed0a62d28bb50840fe51756b8bb1dbb3820635b6c6f42c,c0063ebb360bf873
data/private/portraitnet/portraits/alexey-venetsianov_a-peasant-woman-with-a-rake.jpg,portrait,1,alexey-venetsianov,train,8810ed38c93cfde8461bbc44d30f1ee2ac28b0ff014f256d953fedf5d98a1337,f5ee22975e208d94
data/private/portraitnet/portraits/alexey-venetsianov_cartomancy.jpg,portrait,1,alexey-venetsianov,train,5e8c6b482072a246effb5258cc25782f784c05e19eb42c74dca65a1ab5781e64,d50b7ab420c77e58
data/private/portraitnet/portraits/alexey-venetsianov_checkered-shawl.jpg,portrait,1,alexey-venetsianov,train,ed4a490a3091d6acfeabbf29c166a88819164611ba5d165251e3ca171a7ad8c1,c00c2b732dfac7c3
data/private/portraitnet/portraits/alexey-venetsianov_first-steps-peasant-woman-with-child.jpg,portrait,1,alexey-venetsianov,train,645e94cb69c71474ee0866039dcf86ba3344316e1f3bcd7d607846adfe15ab90,874e38f1d133f119
data/private/portraitnet/portraits/alexey-venetsianov_girl-with-burak.jpg,portrait,1,alexey-venetsianov,train,72424455982c4af4bb7e22e8f3707b358a7c915401a736413bf82b80acf9d424,de63e033c8cca754
data/private/portraitnet/portraits/alexey-venetsianov_girl-with-milk.jpg,portrait,1,alexey-venetsianov,train,40618247eff12f15c23f28c232b9a977a02718b50d6247fba6baf7f06e346e47,8f49ba7468a77823
data/private/portraitnet/portraits/alexey-venetsianov_girl-with-the-cornflowers.jpg,portrait,1,alexey-venetsianov,train,f1988cfe17efa17bc44234ba061b3259e5608b5ae818cdb113e26df6664a76df,91696a9624734ff8
data/private/portraitnet/portraits/alexey-venetsianov_peasant-boy.jpg,portrait,1,alexey-venetsianov,train,365063cd42731f50e537fd79c728f4adce48db7c471643833875379a96d28baa,c94778b033b9e307
data/private/portraitnet/portraits/alexey-venetsianov_peasant-girl-with-a-sickle-in-the-rye.jpg,portrait,1,alexey-venetsianov,train,8e513cdb66c7e5c30d8bb0f7152bd6a7a1aad8074b090f613b4ac54dd9d05234,dca413b386f18ec9
data/private/portraitnet/portraits/amadeo-de-souza-cardoso_a-mongol.jpg,portrait,1,amadeo-de-souza-cardoso,train,86acb08428eb3d46dc110a3e19932805bc274a0ec8839bd5df04e249e0273192,8b1a7c291de429e7
data/private/portraitnet/portraits/amadeo-de-souza-cardoso_head-1913-1.jpg,portrait,1,amadeo-de-souza-cardoso,train,d917dc96470bb30fa4a97a97557062ce634a956350efbfed20a34eeb5563a95e,cdfaa5fa04274b81
data/private/portraitnet/portraits/amadeo-de-souza-cardoso_head-1915.jpg,portrait,1,amadeo-de-souza-cardoso,train,c4f135f511a4c343fe033e04a3d4b25985f3bd0060a8f0962e49e362a6c35bd0,c794787a78e34943
data/private/portraitnet/portraits/amadeo-de-souza-cardoso_sorrows-heads-1914.jpg,portrait,1,amadeo-de-souza-cardoso,train,b09bb848102192da806b13888c54c59b5e4d0a544a53dddd99411fc9d392bd26,94e462b6fad0b139
data/private/portraitnet/portraits/amadeo-de-souza-cardoso_the-rat-1915.jpg,portrait,1,amadeo-de-souza-cardoso,train,45ee23607fae44834f9bb31002d55a8e9198d993dc23baddf47b652ca7329db8,958f5aa4b1b4175a
data/private/portraitnet/portraits/amedeo-modigliani_dark-young-woman-seated-by-a-bed-1918.jpg,portrait,1,amedeo-modigliani,val,ebe84cbda40ee373158419c1f2d596c1093c641a635b4c68da2b6bd2a833e5c0,b7a4c2f329d3b08a
data/private/portraitnet/portraits/amedeo-modigliani_doctor-devaraigne-1917.jpg,portrait,1,amedeo-modigliani,val,902b7a056d92ace75f2d028f66ce2984268700bbb8c55ddb07b7c3b1becd875c,930bf47126d76326
data/private/portraitnet/portraits/amedeo-modigliani_elena-picard-1917.jpg,portrait,1,amedeo-modigliani,val,d53489bfae653301d6a1b16ce4c305e0d4e75e3f04d2e6981fe12058d7116ca0,868c7cb5d29b6558
data/private/portraitnet/portraits/amedeo-modigliani_elvira-with-a-white-collar-1918.jpg,portrait,1,amedeo-modigliani,val,7f3da6c6496f47ffddd7ad4f9f89c3eedee0f03cd290de0204b60465a77c6d3f,c8f0b8339bd97078
data/private/portraitnet/portraits/amedeo-modigliani_fat-child-1915.jpg,portrait,1,amedeo-modigliani,val,ce97cef6361025d9a33c80ad6e2f7d62ca5a191998aea59a1387d559b4c203b4,d4eb2bd4838f8a8c
data/private/portraitnet/portraits/amedeo-modigliani_female-nude-with-hat.jpg,portrait,1,amedeo-modigliani,val,63d6d533a4ebc34aeaf19f16bdbbcdd9c97e2acef57eb95f329776ee053d14b7,8d343a29979697c9
data/private/portraitnet/portraits/amedeo-modigliani_female-nude.jpg,portrait,1,amedeo-modigliani,val,d64e2766d3d24e5adad5ca6f2af59fa6c9eeaeac09322d502432e877dc88532b,c5b26a6d8e8d8559
data/private/portraitnet/portraits/amedeo-modigliani_frans-hellens-1919.jpg,portrait,1,amedeo-modigliani,val,10e667b3fdbc113d06f84d06a36cad0c3339ea4be539bb02d7c307773f8aa2ab,cc99343473e36347
data/private/portraitnet/portraits/amedeo-modigliani_germaine-survage-with-earrings-1918.jpg,portrait,1,amedeo-modigliani,val,a02877b396394349a79c40a9702082d692492463a644ac1349fd18cc0c6caad8,cfadb03e2033b493
data/private/portraitnet/portraits/amedeo-modigliani_girl-in-a-green-blouse-1917.jpg,portrait,1,amedeo-modigliani,val,09ae3771d0a29b40675322f8cccf10ce5ae68e40e448f1046c013fbd5909224b,cccf348334ae648f
data/private/portraitnet/portraits/amedeo-modigliani_girl-in-a-sailor-s-blouse-1918.jpg,portrait,1,amedeo-modigliani,val,6252dc1f69cf4ac764d2db2a4ab5dd2c1e250ab949defa6dddbae1616812d976,cea931cb32c6c91e
data/private/portraitnet/portraits/amedeo-modigliani_girl-in-blue-1919.jpg,portrait,1,amedeo-modigliani,val,cca617a4d3cff5ee4b151828983b86b70e0a0a1e2a27d47cd8c0676c59933e40,a5fc0073f303f2b8
data/private/portraitnet/portraits/amedeo-modigliani_girl-in-the-shirt-red-haired-girl-1918.jpg,portrait,1,amedeo-modigliani,val,1d6f2ea94ff201e6c932ffc3d6dd63fd168aa83c7b98b54e69ef0a728152e8d8,c5fb2784566d2934
data/private/portraitnet/portraits/amedeo-modigliani_girl-with-a-polka-dot-blouse-1919.jpg,portrait,1,amedeo-modigliani,val,5abf410f5e5027dd98f28f13906a91cc3f6e374b47075606a88f8b8b74380ec0,cbb6247bc1cd2c62
data/private/portraitnet/portraits/amedeo-modigliani_the-amazon-1909.jpg,portrait,1,amedeo-modigliani,val,27496242d5a1522d1eded7736fb3201f01d6c8ef6e6177e0b9221758a19a2555,9c4c7a6727927239
data/private/portraitnet/portraits/amedeo-modigliani_the-artist-s-wife-1918.jpg,portrait,1,amedeo-modigliani,val,99ff84aac930b39caab41a815b08eb1a85b89dfc2a4ec81c2d449f71b2b4aa46,ddc9013b329bc6e1
data/private/portraitnet/portraits/amedeo-modigliani_the-beautiful-confectioner-1916.jpg,portrait,1,amedeo-modigliani,val,55043ff4d55689f8c1f0e7753dd117834c3f4b0890492f895badc3b6c2f9ec4a,c0bc3bf2499974c9
data/private/portraitnet/portraits/amedeo-modigliani_the-beggar-of-livorne-1909.jpg,portrait,1,amedeo-modigliani,val,c00dfe69508bc11f68b5778adbfcce120dbbb301911f1774979dfea33171699f,9fab23566c647322
data/private/portraitnet/portraits/amedeo-modigliani_the-black-dress-1918.jpg,portrait,1,amedeo-modigliani,val,64619a2e469547b19402e767f42b14d76af518d725dfa1800a35980a9ee44176,a1c5976636696587
data/private/portraitnet/portraits/amedeo-modigliani_the-blue-blouse.jpg,portrait,1,amedeo-modigliani,val,46cfd4415f4b43e86229c5ac5bcd8531e711d6de5477fa910a5fcd4374951474,d8e233a193cb49cd
data/private/portraitnet/portraits/amedeo-modigliani_the-boy.jpg,portrait,1,amedeo-modigliani,val,9a303a3ef779fec493898b6a290cabfa8c2255f9724a48a8330a6302fee1fcfd,a89835b167632d73
data/private/portraitnet/portraits/amedeo-modigliani_the-caretaker-s-son-1918.jpg,portrait,1,amedeo-modigliani,val,98775249e6e1ec6d7bbc6eef303baf158886a02c2cb15acaa6f86104b3669043,ad87d697274c2c8c
data/private/portraitnet/portraits/amedeo-modigliani_the-jewish-woman-1908.jpg,portrait,1,amedeo-modigliani,val,f329efe919f910d7728f6819aaa6b1ff3a59cab03afd9f5b4c8d62da439ac000,ace97324ca978d98
data/private/portraitnet/portraits/amedeo-modigliani_the-little-peasant-1918.jpg,portrait,1,amedeo-modigliani,val,e7b4c64c96deac4a00c59d57801609e7e104dbea699ee2741133fa4e3bcba269,beecf003330363f2
data/private/portraitnet/portraits/amedeo-modigliani_the-man-with-the-monocle.jpg,portrait,1,amedeo-modigliani,val,6d4429c61132957503687894c59a6e61ed4281c81c8e61762543e8d2332aaac4,8c933d8df248a7f0
data/private/portraitnet/portraits/amedeo-modigliani_the-mistress-1917.jpg,portrait,1,amedeo-modigliani,val,58ed52e37b334c3e451d118c2e9ffc90c4a4ac84b1061a249464bd2507f4712a,eac09639c71ed827
data/private/portraitnet/portraits/amedeo-modigliani_the-peasant-from-livorno-1909.jpg,portrait,1,amedeo-modigliani,val,247321393ac8684d373fce9fb059ec6c8e3adc3155defc14b035551c3899bd6e,8ea1a372ece63386
data/private/portraitnet/portraits/amedeo-modigliani_the-pretty-housewife-1915.jpg,portrait,1,amedeo-modigliani,val,1d54924506a2f8b201170455959d9f64007a2822ce6a587d2600da6fef3386c4,ccedfec033326498
data/private/portraitnet/portraits/amedeo-modigliani_the-pretty-vegetable-vendor-1918.jpg,portrait,1,amedeo-modigliani,val,cf0282a5efd9612641fa91d07200d4c629a4ee3fdf3b77f86d325b983c2d35e6,84facb2c36c1d473
data/private/portraitnet/portraits/andrea-del-castagno_petrarch.jpg,portrait,1,andrea-del-castagno,train,a75cbc747a8b0d8d44c4f7b65ba40316006d1ca5bbf7b4e36af457eef7d08166,bf94d04bd0c3d0d3
data/private/portraitnet/portraits/andrea-del-castagno_portrait-of-a-gentleman.jpg,portrait,1,andrea-del-castagno,train,cf57158d8c3487adfda59b75c6482a316374aca06bd3f8c952d334b8d47a0c49,fc0d0a5a72e08fd9
data/private/portraitnet/portraits/andrea-del-castagno_portraits-of-two-members-of-medici-family.jpg,portrait,1,andrea-del-castagno,train,6112757cfee3787d276bc1812440e732be6764f15dcb0cedd4db1b21880b394b,93482c7093cf4fb6
data/private/portraitnet/portraits/andrea-del-sarto_lucrezia-di-baccio-del-fede-the-artist-s-wife-1514.jpg,portrait,1,andrea-del-sarto,train,72851ce7be32200d731dee2c0ddb825498ec2a979308fa49cac5a5bad420811e,9a6c649338636f9c
data/private/portraitnet/portraits/andrea-del-sarto_portrait-of-a-lady-with-spindle-cup.jpg,portrait,1,andrea-del-sarto,train,88ebb35348a754f6eea860e51df8df115703591cbe237b6c2ca02129a601d265,cc0d3ef311e626b8
data/private/portraitnet/portraits/andrea-del-sarto_portrait-of-a-man.jpg,portrait,1,andrea-del-sarto,train,3fe3ff78dc0aed2b3af09c52cfb1a9a5b640c34e275502845e66cca98017d15c,caa4649b3371999b
data/private/portraitnet/portraits/andrea-del-sarto_portrait-of-a-young-man.jpg,portrait,1,andrea-del-sarto,train,b3674021f8fb8bafdb7876c243d811d9dffe2a96f69ae986d54ed6fa1033d838,c83467e833b3b21d
data/private/portraitnet/portraits/andrea-del-sarto_portrait-of-baccio-bandinelli.jpg,portrait,1,andrea-del-sarto,train,8842c45bb48dca6fe7e4a05f76f5b8a17a9a12a38f48b39c48bfd7cb7fe5bdae,8c68b6b13be684d9
data/private/portraitnet/portraits/andrea-del-sarto_self-portrait.jpg,portrait,1,andrea-del-sarto,train,52d009083c6cf42803622f069c5061e958d79be8e7fcb64112ca411733cd750e,afbd7260f6cae001
data/private/portraitnet/portraits/andrea-del-sarto_st-john-the-baptist-1.jpg,portrait,1,andrea-del-sarto,train,a84ec1b48025119cfccdec343b9b71dfa5061689c113872d5161129fa08471aa,c42f3b9ce8711c33
data/private/portraitnet/portraits/andrea-del-sarto_st-john-the-baptist.jpg,portrait,1,andrea-del-sarto,train,889f0ab0b3aba70015054b9aed6ae2231a7ab1a4b53e66068a543683946a3f3d,cd3c1a83711a376d
data/private/portraitnet/portraits/andrea-del-verrocchio_madonna-and-child.jpg,portrait,1,andrea-del-verrocchio,train,7a8d62f85694043498bb7384519567fa563a7ffce0fa361de508d1e9b0e4e17d,c0a6a7b0785b1dc7
data/private/portraitnet/portraits/andrea-mantegna_christ-the-redeemer-1493.jpg,portrait,1,andrea-mantegna,train,8db722d83f219ebf3ab693e4d5e56bcbf3b5881a17e2816a9159009f053d95ee,ce6cb13a23399366
data/private/portraitnet/portraits/andrea-mantegna_ecce-homo-1502.jpg,portrait,1,andrea-mantegna,train,7759a679f9d59572bb84892da566569f097174bc6678e0fa34fe7884cbe750dd,e53c79c1645fb08c
data/private/portraitnet/portraits/andrea-mantegna_portrait-of-a-man.jpg,portrait,1,andrea-mantegna,train,1f27f625fcc0fd30b1919246d980d7e862ac183cb3721d3277d04f74b0e7b553,c36b3c3f3ce03036
data/private/portraitnet/portraits/andrea-mantegna_portrait-of-francesco-gonzaga.jpg,portrait,1,andrea-mantegna,train,7176e608b98889974a0ffd4a8c5ced01a62f3ca9f9879cad8b12fa0cb98617b6,cf2ff01978612738
data/private/portraitnet/portraits/andrea-mantegna_st-sebastian-1475.jpg,portrait,1,andrea-mantegna,train,6da2b6201da6e3faa8228e55242a3b6a51f38602c8cf5317012c1118b1186915,cd317678226616e7
data/private/portraitnet/portraits/andrea-mantegna_the-holy-family-painting-on-wood-1455.jpg,portrait,1,andrea-mantegna,train,b6409481930bd5b465892a9d5aabe0c19f4c1a697b1f611d2efad71063eddc24,c0cc4d4f96b3595c
data/private/portraitnet/portraits/andrea-mantegna_virgin-and-child-1470.jpg,portrait,1,andrea-mantegna,train,1f323c1facf8c13ffcbf61ccd920246dd662438f9a37921c476ea64c55edaacb,c61b6969b64c4ee1
data/private/portraitnet/portraits/andrea-solario_head-of-st-john-the-baptist.jpg,portrait,1,andrea-solario,val,a91be380b96963e10924e69a5d4ecebe547e53b65983b7b8ce3b7a55adc63d52,d8192666339bd98d
data/private/portraitnet/portraits/andrea-solario_man-with-a-pink-carnation.jpg,portrait,1,andrea-solario,val,a7bbc12516cc15637637888aceae19b41c66e8941b019c4d44510705f1cb4312,eca4f0331b0b5ecc
data/private/portraitnet/portraits/andrea-solario_portrait-of-a-man-1.jpg,portrait,1,andrea-solario,val,b5e35129fd4242603c40f3cf62fbd3ae716aee1c2a035136de6527fd9fba16e4,cff82738c684ce98
data/private/portraitnet/portraits/andrea-solario_portrait-of-a-man.jpg,portrait,1,andrea-solario,val,c0c63b47f4ad38ea4e8668cdeabf05ec9fe6168a992aac026d681ea7a52d72d0,dcf007330df0cf07
data/private/portraitnet/portraits/andrea-solario_portrait-of-a-young-man-1490.jpg,portrait,1,andrea-solario,val,f096142b88b7c80bc352e5c4393d5d4f3cbaed7742f9f8ef1343bfa4e81e45bb,cccc6333b3433399
data/private/portraitnet/portraits/andrea-solario_portrait-of-charles-d-amboise-1507.jpg,portrait,1,andrea-solario,val,f71f88c9ff5878d1b16dae160f5dd2412e71c56185cc64b41bda42ae239d340b,f6a0310f5bd6e4a8
data/private/portraitnet/portraits/andy-warhol_liz-taylor-1.jpg,portrait,1,andy-warhol,test,3a1bab60152b646c23257e050022b33b23eade281a3ffa2873fdd35cd02ffd63,cf26f111a2cec3ca
data/private/portraitnet/portraits/andy-warhol_liz-taylor.jpg,portrait,1,andy-warhol,test,5aebac4a5b3a178b130735a847a064b3600b40193b9ae0f8329b8e486c4fb49c,afa6f08382cec38e
data/private/portraitnet/portraits/andy-warhol_man-ray.jpg,portrait,1,andy-warhol,test,01478ae1e3f0fcdff41fb7efe4d2e82f5511411bdde9f193146180a168b57881,f872346f93849953
data/private/portraitnet/portraits/andy-warhol_mao-1.jpg,portrait,1,andy-warhol,test,c9e20b66336e256ccb604be876e3f0506ceb125838b6373f657ba63dda557519,ed58b32491e734c9
data/private/portraitnet/portraits/andy-warhol_mao-2.jpg,portrait,1,andy-warhol,test,19b045aa310267aae5164547c8d9a6c6fdd97b5a7eeffbd36665a15a65ee3a1b,e54d9e3290793276
data/private/portraitnet/portraits/andy-warhol_mao-3.jpg,portrait,1,andy-warhol,test,9ca75e912ca00f24dd3dbac73ca1c1cd9d0289c6f1480e5ed09657eb85fe2266,eded1e32b09171b0
data/private/portraitnet/portraits/andy-warhol_mao-4.jpg,portrait,1,andy-warhol,test,34bce0007e47cee501d9903c3b8b4bf165e4a0ab6408d49ddebe0dc9cc32c401,ac3c836293c3f396
data/private/portraitnet/portraits/andy-warhol_mao-5.jpg,portrait,1,andy-warhol,test,57e74a5cc56ae1ded9d56f34ab8d2df516fd6227583423e5d76cb5586259ef30,e9a91ae692c3b686
data/private/portraitnet/portraits/andy-warhol_mao-6.jpg,portrait,1,andy-warhol,test,31d08abb447d08cf58890ef3dfafaebf0b7b4b7a4a77c5d7b07a396044c7f1fe,acfd1bb29243b2c2
data/private/portraitnet/portraits/andy-warhol_mao.jpg,portrait,1,andy-warhol,test,87986e0d53adf20b90b99a5b569cfeaf9cb6d3f3ca02053e5fb615494446ccdf,aded1860b6c2b3a6
data/private/portraitnet/portraits/andy-warhol_marella-agnelli-1973.jpg,portrait,1,andy-warhol,test,c8e0924e4ab8db34eb7bf4f56045084c6311e6ba3c9fc56b558950573bca6225,b8c986b3cf1ccd18
data/private/portraitnet/portraits/andy-warhol_marilyn-1.jpg,portrait,1,andy-warhol,test,631293e322ede61e64270604e3a5a6b6e61aacc15b4e9faed1e8f07fb39d6ed2,dd947149360f53cc
data/private/portraitnet/portraits/andy-warhol_marilyn-blue.jpg,portrait,1,andy-warhol,test,c59789bd84490528cb24bcc0837c21da5f0be266f4eba01384277c4ed367740c,84d1d34b4f4b616d
data/private/portraitnet/portraits/andy-warhol_marilyn-reversal.jpg,portrait,1,andy-warhol,test,02dad41be72f5b825d5878d306598ad1008160228ecfa3fb0f02c7e133743c18,b06b47a4cbb42e33
data/private/portraitnet/portraits/andy-warhol_marilyn.jpg,portrait,1,andy-warhol,test,1449ffa29c32e73ff6f11dd317a52ad0449e5c8b382bd1cb59f4ba4d680166f7,da8560d36c97c798
data/private/portraitnet/portraits/andy-warhol_martha-graham-1979.jpg,portrait,1,andy-warhol,test,9d9e4fb7b8184f6725069c8e1246fc8d02e66d4ae6bf49b9d62ef22a16e9e4eb,edd032b5ca4b948d
data/private/portraitnet/portraits/andy-warhol_marylin-gray.jpg,portrait,1,andy-warhol,test,60850e185641e6d309f0cd18545a4b96267aac78e01c0d251f8089b5ea356608,c1307d6b6e4bc709
data/private/portraitnet/portraits/andy-warhol_marylin-red.jpg,portrait,1,andy-warhol,test,ca811827474faa3ca34aea99731aaa97e7bb01cabbd374325c5a5b261ac9e5ed,b4c1c34b5b6b216d
data/private/portraitnet/portraits/anton-azbe_portrait-of-a-girl-1885.jpg,portrait,1,anton-azbe,train,aef1b96ec08e178e9d4c6a6c904d82246e2ab2ed28e0f26189916671ad3eda25,dc1a61e59992f661
data/private/portraitnet/portraits/anton-azbe_portrait-of-a-girl-1888.jpg,portrait,1,anton-azbe,train,fb31e6b1e4bbe1646741ff82df76617199cc0749d66412dc5879bb7dbf7a2b60,8d2630365b9b6ecc
data/private/portraitnet/portraits/anton-azbe_portrait-of-a-man-in-a-bow-tie-1890.jpg,portrait,1,anton-azbe,train,120bf1ffec2e9dbd05bbbae9bf9ab1ca27594e7d96456f26a1ba61f1f4e0494e,ce0764393a99e167
data/private/portraitnet/portraits/anton-azbe_self-portrait-1986.jpg,portrait,1,anton-azbe,train,8737b45a860055b6d20d1fcca8dae2f360440353defe7433c8520fd39c0b9993,8c396733cc8c33cd
data/private/portraitnet/portraits/antonello-da-messina_christ-blessing-1465.jpg,portrait,1,antonello-da-messina,test,2f968e3739300b665d1abddeed6f8c8b038f288e244f086b18f0eb885866ef13,cc0db36433336597
data/private/portraitnet/portraits/antonello-da-messina_christ.jpg,portrait,1,antonello-da-messina,test,eb6ab291e6e7da15ef1a420315b5da02b957d885410dd1eae5a888fa5cd2cf3c,a6a413cbe993629b
data/private/portraitnet/portraits/antonello-da-messina_madonna-and-child-salting-madonna.jpg,portrait,1,antonello-da-messina,test,6fb9379c663a45d722892923484e736b771ad2b3603418fb507a5b46af400114,cc247313ce1e4f5a
data/private/portraitnet/portraits/antonello-da-messina_portrait-of-a-man-1470-1.jpg,portrait,1,antonello-da-messina,test,6c5c7b463e7492255c52c0f637df601a65b1b58bd015e70dfaf21aa6d90a5a8b,afa07292c7cb8b4c
data/private/portraitnet/portraits/antonello-da-messina_portrait-of-a-man-1470.jpg,portrait,1,antonello-da-messina,test,d9ba6160b8a0ce4bb8ea67c1edb81e0b69f7586bfd3f5437b75335c8ec49aab9,cf61389ec198666d
data/private/portraitnet/portraits/antonello-da-messina_portrait-of-a-man-1473.jpg,portrait,1,antonello-da-messina,test,8d4d6d2ab33735883c21478faee457035062bc646d1f42073606a67c39474217,cf0f30386bc16e66
data/private/portraitnet/portraits/antonello-da-messina_portrait-of-a-man-1474.jpg,portrait,1,antonello-da-messina,test,21172cac4e59ee9ccde5f17f4c8736018ea39fcee14101906af97d1413de5126,8c6cb3307887d9cb
data/private/portraitnet/portraits/antonello-da-messina_portrait-of-a-man-1475(1).jpg,portrait,1,antonello-da-messina,test,f3334afae278bc28aaf099b51ec21ca4504a22fbde73ce6cf26021bac5ae9ac6,cf1f303869612f66
data/private/portraitnet/portraits/antonello-da-messina_portrait-of-a-man-the-condottiero-1475.jpg,portrait,1,antonello-da-messina,test,eacc23d7d5e94e72f7fb546e088bb889633498f2283176d6fe3f8d0a0caf9682,cfc73038cfcd8c22
data/private/portraitnet/portraits/antonello-da-messina_portrait-of-a-man-trivulzio-portrait-1476.jpg,portrait,1,antonello-da-messina,test,567b266310fee9ffb5d481e5d8cde25583414d9d5e62152d85d0ea07522b0b28,8f4e313478b3b073
data/private/portraitnet/portraits/antonio-ligabue_self-portrait(2).jpg,portrait,1,antonio-ligabue,val,dc939a81e6de59997205d5e82f6c43247dfd4ee190c056b2c8b564d0fc97dc3d,8e95e345665a7c38
data/private/portraitnet/portraits/antonio-ligabue_self-portrait(4).jpg,portrait,1,antonio-ligabue,val,2772d62d17b57ee594e89e97367121cd33b1dc54729dc1bfcc2eba54538da1fb,8efc5822a7c70b9c
data/private/portraitnet/portraits/antonio-ligabue_self-portrait-in-profile.jpg,portrait,1,antonio-ligabue,val,32340522094782eee5bc42298a27f651325330648b8a75c2f4cad35cad0c1acc,8d67b4329a91dab8
data/private/portraitnet/portraits/antonio-ligabue_self-portrait-with-red-scarf-1956.jpg,portrait,1,antonio-ligabue,val,4dd55626e20e9fcfa9e87c2610bd38cc61d4691d2ba63f14f7e0739b26deec96,ccb634efa143b341
data/private/portraitnet/portraits/antonio-ligabue_self-portrait.jpg,portrait,1,antonio-ligabue,val,401ac879e555a80ff39616d21826ae129899319fb9e369609315c6a669c5d290,acb043af871b98ce
data/private/portraitnet/portraits/antonio-ligabue_selfportrait-with-dog.jpg,portrait,1,antonio-ligabue,val,51dd668c339651236a6a292d6a5d7b07bdacd1bb344d803c3d296ff7c44d0d49,acd283bcce4d6c43
data/private/portraitnet/portraits/auguste-rodin_young-girl.jpg,portrait,1,auguste-rodin,train,205f4b9d278984b814207ef8124138658d2d68abde2815d54a82809deca89c7b,b9cbb0f1911ec24e
data/private/portraitnet/portraits/augustus-john_a-boy-1915.jpg,portrait,1,augustus-john,train,1f700e9b61a975ba3cb196b338374537316a1896bac77f9ed41d46e3c1ae1c3e,8e2e7be3302ef182
data/private/portraitnet/portraits/augustus-john_a-canadian-soldier-1918.jpg,portrait,1,augustus-john,train,b514da1d8ad66aa5700ae4090a436a4180f96cc0127e0f54afb6eac4821e9231,a4bd506b9792c83d
data/private/portraitnet/portraits/augustus-john_a-west-indian-girl-1940.jpg,portrait,1,augustus-john,train,85d5ea4ced06a5172c012ff50bc6d44bf24330ce20ed25f204f9a6f823249357,aca4b35bd5819a39
data/private/portraitnet/portraits/augustus-john_barbara-allen.jpg,portrait,1,augustus-john,train,d949660236007342f9c0944282148bcad1dc6c36cbff4f9937b25cbf1545f5d4,981c676692933b67
data/private/portraitnet/portraits/augustus-john_colonel-t-e-lawrence-1919.jpg,portrait,1,augustus-john,train,c834ae26e4a27215e77ba29b5bf1d82a9153e25f2b19bc5c8d67c49a5913c408,c5f3306b4da5d252
data/private/portraitnet/portraits/augustus-john_dorelia-1959.jpg,portrait,1,augustus-john,train,81fac8d103770c4795e392a7cb4259323b0e905411bd8389a9086f0d6cc39bfe,c70e3c3459337732
data/private/portraitnet/portraits/augustus-john_dylan-thomas-1938.jpg,portrait,1,augustus-john,train,6372268adc6a3d9a0d70e368f019961bc4d91e87a2927e1b90fa91fac6b475dd,caa82771b591ea4d
data/private/portraitnet/portraits/augustus-john_edwin-john-1911.jpg,portrait,1,augustus-john,train,baa10dc20c784af3a062ac7a780347ebe93f70f19599e232a2c2eb93d6d5f2b0,eac0a49a57d38b4e
data/private/portraitnet/portraits/augustus-john_eve-kirk-1940.jpg,portrait,1,augustus-john,train,4d0cd2bbae9dc0c9fdd05227c0ea8eb5deb96822ccb3f4949d49fee0ef8c531e,9ea0777ce11b3462
data/private/portraitnet/portraits/augustus-john_king-feisal-of-iraq-1919.jpg,portrait,1,augustus-john,train,42d0011d4595153550c61599f11412c9fe3692f8cd247f3d104bc7c4c6b311bc,a9b1a65c4fcba491
data/private/portraitnet/portraits/augustus-john_lady-mary-alington-1930.jpg,portrait,1,augustus-john,train,c2f51daf9286d14a1e5670a0ee6bf6e0425b0bef6290d7bfc133c5a8d504f004,ec6ee2b3d14ccc81
data/private/portraitnet/portraits/augustus-john_lady-with-a-mantilla.jpg,portrait,1,augustus-john,train,784b9dc22d2cf1b588a71e49477d2fcc507cced78043fa2580e9817110e00e86,edbca197316287a1
data/private/portraitnet/portraits/augustus-john_merikli-1902.jpg,portrait,1,augustus-john,train,dbde602c0a1c35691aa1766c1141e1ed74a2f61aba50f2752862ad71ace99c39,c42e1fb069d33789
data/private/portraitnet/portraits/augustus-john_mrs-randolph-schwabe-1917.jpg,portrait,1,augustus-john,train,ca12c1c26f753962986bc133468d3bfdd43da6957210e299db7c4aed796d23a2,e9036ee5879e9898
data/private/portraitnet/portraits/augustus-john_portrait-of-a-chinese-woman.jpg,portrait,1,augustus-john,train,1148f56d88dc0752150c4f84fb97270425601aaa07c533d65174444c75dbccdf,bc3cf0c181c3cec7
data/private/portraitnet/portraits/augustus-john_portrait-of-a-jamaican-woman-1937.jpg,portrait,1,augustus-john,train,664ba7f74b1784d25a482afbac75773bd678f53182f71adcde89aaa3b13234ff,bd36d82dd261c06e
data/private/portraitnet/portraits/augustus-john_richard-hughes-1937.jpg,portrait,1,augustus-john,train,b84197f08b9c1c36bcdb1e387ede617f7d4cd4d8fe105eee6790792efa4bed98,ce2fd85833d24d31
data/private/portraitnet/portraits/augustus-john_robin-john-1916.jpg,portrait,1,augustus-john,train,8ce60793463263321aa1606be7b0aad53318967faf79b13e42a67410bcf091da,fb96262f82061edc
data/private/portraitnet/portraits/augustus-john_scottish-canadian-soldier-1940.jpg,portrait,1,augustus-john,train,29364b437ffba6fac96f36a56d097202a7e68ce4dd92bc3756b2461869978e1d,89a9235e14e3be93
data/private/portraitnet/portraits/augustus-john_se-ora-gandarillas-1916.jpg,portrait,1,augustus-john,train,d3ef85026420ef8f07fcfeeb0efa72466c6fea956d5100fd0ca34e2280457343,a830f75a9dc13bc4
data/private/portraitnet/portraits/augustus-john_signorina-estella-1900.jpg,portrait,1,augustus-john,train,1bbaa32ad86df425c5e284002856695944753c8a9f6ec325d5717bf88b57643a,cc63f4c399e107cc
data/private/portraitnet/portraits/augustus-john_the-orange-jacket-1916.jpg,portrait,1,augustus-john,train,cbdba7a8014cbad095f6fb526c0c6b6d73f9f48897c45131ed8fcb54b8e2bdd4,a5b734c20eda0dd9
data/private/portraitnet/portraits/augustus-john_the-right-honourable-david-lloyd-george-1916.jpg,portrait,1,augustus-john,train,642d68d4d737f0ae26141f440b49d677e7172c11d3a916c8604f06bba5c676e2,99582ae526622fb7
data/private/portraitnet/portraits/augustus-john_the-two-jamaican-girls-1937.jpg,portrait,1,augustus-john,train,5a124200ab016255bf48ddd33379c38a06702d3f786ff30f31782a5c50bfd6cb,803987db6c02c7ef
data/private/portraitnet/portraits/augustus-john_the-white-feather-boa-lady-elizabeth-asquith-1919.jpg,portrait,1,augustus-john,train,79db977f29ac6b1fe8193d71ca439adfe04d452f099bc1a50cd0aea2655efd5a,af2c2c3191cb33f8
data/private/portraitnet/portraits/augustus-john_vera-fearing-1931.jpg,portrait,1,augustus-john,train,31627dd5b7b3f38e77c599095f068601770ae365d5f3a61e3196f75ad73b9af8,889762433dc79e39
data/private/portraitnet/portraits/augustus-john_w-b-yeats-1907.jpg,portrait,1,augustus-john,train,bba151a7bbeb26e39fa522f84e5862c4a2bf8bb1164635ebefbcd2dea38e3424,cfe63938349998c6
data/private/portraitnet/portraits/bela-kadar_portrait-of-a-woman-with-black-hair-1938.jpg,portrait,1,bela-kadar,test,a76d4d2e5bbc262ead6678e8494efc288b9378bc70943d2c077b26ece0914fc6,fce13690c39eca8c
data/private/portraitnet/portraits/berthe-morisot_julie-daydreaming.jpg,portrait,1,berthe-morisot,train,0903cdb5dbe1a8d0cf1809c0ec5583b3a0d4399a0ccf1fe7de41c01bf694efb9,8479e3373462ed98
data/private/portraitnet/portraits/berthe-morisot_julie-manet-with-a-budgie.jpg,portrait,1,berthe-morisot,train,bdceaccc2c317c3d75f0742d3c783e28d3806b7effe722339b91988d7be420e0,95796987e6940f23
data/private/portraitnet/portraits/berthe-morisot_little-dancer.jpg,portrait,1,berthe-morisot,train,0bbdf07bd5110f59455d0358e7b8307dc8a3bc2a6d857728c3474414bee2fccb,ecd53397c12c1ccc
data/private/portraitnet/portraits/berthe-morisot_little-girl-at-mesnil-1892.jpg,portrait,1,berthe-morisot,train,31bb04b989418c7cff6ca62ba348de0176631e101b3f094f71e6df15618ae2f5,ed2af061a3d9d234
data/private/portraitnet/portraits/berthe-morisot_little-girl-with-blond-hair.jpg,portrait,1,berthe-morisot,train,025c22f6e6af3ecf308b917fbe196059e8d7c8db24af4f82343b361ea13770b4,ee95166a9d9c580b
data/private/portraitnet/portraits/berthe-morisot_portrait-of-a-woman-in-a-pink-dress.jpg,portrait,1,berthe-morisot,train,ce5544273018ef301ceb589a2c6d7229ea8c561bd712ebcabd49522fafd2ee50,897b6ca492db61ac
data/private/portraitnet/portraits/berthe-morisot_portrait-of-a-young-girl-1880.jpg,portrait,1,berthe-morisot,train,9f413d847d2c7f52852617e3c8386c2d6cfa96ced3e5585b961b32b2de0cdf9f,ea7af0e10993f530
data/private/portraitnet/portraits/berthe-morisot_portrait-of-a-young-lady.jpg,portrait,1,berthe-morisot,train,66dc67f08f01ccbb053f4ed74ce9546e084ff8d2f00a95765c20629c6e3c79b9,de2935d2d38e5c0c
data/private/portraitnet/portraits/berthe-morisot_portrait-of-edma-pontillon.jpg,portrait,1,berthe-morisot,train,affe195e8c41a3e87e8c9b335889a77225c3d00da0270a3a476cd1a3135a5a8e,eec115fe20718e99
data/private/portraitnet/portraits/berthe-morisot_portrait-of-julie.jpg,portrait,1,berthe-morisot,train,9e8b3fbf3c5653f65ab86c89ea57ca366ff1d2f55fc84678086b5f6b01afb14a,9eb0a44bc3549b9b
data/private/portraitnet/portraits/berthe-morisot_portrait-of-the-artist-s-mother-and-sister.jpg,portrait,1,berthe-morisot,train,2a126b4139a4a9c50537c122a84d36a48a725567332a979f02267286e0e670ba,c58732230dd0e7fc
data/private/portraitnet/portraits/berthe-morisot_portrait-of-the-artist-s-sister-mme-edma-pontillon-c-1872-75.jpg,portrait,1,berthe-morisot,train,05835d7f3482c447a86902905317807837ce69084a48a2ab9dcf2b614513b3d2,c43cb063eb366a99
data/private/portraitnet/portraits/berthe-morisot_portrait-of-two-children-1893.jpg,portrait,1,berthe-morisot,train,3eb14e9fd2bb30ae9793c06be0a20375c05c6d4cbcaf7dfc897ad4bbd17b00f7,b3633ebcd03a95c0
data/private/portraitnet/portraits/berthe-morisot_profile-of-a-seated-young-woman-1879.jpg,portrait,1,berthe-morisot,train,34dcbf3263170ee5fd8d20ef1e8d42853a5cd72c0278586b129656415980387e,83fc264fef101ca3
data/private/portraitnet/portraits/berthe-morisot_winter-aka-woman-with-a-muff.jpg,portrait,1,berthe-morisot,train,3bb07141778cf2ee287815e6dacb7dd64c5e1013ec25662351e99673b88c9382,a3913cc3cd8cf19a
data/private/portraitnet/portraits/berthe-morisot_woman-in-black.jpg,portrait,1,berthe-morisot,train,6b1c08f25db235f87372e6305fab14e63a871636b3e4fb15f7c0bf7514ff380f,acfc3121bdc8b61a
data/private/portraitnet/portraits/berthe-morisot_woman-wearing-gloves-aka-the-parisian.jpg,portrait,1,berthe-morisot,train,b7fe31fa0d5af2886312b22bec5a4662592ab875febf5f86d2150e69dc79fd27,eca47313e3c68e98
data/private/portraitnet/portraits/berthe-morisot_woman-with-a-fan-aka-head-of-a-girl.jpg,portrait,1,berthe-morisot,train,953f4be42bada30bbe7531cd68b76e8e54c0b763d4d42b702eb74e5f400add38,acc4d17a9d9b0669
data/private/portraitnet/portraits/berthe-morisot_young-girl-in-a-ball-gown-1879.jpg,portrait,1,berthe-morisot,train,1c3abbdd441f723ebde80766cd99e8bdf89a665b71be4e6fcb10817c4e05f17a,c82e35f18b2dad94
data/private/portraitnet/portraits/berthe-morisot_young-girl-in-white.jpg,portrait,1,berthe-morisot,train,96f2caa10ce34c7b8114e9b4101a8855df5dda52acb369eec5d94ab3aeb7ea6d,97a3e3d788cc8cb0
data/private/portraitnet/portraits/berthe-morisot_young-girl-with-a-parrot.jpg,portrait,1,berthe-morisot,train,8969b6af53ea64ff697fa54e5c4c78e586c22e917812e875c63a0f786474938b,877807e38ce7984e
data/private/portraitnet/portraits/berthe-morisot_young-girl-with-cat-1892.jpg,portrait,1,berthe-morisot,train,ce159cf9b568b4960166577280436d40e7ea806a470e24d2aeedb6b9ead539c4,cc693df3332c64c2
data/private/portraitnet/portraits/berthe-morisot_young-woman-in-a-blue-blouse-1.jpg,portrait,1,berthe-morisot,train,127714ac6594d9e1546de035e0faa72e7b14b35aaf30b9dca79bb3a32933bbb6,dab4635bd14d4a86
data/private/portraitnet/portraits/berthe-morisot_young-woman-in-a-blue-blouse.jpg,portrait,1,berthe-morisot,train,ad85543f0bfe24a4a045c3d8f86b62ec51b3d8c94486533b32d1e672a2c5a969,f2e4334acd918dca
data/private/portraitnet/portraits/berthe-morisot_young-woman-in-a-hat-henriette-patte.jpg,portrait,1,berthe-morisot,train,867a6b742521834ae24d10322bee352d412bd750bccd775676c6a56a836c6ce5,e932c6669ace6319
data/private/portraitnet/portraits/berthe-morisot_young-woman-in-mauve.jpg,portrait,1,berthe-morisot,train,8c2de9132c98767ba28e9b85dc168c1b2b20bd65c491c284ca768e27392ee569,80ffa4808ffcd893
data/private/portraitnet/portraits/berthe-morisot_young-woman-in-white-aka-isabelle-lemmonier.jpg,portrait,1,berthe-morisot,train,1fd78a9bea9ac723a017a90ca1eff7e6e2c8bd5e1aa7129b18ceec046b6022c3,b3636626e698b18e
data/private/portraitnet/portraits/berthe-morisot_young-woman-leaning-on-her-elbows.jpg,portrait,1,berthe-morisot,train,f2d5a8ef4b060aa1bba690fa099f553e827244ce0b596d3283707a9226c9f1f1,a5a1fb87c2dbcc10
data/private/portraitnet/portraits/berthe-morisot_young-woman-on-a-couch.jpg,portrait,1,berthe-morisot,train,6309ac63ffa380b4a67238ca6fd83245c9c85dca1956c7001065d3ac6536580d,c66837d08b8dec56
data/private/portraitnet/portraits/berthe-morisot_young-woman.jpg,portrait,1,berthe-morisot,train,684b5f6e94833a13b677777fb776b8d9cfb1ec555932cadcf26d07905bd56f96,c42c799163bf419e
data/private/portraitnet/portraits/billy-childish_thumbprint-1997.jpg,portrait,1,billy-childish,test,b55d670115fc2758625f8558ef3457237602e4364276e515ad3c59cf9155dc6c,f51b9e648a7a86a1
data/private/portraitnet/portraits/boris-grigoriev_german-butcher.jpg,portrait,1,boris-grigoriev,val,e1f8fb04969c51f96e5d977103d908086aa1a2d47e5887e5accaf4baf2ea5227,8ee6641c7273b9c2
data/private/portraitnet/portraits/boris-grigoriev_self-portrait-1.jpg,portrait,1,boris-grigoriev,val,613dd02d4d9ea375efea93e62b19a18ed93ae3eeafdf130630d1ed55ef9c6650,febe49e1c0c34784
data/private/portraitnet/portraits/boris-grigoriev_self-portrait-with-a-chicken-and-a-rooster-1924.jpg,portrait,1,boris-grigoriev,val,c00daa3f09009a802728496eeee0b63f55dfda02c786aecb45c7de4563041997,d0b12b8e8cdc197b
data/private/portraitnet/portraits/boris-kustodiev_portrait-of-isaak-izrailevich-brodsky-1920.jpg,portrait,1,boris-kustodiev,train,286f5c3c60aa6cbfe43529bdbf4bf430a6288c34dc86c70dfda3fe11fb01ad70,bf9ccc22c1f8c067
data/private/portraitnet/portraits/boris-kustodiev_portrait-of-ivan-bilibin-1914.jpg,portrait,1,boris-kustodiev,train,c6c168a0684abb191b52d2248e6746a5e3cade536675a8d539e3098c66a76815,bdd0d3c3913b9e04
data/private/portraitnet/portraits/boris-kustodiev_portrait-of-ivan-moskvin-1914.jpg,portrait,1,boris-kustodiev,train,e1fdf5b680ad162fddc2528a343b8a265bcf27eb95e27b8d079fd996b32ad041,aebcd3c0cb890d65
data/private/portraitnet/portraits/boris-kustodiev_portrait-of-ivan-yershov-1922.jpg,portrait,1,boris-kustodiev,train,9c1b523d85701b011e442ba666efffa5f5bc2e622275241ef43f9a80e6dc3977,bc2c9692d3391b93
data/private/portraitnet/portraits/camille-pissarro_paul-emile-pissarro-1890.jpg,portrait,1,camille-pissarro,train,d94cd3f98b69bed33cd866ba9cf06bba5682250d96824861f74a7985fa220e5f,b59c9b49e42f6231
data/private/portraitnet/portraits/camille-pissarro_portrait-of-eugene-murer-1878.jpg,portrait,1,camille-pissarro,train,d5ee9f635de293010ee807e1f130df3fb4e6126f9c785b42ba492ba3a25510a0,fbc8a037916c95d8
data/private/portraitnet/portraits/camille-pissarro_portrait-of-eugenie-estruc-1876.jpg,portrait,1,camille-pissarro,train,d7dad63db132e8a1f29c6743f69efc5f624bd857bb978afa527214a4cc143b17,ce43373039cd89d6
data/private/portraitnet/portraits/camille-pissarro_portrait-of-felix-pissarro-1881.jpg,portrait,1,camille-pissarro,train,cb45a3ef76e3ab8894be6368be2494e672cd2bf4a3d1a1d13890c560bcc1d9fa,ec8417d9c19ef01d
data/private/portraitnet/portraits/camille-pissarro_portrait-of-georges.jpg,portrait,1,camille-pissarro,train,c58506758d1e633040ad1fc9c95a411f7ed24e3529b895db7ffb34db00b17927,ece433738b199658
data/private/portraitnet/portraits/camille-pissarro_portrait-of-jeanne-1.jpg,portrait,1,camille-pissarro,train,5750bcf39dec2aad2776d61fd00d09cf098af97ef0e3b09e439ecf9ab06e71f9,a4a49352dbcd8d5c
data/private/portraitnet/portraits/camille-pissarro_portrait-of-jeanne-1872.jpg,portrait,1,camille-pissarro,train,22343e55eda85d6312521f0f653231244613db35b145493f66fe7faa4303cd2d,88c71e1b613dc79a
data/private/portraitnet/portraits/camille-pissarro_portrait-of-jeanne-rachel-minette-1872.jpg,portrait,1,camille-pissarro,train,9338758001710b3d6680af1ae0f210db09a7a7747d88bfeced012ade6ecf306a,fed0c10f3e343037
data/private/portraitnet/portraits/camille-pissarro_portrait-of-jeanne.jpg,portrait,1,camille-pissarro,train,9fbdbbc110f6ebb59e627a4aa051e3b219474a883cac2266847cc29166b31e70,817fa696935a698c
data/private/portraitnet/portraits/camille-pissarro_portrait-of-ludovic-rodo-pissarro.jpg,portrait,1,camille-pissarro,train,844f33052c485f99fee5df4cac2a9d88b1cd06d09a13afa14c87c51d2a87d38a,b664cc19f30d7983
data/private/portraitnet/portraits/camille-pissarro_portrait-of-madame-felicie-vellay-estruc.jpg,portrait,1,camille-pissarro,train,78329b25f5b4c70f1cc84f4f76eebe54c35daeed2565213e0c250c5f61391a27,e9a51dd6c2c0d3c3
data/private/portraitnet/portraits/camille-pissarro_portrait-of-madame-pissarro-1883.jpg,portrait,1,camille-pissarro,train,538a42ecaf11aa819b0193d91272ccd932f582ec4713febf8e92f2bc9952edca,9c94b37320d7c29b
data/private/portraitnet/portraits/camille-pissarro_portrait-of-madame-pissarro-sewing-near-a-window.jpg,portrait,1,camille-pissarro,train,af14936734e59c6caf2a798a994c35e0fa90a71d3c361271fd2d217884efadd8,e26560cadad88d6b
data/private/portraitnet/portraits/camille-pissarro_portrait-of-monsieur-louis-estruc.jpg,portrait,1,camille-pissarro,train,58acee436a9ea7f53307941712f01efb2859e5709b98810cefa9e756e10e1cc1,eef73230f0c0839d
data/private/portraitnet/portraits/camille-pissarro_portrait-of-nini-1884.jpg,portrait,1,camille-pissarro,train,0e86b2c12f268cca4c6832a28409a4cf16a60682b7f85744decb5bffdd77ad6a,cccc7333321dc98e
data/private/portraitnet/portraits/camille-pissarro_portrait-of-paul-cezanne-1874.jpg,portrait,1,camille-pissarro,train,e417821853154f05717aa6cdd871fe89374d2301984ce82ddc3f74d89345bc7d,bbb1c34bc5dc9c04
data/private/portraitnet/portraits/camille-pissarro_portrait-of-paulemile-1.jpg,portrait,1,camille-pissarro,train,f05a5f3f99a9d32fa0bb60f5c9c493e6f2ad2e1661faaf7b85961f5c274b4d01,a6ae713c49c18e4f
data/private/portraitnet/portraits/camille-pissarro_portrait-of-paulemile.jpg,portrait,1,camille-pissarro,train,6f2f2e6fa7233f5207f053938adebf8be14492c7c26045239bfc6e74a4c8f340,c45fa0b6d009dfe1
data/private/portraitnet/portraits/camille-pissarro_portrait-of-pere-papeille-pontoise.jpg,portrait,1,camille-pissarro,train,c960a22efd65cc0f0eaeb0335c3c590b7bdb8aac6ca2a5e66a94f4fd9db34b31,cccf3328b27309ad
data/private/portraitnet/portraits/camille-pissarro_portrait-of-rodo-pissarro-reading.jpg,portrait,1,camille-pissarro,train,241c8021d214baa6e6bda22f81d4e16e4e52767525761f610822f465b05d87f8,b8904379c59fce49
data/private/portraitnet/portraits/camille-pissarro_portrait-of-the-artist-s-mother.jpg,portrait,1,camille-pissarro,train,0cb9c92e36c834c740397c6f5c46f42719bb2b4592c14bfd8844a5b672018d6f,abc99116c6f30c67
data/private/portraitnet/portraits/camille-pissarro_portrait-of-the-artist-s-son-ludovic-rudolphe.jpg,portrait,1,camille-pissarro,train,f22448ee17e63039d1519099e80b54bacfe9073d91596b58563108dbdfb8154a,9fdcc2c10ecdc629
data/private/portraitnet/portraits/carl-larsson_self-portrait-1891(1).jpg,portrait,1,carl-larsson,val,3659290c7cbbb6ee7d2049b5f20b2940cb427f93e58ffa3f721834e7c7193651,b466926399b3d319
data/private/portraitnet/portraits/carlo-crivelli_apostles-1473-1.jpg,portrait,1,carlo-crivelli,train,5b3078275f040ac08747b5a8d0671b578478bacacd50dc65935a3811e212bbb2,bbe2c48aa7e4b0d2
data/private/portraitnet/portraits/carlo-crivelli_mary-magdalene-1490.jpg,portrait,1,carlo-crivelli,train,22d4531092a4bd8b7765db99bcaac89bda5122ce05a636516f6723c574ca5f8b,fac8004b2736b0ff
data/private/portraitnet/portraits/carlo-crivelli_saint-dominic-1476.jpg,portrait,1,carlo-crivelli,train,76791305152b786ca54688b1c4bbf99a72d16e42a4eef512ac512834036ae447,ecaeb3d8a5c5b084
data/private/portraitnet/portraits/carlo-crivelli_saint-john-the-evangelist.jpg,portrait,1,carlo-crivelli,train,5dad772471af4f76ea93e0ead56ac23e428c810c2ee5744249e3677ac267f2c3,aef969b1c224f283
data/private/portraitnet/portraits/carlo-crivelli_saint-peter.jpg,portrait,1,carlo-crivelli,train,745954988e7baf7dfde609026b9aba87eecb025751f538cfaad25c3b4b177866,aff830efbea08481
data/private/portraitnet/portraits/carlo-crivelli_saint-sebastian.jpg,portrait,1,carlo-crivelli,train,081eb6256b8ce3b69f9fc0b213089dcb692d4d21f878a6bd5d5908f12a82f5b5,cbb43c13a60e6b1b
data/private/portraitnet/portraits/chuck-close_agnes-1998.jpg,portrait,1,chuck-close,train,3bb39511350647a468f1f1d1b289f9df0597ff0d97fd47bd1a93476946643f16,c0f03b917e327c69
data/private/portraitnet/portraits/chuck-close_alex-color-1992.jpg,portrait,1,chuck-close,train,443cbad0c442e2f376266bbca92c10c960d6380539ba9a0682c34b5e4f73f869,fb33857d94c4c0c3
data/private/portraitnet/portraits/chuck-close_emma-2002.jpg,portrait,1,chuck-close,train,840520aafc086a0296adbd7ec7f1ba696bdb0b57c08fbea42ef66cfe01a6c204,95117e66786971ac
data/private/portraitnet/portraits/chuck-close_john-1998.jpg,portrait,1,chuck-close,train,7859421165e2b1295e50d05c4a22dd67603910855612fd82f9b1a8224cfb4cfb,9ab3bd6ce069c446
data/private/portraitnet/portraits/chuck-close_leslie-1986.jpg,portrait,1,chuck-close,train,cce364c40be2d355515cee15d2e81b1f920c34a24fda3fe873d70a40d4487d36,ebe19656951a58c5
data/private/portraitnet/portraits/chuck-close_phil-1976.jpg,portrait,1,chuck-close,train,a7e78b7886a7aa046297f5193cdfb3a6716f9b3c667c97d20fd4fc1dc853ce97,bba446b1961fe14c
data/private/portraitnet/portraits/chuck-close_self-portrait-2000.jpg,portrait,1,chuck-close,train,f0fc22308d4ab0fbc9f09d6ac6099739815e10804e2b4abb1e58a5bd4e686b16,95d044d3d8263fa7
data/private/portraitnet/portraits/claude-monet_portrait-of-eugenie-graff-madame-paul-1882.jpg,portrait,1,claude-monet,train,84a682471c0aeab1488a51ecd587332547d4728f261ab8666a8b3bffa6a93217,bce4b31bc991c64c
data/private/portraitnet/portraits/claude-monet_portrait-of-jean-monet-wearing-a-hat-with-a-pompom.jpg,portrait,1,claude-monet,train,a0803fd2119c01dee8cb21c7b13a98654a521183d0bd99d1aff6cba0a53e6f36,c8b672cbc54f9924
data/private/portraitnet/portraits/claude-monet_portrait-of-jean-monet.jpg,portrait,1,claude-monet,train,5bdc0e3951bf4f8fcdf6f799b88311b05891a62087a41168eb093453b021d139,f89533e28368cc8f
data/private/portraitnet/portraits/claude-monet_portrait-of-jeanne-serveau.jpg,portrait,1,claude-monet,train,a77c3cf789a351ebbac7086cc487c2504119326d2774bec65958aa15c13f66e1,f8a0b752c38b8dcc
data/private/portraitnet/portraits/claude-monet_portrait-of-michael-with-hat-and-pom-pom.jpg,portrait,1,claude-monet,train,bb636672a6196cfa9409c93f727b002cf218d3ca05beb73bc0d63c46a1c7ba0d,ba786647d8cba468
data/private/portraitnet/portraits/claude-monet_portrait-of-pere-paul.jpg,portrait,1,claude-monet,train,b79d7b8aa68566d84e91ee90319363776f2b6b89fdccbdf7076c579bcf12d10a,b6acc9d330dc6631
data/private/portraitnet/portraits/claude-monet_portrait-of-poly-fisherman-at-kervillaouen.jpg,portrait,1,claude-monet,train,fbb0b2c2ce770b1736a3df371d9a530fd521c99e00554e288f123145ebabb4fd,beb0dbc3d6c08c4c
data/private/portraitnet/portraits/david-burliuk_marusia-1.jpg,portrait,1,david-burliuk,test,0abe98c5c3d67a61961cf316cf62953acfa2d72e3e68f2a45eb108b63537b90f,ce3c6319f0c19bc5
data/private/portraitnet/portraits/david-burliuk_marusia-1960.jpg,portrait,1,david-burliuk,test,af2edfe14b7eaecb12cf1dbe1424e4a9bc359ec33e42db364e0e426105ef7ee1,98e4134e87cade59
data/private/portraitnet/portraits/david-burliuk_marusia-by-the-sea-1949.jpg,portrait,1,david-burliuk,test,5a6e667e0d0077dafe46153e7470f1965e0eb4095b51124b52f4ccd464400980,e5fe298736334c24
data/private/portraitnet/portraits/david-burliuk_marusia-s-portrait.jpg,portrait,1,david-burliuk,test,21fe4f160ecb420683a0968628af6fe7b277ca673601b906fd4588666add31ba,c96cf0130bada6ec
data/private/portraitnet/portraits/david-burliuk_nicholai-cikovsky-1925.jpg,portrait,1,david-burliuk,test,263e7acc4678651da4634e60423294cceecf9dd459b22b4ea8a06d9c14a31e44,ec642fb6f0d0d0a3
data/private/portraitnet/portraits/david-burliuk_nike-1959.jpg,portrait,1,david-burliuk,test,6c7738412601fd2b86fb2f0a874802d8dd8218b0a605adc47876a76b279e035d,ac22d38b4cddf429
data/private/portraitnet/portraits/david-burliuk_portrait-of-a-young-woman(1).jpg,portrait,1,david-burliuk,test,d67c30347c13c0691e65fe9ce3754444fd35f13cd328abc3ef1f62e7493fc65b,c91ee75156c71989
data/private/portraitnet/portraits/david-burliuk_portrait-of-albert-koslow.jpg,portrait,1,david-burliuk,test,f916b78280c36cf7369ab83cb48593cf14cac2fd2ca12b4e86115328316176a6,8cb1263467c5f327
data/private/portraitnet/portraits/david-burliuk_portrait-of-frank-banker-1948(1).jpg,portrait,1,david-burliuk,test,0f91f8a0a6013e2ada8804a608a045de85292a15e471e9f10cac5078893d244b,adf4e20d321d172b
data/private/portraitnet/portraits/david-burliuk_portrait-of-naomi-harris-saffer-1957.jpg,portrait,1,david-burliuk,test,12bf78cf86b8ed677214509ce5049a61d551c09df0a7f59922a57af638297f7c,9938b4c48d995a7d
data/private/portraitnet/portraits/david-burliuk_study-for-marusia.jpg,portrait,1,david-burliuk,test,350b0de94fb07485a760c2a90251c3516ea56f13f1a7dd9298fca6078f1c45f1,cc3c23639bcb878c
data/private/portraitnet/portraits/domenico-ghirlandaio_piero-eldest-son-of-lorenzo-the-magnificent-called-piero-the-unfortunate.jpg,portrait,1,domenico-ghirlandaio,train,04ee1156170904ccc56cd084fc522467dbcd2bc6a4e38d516c4098a3cad5f5d9,ef25307084dad7c6
data/private/portraitnet/portraits/domenico-ghirlandaio_portrait-of-a-girl.jpg,portrait,1,domenico-ghirlandaio,train,6b333e5d45d667bded2aff5836b995eafd0e40705ce30f06e9e52cfd67f6bc95,9b3334646db2c26d
data/private/portraitnet/portraits/domenico-ghirlandaio_portrait-of-a-lady.jpg,portrait,1,domenico-ghirlandaio,train,8012afdf1903f1d4669d50865717cebb83a5f8d29ecdf44c22c7840937fedc4c,c4f5f5ca0b1e8296
data/private/portraitnet/portraits/domenico-ghirlandaio_portrait-of-giovane-donna.jpg,portrait,1,domenico-ghirlandaio,train,b86ec5084f7e4a7b1cc5fdc6d362e2ccc0c35a7e9bbb8f3828a119e67204fd31,c56f30b23c71e30e
data/private/portraitnet/portraits/domenico-ghirlandaio_portrait-of-giovanna-tornabuoni.jpg,portrait,1,domenico-ghirlandaio,train,df122116a19004a2103d4bfaf3216e41d278ae03f014a614c7171abb5a85c68d,84663b1b39915ee9
data/private/portraitnet/portraits/domenico-ghirlandaio_st-stephen-the-martyr.jpg,portrait,1,domenico-ghirlandaio,train,14e53c38ab910783be781eba9b7a8eb0f67aec6592570435ac808b160d2380d3,8c3f737275d4091a
data/private/portraitnet/portraits/dumitru-ghiatza_self-portrait-1934.jpg,portrait,1,dumitru-ghiatza,test,e52521f40b3912856fcb5bc9e9b20c9b161e4f761088fe23fd81a839f0903ae4,8a6a3c76b037cbc8
data/private/portraitnet/portraits/edgar-degas_degas-in-a-green-jacket-1856.jpg,portrait,1,edgar-degas,train,90f6d01caa992f8040322226ade1cd8789cf93fda83345953765103f76003ffb,b9982ce1b2f46726
data/private/portraitnet/portraits/edgar-degas_emma-dobigny-1869.jpg,portrait,1,edgar-degas,train,4b343352ce4cdbed35e460d056448d9a35b217325ce7b30cd46623e52105584a,eab015dd83dad08b
data/private/portraitnet/portraits/edgar-degas_estelle-musson-balfour.jpg,portrait,1,edgar-degas,train,42d4f4a16f4a0a52824c6ef0a097eadd2d11afe011f548f4b1e25ea3dc5e189f,9bba61e5c6c69198
data/private/portraitnet/portraits/edgar-degas_portrait-of-a-woman-1880.jpg,portrait,1,edgar-degas,train,09a2cf7d479181df08c1259906828ccfe8e4f80d3b72ab1b8e61d25644abf2e4,f868e787948e9a8c
data/private/portraitnet/portraits/edgar-degas_portrait-of-a-young-woman-after-bacchiacca-1859.jpg,portrait,1,edgar-degas,train,20ca9280aedfec61681ddd217a7b8ea333ca1a03feb90e8548dfe12f651e90ae,cc4e3bf5c0333c91
data/private/portraitnet/portraits/edgar-degas_portrait-of-a-young-woman.jpg,portrait,1,edgar-degas,train,6e900b90d7eba979197358e1ea9ed549a1591b295088e731695cd8ddd5130ffb,d01b33f4066ddc99
data/private/portraitnet/portraits/edgar-degas_portrait-of-an-italian-1856.jpg,portrait,1,edgar-degas,train,2a19863bb4e29702ec92eedee7f484efcbcc40f3be242dd873f4ed662f3c3988,aa6995b587d6d0e0
data/private/portraitnet/portraits/edgar-degas_portrait-of-giulia-bellelli-1859.jpg,portrait,1,edgar-degas,train,a8db44cd7f83203e7a664140a138e0582b17c3becef728a63b50ab979f6a567d,9a10e96de12e64e7
data/private/portraitnet/portraits/edgar-degas_portrait-of-princess-pauline-de-metternich.jpg,portrait,1,edgar-degas,train,d1d491d7afd936d22d16375eb49696b4aa640557ff03a6ede745d544f97295d7,c5fb31c7488c6693
data/private/portraitnet/portraits/edgar-degas_portrait-of-zacherie-zacharian-1886.jpg,portrait,1,edgar-degas,train,a7f303bf94a99ee673b0d2c5ca82a9342656b19ec9b77111980d001635519acc,a4f14fb2c2cf180f
data/private/portraitnet/portraits/edouard-manet_parisienne-study-of-ellen-andree-1874.jpg,portrait,1,edouard-manet,test,63d0f43bd5192905f600884d3d4b6ad86f008b0928550052b67a567fc0e4ee18,f1871e691d702774
data/private/portraitnet/portraits/edouard-manet_portrait-of-antonin-proust-study-1877.jpg,portrait,1,edouard-manet,test,56e8b07fd2ad341c936fb8a55ca7633c1555dc4b31efa60e4fd73886f8b3af87,a8fc536332b6d305
data/private/portraitnet/portraits/edouard-manet_portrait-of-clemenceau-at-the-tribune-1880.jpg,portrait,1,edouard-manet,test,e0cab3d99cf7355e164e563da0e0435dae5803722a538264bcf7718a2b85651e,b18e0f700f3c7aa5
data/private/portraitnet/portraits/edouard-manet_portrait-of-composer-emmanual-chabrier.jpg,portrait,1,edouard-manet,test,c02b9f2e050aeecb0c53ef644525e083a819e7d7475ff8e2de359074bc5634c9,cd8c81177a3ab137
data/private/portraitnet/portraits/edouard-manet_portrait-of-emilie-ambre-in-role-of-carmen.jpg,portrait,1,edouard-manet,test,46903c10b21111314a3fc898b1bbf7cae58ba79123afd4a3ea285659fd4b629f,996c323572cf8cc9
data/private/portraitnet/portraits/edouard-manet_portrait-of-george-moore-1879.jpg,portrait,1,edouard-manet,test,797798a3cff384bd5edf5eae4c89c181c1d460a22f4620ab0279069a14021ba5,fce03606e3838ece
data/private/portraitnet/portraits/edouard-manet_portrait-of-georges-clemenceau-1879.jpg,portrait,1,edouard-manet,test,9dcea7847867917a96ea67ed4fb3efa8479fddf94e25330cadb6feb98c81c867,fc9cc062273172f3
data/private/portraitnet/portraits/edouard-manet_portrait-of-henry-bernstein-as-a-child-1881.jpg,portrait,1,edouard-manet,test,cfc6a460f41a23c13633e447c9fd2e5f141789e4f13240d351acbb7f0e8d0e5f,cd0c703d83b33c7c
data/private/portraitnet/portraits/edouard-manet_portrait-of-mademoiselle-isabelle-lemonnier.jpg,portrait,1,edouard-manet,test,c86945fb6d58d61828f453be46ac2cd9cd24ca3f7f2d25f64a11e77bcd77d933,f8c1c3362976914f
data/private/portraitnet/portraits/edouard-manet_portrait-of-monsieur-tillet.jpg,portrait,1,edouard-manet,test,38c4a580d5849e88094664d7361fa43961d1c2db4c06b4de1ad025dde29f43de,898d6763934ecd19
data/private/portraitnet/portraits/edouard-manet_portrait-of-suzanne-manet-1870.jpg,portrait,1,edouard-manet,test,054104b2194152dd5bdb4b669121eb440be80012494b2dfa266843f8a1f21539,8cb43369e6ce98cc
data/private/portraitnet/portraits/edouard-manet_self-portrait-with-skull-cap-1878.jpg,portrait,1,edouard-manet,test,568882f5a5953a580316716a1c115a8b9c96dde1b96c6d55a95e3f6a6c14a813,dc0df86196e33326
data/private/portraitnet/portraits/edouard-manet_spring-study-of-jeanne-demarsy-1882.jpg,portrait,1,edouard-manet,test,900dee6dc93e742a0343b24897d193b53b91d59712bb5b24835d2cb4cddd1978,8ca527d2327ace8d
data/private/portraitnet/portraits/edouard-manet_stephane-mallarme-1876.jpg,portrait,1,edouard-manet,test,87ec96a5227d553e66ce76809bc6381b8086ce5a04a50eb75b5007072e3bff1b,e88dd352cab185f8
data/private/portraitnet/portraits/edouard-manet_the-boy-with-cherries-1859.jpg,portrait,1,edouard-manet,test,9d5115306f547de28eab2b8459185d377420eb53b4c34813de9495e14c43d484,8c1cb3633cec4c37
data/private/portraitnet/portraits/edouard-manet_the-head-of-christ.jpg,portrait,1,edouard-manet,test,23a868e40e306a859a21b696347adab3e817596c1ab1ea9b3c88e8ccdd110215,8f68b3b0cdcb3614
data/private/portraitnet/portraits/edouard-manet_the-journalist-henri-rochefort-1881.jpg,portrait,1,edouard-manet,test,78d99bde5ad08c64606b88ade3b69d1ccb07565e03ba11eecfb2e5d1410e0c72,cd99266631c3766c
data/private/portraitnet/portraits/edouard-manet_the-painter-of-animals-1882.jpg,portrait,1,edouard-manet,test,474555069eed5066a7fa6d4751a54133ce696713bcb5907ff8ea643983ca8fe0,ede19613f291960e
data/private/portraitnet/portraits/edouard-manet_victorine-meurent-1862.jpg,portrait,1,edouard-manet,test,1adc0de4c200655fac8699b497dce55835840d75237b13b4ddea585db8a7c185,d94ff42627920bf0
data/private/portraitnet/portraits/edouard-manet_woman-in-furs-portrait-of-mery-laurent-1882.jpg,portrait,1,edouard-manet,test,cb2356e8024ccd4f5f3303bd38133d04cfaa1062bcdcf733ec4fdec9f152e4f4,eca81772c0cf963a
data/private/portraitnet/portraits/edouard-manet_young-woman-in-a-negligee-1882.jpg,portrait,1,edouard-manet,test,c99d49072b517404490f9e7d991657c48d0b87a423d2108ab5f785572168106f,85683293d3e3839f
data/private/portraitnet/portraits/edouard-manet_young-woman-in-a-round-hat-1877.jpg,portrait,1,edouard-manet,test,b8e498bc33b39685347f6091ce0c447159a854468fdd30d74ebb1fd8106f7d9f,abe53662839ec89a
data/private/portraitnet/portraits/edward-hopper_self-portrait-1.jpg,portrait,1,edward-hopper,train,dfb11f3675155051a6bf590d540cd19c6ac1cf6785fdc99e1237d84c3161bc0c,9b9b6464b2b66c49
data/private/portraitnet/portraits/edward-hopper_self-portrait-1930.jpg,portrait,1,edward-hopper,train,c20d6dc05568fc1797cd8f1d473a3dfb6f9638c70e29cddd46bd088396d05eaa,b4f10993cb0c2fec
data/private/portraitnet/portraits/edward-hopper_self-portrait.jpg,portrait,1,edward-hopper,train,8ac10ea0f70727da946594ae6e41527ce56842f01b74352b6f99fe19bc95dc3f,98986d67366d2636
data/private/portraitnet/portraits/federico-zandomeneghi_lady-with-a-hat-1895.jpg,portrait,1,federico-zandomeneghi,val,d7fc192fe2cd9794e526d6e840572910fe41f2e20bd21adea61dc4b55c8dab36,ea6a95c5e5341acc
data/private/portraitnet/portraits/federico-zandomeneghi_portrait-of-a-young-beauty.jpg,portrait,1,federico-zandomeneghi,val,14c088fdc8c7d14f743f2e5a4b97b6f9e9439971e8221928308b469cb6d3308a,9c6e13f831ccc669
data/private/portraitnet/portraits/federico-zandomeneghi_portrait-of-the-doctor-1881.jpg,portrait,1,federico-zandomeneghi,val,a3278c329821b81a515882c75066243392316af99c895c6c0778454a5727a5c8,dbc82553296897da
data/private/portraitnet/portraits/federico-zandomeneghi_promenade.jpg,portrait,1,federico-zandomeneghi,val,5227531a87334f78f07a72061cb5d7f8012892cbefc693de065ab92687bf6344,887be6dad9c4c292
data/private/portraitnet/portraits/federico-zandomeneghi_reverie.jpg,portrait,1,federico-zandomeneghi,val,2d8f15e268310f997b76cde8d98aebf546b8006edb8b80d87140b3b9319e1e27,9c386bc605adb54d
data/private/portraitnet/portraits/federico-zandomeneghi_the-white-collar.jpg,portrait,1,federico-zandomeneghi,val,d1ae94054d2aa3116a266de1be5bcc8716ea929658e5a0eaec71d7aa0e689599,cc3937926e86994e
data/private/portraitnet/portraits/federico-zandomeneghi_woman-leaning-on-a-chair.jpg,portrait,1,federico-zandomeneghi,val,5d613d77ec98b2ab3ea83d3066fdf9c7dd73884276d86afbf1046903e9138400,c93d60867c11bf96
data/private/portraitnet/portraits/federico-zandomeneghi_young-girl-reading.jpg,portrait,1,federico-zandomeneghi,val,a2687dabf252977671ef0e8ef6120d7abafa35ad51fa9332c42259417c2650a4,e0bab7f1128bc985
data/private/portraitnet/portraits/felix-vallotton_marthe-mellot-wife-of-alfred-natanson-1906.jpg,portrait,1,felix-vallotton,train,8d8c71de964f9bafbdf3eda2d7dca0aa9f84c6322fa950756855d3a695ddb874,d06334c2dfacc1bc
data/private/portraitnet/portraits/felix-vallotton_my-portrait-1885.jpg,portrait,1,felix-vallotton,train,73f574771a2dac3b51b6ac75d20fa4f3ab9955e9bc4c1adf7c7ed8ac010fb15e,bcd36c3649cc1339
data/private/portraitnet/portraits/felix-vallotton_my-portrait-1891.jpg,portrait,1,felix-vallotton,train,046055af29b205156889e83d913e7397e250c042f428fa4c0e09be1bc550d3a3,db2eb46c24d223d6
data/private/portraitnet/portraits/felix-vallotton_portrait-of-arthur-rimbaud-1898.jpg,portrait,1,felix-vallotton,train,73e43e9d52f528ba8ac1eb78554fddcd5044b3e40c06c2277b5a6ebe082816b0,ba4fe1b486c29c95
data/private/portraitnet/portraits/felix-vallotton_portrait-of-baudelaire-1902.jpg,portrait,1,felix-vallotton,train,de81595995f4ad11af9adf3e609ecb274317fff159061e222f8b86af306a93d6,dccc463333393ccc
data/private/portraitnet/portraits/felix-vallotton_portrait-of-belgian-poet-mile-verhaeren-1896.jpg,portrait,1,felix-vallotton,train,d1ac4b2fac853dc8e99eafe93b7c03af182a3859e337d4724beff6656898d991,ee7eb12f9061c1c2
data/private/portraitnet/portraits/felix-vallotton_portrait-of-belgian-symbolist-poet-max-elskamp-1898.jpg,portrait,1,felix-vallotton,train,27d7b3db562bec13719003d97d033ecb6a0559d022323784931684353caef67c,ec3ab3e4919e8e0a
data/private/portraitnet/portraits/felix-vallotton_portrait-of-belgian-writer-george-eekhoud-1896.jpg,portrait,1,felix-vallotton,train,5ce75e964967495c81d15a0c53ec6b10c1ece69c04c5ab9c7fc079c83a5ebdc4,fa4aa52d21339ec6
data/private/portraitnet/portraits/felix-vallotton_portrait-of-belgian-writer-poet-and-playwright-maurice-maeterlinck-1898.jpg,portrait,1,felix-vallotton,train,5731b41fa130753cbf54ffd3af84ad51a8c2a0d42acc3525aed9a51b3299fa54,ba6aad31f48492d3
data/private/portraitnet/portraits/felix-vallotton_portrait-of-berlioz-1902.jpg,portrait,1,felix-vallotton,train,29839b15ce9be9ff44742126f2b7fb235773689eb8d10b05d37b9f27c8219c52,e9863659c126ecd9
data/private/portraitnet/portraits/felix-vallotton_portrait-of-communard-auguste-vermorel-1897.jpg,portrait,1,felix-vallotton,train,37e2b137b180e47356f672e068715ef8ec0a6c3141fee5edfc3533be43b2c0d4,fa4bb53cd03582b2
data/private/portraitnet/portraits/felix-vallotton_portrait-of-communard-eug-ne-varlin-1897.jpg,portrait,1,felix-vallotton,train,210161cac80fa1dbbb7519718de22548f687d5b26430e5c7126ac614e5faa183,bb4bb4f9d004c396
data/private/portraitnet/portraits/felix-vallotton_portrait-of-communard-raoul-rigault-1897.jpg,portrait,1,felix-vallotton,train,b1db3cfa8c617aa54241c5cf7d2998c92bec39a61fa7cbda6d706984fdd3f1d6,bad2a12dd174163b
data/private/portraitnet/portraits/felix-vallotton_portrait-of-danish-writer-peter-nansen-1897.jpg,portrait,1,felix-vallotton,train,439a2e3245424b567bfdcd87b77a09355131f52b0bb597270c7f813100f0ff08,ae963178f03ee458
data/private/portraitnet/portraits/felix-vallotton_portrait-of-dutch-writer-multatuli-1896.jpg,portrait,1,felix-vallotton,train,51e81ee3976fc85dadba7222157b6409891587ff76c5b6bc843c01ad6adf9283,eb62b4359393ccc2
data/private/portraitnet/portraits/felix-vallotton_portrait-of-edouard-vuillard-1893.jpg,portrait,1,felix-vallotton,train,ef47bd41f8872c09287576b824dd624f827ccb9b167993385f1b1f595c29d30b,b9f844236fc6839a
data/private/portraitnet/portraits/felix-vallotton_portrait-of-english-writer-and-illustrator-aubrey-beardsley-1898.jpg,portrait,1,felix-vallotton,train,523d4619eb0eac931c2518d7783902eaab3e01cdb75b48d5d83716ebeaf36b5f,bf6bf03486e01b92
data/private/portraitnet/portraits/felix-vallotton_portrait-of-fortun-henry-1897.jpg,portrait,1,felix-vallotton,train,d69d8105d59d007261f09146978b28ee4d55e662fa6c87605c0f73f0a11fd64f,bfc3242db146b623
data/private/portraitnet/portraits/felix-vallotton_portrait-of-french-bishop-georges-darboy-1897.jpg,portrait,1,felix-vallotton,train,a4f5ee10626dfd8ac97d9e081b71ba51449cda544b3ce16c11667948c0d265cc,e31eb5ac5271a926
data/private/portraitnet/portraits/felix-vallotton_portrait-of-french-general-and-politician-joseph-vinoy-1897.jpg,portrait,1,felix-vallotton,train,bae82ea7b8251da7ed50f54a9d5c7237ea859d10bedda0021d898ad203c9f234,bae1ad3c712392c6
data/private/portraitnet/portraits/felix-vallotton_portrait-of-french-pacifist-and-esperantist-gaston-moch-1898.jpg,portrait,1,felix-vallotton,train,919a632cbacfd23bb5a462401febea001bc07274cc0b08e8a628fd731f5f291a,bce03325c12fc66b
data/private/portraitnet/portraits/felix-vallotton_portrait-of-french-painter-l-on-pourtau-1898.jpg,portrait,1,felix-vallotton,train,4cc64c753192c998492269db40ae54a271355b5493159dd1b0feb4bf401dd353,ea32b489c696d3c9
data/private/portraitnet/portraits/felix-vallotton_portrait-of-french-philosopher-and-historian-hippolyte-taine-1897.jpg,portrait,1,felix-vallotton,train,5424d427da7e2acf96e9e93e2fbe376b62dbfc18ae4d070e8f4aa7c25e232f2c,eb4cb5b13694c073
data/private/portraitnet/portraits/felix-vallotton_portrait-of-french-poet-albert-samain-1896.jpg,portrait,1,felix-vallotton,train,276b4a4a63663d41a41b9fe69e96cc03d01b7c2df987e083b0a31e91e52a3a83,ee72a121c28d97d6
data/private/portraitnet/portraits/felix-vallotton_portrait-of-french-poet-and-dandy-robert-de-montesquiou-1898.jpg,portrait,1,felix-vallotton,train,c7f7ccb2734622463aba713873f6efcd5ff039625163fc33ee9641494bdd2a55,b86ce39bc4348da5
data/private/portraitnet/portraits/felix-vallotton_portrait-of-french-poet-francis-viel-griffin-1898.jpg,portrait,1,felix-vallotton,train,aac6a30e5dd5c6db4ab368e8436fa4f44d64e1c7c85f9b86a0dc2b470d483a58,aacee931c42c93ce
data/private/portraitnet/portraits/felix-vallotton_portrait-of-french-poet-gustave-kahn-1896.jpg,portrait,1,felix-vallotton,train,12057e8d476b03c81f3c50b5efd28f0ce84d7909bf61b3a569704e1c953bd4f0,ba1ef831c120c7cf
data/private/portraitnet/portraits/felix-vallotton_portrait-of-french-poet-jehan-rictus-1898.jpg,portrait,1,felix-vallotton,train,0573610c29603678f39581cd384110843f5e0c87edbd2c0fe6cd50bc6dfd7103,ea6085b5c29df09e
data/private/portraitnet/portraits/felix-vallotton_portrait-of-french-poet-jules-laforgue-1898.jpg,portrait,1,felix-vallotton,train,cdb412afb4945902e0473bec2c1a1cf6645b27e3f85a1fe847b45224843659f1,ea61b195bcc6c2c3
data/private/portraitnet/portraits/felix-vallotton_portrait-of-french-poet-laurent-tailhade-1896.jpg,portrait,1,felix-vallotton,train,6f2fadeef92f6a7ba15fdb5532f8ff21b55c1dcffa8eb79abf842e09fbdcb254,9ff0a50ff0359c0a
data/private/portraitnet/portraits/felix-vallotton_portrait-of-french-poet-le-comte-de-lautr-amont-1896.jpg,portrait,1,felix-vallotton,train,57305aae8a09ca9d44ba538bafdf99e644477b556ee366a2cf1fee49b292b421,fa6fa1acd4d1c114
data/private/portraitnet/portraits/felix-vallotton_portrait-of-french-poet-phra-m-mikha-l-1898.jpg,portrait,1,felix-vallotton,train,367ba9905ac8de9f25cbd46a166029114d3fbb18fcb142249f182aab2201eb56,bc34c2dbc960d38d
data/private/portraitnet/portraits/felix-vallotton_portrait-of-french-poet-pierre-quillard-1896.jpg,portrait,1,felix-vallotton,train,2124104d91bef634edb08d6e3dad458299392761f2bdf07e4cb93f89df5991ff,f8cbb4349592c699
data/private/portraitnet/portraits/felix-vallotton_portrait-of-french-poet-saint-pol-roux-1898.jpg,portrait,1,felix-vallotton,train,c58272b74114177993d02807c8a00a2dbd65c0c3614c5b61ce34204345cdc8b2,fa6cb183c2bc8f50
data/private/portraitnet/portraits/felix-vallotton_portrait-of-french-poet-tristan-corbi-re-1898.jpg,portrait,1,felix-vallotton,train,1ae6c4e0b7c7769e92fb67e3b9ee58572f92e4d16a5d022dfd3803d4cf44cfe9,ee1ae1f887219497
data/private/portraitnet/portraits/felix-vallotton_portrait-of-french-politician-l-on-blum-1900.jpg,portrait,1,felix-vallotton,train,69d8fb650974fd94df50ee4748b11e68ca5603e8369f6a30ead2e1b04492be8a,bb9760f4c62f8560
data/private/portraitnet/portraits/felix-vallotton_portrait-of-french-writer-albert-aurier-1898.jpg,portrait,1,felix-vallotton,train,2ae4b1e19372894d61cb6e17009dcef6158b45d457bbaf2f634fa0165a57c68e,af0bb0f4c2238f93
data/private/portraitnet/portraits/felix-vallotton_portrait-of-french-writer-alfred-vallette-1898.jpg,portrait,1,felix-vallotton,train,3bb917b1a2f487bd611049cf530c9756fe331ccfcdd05233a264e1d35bcbf71a,ee68b197b06487c3
data/private/portraitnet/portraits/felix-vallotton_portrait-of-french-writer-and-playwright-alfred-jarry-1901.jpg,portrait,1,felix-vallotton,train,0b008ba762ff743b5f684e78c2fcf2e5a788405a253be105b940700fa49752a6,ee3ee1b0e490c6c3
data/private/portraitnet/portraits/felix-vallotton_portrait-of-french-writer-and-poet-adolphe-rett-1898.jpg,portrait,1,felix-vallotton,train,36d97d600b6393d7100793b1ff79d45a33351c104ec611a4ac283d8bc4828516,bd6cb494c3c391a6
data/private/portraitnet/portraits/felix-vallotton_portrait-of-french-writer-and-poet-henri-de-r-gnier-1898.jpg,portrait,1,felix-vallotton,train,dd8c1bda077aa2cc0748166dc88d2503a678801d56c7be040e7195392ad7d805,eb97f860c23927c4
data/private/portraitnet/portraits/felix-vallotton_portrait-of-french-writer-andr-ferdinand-herold-1896.jpg,portrait,1,felix-vallotton,train,7270ea5ee6b03037ee0360eb2f45d4983d511b100ef6d3555020165ea57eb064,bbc224359467c78b
data/private/portraitnet/portraits/felix-vallotton_portrait-of-french-writer-andr-fontainas-1898.jpg,portrait,1,felix-vallotton,train,17a4b4423a18d61b6f22dba14b01096be00113641d01ffcad11476d9b1692bab,eb4b3434b136d9c2
data/private/portraitnet/portraits/felix-vallotton_portrait-of-french-writer-andr-gide-1898.jpg,portrait,1,felix-vallotton,train,91e57b0c0c1d48078c3940200d21e72d1ca7bd48618040a9bab8c13179daac08,afe5a5e1d24a8c83
data/private/portraitnet/portraits/felix-vallotton_portrait-of-french-writer-auguste-villiers-de-l-isle-adam-1898.jpg,portrait,1,felix-vallotton,train,072540d599852c76e9bbe1733722eb111f5e9f11659d30e968f2cfc61d25d013,ee4bf4a590d0d097
data/private/portraitnet/portraits/felix-vallotton_portrait-of-french-writer-camille-mauclair-1898.jpg,portrait,1,felix-vallotton,train,66b902fd0eb740ad4f77e0dbefb5536ca0da731391de8803a20c2ee836ca6b79,be5ac1a4cf3b12c2
data/private/portraitnet/portraits/felix-vallotton_portrait-of-french-writer-douard-dujardin-1898.jpg,portrait,1,felix-vallotton,train,2d922b105a61e3fc4c72d379fd9ea8cb56108531592f335d09d755dee6e7f100,e9da923491c3c6ce
data/private/portraitnet/portraits/felix-vallotton_portrait-of-french-writer-ernest-hello-1898.jpg,portrait,1,felix-vallotton,train,a8591020567f9e8b251cab3cb67df78397cec319bda355b6a4bebebc72e77e22,bb2fe470d027e1c2
data/private/portraitnet/portraits/felix-vallotton_portrait-of-french-writer-f-lix-f-n-on-1898.jpg,portrait,1,felix-vallotton,train,20bea500917822f9d7fb7768318abcedb0df87953846cbc17da648536c5df1cf,af1ff0e0c06193cb
data/private/portraitnet/portraits/felix-vallotton_portrait-of-french-writer-francis-jammes-1898.jpg,portrait,1,felix-vallotton,train,c806e39c559f96f910c914e0947601a82c1da709e7cdc58bc2a283b801c5f9ad,ef1e60788531d687
data/private/portraitnet/portraits/felix-vallotton_portrait-of-french-writer-francis-poictevin-1898.jpg,portrait,1,felix-vallotton,train,d77ce22aecff2159d7234e853595dfce49b04d1b8c6399a66033a5068e12b00d,eb6834a7b0c5c1d3
data/private/portraitnet/portraits/felix-vallotton_portrait-of-french-writer-henri-mazel-1898.jpg,portrait,1,felix-vallotton,train,47ea155b23a21c51fe086560541a079a6f0f343b7cfdfaabf7aa729c2d94cc29,ba42e13da1e43736
data/private/portraitnet/portraits/felix-vallotton_seated-black-woman-front-view-1911.jpg,portrait,1,felix-vallotton,train,660ea4133abc1b70d9ae2fa48ebe43bf50707bf9339a80625617ae9e12d8d45e,abb1934eccc5c29c
data/private/portraitnet/portraits/felix-vallotton_self-portrait-1897.jpg,portrait,1,felix-vallotton,train,a0588c0a2c696a04735a7d897d8f2a5202813260f6c4654d9dbe4f2d7f19b0c8,acd831b6c6cd9899
data/private/portraitnet/portraits/felix-vallotton_self-portrait-1925.jpg,portrait,1,felix-vallotton,train,1ef169c35fcc787955745d5c88d4e931989ec7a2e0657dd27cfe69fa23ba6e9b,a49ee1792bf4428b
data/private/portraitnet/portraits/felix-vallotton_woman-with-a-black-hat-1908.jpg,portrait,1,felix-vallotton,train,ef64f1257c88d5a572095f2c65eb037fc2807cae28e11b8944bfcc98279334c4,ccb631cb736ccc30
data/private/portraitnet/portraits/felix-vallotton_young-woman-with-yellow-scarf-1911.jpg,portrait,1,felix-vallotton,train,38f697ce372030371c7bac06d88a9a0514c9988e262c46e3952bdbfaf62388cb,a895925a4fc9999e
data/private/portraitnet/portraits/ferdinand-hodler_portrait-of-berthe-jacques-wife-of-the-artist-1894.jpg,portrait,1,ferdinand-hodler,train,d73cdf5b774ce1cbe7a12cd621ab5870c6f780d584adb24478ec1e5e06e23ebf,b6f81193a4cd4bc3
data/private/portraitnet/portraits/ferdinand-hodler_portrait-of-general-ulrich-wille-1915.jpg,portrait,1,ferdinand-hodler,train,a69297ab45112d8b6408c42e34cbe64bd734d6aad90501a3205ca21be750fa25,eb851ef2859812cf
data/private/portraitnet/portraits/ferdinand-hodler_portrait-of-general-ulrich-wille-1916.jpg,portrait,1,ferdinand-hodler,train,cd3d551be4871d57646df4dc9144be01695deebd43cbf21257f3e02c81dbe8af,ead7904b3cc087dc
data/private/portraitnet/portraits/ferdinand-hodler_portrait-of-georges-navazza-1916.jpg,portrait,1,ferdinand-hodler,train,d9f5533d2b51d52f495926097518e33e2a60fe74fc842e0743f26c0dbe00f45f,b8b34d5fe01e6831
data/private/portraitnet/portraits/ferdinand-hodler_portrait-of-gertrud-mueller.jpg,portrait,1,ferdinand-hodler,train,af2d07a2ef4576682eae8ae67d694f9687d3a1dab06474a4acf88d3ef477a6dc,ab2db474f0d2c1d1
data/private/portraitnet/portraits/ferdinand-hodler_portrait-of-gertrud-muller.jpg,portrait,1,ferdinand-hodler,train,1b59e9129d7ffc3ca97e80fcc543d65e21883274661b3428d8afb4d51cb959e3,cbe9195b724c1d61
data/private/portraitnet/portraits/ferdinand-hodler_portrait-of-giulia-leonardi-1910.jpg,portrait,1,ferdinand-hodler,train,960132010066750821923492c681938f2d2ce391af1680ed28f9706bc8c89d30,ba32b46d63d46592
data/private/portraitnet/portraits/ferdinand-hodler_portrait-of-james-vibert-1915.jpg,portrait,1,ferdinand-hodler,train,1a71b9f102a4121dc48193991091eeac0cfd6ab01c0db66d7f5ca632f2b7bd1f,e9839ed0a6b4969a
data/private/portraitnet/portraits/ferdinand-hodler_portrait-of-louise-delphine-duchosal-1885-1.jpg,portrait,1,ferdinand-hodler,train,0c5c644fbfe5456928db1759ac2356744f7ed2f709f5d03aef6b548a9e75e22d,b8f84f27410fcc4e
data/private/portraitnet/portraits/ferdinand-hodler_portrait-of-louise-delphine-duchosal-1885.jpg,portrait,1,ferdinand-hodler,train,0dd8e92543a0bbf81a0d1638d90f4adabbf10dfba19f07568737ffb1b4d6a4ae,b8e067336783cccc
data/private/portraitnet/portraits/ferdinand-hodler_portrait-of-miss-lina-kyburz.jpg,portrait,1,ferdinand-hodler,train,707aa6bce4fadda82b8e017d401e2e6f173dc688d9f805f9baa336a614e8a0f2,e2957066da9bc169
data/private/portraitnet/portraits/ferdinand-hodler_self-portrait-1900.jpg,portrait,1,ferdinand-hodler,train,6810c68c07015236029e93212792da6f3f5ded28d33084b74d75cf4fcfac42d5,bcbcc330f0c33bc8
data/private/portraitnet/portraits/ferdinand-hodler_self-portrait-1912-1.jpg,portrait,1,ferdinand-hodler,train,be026d55fb576139aae89f2c85ad03c5ac7ca0cc3c28ebba35916938e585d071,bafd02f084dbc0d3
data/private/portraitnet/portraits/ferdinand-hodler_self-portrait-1912.jpg,portrait,1,ferdinand-hodler,train,9a4add7507ff5faabec8e85d57324e4b0dec6447e50032f8f0b3426f7def4c66,b8ec43f0c5cbc493
data/private/portraitnet/portraits/ferdinand-hodler_self-portrait-1916-1.jpg,portrait,1,ferdinand-hodler,train,02c0037b771460e8061172cbc66dfb8038aeaf6024ff20f184056dcc9cefd396,e0f01acbb55a8dd1
data/private/portraitnet/portraits/ferdinand-hodler_self-portrait-in-paris-1891.jpg,portrait,1,ferdinand-hodler,train,4e1caccd92baa43afbf8514cd053d3db1c6b305f775c707ea5df6717f4a12cc6,bc85923acbcdcc34
data/private/portraitnet/portraits/fernand-leger_face-by-hand-on-a-red-background.jpg,portrait,1,fernand-leger,test,60725af7c1d53b70acbb8b411af0a88d950f8dc466d87211afd40caa0a8c1f51,9a1de54ba662999c
data/private/portraitnet/portraits/fernando-botero_prioress.jpg,portrait,1,fernando-botero,test,37e25cc0bcbc3aeb010ac41ea0177b895de0d11e5a6672154d696aef5732ebf4,d2c92f0fb4788ab1
data/private/portraitnet/portraits/fernando-botero_saint-rose-of-lima.jpg,portrait,1,fernando-botero,test,95d0db7b3b40ea1c880c8ae7021341ec01a72bcc6bedc7100b3a5236050d1a35,d6895d7a746a488d
data/private/portraitnet/portraits/fernando-botero_spanish.jpg,portrait,1,fernando-botero,test,343faab4515533f14684169b4ccefb38d072b158a1622aabd364ac5660cb5563,b9b010ef07c9cecc
data/private/portraitnet/portraits/fernando-botero_the-study-of-vermeer.jpg,portrait,1,fernando-botero,test,70661073fe735dacebc3423fbb465d765dc0ec28f2927c134a2a9684ca5a6d6d,9f6a64955a903de1
data/private/portraitnet/portraits/fernando-botero_tour-of-the-volcano.jpg,portrait,1,fernando-botero,test,3472c789121296be36183f7754dcc01ec93b03481fa59c74de0d764d667bc8a9,eae58576129b681d
data/private/portraitnet/portraits/fernando-botero_woman-with-a-parrot.jpg,portrait,1,fernando-botero,test,23f69990103dbf048002680736bd75ebb4947e7b6dbf3e75b357602810b89dfe,855c7a217386be33
data/private/portraitnet/portraits/fernando-botero_woman-with-flowers.jpg,portrait,1,fernando-botero,test,229a790609c50ce21683c757fdf1e9ba8dcd7eff3eb342d19e7abb616fb98196,cec96567079e910e
data/private/portraitnet/portraits/fernando-botero_woman.jpg,portrait,1,fernando-botero,test,51c42b4523fe9a53639e2b063a6a54af6a43a73495438c373c26eaf94aa3f94d,ec3591d6cac08e7a
data/private/portraitnet/portraits/fra-angelico_christ-the-judge-detali.jpg,portrait,1,fra-angelico,test,24a2d65dcc737bab5b0879f09ce294ace6e2ec29f67a88ba8a9c605414b094fa,fc69c24499fb2331
data/private/portraitnet/portraits/fra-angelico_madonna-and-child-of-the-grapes.jpg,portrait,1,fra-angelico,test,24fee2d79c2d10c97d51fe727877c37f3b09cdb6a8412c139b0ed14a5e4743de,bed141438f1a6e4e
data/private/portraitnet/portraits/francisc-sirato_aristocrat-portrait-lila-artist-s-niece-1933.jpg,portrait,1,francisc-sirato,test,d0048ad2148ae1f6a82172f07f34d0a2d5968b6569a476be7a9965e74c9edfd2,c1e76e8d84349e93
data/private/portraitnet/portraits/francisc-sirato_autoportret.jpg,portrait,1,francisc-sirato,test,28bff6797083c4912155e59afbd75291b84fac1794636f259a464480a7b9be53,bce2f80df3b14087
data/private/portraitnet/portraits/francisc-sirato_fat-citind.jpg,portrait,1,francisc-sirato,test,2e9d07c7836d96b8fedeeeccbbd485718e5c2f20c101ed1400fc2be40b80a2e6,95629aa59bdaa81d
data/private/portraitnet/portraits/francisc-sirato_fata-in-albastru.jpg,portrait,1,francisc-sirato,test,6c584469154ba154ba5083b7e517cf56b9f5af5b695fd4558e983f17e834cb29,d1b766e6329332c2
data/private/portraitnet/portraits/francisc-sirato_femeie-citind.jpg,portrait,1,francisc-sirato,test,5329849dd2d737db39506e0c1711428273210e8d74f4bba5ba7adef925123613,a19c58337493c76b
data/private/portraitnet/portraits/francisc-sirato_femeie-ez-nd.jpg,portrait,1,francisc-sirato,test,b6222d00754eaba76e82691a08c2a2eeeed1987322ca9012edb62975c839731e,d4c66a889d3bf027
data/private/portraitnet/portraits/francisc-sirato_la-gherghef.jpg,portrait,1,francisc-sirato,test,46969f6aff7f8b81d7fda798725fe78bbc0ad21af8bce4e4df64915528f51088,95854bdb604c4f6e
data/private/portraitnet/portraits/francisc-sirato_lila-in-yellow.jpg,portrait,1,francisc-sirato,test,fc4b9707659de3d5aa7af8f6da0c9b7aa6fe7146daa0150062bf4e129457d2c8,81703ad2c5ad9aaf
data/private/portraitnet/portraits/francisco-goya_portrait-of-leandro-fernandez-de-moratin.jpg,portrait,1,francisco-goya,train,6226da5156c408ae4eefe63a69fefc492c7b9a01fc68550de68ef55d1e504ca5,dcc867333364de82
data/private/portraitnet/portraits/francisco-goya_portrait-of-maria-teresa-of-ballabriga-countess-of-chinchon.jpg,portrait,1,francisco-goya,train,046078d5f6dde9797549a0ca0af21d7967e548eacd829972c079ba0fc9c64645,8b3964c63ed8c16d
data/private/portraitnet/portraits/francisco-goya_portrait-of-mariano-goya-1814.jpg,portrait,1,francisco-goya,train,8a510deecec585d1f9894aaeb44917eb63dd4968ce094a1b08eec9f61502affa,ec8433fb9c0877e0
data/private/portraitnet/portraits/francisco-goya_portrait-of-pedro-mocarte-a-singer-of-the-cathedral-of-toledo.jpg,portrait,1,francisco-goya,train,0f8153dc4179b7fa894524e8288d8a14cdc4482b866ecac1a0ca3e9c351583b8,cc38f3873ae30ccc
data/private/portraitnet/portraits/francisco-goya_portrait-of-senora-berm-sezne-kepmesa.jpg,portrait,1,francisco-goya,train,6f07b9b4897b485eab2141d46a1757c648592c10b5fc606eb966b816b3d27cff,cc1d61a3477933e4
data/private/portraitnet/portraits/francisco-goya_portrait-of-the-actor-isidro-meiquez.jpg,portrait,1,francisco-goya,train,eb54d271c326bb1b5be9b8ef742173d15a795972b774c77cfe167ab5bd12d89d,d92136c69fedc019
data/private/portraitnet/portraits/francisco-goya_portrait-of-the-bullfighter-pedro-romero.jpg,portrait,1,francisco-goya,train,20f10ab7b450508e6ae60ae7747e08ce1de3fac633dddd96bc7f2232f4b99291,ce843273c93967cc
data/private/portraitnet/portraits/frans-hals_portrait-of-a-seated-woman-holding-a-fan-1650.jpg,portrait,1,frans-hals,train,8bb93ecec5bd5952198465f28816559ba59a81c2663e93527cc56f0991b2ed5c,cb986467b29bc964
data/private/portraitnet/portraits/frans-hals_portrait-of-a-standing-man-1645.jpg,portrait,1,frans-hals,train,deaf0fcdd8b4a24b4329097e26c481061c7266c502c9faa5df7e61507196e5e0,8e8c33713196cece
data/private/portraitnet/portraits/frans-hals_portrait-of-a-woman-1.jpg,portrait,1,frans-hals,train,4fc8da9045ef18ac4829efaea753afad5a49f98fdd52f2ed2426df0f099ae0bc,cc96786a6bc3348d
data/private/portraitnet/portraits/frans-hals_portrait-of-a-woman-1633-1.jpg,portrait,1,frans-hals,train,3bec3d09d9a38bf4ec6caf472d517a0fd9aa35fe1832a649f417eb24c490ebd8,cc1f609f93780dc6
data/private/portraitnet/portraits/frans-hals_portrait-of-a-woman-1633.jpg,portrait,1,frans-hals,train,e94de617a84099f1042f549f9f3e12846ad44773c46432551157a1c27166eae1,ae8c12732d8fc347
data/private/portraitnet/portraits/frans-hals_portrait-of-a-woman-1638.jpg,portrait,1,frans-hals,train,2f182f78b4336f8bfcf21c75dee0d4db97e6bcc0852a8f815ce0e4cfc342611a,c49e78696bc3362c
data/private/portraitnet/portraits/frans-hals_portrait-of-a-woman-1640.jpg,portrait,1,frans-hals,train,1090c0024bf4ef78a59d24e54d304362380b49e624966d5d55891164f7c7bcf1,8e9c7163cf903cc5
data/private/portraitnet/portraits/frans-hals_portrait-of-a-woman-1644.jpg,portrait,1,frans-hals,train,747cc7c1401c3602ef6c8d03063891f175e1d41198d52c01afb0bb32152ff766,8c9d617bc396346c
data/private/portraitnet/portraits/frans-hals_portrait-of-a-woman-1652.jpg,portrait,1,frans-hals,train,0055bbe3e7a15b615d85571dc9ac8dc1c0f938a9a436882c76e5c53c2df7d065,cc99716626999b33
data/private/portraitnet/portraits/frans-hals_portrait-of-a-woman-2.jpg,portrait,1,frans-hals,train,2b8edb7b5fc61994964701c7e725aac05c024466ec9a7f9b6540d8a2b2d26565,cc9c39632666c39e
data/private/portraitnet/portraits/frans-hals_portrait-of-a-woman-4.jpg,portrait,1,frans-hals,train,7a6eec598473c62e6872d73d8d26ef63f9e76ced7b6c9f624baa1445c55eabd2,8c9c4bb131677987
data/private/portraitnet/portraits/frans-hals_portrait-of-a-woman-5.jpg,portrait,1,frans-hals,train,008ea9466542e1da2781208d8eee6600039ef6f78134fc24f8b238c4c29b98ae,c89965673b9a9331
data/private/portraitnet/portraits/frans-hals_portrait-of-a-woman-known-as-the-gipsy-girl-1629.jpg,portrait,1,frans-hals,train,3f7827771fba3e2872fcef0811c23c92ba4e22255b938262163cdb4c63900ba6,8c32b1917ac4dde6
data/private/portraitnet/portraits/frans-hals_portrait-of-a-woman-possibly-sara-wolphaerts-van-diemen.jpg,portrait,1,frans-hals,train,08b1f494130364f436338ec4b1dd829403036fda09048002b6142858717edcd1,8ea179cb933449cb
data/private/portraitnet/portraits/frans-hals_portrait-of-a-woman-with-a-fan-1640.jpg,portrait,1,frans-hals,train,78e49764636f1b4edce5f9c30e7da14ffe43d737c68f7b52a4c8c9420e1940a5,9a0d6823a7966bf2
data/private/portraitnet/portraits/frans-hals_portrait-of-a-woman.jpg,portrait,1,frans-hals,train,50fda46c8c562c8215e23607037757bb81a34a9f2fe61cb0fab21e5ba0a9ccd9,c89f656433d89333
data/private/portraitnet/portraits/frans-hals_portrait-of-a-young-man-1.jpg,portrait,1,frans-hals,train,be9f81d49eb76f4dbc78db1012b30f6df1ed6c117a6123da629b626450644bbb,aece3931914333b9
data/private/portraitnet/portraits/frans-hals_portrait-of-a-young-man-1648.jpg,portrait,1,frans-hals,train,6cd858edb5e3aad9edc5ead8909d0d62a295deee8caf7f992706f31471bf1e1b,ccb63379c31e8cc1
data/private/portraitnet/portraits/frans-hals_portrait-of-a-young-man-with-a-glove.jpg,portrait,1,frans-hals,train,a0b6aa7b685d94f78947fdfef8e8fd598135dba49bbdb2b81b4d59a4eae533b3,ccce3933c3c63cb0
data/private/portraitnet/portraits/frans-hals_portrait-of-a-young-man.jpg,portrait,1,frans-hals,train,3fb757a822e2d46906c348c75d5a509cf0875678be0126360f8072b0a2b87670,bcc83173d3c2cd34
data/private/portraitnet/portraits/frans-hals_portrait-of-a-young-woman-1655.jpg,portrait,1,frans-hals,train,58108013c9b33016f75405f26b9d1a064dacfefb2891a4c8d7f5dc56de844af7,c69c39c3613ed0e9
data/private/portraitnet/portraits/frans-hals_portrait-of-a-young-woman.jpg,portrait,1,frans-hals,train,f2c7295ff2b53106774d1e6ddafd7ce81e647b6ec54eca788190edb7300ba78e,c81f619b936ce586
data/private/portraitnet/portraits/frans-hals_portrait-of-aletta-hanemans-1625.jpg,portrait,1,frans-hals,train,bc8d8c678206950ff5f80b33dc13e360a56078a78e53a20231ab007ae9a6667b,899c9333646766cd
data/private/portraitnet/portraits/frans-hals_portrait-of-an-elderly-man.jpg,portrait,1,frans-hals,train,f09b89e75718b47b4153265aff5c29a23bd595f189e8d34b838ed55e0ab0bac9,ae94c639393ab1c6
data/private/portraitnet/portraits/frans-hals_portrait-of-an-unknown-man-1634.jpg,portrait,1,frans-hals,train,94ed03bd37f5a8315c37ae987896e84ac29d8411c65cf061d18c76765f6cfa49,8e843539c3e3371e
data/private/portraitnet/portraits/frans-hals_portrait-of-an-unknown-man-1663.jpg,portrait,1,frans-hals,train,f96463549cb36260f14c8246deb0350a17ad9f767e0362e41fdd84d483ca8d46,ed3cf3f28358c8c0
data/private/portraitnet/portraits/frans-hals_portrait-of-an-unknown-man.jpg,portrait,1,frans-hals,train,3879316fabba0e3899dc4513b0017bc7659a6bc9c4b21b22eaeca68942f45acf,cfcecaa13c38689c
data/private/portraitnet/portraits/frans-hals_portrait-of-an-unknown-woman-1643.jpg,portrait,1,frans-hals,train,36ff282f2bff45063ec967051af5557dc082d035a94a3506de572836109d6388,b99d27622f989e30
data/private/portraitnet/portraits/fred-yates_fred-yates-by-fred-yates-self-portrait.jpg,portrait,1,fred-yates,val,5ae49119d744e2aee303237abde2baccd73d7521c183b1598870668b1255ffa0,adb825617aa4755a
data/private/portraitnet/portraits/fred-yates_john.jpg,portrait,1,fred-yates,val,9d83c282a13aa376845ac3c72a745e36116c01e9db0dab1e0da3cad2bd224534,e5c7946b9a996189
data/private/portraitnet/portraits/fyodor-rokotov_portrait-of-alexandra-struiskaya.jpg,portrait,1,fyodor-rokotov,train,33d047284e287ecd1483b494e2c285b3bdf059d799530020094edb88c1d4aa7d,cc0f73e2339dcc06
data/private/portraitnet/portraits/fyodor-rokotov_portrait-of-an-unknown-lady-in-a-pink-dress.jpg,portrait,1,fyodor-rokotov,train,3d1431c34496ce93053ef947eb99a14b24a9b45b38c041673606f4da9b9e33f1,c83c73e33c8bc83c
data/private/portraitnet/portraits/fyodor-rokotov_portrait-of-an-unknown-lady-in-a-white-cap.jpg,portrait,1,fyodor-rokotov,train,05af94f96f25579a448b7e0beecc9826246393c37ff49b92757940f7aa6e7bde,9ecdf33ac4709192
data/private/portraitnet/portraits/fyodor-rokotov_portrait-of-an-unknown-man-1.jpg,portrait,1,fyodor-rokotov,train,a5b976851970ae3eefd2536c2cfb6427064304fbee9da1d7d12c2d821f6c7360,ae99f166b1238699
data/private/portraitnet/portraits/fyodor-rokotov_portrait-of-an-unknown-man-in-a-cocked-hat.jpg,portrait,1,fyodor-rokotov,train,231d4bdd8b15391557525f8d473024652d8d4ad105b513ced5ce63dbbb9275a7,ccb873632c9c9a66
data/private/portraitnet/portraits/fyodor-rokotov_portrait-of-an-unknown-man-in-a-green-caftan.jpg,portrait,1,fyodor-rokotov,train,64b369e87131cfe2f60f0c0d352e09043a78f5c394c0fddec869bf1065593955,cccc733333accb81
data/private/portraitnet/portraits/fyodor-rokotov_portrait-of-an-unknown-man.jpg,portrait,1,fyodor-rokotov,train,7cfa837031da434004cf6ad968fc6061fed9770c4483aae463a28d29f732d39a,9ccc69327164e667
data/private/portraitnet/portraits/fyodor-rokotov_portrait-of-an-unknown-woman-in-a-blue-dress-with-yellow-trimmings.jpg,portrait,1,fyodor-rokotov,train,940bbd47eab12f0bc52ae323843b81dc17773a160d7c37302188ebac8667cab9,8d6a233372ce9c39
data/private/portraitnet/portraits/fyodor-rokotov_portrait-of-an-unknown-woman-in-a-red-dress.jpg,portrait,1,fyodor-rokotov,train,88ed7733712d9202e6b10319211101c4e6b27c20a3857a564f862ff89eef16d5,8ccc733327339966
data/private/portraitnet/portraits/fyodor-rokotov_portrait-of-anna-yuryevna-kvashnina-samarina.jpg,portrait,1,fyodor-rokotov,train,1dbda2b4646a2e8ce0b05d372256c7b10477432444f9a9877348a410bf9bcdd0,d99d36622f34664a
data/private/portraitnet/portraits/fyodor-rokotov_portrait-of-catherine-ii-of-russia.jpg,portrait,1,fyodor-rokotov,train,fecead6fd3ee6ca6e15827bac35a5eb794ecc8eff7f163df71833f88468a9647,8d3a72a5935a8d9c
data/private/portraitnet/portraits/fyodor-rokotov_portrait-of-catherine-ii-repeat-version-of-a-portrait-after-1768.jpg,portrait,1,fyodor-rokotov,train,48667ba9391da6cc4261bf681bd9a5a5916bbe5988add1b05553aa38f549decd,e83cb1d1c61ec9cc
data/private/portraitnet/portraits/fyodor-rokotov_portrait-of-count-artemiy-ivanovich-vorontsov.jpg,portrait,1,fyodor-rokotov,train,b64430df1722290fac70333bb8fc40dec68adf0b135473785b54bcdb6db4916c,cc98336633736e49
data/private/portraitnet/portraits/fyodor-rokotov_portrait-of-count-g-g-orlov-1763.jpg,portrait,1,fyodor-rokotov,train,86a84b15a4afafbc2af2534771f5ed08a9b7a98cdc04fcdf9917b8f501425b4e,cce8960718337773
data/private/portraitnet/portraits/fyodor-rokotov_portrait-of-count-i-g-orlov.jpg,portrait,1,fyodor-rokotov,train,4e31a79bbe834fa25a69cdd6e298341b31c838ed5079b0d62e50b053c45f36d7,cc8fcd32381c7273
data/private/portraitnet/portraits/fyodor-rokotov_portrait-of-count-illarion-ivanovich-vorontsov.jpg,portrait,1,fyodor-rokotov,train,c2b082cf023d4772a832070871b34dbd845c3aacb435f7062079617594e05472,c40f32f13b1ef1c1
data/private/portraitnet/portraits/fyodor-rokotov_portrait-of-count-ivan-shuvalov.jpg,portrait,1,fyodor-rokotov,train,f52a0b2ca06e9b0b6150332fb96d682fb0385cf0a1bf5e6123eba6a00bc4a32f,8c8c6d3333393ce3
data/private/portraitnet/portraits/fyodor-rokotov_portrait-of-countess-ekaterina-orlova.jpg,portrait,1,fyodor-rokotov,train,c4f6784588d0e02ac9af73e476a07f3a3526d67d853fc07210f22f26d0d04945,ec3eb3f0a437d024
data/private/portraitnet/portraits/fyodor-rokotov_portrait-of-countess-elizaveta-santi.jpg,portrait,1,fyodor-rokotov,train,d4981078b78e7572fbcc987cb44806b2495e4f0a942db572dcdcaf84615c7d81,af39e686b045c19b
data/private/portraitnet/portraits/fyodor-rokotov_portrait-of-emperor-paul-i-as-a-child.jpg,portrait,1,fyodor-rokotov,train,01d467fd4aedb1919f1cad754eaa27dbbd2025fab51c414cfa0b0eb5121076d6,cccc3a63323179a7
data/private/portraitnet/portraits/fyodor-rokotov_portrait-of-great-duke-peter-fedorovich-later-emperor-peter-iii.jpg,portrait,1,fyodor-rokotov,train,92abf98c0c94f32ddd473a9d0c1dfe01885047e009bb5ed0bafea08475f3cf3e,8c8d525a69f51736
data/private/portraitnet/portraits/fyodor-rokotov_portrait-of-n-a-demidov.jpg,portrait,1,fyodor-rokotov,train,975f0cabaddc71c56fecf7b1840ef4dcfef7857f71bb4b5754e91f962d999447,c99c73677033c626
data/private/portraitnet/portraits/fyodor-rokotov_portrait-of-n-e-struisky.jpg,portrait,1,fyodor-rokotov,train,233b565d0b5fe5d247e7504fe88cc2e4b0d6b8b582d4b27ab0becff3f6577e9a,dccc2333648ecec9
data/private/portraitnet/portraits/fyodor-rokotov_portrait-of-p-i-vyrubov.jpg,portrait,1,fyodor-rokotov,train,925b34fbc5f32658c9a80a5ec8c6505403d7d45e3f2636b0664cb8851e33379c,d98b6ae626b2f409
data/private/portraitnet/portraits/george-catlin_a-choctaw-woman-1834.jpg,portrait,1,george-catlin,train,e0f3e0cd8e42db7c53df7729b8ca5d2633e4086e11c3ac99c8ee46eac11a232b,e0e676989bc98ccc
data/private/portraitnet/portraits/george-catlin_ah-yaw-ne-tak-o-r-ron-a-warrior-1831.jpg,portrait,1,george-catlin,train,644c663b6f340dc916d65c44e014dfcd7d288c68585b773a793cb0f5b267ef17,f4b88353aad5c10f
data/private/portraitnet/portraits/george-catlin_co-ee-h-jo-a-seminole-chief-1837.jpg,portrait,1,george-catlin,train,96ccc2e72d4314dc8ffec6da819bd61ade5c54bcf063aca0a223ca3625acda00,b4f6444fc782d2cc
data/private/portraitnet/portraits/george-catlin_h-l-te-m-l-te-t-z-te-n-ek-ee-sam-perryman-creek-chief-1834.jpg,portrait,1,george-catlin,train,1828f8c2189756cb51519c933d57d3edf27fa06c0bf742f1c5171e55c639e326,bdb9416e8741b916
data/private/portraitnet/portraits/george-catlin_h-ra-t-a-a-brave-fort-union-crow-apsaalooke-1832.jpg,portrait,1,george-catlin,train,7b6d2f54c6ad483cc931c0de0d2ed38889840781c7dcbd0143848b1ac35dbbe6,e5b212e78dc998e8
data/private/portraitnet/portraits/george-catlin_h-tchoo-t-c-knee-snapping-turtle-a-half-breed-1834.jpg,portrait,1,george-catlin,train,1d79d68b0a50a1f93943123453d3780d871963bac435ecdc90c2d49c88b97df3,bdb2351e66896295
data/private/portraitnet/portraits/george-catlin_k-t-tee-o-t-b-bee-how-did-he-kill-a-noted-brave-choctaw-1834.jpg,portrait,1,george-catlin,train,92fca548b4bf9c204dc473bd447a0fc2deb258481fe661722190b0efabe56814,fcc3d2ad8cc0732a
data/private/portraitnet/portraits/george-catlin_osceola-head-chief-seminole-1838.jpg,portrait,1,george-catlin,train,47412b223d7491697d13ef08dcab7bce22208c130571c09ecea8468fef6b17a3,87b930c6f80f0f1e
data/private/portraitnet/portraits/george-catlin_see-non-ty-a-an-iowa-medicine-man-1845.jpg,portrait,1,george-catlin,train,6f122cc4e9965ebc0802fe6ade3a793c5b26414fc454ddf6dd758f9d2efd5782,f4b61349a5ed4985
data/private/portraitnet/portraits/george-catlin_sha-k-ka-mint-a-mandan-girl-1832.jpg,portrait,1,george-catlin,train,f7e585631e62ce353042cbd278507c2142cb13ba711cab7d3c596e7f8a4e4451,a6b4d92947cb85c6
data/private/portraitnet/portraits/george-catlin_shonka-sabe-black-dog-chief-of-the-hunkah-division-of-the-osage-tribe-1834.jpg,portrait,1,george-catlin,train,7b372f370f2f746aaf37e9195fedcc94f623435f89fc3b1f5b9f20a3540e6677,f2d949c74ca6a658
data/private/portraitnet/portraits/george-luks_butts-1928.jpg,portrait,1,george-luks,train,023a90baf44f945aa477f628bc1833896aeeb5d7d4b2a706758cd7c67210f97c,cc9c6333718cc39e
data/private/portraitnet/portraits/george-luks_flyweight-champion-of-jumel-place-1920.jpg,portrait,1,george-luks,train,0c6a7a5a58ca062b6c37978faa125a4591ba546faab5fdd69952193ea3d70569,999966666664999b
data/private/portraitnet/portraits/george-luks_girl-with-doll.jpg,portrait,1,george-luks,train,225760d83ccbce0495f28f5db156ea24ed1cbfc872c2108c9e6308a973de8fd5,c05c3f33d4dcc9c1
data/private/portraitnet/portraits/george-luks_lily-williams.jpg,portrait,1,george-luks,train,17ccfc3433fc4a71f838d4da7919ecaa7e5d061f577ebee6afca726b34d617b7,8e6570b663936699
data/private/portraitnet/portraits/george-luks_little-lore-with-her-hat.jpg,portrait,1,george-luks,train,d58f5cd0bb4339857315c66277569656abb5b26cc6c159ba262b025bc96a73bd,d01a6be1166db4e6
data/private/portraitnet/portraits/george-luks_portrait-of-a-girl-in-black.jpg,portrait,1,george-luks,train,b1b3ed330e8f18a98bb800f1c0f728009a8d29fb77c1c1e63e7c1e2da4713ec6,8c8d7e3326cc93cc
data/private/portraitnet/portraits/george-luks_portrait-of-a-young-girl-antoinette-kraushaar.jpg,portrait,1,george-luks,train,3ebe109d480757958e708bf451415d42607bd31e4023c26c1f5b8e2b8688d28e,d93b25e43499c636
data/private/portraitnet/portraits/george-luks_portrait-of-miss-ruth-breslin-1925.jpg,portrait,1,george-luks,train,0b1c79a8893fd7490a935f9b77fc7d75ec5c13de500546934783ee766fef5003,8cdc8c3332739ccd
data/private/portraitnet/portraits/george-pemba_self-portrait-1987.jpg,portrait,1,george-pemba,val,3a3a88948a7d2ac5ea996399ed7d6b03f288b7de6e76d99ba581a0e2cc34ed4e,95744b98a76e4467
data/private/portraitnet/portraits/george-pemba_young-boy-1957.jpg,portrait,1,george-pemba,val,f4ad220480a99a21979924ceaec74bfd468c95f23795957d74b456891ef47538,b0b34924c3c1dbcf
data/private/portraitnet/portraits/georges-lacombe├в┬а_portrait-of-paul-ranson-1905.jpg,portrait,1,georges-lacombe├в┬а,test,2bdecf81adc7e25a45ffab0979b5ebfc25f9832bfb6cf30f675e419f952395aa,891973e66632d9a6
data/private/portraitnet/portraits/georges-lemmen_portrait-of-mme-lemmen-1893.jpg,portrait,1,georges-lemmen,train,73da4456775efe5e8c9e8bf911f51a141ae09dcfe0a75557ed04fefb67a6918a,ecd823732646a55b
data/private/portraitnet/portraits/georges-lemmen_portrait-of-the-artist-s-sister-1891.jpg,portrait,1,georges-lemmen,train,044e4dcc21697e6cec72393f058ba1a1b48de1db86ea3a6dd8eac78257b56fe5,bcc4cb3673356283
data/private/portraitnet/portraits/georges-lemmen_self-portrait-1890.jpg,portrait,1,georges-lemmen,train,a6b7a7a16d87b4012db0bc8bd9321fe6650338cb40fa935e0fa6665b45555a64,cf3df06134c81bb8
data/private/portraitnet/portraits/georges-seurat_portrait-of-paul-signac-1890.jpg,portrait,1,georges-seurat,test,d34f57a631c8d5903904b74e004b0ca5a5fda06afb83ca11d382f9a30352a9c8,e115d26e86c399e3
data/private/portraitnet/portraits/georges-seurat_young-peasant-in-blue-1882.jpg,portrait,1,georges-seurat,test,d9f9b412cb360e85c57da51c90c510bdfd864af0462c21d9b55883ff6993a09f,f4a033e18b9783cb
data/private/portraitnet/portraits/giorgione_portrait-of-a-man-terris-1510(2).jpg,portrait,1,giorgione,val,1389bb589f730cd1affa78cf0d6cb7e8ea85560bf0e4a47bc028b25ec4afefb0,cee73c38b01833c7
data/private/portraitnet/portraits/giorgione_portrait-of-a-venetian-gentleman-1510(2).jpg,portrait,1,giorgione,val,e96daec9ca436b02c62a23927d0398f52fb80ac6befbbe5eb5907904de660190,fcfc9b330325708c
data/private/portraitnet/portraits/giorgione_portrait-of-a-young-woman-laura-1506.jpg,portrait,1,giorgione,val,7a1cc2f04f00c345c99c62f4a3723f07a987dba86094d924172d43ea93d64e7c,ce3a33c938c6c699
data/private/portraitnet/portraits/giorgione_portrait-of-a-youth-antonio-broccardo-1500(2).jpg,portrait,1,giorgione,val,e873c96b08ab10df881d5b03ea25aa4cc9266adafbd667aa99b2e3f66f3b1a66,cce8e6263333c69c
data/private/portraitnet/portraits/giorgione_portrait-of-francesco-maria-della-rovere-1502(2).jpg,portrait,1,giorgione,val,748e8d9807a09b9c8f8ccfebacc7ccf1b5a11ecc1f2c65a87b11ae44b7df255f,ff6c327331462499
data/private/portraitnet/portraits/giorgione_portrait-of-young-man-giustiniani-portrait-1504(2).jpg,portrait,1,giorgione,val,17f99ac254b6b154dbf9ff6574e8fa812e6ee6d31cb2db34759e7a71ff2101ea,c726f3d13869b00f
data/private/portraitnet/portraits/giovanni-antonio-boltraffio_portrait-alleged-to-be-of-anne-whateley-in-fact-likely-to-be-girolamo-casio-1495.jpg,portrait,1,giovanni-antonio-boltraffio,train,5077fe9002d275f423a8a5c668e663f0ebc6fb1043d6f4e1bd7d94f05ca99b49,9b9966666d366492
data/private/portraitnet/portraits/giovanni-antonio-boltraffio_portrait-of-a-lady-as-st-lucy-1500.jpg,portrait,1,giovanni-antonio-boltraffio,train,10d9bd5d8f2d6f039bef4cf610c92077af07a504818e763a826924feee86e55f,ce4c61933969d734
data/private/portraitnet/portraits/giovanni-antonio-boltraffio_portrait-of-a-lady.jpg,portrait,1,giovanni-antonio-boltraffio,train,02656b6b425a8e451fc7d7d65906b2da5f8f399b077976b6688a14bf27458905,cf4e36b0d11e3839
data/private/portraitnet/portraits/giovanni-antonio-boltraffio_portrait-of-a-young-woman.jpg,portrait,1,giovanni-antonio-boltraffio,train,6f8af661964604dbb6d6a8531fc37f7a1bac6d1636b8f6ac9e227456120f4f55,c73c6770b01d3867
data/private/portraitnet/portraits/giovanni-antonio-boltraffio_portrait-of-a-youth-holding-an-arrow-1510.jpg,portrait,1,giovanni-antonio-boltraffio,train,a4e018f294cc26d817600454767680538a4e58a3b4a916f96de06a4b8ba7474a,c11f666d25e63619
data/private/portraitnet/portraits/giovanni-antonio-boltraffio_portrait-of-gerolamo-casio-1495.jpg,portrait,1,giovanni-antonio-boltraffio,train,c385dc0a4247c9fa3a0f806e6e62f6eb27086f8f4784add53ffee030e985f4e7,92593be4615bec92
data/private/portraitnet/portraits/giovanni-bellini_greek-madonna-1460.jpg,portrait,1,giovanni-bellini,test,405cf41c50f311ad4bba4048e789a3f25424fceb185f5a66afa456ef2aa1486d,cb321ec6f10798dc
data/private/portraitnet/portraits/giovanni-bellini_madonna-with-child-1455.jpg,portrait,1,giovanni-bellini,test,6a1b2bcb42b6b072bc6b19fb90a2634c967534b217b2a0c3213e52fc6360dc28,cf1cba53c34e984c
data/private/portraitnet/portraits/giovanni-bellini_madonna-with-child-blessing-1464.jpg,portrait,1,giovanni-bellini,test,2b8b96f0b168d7089fbcfe0bec134d65d25dd57d5436abb58a953f6d57c81f52,c9793f403c66e30b
data/private/portraitnet/portraits/giovanni-bellini_portrait-of-a-venetian-gentleman.jpg,portrait,1,giovanni-bellini,test,990122644ff4eb4c8611545c612691cee67f5265e0da9d9385c406f393f5f260,afed1132d04483fd
data/private/portraitnet/portraits/gustave-courbet_hector-berlioz-1850.jpg,portrait,1,gustave-courbet,val,a578a8412453b323424ae2564a8f9c5b5eeb3c9737fd6656d29b94b361c6b49e,9add3327e48a9b18
data/private/portraitnet/portraits/gustave-courbet_henri-rochefort-1874.jpg,portrait,1,gustave-courbet,val,de37eb773a5a8372619841ac613c1bad1d5cb8d9fab685d6bec5122f7117f47e,99b3666c339cc623
data/private/portraitnet/portraits/gustave-courbet_juliette-courbet-1844.jpg,portrait,1,gustave-courbet,val,90e66a6daddefa60a9bd7cf7af529c805922b06b75f9ddd88574390ff0f014dc,dc4433196eb44e97
data/private/portraitnet/portraits/gustave-courbet_juliette-courbet-1874.jpg,portrait,1,gustave-courbet,val,7b829da1bf30de8cdfec3212a773be608eef54b778ffc6419f0c30500b940477,8cce317133c7c785
data/private/portraitnet/portraits/gustave-courbet_portrait-of-a-spanish-lady-1855.jpg,portrait,1,gustave-courbet,val,432876058c27f3c081c28b9ae06bc8889a1bb19ca646be5f768ae13504db1f94,ce4c3933d6693296
data/private/portraitnet/portraits/gustave-courbet_portrait-of-a-young-girl-1857.jpg,portrait,1,gustave-courbet,val,9b1994c63f4e8357750960a9ef345d430d7d7bb92e414a40ea3b64876c5b2413,f8a507c2ca9e3c39
data/private/portraitnet/portraits/gustave-courbet_portrait-of-a-young-girl-from-salins-1860.jpg,portrait,1,gustave-courbet,val,3c8bcafa8ee3cc8ad25d28737954b43c603daa373a9371abb828af376317d724,cb3976c60f98c067
data/private/portraitnet/portraits/gustave-courbet_portrait-of-alfred-bruyas-painting-solution-1853.jpg,portrait,1,gustave-courbet,val,0b687beb55b4b468d30d04f957b49a9c0d6d1b83617794b325c40c2bb1c93ddc,cfcc1963333615c3
data/private/portraitnet/portraits/gustave-courbet_portrait-of-gabrielle-borreau.jpg,portrait,1,gustave-courbet,val,bf93576138bafc7c87c975de4b5cfd401d3d3b0092fb0f678fbf525fb4323f86,813cb2c31cd3a99f
data/private/portraitnet/portraits/gustave-courbet_portrait-of-jo-the-beautiful-irish-girl-1865.jpg,portrait,1,gustave-courbet,val,bc4d61aaf8d4235b89b00ff884554cb1ea51c9edb3ccfdc88c7fa691b1f1ceb9,99246627da89fc66
data/private/portraitnet/portraits/gustave-courbet_portrait-of-jules-antoine-castagnary-1870.jpg,portrait,1,gustave-courbet,val,dc1b9fde458da517dd7705662650053c27a1b05406e1e589fb8c14b35109379f,99c9367b6426db0c
data/private/portraitnet/portraits/gustave-courbet_portrait-of-jules-valles-1865.jpg,portrait,1,gustave-courbet,val,1e889dcffb8679522f5b1bf3a0487ecd03633981ec77385abf6c7a2cefd3ff98,f9881e62275ac997
data/private/portraitnet/portraits/gustave-courbet_portrait-of-paul-chenavard.jpg,portrait,1,gustave-courbet,val,f2ec82179419bf144b2e904f5819ba37029cd6f6ae5f3fbc7fbbfafafb58ac6d,cbc7a5383a3cb930
data/private/portraitnet/portraits/gustave-courbet_portrait-of-paul-verlaine.jpg,portrait,1,gustave-courbet,val,d9f74848cc47ad1e11019372d1ae41d0d218664cbbde3b05ca85ddecb7fd0e8f,934f6cb64ee9900b
data/private/portraitnet/portraits/gustave-courbet_portrait-of-pierre-joseph-proudhon-1865.jpg,portrait,1,gustave-courbet,val,e7bae1cd1ea8d6045f049022e0703740d7affafb5ef394a13fc4a2928412f1df,d9d9666667329298
data/private/portraitnet/portraits/gustave-courbet_portrait-of-the-artist-s-father.jpg,portrait,1,gustave-courbet,val,5f24dd122a16e5bc445b6f7154c906231f443c6ecd83e0bf566e2e2efa5ea9e8,f9841e3287d9d863
data/private/portraitnet/portraits/hans-memling_portrait-of-a-man-at-a-loggia.jpg,portrait,1,hans-memling,train,9843c2e4db7b0c651077d915c2d2f4a9dc12101b3b16c12174a9b5dec05c17ae,afaf723690db5a00
data/private/portraitnet/portraits/hans-memling_portrait-of-a-man-at-prayer-before-a-landscape-1480.jpg,portrait,1,hans-memling,train,69f66c0f9b92e72f3b8a65f5501fb033a1603c6728f1d023aa0249e82638c37c,c31c25e0ba469deb
data/private/portraitnet/portraits/hans-memling_portrait-of-a-man-holding-a-coin-of-the-emperor-nero-1474.jpg,portrait,1,hans-memling,train,e54060056d432d6db7209b2e12f034d6b13c2b4fec95ac56c37af11bbaacfd2a,adfc70408fdb8ac4
data/private/portraitnet/portraits/hans-memling_portrait-of-a-man-in-a-landscape.jpg,portrait,1,hans-memling,train,a0ef2df4c0d47212e74bc33c0502e7b8e728bb64217dc0f730064342e925deda,cca4f2d2cb0f8f14
data/private/portraitnet/portraits/hans-memling_portrait-of-a-man-with-an-arrow-1480.jpg,portrait,1,hans-memling,train,8860096b5edad9b305cbbc182cbe2f2c17035ad7a229665adc80fa4099bf99b8,cc2f6431d38fc19c
data/private/portraitnet/portraits/hans-memling_portrait-of-a-praying-woman.jpg,portrait,1,hans-memling,train,4617899cf21407293a083e5b4a511fe630da42c86a114e2bb0308ffd04f7d972,9ccc2567733264cd
data/private/portraitnet/portraits/hans-memling_portrait-of-a-reading-man.jpg,portrait,1,hans-memling,train,fe78fe0e3cf79e63f2328f5ef01d00e43243235dd5cc453ff66ea6ee847d2af1,f8c843333766d89c
data/private/portraitnet/portraits/hans-memling_portrait-of-a-young-man-1490.jpg,portrait,1,hans-memling,train,a0532f14bf4ab4b3906ff4ff02c6f5465dba7722ef9406e80e28d0bc558501d3,996a218ee6355a97
data/private/portraitnet/portraits/helene-schjerfbeck_annuli-reading-1923.jpg,portrait,1,helene-schjerfbeck,train,ec2e087c1a6e0229633269e28847cdd2087225d65c22d114e232e36506967476,bce3b3a4c89b9898
data/private/portraitnet/portraits/helene-schjerfbeck_blond-woman-1925.jpg,portrait,1,helene-schjerfbeck,train,9f895902d23dda059a71cebcfc523d2b95ac63299fd083f693bc9fb28c339384,9b46a1356186f7b1
data/private/portraitnet/portraits/helene-schjerfbeck_circus-girl-1916.jpg,portrait,1,helene-schjerfbeck,train,bb105f179544015a7e61ee98bb4aa1eb32ff07001c07e4b2b9a23a08eda6820c,b13e08d366c77e21
data/private/portraitnet/portraits/helene-schjerfbeck_forty-year-old-1939.jpg,portrait,1,helene-schjerfbeck,train,86f153f822e8061cbfe64c602e5fb94339f56c1dbd1dc963059b47e6b3e7eef7,a434d382cbcb9dcc
data/private/portraitnet/portraits/helene-schjerfbeck_friends-1942.jpg,portrait,1,helene-schjerfbeck,train,80f2755d157f13eea421137821853adde09767e7b8e81f50d96724f8e82470fa,c406161a7b3b3b3d
data/private/portraitnet/portraits/helene-schjerfbeck_girl-from-california-1934.jpg,portrait,1,helene-schjerfbeck,train,3b67a26a1ab0828ff41a73ad529a32f2a4ad4f20efd901e6b2ae14ceb29321bb,c62ec3632be626b8
data/private/portraitnet/portraits/helene-schjerfbeck_girl-from-eydtkuhnen-ii-1927.jpg,portrait,1,helene-schjerfbeck,train,ebac8f6c67a2439aa282bd1e27696bc873e33bffba7ffb634bc05703ac551daf,be2ea792fa792104
data/private/portraitnet/portraits/helene-schjerfbeck_girl-from-loviisa-1941.jpg,portrait,1,helene-schjerfbeck,train,637558ae2abcf64332e140ee20017a1fbdfbb406cba3d3ecc7d103c947bf6dd8,e9ec26b5a7539214
data/private/portraitnet/portraits/henri-matisse_head-of-lorette-1917.jpg,portrait,1,henri-matisse,val,265af15bb9185d1e4dd2249b5bb5b18f8f9dfcbafe3e2c7c351468d8ce366248,8754bb5ea239382b
data/private/portraitnet/portraits/henri-matisse_head-of-lorette-with-curls-1917.jpg,portrait,1,henri-matisse,val,e5b9ad08c664e4d4d4e7b04c6ca33cd702745b4af00837a046dd1e4dc0ef2b88,8b2c6db0b515f392
data/private/portraitnet/portraits/henri-matisse_laurette-in-a-white-turban.jpg,portrait,1,henri-matisse,val,d0332e45bad5c1be7bfdabf63f402eb388c7916080c43a18c5626c07647c0256,c5115a9ae8c51e7b
data/private/portraitnet/portraits/henri-matisse_laurette-in-green-in-a-pink-chair-1917.jpg,portrait,1,henri-matisse,val,7220b42c39a6a095b4bd9b577354a040720ff7a98f34e9bdfed65b10fd98f6fe,9c6e53f42b691683
data/private/portraitnet/portraits/henri-matisse_laurette-in-green.jpg,portrait,1,henri-matisse,val,9c5550b8050b998eda3087715288ad458e7654acf7b14a8a297089e66d457973,f66cb02339b17383
data/private/portraitnet/portraits/henri-matisse_laurette-with-long-locks-1916.jpg,portrait,1,henri-matisse,val,05974c01a2b519649eebb4922e72b1ffc922aeee167d12c5f88a52d60f6f7fb5,fb65a52a0562e38e
data/private/portraitnet/portraits/henri-matisse_laurette-with-long-locks.jpg,portrait,1,henri-matisse,val,2a877a5c5f0a49cba411c2c47a237eb0358f939ff4baa9f2bc0f589f4d4d0748,9a73b174c7805f92
data/private/portraitnet/portraits/henri-matisse_lorette-in-a-green-robe-against-a-black-background-1916.jpg,portrait,1,henri-matisse,val,de6722c97799f893eb044e38a38346e030ff7421245ea1a6726b1d330fad7569,973168e34e6e326c
data/private/portraitnet/portraits/henri-matisse_lorette-with-a-red-dress-1917.jpg,portrait,1,henri-matisse,val,e80ee1714249b9dac294865011c43127075486dcd5f36762c8630373f4af3d53,9a253574e247633e
data/private/portraitnet/portraits/henri-matisse_lorette-with-turban-and-yellow-vest-1917.jpg,portrait,1,henri-matisse,val,d32b1ddcd535407d58512bfcfe7ed5e2594314d453cb1dd82cc6fab50c52660e,d05aabc74b697d20
data/private/portraitnet/portraits/henri-matisse_marguerite.jpg,portrait,1,henri-matisse,val,1deea46074ac339aed9e63d6fca09e8f77a081d67eb631adb564f69a7ced31f2,8f4f256d58363a92
data/private/portraitnet/portraits/henri-matisse_moorish-woman-with-upheld-arms-1923.jpg,portrait,1,henri-matisse,val,f1c981a0e2e8e4a51a0223f0de724cee8b0350d324b682324654ab2d9733d28a,d62a7d9902e7076c
data/private/portraitnet/portraits/henri-matisse_not-identified-15.jpg,portrait,1,henri-matisse,val,5c1ec970f38d3d41f625c5b8e877dc656bda512d488787ea5438839a608279d4,e87a64a4e0ca8f8f
data/private/portraitnet/portraits/henri-matisse_not-identified-6.jpg,portrait,1,henri-matisse,val,a79035c035f9fbc9053d0b0875b2b4edfec7294d1d69f546233c76ca0046bad7,98a52397c48b9d6d
data/private/portraitnet/portraits/henri-rousseau_portrait-du-pere-del-artiste.jpg,portrait,1,henri-rousseau,test,3a396afecf44ad400c104d050f8bc90c0574651068978c6153aa4cf2c5be83a6,e6dc19b366c89833
data/private/portraitnet/portraits/henri-rousseau_portrait-of-a-man-1905.jpg,portrait,1,henri-rousseau,test,04973469d932ea6d202c12d67d00173794c3551334db29930dd0f3a9c7d00541,b9855e38856639a7
data/private/portraitnet/portraits/henri-rousseau_portrait-of-a-woman-1895.jpg,portrait,1,henri-rousseau,test,f644df5a0a6b7e9dc16957a7e913574092fdbc7bb6b0d2728da3f24727bbd643,b5988887d27b6d25
data/private/portraitnet/portraits/henri-rousseau_portrait-of-a-woman-1905.jpg,portrait,1,henri-rousseau,test,6a5745d938cb510c984b16da5c8fb1e78a961aeb841b1adbe420810ff6644156,99a6267d33b298d8
data/private/portraitnet/portraits/henri-rousseau_portrait-of-josephine-the-artist-s-second-wife-1903.jpg,portrait,1,henri-rousseau,test,895750da797406ffa69cde552f01fe444bf38a9756476a30b746f7d40c2bdf59,e1a57487965aca9a
data/private/portraitnet/portraits/henri-rousseau_portrait-of-monsieur-s-1898.jpg,portrait,1,henri-rousseau,test,30082c3a8fb2bff2d4d605343e8af2315a980eefac58fd170d44fbe8cd54d2be,9be433328dc6ca99
data/private/portraitnet/portraits/henri-rousseau_portrait-of-pierre-loti.jpg,portrait,1,henri-rousseau,test,73da1cbbfca4afbadc1f9f744d516ea959d771d6eca4448619499b1333c6b090,e2ea3315caa56d98
data/private/portraitnet/portraits/henri-rousseau_self-portrait-1900.jpg,portrait,1,henri-rousseau,test,ede42ce71513f20fc6ee6fb92b9b8f5b2439f124734f9ec3e99f0925332eb900,bfec11d0f20d4749
data/private/portraitnet/portraits/henri-rousseau_self-portrait.jpg,portrait,1,henri-rousseau,test,04ee93bf3bf411ff02643463cf7573230e33b30934cd79295d0771c92fdc167b,fba0459f26795238
data/private/portraitnet/portraits/horace-pippin_portrait-of-christian-brinton-1940.jpg,portrait,1,horace-pippin,train,e4f81f761eafd18ef3f0b1a60a2e71c79f6874133b641647373c0424a77f12ba,fcc8f03338c489f9
data/private/portraitnet/portraits/horace-pippin_self-portrait-1941.jpg,portrait,1,horace-pippin,train,0d3e914bf0d21d4cc6b99c0d785b26d1309728be637ab77178137b519b3aeadb,8a857dd58f6c80ab
data/private/portraitnet/portraits/horace-pippin_self-portrait-1944.jpg,portrait,1,horace-pippin,train,dc197835a0cd4b1c5202e3153380fcbc4c95db2d3388c4b8852d75e8a7b6728d,8fb30cc7b04eb32c
data/private/portraitnet/portraits/horace-pippin_the-artist-s-wife-1936.jpg,portrait,1,horace-pippin,train,73ce97b5a598918b182007b19d68f7e96b65bd871663890bbea1b4da6c0fd3b1,a376619c814e59bd
data/private/portraitnet/portraits/ivan-kramskoy_old-man-with-a-crutch-1872.jpg,portrait,1,ivan-kramskoy,test,fc6bc5d4c75b4c0094d6edfadd2ff6ce8f11b63aee69421caf51bef62a469dd5,c81e3730d367199e
data/private/portraitnet/portraits/ivan-kramskoy_outraged-jewish-boy-1874.jpg,portrait,1,ivan-kramskoy,test,dee5ba5711f6703f8ef4491c39126d4edcf55efe2d93d8810667dd7964bb93e4,ceddb5358c24a51c
data/private/portraitnet/portraits/ivan-kramskoy_peasant-with-a-bridle-1883.jpg,portrait,1,ivan-kramskoy,test,1c4e71ade9e1242346286f199c8c67f0831f2ebcc13d81864152f93e64c4c619,cc5c393173c33663
data/private/portraitnet/portraits/ivan-kramskoy_portarait-of-philosopher-vladimir-solovyov-1885.jpg,portrait,1,ivan-kramskoy,test,0bd01a0520c50aae78e3dcde9b001545ddd15a77cc42a896fb2e59163d8c97c8,e8f0859733c7a718
data/private/portraitnet/portraits/ivan-kramskoy_portrait-a-i-kuindzhi-1870.jpg,portrait,1,ivan-kramskoy,test,17726a6bf2fea106b0184ca9e970875a368f328f0c9d9f03a68fe74026075e86,fcc5966b33619648
data/private/portraitnet/portraits/ivan-kramskoy_portrait-of-a-girl-1870.jpg,portrait,1,ivan-kramskoy,test,d74301c269a5b6c2e4436d51c410ece7ebb165786b39a1f6a291050b123fcc9d,fa94b1c3c50fd268
data/private/portraitnet/portraits/ivan-kramskoy_portrait-of-a-p-bogoliubov-1869.jpg,portrait,1,ivan-kramskoy,test,5fe1a94f78bbed0a7f32690d5f39063f6dbb98d2cecccb9c9944d743e4812e2c,ff58a26a8126d49d
data/private/portraitnet/portraits/ivan-kramskoy_portrait-of-a-poet-and-artist-taras-shevchenko-1871.jpg,portrait,1,ivan-kramskoy,test,7eb1c106b78e70b80358e1c4b7fa63566cd43fcc39c0cc4054a7fbf64558648e,8c84377333cb8dcc
data/private/portraitnet/portraits/ivan-kramskoy_portrait-of-a-publisher-and-writer-alexei-sergeyevich-suvorina-1881.jpg,portrait,1,ivan-kramskoy,test,377b914f2d84bb1be59e3a442fc55ccc736a761a6b7f538cde47e24a47caa88d,e9d18762762352ad
data/private/portraitnet/portraits/ivan-kramskoy_portrait-of-a-woman-1.jpg,portrait,1,ivan-kramskoy,test,05077bdca3a50b68680d5a0734b416ec993242ea19fdcc8430afe17f61c5abce,c8be13e536c2872d
data/private/portraitnet/portraits/ivan-kramskoy_portrait-of-a-woman-1867.jpg,portrait,1,ivan-kramskoy,test,5768d21a070b8c676de22ce7c0a553cdd90961bce4ab31b30c884a63e6289157,bb69e8b4d47281d1
data/private/portraitnet/portraits/ivan-kramskoy_portrait-of-a-woman-2.jpg,portrait,1,ivan-kramskoy,test,60aa3af1c7fedb87260f6d6d93ef96628a6c9e4e6e1e72231ee2f9913ccc5256,bf78e3a5e0c086d2
data/private/portraitnet/portraits/ivan-kramskoy_portrait-of-a-woman-3.jpg,portrait,1,ivan-kramskoy,test,b773f26dcaeac288afdb08fee42832949dde78ce101d3278928bf9ccf0919b05,bc64b3d3c90dcc34
data/private/portraitnet/portraits/ivan-kramskoy_portrait-of-a-woman.jpg,portrait,1,ivan-kramskoy,test,cc7feda7137ecf6337734558c8a3ce2fee3e5aa006d6467250b9f5bc193fe3f6,9f68357aa992b825
data/private/portraitnet/portraits/ivan-kramskoy_portrait-of-a-young-woman-dressed-in-black-velvet-1863.jpg,portrait,1,ivan-kramskoy,test,8bdb1fce4a53bec376f1e1818269ec7cd8ffaa3bbef42b117c1232ac24d684e5,af8ce472f199c44c
data/private/portraitnet/portraits/ivan-kramskoy_portrait-of-admiral-login-loginovich-heyden-1882.jpg,portrait,1,ivan-kramskoy,test,6c58551c6ae56f2b0d18bbbce37f66eed14e9e64cddcf4c5ab39d22bfa68c802,c90c3367e2de0d78
data/private/portraitnet/portraits/ivan-kramskoy_portrait-of-alexander-iii-1886.jpg,portrait,1,ivan-kramskoy,test,99fb8831883abf6efdb9f28b423b93acb2312280d0a2ba91a5bad8ff2e61f896,cc8ca93f6669861e
data/private/portraitnet/portraits/ivan-kramskoy_portrait-of-alexandr-griboyedov.jpg,portrait,1,ivan-kramskoy,test,10735ab7479a3f17050db33b327078441ec2da5b38adbaa329b08c700647c096,c69c31675893cecc
data/private/portraitnet/portraits/ivan-kramskoy_portrait-of-alexei-suvorin-1881.jpg,portrait,1,ivan-kramskoy,test,ee9c4faf7842bbf2e189aee71c51090c0352f593bd69755d3ba6784d19508f79,e9dd8f622622528f
data/private/portraitnet/portraits/ivan-kramskoy_portrait-of-an-agronomist-m-e-vyunnikov-1868.jpg,portrait,1,ivan-kramskoy,test,1418148cf218f94feef2c6b6acf6bd7d446474d006e164c7d237e299511ad213,ac0cbb31ab1dadc4
data/private/portraitnet/portraits/ivan-kramskoy_portrait-of-an-old-peasant-study-1872.jpg,portrait,1,ivan-kramskoy,test,6d47e60086091e9f30a9814bd127c2074b675b9cd3d0537e0f78097c361727fc,cc0e3330d3679c9e
data/private/portraitnet/portraits/ivan-kramskoy_portrait-of-anatoly-kramskoy-the-artist-s-son-1882.jpg,portrait,1,ivan-kramskoy,test,1823ce75bde023baf82c8d1fe7c157bfe39493d4db7731fb5fc1a4713f81bfb5,99d9266626c639b3
data/private/portraitnet/portraits/ivan-kramskoy_portrait-of-anna-von-derviz-1881.jpg,portrait,1,ivan-kramskoy,test,2d4968d2f68472c1f29863ec65c6afed55204b39ab89cd3e7a0ce1bb38ef121d,ce1865c616f9f126
data/private/portraitnet/portraits/ivan-kramskoy_portrait-of-art-critic-pavel-kovalevsky-1886.jpg,portrait,1,ivan-kramskoy,test,5fce198992181400a53551b1f154a0f7c0cc61b99cc8655ad201ec97213a9031,d9ce022637d7c0d9
data/private/portraitnet/portraits/ivan-kramskoy_portrait-of-barbara-kirillovna-lemokh-in-childhood-1882.jpg,portrait,1,ivan-kramskoy,test,b76123bac8ff2690d09139ba1690504171c7e86a027d9670e42653873c5f5236,993ae66692b9c334
data/private/portraitnet/portraits/ivan-kramskoy_portrait-of-dmitry-mendeleyev-1878.jpg,portrait,1,ivan-kramskoy,test,c42d9db3aa0aa33dd2b44e64493291a5ef1213eb97207e1508e62c223f78e9e5,c88cf3e33763330c
data/private/portraitnet/portraits/ivan-kramskoy_portrait-of-dmitry-vasilyevich-grigorovich-1876.jpg,portrait,1,ivan-kramskoy,test,b9c2558e456b0c8dd784ccf1d7f166ceeccbbac4307ba901351c28dc60c45436,8c8c33733398bc67
data/private/portraitnet/portraits/ivan-kramskoy_portrait-of-dr-karl-a-rauhfus-1887.jpg,portrait,1,ivan-kramskoy,test,54014e643a36ccb21ba888a8523e57f8d69d9f8aa4f62a1fb1d3db6e14bd6b43,bf3be4b43624c191
data/private/portraitnet/portraits/ivan-kramskoy_portrait-of-dr-sergei-petrovich-botkin-1880.jpg,portrait,1,ivan-kramskoy,test,15e35b20b26be09f517507e4f78b131f40de42b5226424e1756f899e48a6de49,cc8d337363926996
data/private/portraitnet/portraits/jacek-malczewski_portrait-of-the-artist-s-fiance.jpg,portrait,1,jacek-malczewski,train,021c1064fc5b2349a364d85e0fd6bae5f4e68870166dbc34a0fccbff74bd1967,e627b2b25d4dc988
data/private/portraitnet/portraits/jacek-malczewski_portrait-of-w-adys-aw-ele-ski-1908.jpg,portrait,1,jacek-malczewski,train,4de56d6008556d1d48afe0082f2a68bebf1bd34d0bfdd6a0bfd23b045c11c671,8ccee63358a4a6b3
data/private/portraitnet/portraits/jacek-malczewski_portrait-of-waclaw-karczewski-1906.jpg,portrait,1,jacek-malczewski,train,90abfc54bb465123707542c7d27eb64fd22e59084e5ebcd292a163956ead6f90,e18731cb9cf28e98
data/private/portraitnet/portraits/jacek-malczewski_portrait-of-wladyslaw-reymont.jpg,portrait,1,jacek-malczewski,train,7171e98a50d607388ec9055e23fe9076d04ad2bdb05d2306dfd3d4efe93dd528,db85b0fd30a199b1
data/private/portraitnet/portraits/jacek-malczewski_portrait.jpg,portrait,1,jacek-malczewski,train,5fb1e8dad7bb9d9a2938d002197bbcbeeaa5a28a3857a1a0c96ae330f9777250,f8a4274b8638cbf2
data/private/portraitnet/portraits/jacek-malczewski_pythia-1917.jpg,portrait,1,jacek-malczewski,train,daeda3514588896324ebe70e997544a1da3cb4f37b1ae17896bcfca9abc0baf0,c1be31ce36c0f943
data/private/portraitnet/portraits/jacek-malczewski_self-portrait-1.jpg,portrait,1,jacek-malczewski,train,d5933750f460edb764bf0b228e205ffba74a5067be383220b3a8ac95b7e65660,f98b82e30ea8ec96
data/private/portraitnet/portraits/jacek-malczewski_self-portrait-in-armour-1914.jpg,portrait,1,jacek-malczewski,train,f979781edd0b1754e580dfe734fb3cf334c34363ece60ce1c7ec148c1ccae182,cc6cd03371966733
data/private/portraitnet/portraits/jacek-malczewski_self-portrait-in-white-dress.jpg,portrait,1,jacek-malczewski,train,12272593aceae2f27104ccaf38b159a7c46464849a73c5fd78779a25602673ba,a296219bcde18ef8
data/private/portraitnet/portraits/jacek-malczewski_self-portrait-vistula-river-behind.jpg,portrait,1,jacek-malczewski,train,b7523114ab05fdda42067915e804483f0ee80bf53a0c0d693ab2367f5bef8a4c,b792c33c4c8b836d
data/private/portraitnet/portraits/jacek-malczewski_self-portrait-with-death.jpg,portrait,1,jacek-malczewski,train,017c2d7e313d65e79466afd9d44232e5745b5c6266db3ebabd838c08233c6ca7,ac9c0ef8d1c21f71
data/private/portraitnet/portraits/jacek-malczewski_self-portrait-with-hyacinth.jpg,portrait,1,jacek-malczewski,train,ecb9792f7c4488ec0ff019284b24470f3624e60e47af4b0c778d2da8df5b71b5,be944aad94968d8d
data/private/portraitnet/portraits/jacek-malczewski_self-portrait-with-pisanka.jpg,portrait,1,jacek-malczewski,train,06f579d7e0f16e42e122a85c5d5adbb6634bf98fff64c131317dc112e5511ff7,bc99beb442474387
data/private/portraitnet/portraits/jacek-malczewski_self-portrait-with-skull.jpg,portrait,1,jacek-malczewski,train,b091428fd930851bc5a657b42ed143e932d7e486a6d1aee587fef1cddc4011e0,f1a507126d7e5165
data/private/portraitnet/portraits/john-french-sloan_boy-with-piccolo-1904.jpg,portrait,1,john-french-sloan,train,c32f4150ed7ef5cbb79946ae4dbfd56a9eeccbb4e5677a992642dd354a85ff16,88993366e6b399cc
data/private/portraitnet/portraits/john-french-sloan_carol-with-red-curls-1913.jpg,portrait,1,john-french-sloan,train,d7ba9742482fd8fb984d08f65e291f78d628d84ab01e7ac1b6600c6ae34ddc6d,cc4cb3337232631f
data/private/portraitnet/portraits/john-french-sloan_daisy.jpg,portrait,1,john-french-sloan,train,53d5a1bab050f7cb9f376fee7682214c44981464e027145fd230cb369fabaa3a,9933667933cc92c6
data/private/portraitnet/portraits/joshua-reynolds_man-in-a-brown-coat.jpg,portrait,1,joshua-reynolds,train,e70f512912e3a0390fd1894bd2f7f4c76d609d2af584f96cdff87f75fda83867,8ccc7e33333a3171
data/private/portraitnet/portraits/joshua-reynolds_mary-duchess-of-richmond-1767.jpg,portrait,1,joshua-reynolds,train,230ccd3905f1a3d3587854b0447211648e831afb3c2c32f6c541fadcf778d6ff,cc89337266cecc39
data/private/portraitnet/portraits/joshua-reynolds_mrs-william-molesworth.jpg,portrait,1,joshua-reynolds,train,58f0119bbdc7bcac60bf6e6d110815a3d294ed0746e0afbf21735d2d63c4b530,986965a626daa567
data/private/portraitnet/portraits/joshua-reynolds_paul-henry-ourry.jpg,portrait,1,joshua-reynolds,train,658c0fc27479117a0e8601dbf305d01cfba5f01055217ab411060de872ed502d,d97927d4682627d8
data/private/portraitnet/portraits/joshua-reynolds_portrait-of-robert-shafto-called-bonnie-bobbie-shafto.jpg,portrait,1,joshua-reynolds,train,0b5da904f6b97adae96a87818466b90129ad2e96f50f9926b92e1facca7bd7fa,cc9c30f373633313
data/private/portraitnet/portraits/joshua-reynolds_self-portrait-1.jpg,portrait,1,joshua-reynolds,train,5e5b6636f097be24be91b49b5a975ec45b513db0ff8bf53c59772fa973b2243b,9bbb64054acce517
data/private/portraitnet/portraits/joshua-reynolds_self-portrait-1775.jpg,portrait,1,joshua-reynolds,train,fc3867777ff59397093ae10deb38e1959b9a8c30ebba4fa673879d17b8e5a4d2,cc39733663a61699
data/private/portraitnet/portraits/joshua-reynolds_self-portrait-3.jpg,portrait,1,joshua-reynolds,train,a40bac4a79461853e6469211e8e4f2acdbed43e1d45e4ddf7fc2f514ac002333,999962766b692666
data/private/portraitnet/portraits/joshua-reynolds_self-portrait-4.jpg,portrait,1,joshua-reynolds,train,a2c48e1583da3e77d335c39a474316e35d910179e92efe317fbebd7de2256df4,8c8c33733366cccd
data/private/portraitnet/portraits/joshua-reynolds_self-portrait.jpg,portrait,1,joshua-reynolds,train,70e4c91359fd1de0a399255d385eb86647a8d84995723eb317377f907b1435ea,98996776322bcd98
data/private/portraitnet/portraits/joshua-reynolds_st-john-the-baptist-in-the-wilderness.jpg,portrait,1,joshua-reynolds,train,e63a9fd97b5d3b5840f882f7c993a085c355db85ffe50889bdaab6e4015d36b2,ce2e30db9c7885c6
data/private/portraitnet/portraits/joshua-reynolds_the-4th-duke-of-queensbury-as-earl-of-march-1760.jpg,portrait,1,joshua-reynolds,train,1d0d7d7e441d4253ae90ea7310135a780ec1d211db76bd05cc6ccb7ecea8b54e,995b6aa4166aab8d
data/private/portraitnet/portraits/joshua-reynolds_the-calling-of-samuel.jpg,portrait,1,joshua-reynolds,train,f6fcf561e095f025b53dc4c88ec39d22c318885bcb73a3970332d16a6381f85b,90626f95f2798d16
data/private/portraitnet/portraits/joshua-reynolds_ugolino-and-his-children.jpg,portrait,1,joshua-reynolds,train,228f727c947cab5210110174aaa55e7b018be4f530161a32134db7a9aa3328b4,e64b68b41fe11ea4
data/private/portraitnet/portraits/juan-gris_girl.jpg,portrait,1,juan-gris,train,f0c9233ab1ff7cbcef1883f0f83cd80479708f500a04948ac872a1a82e141786,cd7ef0708125f453
data/private/portraitnet/portraits/karl-bryullov_aleksandr-turgenev(1).jpg,portrait,1,karl-bryullov,train,a83062f65f8ea4c796da32c475091dcc9236d1b60a6dfcb2d23954656a2d6851,beb1910a6fb481d9
data/private/portraitnet/portraits/karl-bryullov_alexander-ribeaupierre(1).jpg,portrait,1,karl-bryullov,train,317b9540d1320e30fccbb02ea278d8653c3796ebdc117847b95f48100f7bfdcc,a9c4d60b9dfc8a31
data/private/portraitnet/portraits/karl-bryullov_portrait-of-the-actor-a-n-ramazanov.jpg,portrait,1,karl-bryullov,train,096c0d2733aa22bef2c1409e863da3c8207383f7302b17e7921ca7aa5814f958,9da6335970a393cc
data/private/portraitnet/portraits/karl-bryullov_portrait-of-the-actress-juditta-pasta-as-anne-boleyn.jpg,portrait,1,karl-bryullov,train,21ede4137f2c44005a32d11eeac090715e6fa3f5dc6f8505f3e7a995bb94dd26,b55a1a29672562cf
data/private/portraitnet/portraits/karl-bryullov_portrait-of-the-archeologist-michelangelo-lanci.jpg,portrait,1,karl-bryullov,train,e18b93ef15fca5e178beb7c99c13b4c8e63d114389474af363b76cc583a987c9,984d623770899ff8
data/private/portraitnet/portraits/karl-bryullov_portrait-of-the-artist-sylvester-shchedrin.jpg,portrait,1,karl-bryullov,train,d7e614d80d748659b377833de29d68bda7a63a6799365a308b5ec97fdb1db451,ee85b173859ec42c
data/private/portraitnet/portraits/karl-bryullov_portrait-of-u-m-smirnova-1840.jpg,portrait,1,karl-bryullov,train,62d64217709fb7dd1d67f8393d35ed8e1e8df1cee7957fee8099d4ab89a93c8e,cd30f3a64638d98b
data/private/portraitnet/portraits/karl-bryullov_portrait-of-ya-f-yanenko-with-armour.jpg,portrait,1,karl-bryullov,train,b727bd7902412102e74790f7bf7cff00bde54188b8c38c7fb1be64774553f9b3,8c0c7331b8c767cd
data/private/portraitnet/portraits/karl-bryullov_portrait-of-ye-i-durnova.jpg,portrait,1,karl-bryullov,train,397d70961e23e1e03556e4b5cb14d51bc9144fa0d1d4a64d30961ca80eee209d,998866663399db65
data/private/portraitnet/portraits/kateryna-bilokur_portrait-of-farmer-tatiana-bakhmach-1933.jpg,portrait,1,kateryna-bilokur,train,9d87dfaa30e6effa6181bb0dab4a6aa9fb0410b27f924c4a6fdac202726607dc,99b7754a46c5589c
data/private/portraitnet/portraits/kateryna-bilokur_portrait-of-nadia-bilokur-1941.jpg,portrait,1,kateryna-bilokur,train,a4b023ac207ea49962ffefb8ffdc1e9ebd1d8b1c7d9fff39a39f15d1763fd318,c478a56373264fa6
data/private/portraitnet/portraits/kateryna-bilokur_portrait-of-olya-bilokur-1928.jpg,portrait,1,kateryna-bilokur,train,0c1a06d0ed7d4538c8226c83e14c64f99196665d2860f0dcb8377ffcdb4505b0,903373c7665e9cc8
data/private/portraitnet/portraits/kateryna-bilokur_self-portrait-1950.jpg,portrait,1,kateryna-bilokur,train,b69a67dd5303f199bd17905ae65c086f48ef94157401b156093b3cff2034fda2,ece5a412daa9919e
data/private/portraitnet/portraits/kateryna-bilokur_self-portrait-1955.jpg,portrait,1,kateryna-bilokur,train,76a30154728b014eb60843fd726fbd3c4506e02beb2f1ecaa0134553f3d86557,f844bfbf45928688
data/private/portraitnet/portraits/kateryna-bilokur_self-portrait-1957.jpg,portrait,1,kateryna-bilokur,train,25cc16dc49b8da26f942f0301882df147a947b1b40459432ec35b970eb35fc9c,cf5fe2308e46398a
data/private/portraitnet/portraits/konstantin-makovsky_date.jpg,portrait,1,konstantin-makovsky,train,dbf276a2d685e3567105a19af184f1109050638e0b9cfd9c4617c3e1d8985036,cc0833f3668bed38
data/private/portraitnet/portraits/konstantin-makovsky_female-portrait-5.jpg,portrait,1,konstantin-makovsky,train,3846d2df908882707c7f9d6445c9fb5f34785731be9e5bf99623192087394bc5,984c7373269e69b4
data/private/portraitnet/portraits/konstantin-makovsky_female-portrait-6.jpg,portrait,1,konstantin-makovsky,train,312edbcf9557d161cd1119cf125c07a2e37079ada57409a9124906343ef2619f,bdc42e39d0865b99
data/private/portraitnet/portraits/konstantin-makovsky_flirt.jpg,portrait,1,konstantin-makovsky,train,ca3a0ff469a6bc91ad66aea3912e9777df0fff42b2eac8f5aa20262b3ed81960,be94f19b806e9169
data/private/portraitnet/portraits/konstantin-makovsky_girl-1.jpg,portrait,1,konstantin-makovsky,train,3b4bff5613ce6e7f50e79541276d6f9d9af185369fe935f205855cacff967be5,f8e18596ca1ae734
data/private/portraitnet/portraits/konstantin-makovsky_girl-in-burnous.jpg,portrait,1,konstantin-makovsky,train,b7f1b61dbfe446e036bd194d4230d2aba8dd6cb0135d5673738640cb27950c09,8737d8d80b3721cb
data/private/portraitnet/portraits/konstantin-makovsky_girl-in-the-field.jpg,portrait,1,konstantin-makovsky,train,e7ce6b9fdf9782b029770eed1d753e78665c27bfd0f6ddf6387a09f80c49136b,e329df36944e2931
data/private/portraitnet/portraits/konstantin-makovsky_girl-with-a-sheaf.jpg,portrait,1,konstantin-makovsky,train,ef57624835765e9b04008e413fac742f5dbc9fd90aad0fcbc2fa5b8cf2a81d02,f8a389cfe66c1c84
data/private/portraitnet/portraits/konstantin-makovsky_head-of-the-girl-1.jpg,portrait,1,konstantin-makovsky,train,ca0e575640b38c574183e5dfb22782948931f119570f27d389390f8a6b05875a,e8bdc7c73e90402d
data/private/portraitnet/portraits/konstantin-makovsky_head-of-the-girl.jpg,portrait,1,konstantin-makovsky,train,bfeff1d4e6d8ad1d40e7a1f7ed0a8361b78a335f0d2040057ac4fcb4f0b0f569,9d68a51bcb847ccc
data/private/portraitnet/portraits/konstantin-makovsky_head-portrait-of-y-makovskaya.jpg,portrait,1,konstantin-makovsky,train,5d0d5cba8cdcf7a9d7ebf926b70e0ad18b2eb874ee193daf6f436a5f16d323f9,ea69a59596d29296
data/private/portraitnet/portraits/konstantin-makovsky_mikhail-azanchevsky.jpg,portrait,1,konstantin-makovsky,train,5662e61dfe818bea72b785d8269d8cadfa0f04be8f291714bfd9e0396fbe8868,c91d136376e30f1c
data/private/portraitnet/portraits/konstantin-makovsky_negress.jpg,portrait,1,konstantin-makovsky,train,9db1939bfabc3e379252a76308a70d374042826f9acf9a39c5f15c85bd03ef60,b0f44a83d2cc1f9b
data/private/portraitnet/portraits/konstantin-makovsky_peasant-boy.jpg,portrait,1,konstantin-makovsky,train,b3c553ea23a49af480e0f1c6e7a1d68134cce134f89caca3569069f7debc32ba,a4f6d30f38c9d813
data/private/portraitnet/portraits/konstantin-makovsky_portrait-9.jpg,portrait,1,konstantin-makovsky,train,c3ac39ac3feb25da0ac89b7677204dbd65e8ce6f2dcc9775087320731852f5fc,994c26b339dc8ce5
data/private/portraitnet/portraits/konstantin-makovsky_portrait-of-artist-k-bornikov.jpg,portrait,1,konstantin-makovsky,train,aa40d1667c0ff5ee9f11ebde93bff1423aee9fe87d3dd3562bbc06bbf3dd986d,fac9a727908c9539
data/private/portraitnet/portraits/konstantin-makovsky_portrait-of-artist-s-daughter-olya.jpg,portrait,1,konstantin-makovsky,train,46c651ec3fcebb0e0fd05a6c222c69181b3aedca85d42fd4c41e94e221e4200a,8d67b030db933cc9
data/private/portraitnet/portraits/konstantin-makovsky_portrait-of-cyril-vladimirovich-grand-duke-of-russia.jpg,portrait,1,konstantin-makovsky,train,ef18f20d85478f72abcebaf9ae0992a6d8fd167bbc2d99b220dec3744e75dd74,b2738cccdec418d9
data/private/portraitnet/portraits/konstantin-makovsky_portrait-of-e-gilechenko.jpg,portrait,1,konstantin-makovsky,train,cf42a42046825185f31d2d27af816c6d16621ddb9138e90fee135a3cdb106a23,8d8c62638c8edbd9
data/private/portraitnet/portraits/konstantin-makovsky_portrait-of-e-makovsky-artist-s-father.jpg,portrait,1,konstantin-makovsky,train,5cb1e7779d0707038d111fd7f7dc9cb3fcb8c9f77f5958423189841ebc7c55a9,cd1872e53662d83d
data/private/portraitnet/portraits/konstantin-makovsky_portrait-of-grand-princess-maria-nikolayevna.jpg,portrait,1,konstantin-makovsky,train,ef85bfe3554b127ab93e0ad91dc75345a22ac365605bec24002719c3f8560bf3,c31877e5c04ab7c6
data/private/portraitnet/portraits/konstantin-makovsky_portrait-of-hudenkova.jpg,portrait,1,konstantin-makovsky,train,9247f31cb0fd09e0d4d1edbab287c3363154a1c026e8de1d4b74264b1eb4dc62,efcfa031c58c9239
data/private/portraitnet/portraits/konstantin-makovsky_portrait-of-margarita-savina.jpg,portrait,1,konstantin-makovsky,train,957edaf09cd4327b5474470121e93ed2e67a486e6f391e641157442249d0b71b,fb8da4fad120946c
data/private/portraitnet/portraits/konstantin-makovsky_portrait-of-ossip-petrov-1870.jpg,portrait,1,konstantin-makovsky,train,68ccddddc2e477d104655355240402d77023d177846de842d121d382826f7805,cc9d33706467c6cc
data/private/portraitnet/portraits/konstantin-makovsky_portrait-of-princess-e-sheremetiyeva.jpg,portrait,1,konstantin-makovsky,train,7126703a49943ba252651b4aed72899b23c554572f9deb4dbbb15c754f5979f0,be69a3b3c194e4c8
data/private/portraitnet/portraits/konstantin-makovsky_portrait-of-the-composer-aleksandr-sergeyvich-dargomyzhsky.jpg,portrait,1,konstantin-makovsky,train,6428dbdd436131e017329b2f67cf845fc1cc334aebefa2490baab8dcdcf73a10,9dd86267257642a7
data/private/portraitnet/portraits/konstantin-makovsky_portrait-of-the-composer-cesar-a-kyui.jpg,portrait,1,konstantin-makovsky,train,737812231452ba5b0db2bf8ffd2bedc7589ced078e5df170c7f3dd13b4e72cc8,ee8cb933b18d90cc
data/private/portraitnet/portraits/konstantin-makovsky_portrait-of-the-girl-in-a-russian-dress-1.jpg,portrait,1,konstantin-makovsky,train,aeda4d9d28ad2b11c196ed4fe1feb1d83c50b6608d7fefc7bf0dac889e80734e,d00bbf562cb97321
data/private/portraitnet/portraits/konstantin-makovsky_portrait-of-the-girl-in-a-ukrainian-dress.jpg,portrait,1,konstantin-makovsky,train,a1cb051566224ddcf854b587e9916243afe11f496019607f45f26cbdf5a8dc9a,d03be4621df219c7
data/private/portraitnet/portraits/konstantin-makovsky_portrait-of-the-lady.jpg,portrait,1,konstantin-makovsky,train,28971c1975685e5cd6f2f22091f96b5c9dd07832eea76348354cbc9e98797d22,b995e74bc44ec119
data/private/portraitnet/portraits/konstantin-makovsky_portrait-of-the-woman-with-coral-beads.jpg,portrait,1,konstantin-makovsky,train,f5dc3498235d8afeb1b79c018b9206d12a5aafa77b02e4c8067d19cfec772385,bf68e4b5d08d90c6
data/private/portraitnet/portraits/konstantin-makovsky_portrait-of-the-young-lady-with-pink-bow.jpg,portrait,1,konstantin-makovsky,train,07d0fd1ea3a1d5c42268045945bbf024d3a9fb3aaf842df8ab1c80469a16e1d6,cc31f3c3cecc0c9c
data/private/portraitnet/portraits/konstantin-makovsky_portrait-of-tradeswoman-e-rastorgueva.jpg,portrait,1,konstantin-makovsky,train,7c6c3f59288906d32f30e0ca27a3eedf1ccee3b785c1c3bc5e4139785a4d2ed0,8d187287f7589927
data/private/portraitnet/portraits/lorenzo-lotto_portrait-of-a-gentleman-in-his-study.jpg,portrait,1,lorenzo-lotto,train,93856521a0911fc70b8013eaf504266c9a10fb8cdc90c14bd10a7ff21c0e8ec0,be6c699652314da6
data/private/portraitnet/portraits/lorenzo-lotto_portrait-of-a-gentleman-with-a-rosary.jpg,portrait,1,lorenzo-lotto,train,46c1821d0943448d36ec782e30644f2bbe580f8977d8fdacd632f430bac37b9b,8c297176c739ac96
data/private/portraitnet/portraits/lorenzo-lotto_portrait-of-a-gentleman-with-gloves.jpg,portrait,1,lorenzo-lotto,train,6b8802fdb590a4fd8c83b5b8043e01962e5f80ce9ec794613d3efaea033148ec,dc85700f33338cf3
data/private/portraitnet/portraits/lorenzo-lotto_portrait-of-a-gentleman-with-lion-paw.jpg,portrait,1,lorenzo-lotto,train,9d0c4c47c6409a042c690c92924524775c3f8d8631a6c5a6776dd9a2f01f563f,ccd973730c2c3633
data/private/portraitnet/portraits/lorenzo-lotto_portrait-of-a-gentleman.jpg,portrait,1,lorenzo-lotto,train,468e6f69cc3701f0382342680b55468038a44c72341e727d35ad66b46c7ea7c5,fcf0f4d0076f1e02
data/private/portraitnet/portraits/lorenzo-lotto_portrait-of-a-jeweler-possibly-giovanni-pietro-crivelli.jpg,portrait,1,lorenzo-lotto,train,f8361980fab7ee709fa2b41aad7038de5e281cc4b65f58c8ca7cd3e4a15367ac,fda4813b7b50868e
data/private/portraitnet/portraits/lorenzo-lotto_portrait-of-a-man-1.jpg,portrait,1,lorenzo-lotto,train,e49905b015b90a9650f36acf795a4150ebe8a230067565aef4c130336cb78065,cece3571b1117386
data/private/portraitnet/portraits/lorenzo-lotto_portrait-of-a-man-2.jpg,portrait,1,lorenzo-lotto,train,8e8557989279795bc5da6cd2804726df6cbf85a36071dd66021bcb5cc9769464,ba89b22672668fcc
data/private/portraitnet/portraits/lorenzo-lotto_portrait-of-a-man-in-black-silk-cloak.jpg,portrait,1,lorenzo-lotto,train,707bf1f12717b17fcb705641a033f88346c128dfc2b0a9eed8ce29de90c0287d,d8c9d6967ab2c0d2
data/private/portraitnet/portraits/lorenzo-lotto_portrait-of-a-man-with-a-felt-hat-1541.jpg,portrait,1,lorenzo-lotto,train,652c74e8cb8fd6031fdafb36d3b5e1865819af46316f72372f5b9b8071566cac,ecd9802677d2338d
data/private/portraitnet/portraits/lorenzo-lotto_portrait-of-a-man.jpg,portrait,1,lorenzo-lotto,train,b2bfa2bc793d4bbb3b4750adebac594dd2f5dc40dd5a6df720f66ac569bbaa68,fc954ba2c7ce9409
data/private/portraitnet/portraits/lorenzo-lotto_portrait-of-a-musician-1529.jpg,portrait,1,lorenzo-lotto,train,8600a0084de81b9375066332bc91ff280f74eb552d5132c4a3e6085c4f70f99e,d80c573337e016dd
data/private/portraitnet/portraits/lorenzo-lotto_portrait-of-a-woman.jpg,portrait,1,lorenzo-lotto,train,819f25e89a1e464a2323c54e37f7cdcc81ba3f393810e6dd63ce1944d9cfc466,cc0f31f0273cbae1
data/private/portraitnet/portraits/lorenzo-lotto_portrait-of-a-young-man-1505.jpg,portrait,1,lorenzo-lotto,train,90f83392ac4d2871039d3741b389f6231c976713ec8e28bd675c21b19f8b70c4,8e23318c67ccdd9a
data/private/portraitnet/portraits/lorenzo-lotto_portrait-of-a-young-man-in-red-garment.jpg,portrait,1,lorenzo-lotto,train,0d77fb13649b8a61113ff189ff6159c6ff621e74dff08b8b0b74967932ef6082,cc4e61313b939bcc
data/private/portraitnet/portraits/lorenzo-lotto_portrait-of-a-young-man-with-a-book-1527.jpg,portrait,1,lorenzo-lotto,train,72a13479ce6d3e61c6359e8bcab086751ba0b6b1058638bf7e41acffd433d6f1,8ccfe031b07acaa7
data/private/portraitnet/portraits/lorenzo-lotto_portrait-of-a-young-man.jpg,portrait,1,lorenzo-lotto,train,0e4d674a973c584568e6d602f64fa3e1610efed68eb65af07283ee02f919415d,f0b00317b7c3c9dc
data/private/portraitnet/portraits/lorenzo-lotto_portrait-of-bishop-bernardo-de-rossi-1505.jpg,portrait,1,lorenzo-lotto,train,1b5a1d9e32ca404f2d83803207c682cb62ad48540c2323522819af3bd6d1bb60,8d0afd823a6185df
data/private/portraitnet/portraits/lorenzo-lotto_portrait-of-crossbowman.jpg,portrait,1,lorenzo-lotto,train,8ac415500c3bd3f954f66c026211efb6f2a2221e73e391ca7be2797d59fe8dd3,bddbd0e46226265a
data/private/portraitnet/portraits/lorenzo-lotto_portrait-of-febo-da-brescia-1544.jpg,portrait,1,lorenzo-lotto,train,08791f0a7d855b034fd81d83fc3b8ea6fe92d5d5544300cf6364687366df77e0,868f4c7c25b37313
data/private/portraitnet/portraits/lorenzo-lotto_portrait-of-fra-gregorio-belo-di-vicenza-1548.jpg,portrait,1,lorenzo-lotto,train,0f092e11b34b84d6978df6f5c08a3fefec6eb679a9deb6b6b197935fd9a52b51,9591d9bdc46a6266
data/private/portraitnet/portraits/lucas-cranach-the-elder_katharina-luther-1526.jpg,portrait,1,lucas-cranach-the-elder,val,99e6f395c0673e599aec9d97b97f7855d0b922b58b4304ddf550c782b6803f66,cc8c3336e219f34b
data/private/portraitnet/portraits/lucas-cranach-the-elder_katharina-luther-1528.jpg,portrait,1,lucas-cranach-the-elder,val,203bbd7b05f0c688b16db02b89f75ef56cb2acc7540ab7f32ef81cdbb2f202b8,ce9b316c39336631
data/private/portraitnet/portraits/lucas-cranach-the-elder_katharina-luther-1529.jpg,portrait,1,lucas-cranach-the-elder,val,61d5787b1e946655bb5cb9ff26b9f2b2289a2d5bd58e0b6712aebf74e96a8109,cea12cb7b2b431d2
data/private/portraitnet/portraits/lucas-cranach-the-elder_katharina-von-bora-1528.jpg,portrait,1,lucas-cranach-the-elder,val,cfc428b83ba4d509c69d7e09107266573dde53dd6acf20057f434b94ee09ac3b,ce99316c6c33726c
data/private/portraitnet/portraits/lucas-cranach-the-elder_katharina-von-bora-future-wife-of-martin-luther-1526.jpg,portrait,1,lucas-cranach-the-elder,val,40f38fb46f9cd8c7c9ddbddaa4651a0161c6e5f90ba2f8889dbe46fbb2174f19,cc99332c7533d6c2
data/private/portraitnet/portraits/lucas-cranach-the-elder_katharina-von-bora.jpg,portrait,1,lucas-cranach-the-elder,val,aa9ad280e161095cb9e9832e6e490d62374d195a4201aafe3e1e066eb5cc5246,ee33b03991c687cc
data/private/portraitnet/portraits/lucas-cranach-the-elder_portrait-of-a-man-1514.jpg,portrait,1,lucas-cranach-the-elder,val,b850a1681071bd5ca27c0872c620ae975ceec1c976d453c13c24768459be50c9,bd3f686861c19595
data/private/portraitnet/portraits/lucas-cranach-the-elder_portrait-of-a-saxon-noblewoman-1534.jpg,portrait,1,lucas-cranach-the-elder,val,d2bea772d0777f03287d4f4230cf02d8ab2a9c186400a937c36def5ca18b629c,c9b8274e57243735
data/private/portraitnet/portraits/lucas-cranach-the-elder_portrait-of-a-saxon-noblewoman-as-mary-magdalene-1525.jpg,portrait,1,lucas-cranach-the-elder,val,4d66f2302de417adecae015a89029e50f3e228f324da38e818f1b99de371b6d2,a1a1e26a7f5e3c28
data/private/portraitnet/portraits/lucas-cranach-the-elder_portrait-of-a-saxon-prince-1.jpg,portrait,1,lucas-cranach-the-elder,val,40939d2fbff20c5a7aef6c29b9b7427c85eac12e7534151fe343acaed4313058,994c733426d3a6cd
data/private/portraitnet/portraits/lucas-cranach-the-elder_portrait-of-a-saxon-prince.jpg,portrait,1,lucas-cranach-the-elder,val,e5ecd66634e1a39da6eaaf718646f0fa1a94af68d12238061a23167fc26556b5,b93cc2c6cb999964
data/private/portraitnet/portraits/lucas-cranach-the-elder_portrait-of-a-young-man-in-hat-1521.jpg,portrait,1,lucas-cranach-the-elder,val,785c295f6156fd5b4a4bb9ced058dd5abab1acbe0b1d3ba0c61fd58c0a484065,995986626bc666cb
data/private/portraitnet/portraits/lucas-cranach-the-elder_portrait-of-a-young-nobleman-1539.jpg,portrait,1,lucas-cranach-the-elder,val,0e57302982ab63ac195bdefda5181e1913c58a002013178f95890cc40ded690d,99ecf6732c2466c1
data/private/portraitnet/portraits/lucas-cranach-the-elder_portrait-of-a-young-woman-1530.jpg,portrait,1,lucas-cranach-the-elder,val,64ae4e286aa7d6bc5163fe9ef8fb8640d3ab5a7af182ed0e470d13320f1b77ba,c8c061369f394f9e
data/private/portraitnet/portraits/lucas-cranach-the-elder_portrait-of-a-young-woman-holding-grapes-and-apples-1528.jpg,portrait,1,lucas-cranach-the-elder,val,0152685efc195f653bfb88549f67fd4097d193e2ce2a6e5b186c0870591c0631,8d8c620343731ff7
data/private/portraitnet/portraits/lucas-cranach-the-elder_portrait-of-a-young-woman.jpg,portrait,1,lucas-cranach-the-elder,val,79861c69eeb926866dc7b6ed882eb786a2dfdabcf4bbfb323361d069b17baf57,8c99676633367171
data/private/portraitnet/portraits/lucas-cranach-the-elder_portrait-of-cardinal-albrecht-of-brandenburg-1526.jpg,portrait,1,lucas-cranach-the-elder,val,6090e4b4a254e75b46417e8bd31ebbdfc6017b037325f52b87b87f5ee94f9b27,994b39e2b446ac79
data/private/portraitnet/portraits/lucas-cranach-the-elder_portrait-of-charles-v-1533.jpg,portrait,1,lucas-cranach-the-elder,val,0cd4f9226923f51d6db4e551d5b0ba49123f1909d2fccf388dfe236a084dfc4f,e9e91636d89a9499
data/private/portraitnet/portraits/lucas-cranach-the-elder_portrait-of-duchess-katharina-von-mecklenburg-1514.jpg,portrait,1,lucas-cranach-the-elder,val,114ad4a38792b04fb2bfcc2ce10cb039fbc8ce8621298a7112316b2c35f8dff1,c60f6c4d3fc13c92
data/private/portraitnet/portraits/lucas-cranach-the-elder_portrait-of-duke-johann-der-bestandige-of-saxony-1509.jpg,portrait,1,lucas-cranach-the-elder,val,0cac3b241157c605e9f480de993472e68ccf5a291a7f5dd5d79b6c2a0f99ff96,b1eb244eb5909ab9
data/private/portraitnet/portraits/lucas-cranach-the-elder_portrait-of-elector-frederick-the-wise-in-his-old-age-1525.jpg,portrait,1,lucas-cranach-the-elder,val,9440195896b522dec8af33591c4932f802899c8ce3a6cb46dca33511cd9c7da0,8ced32608bcfc768
data/private/portraitnet/portraits/lucas-cranach-the-elder_portrait-of-joachim-ii-1520.jpg,portrait,1,lucas-cranach-the-elder,val,1cb7d2fa2547c5a66d2b411bfb7ee157286c47bdad739168ea80acce3ab312da,959997acf1960764
data/private/portraitnet/portraits/lucas-cranach-the-elder_portrait-of-johann-friederich-i-the-magnanimous-elector-of-saxony-1509.jpg,portrait,1,lucas-cranach-the-elder,val,570333c41025c3d092e5f6df2997b834b2facf58423627020881ffe0622dc8a9,dcdcf43187248fc4
data/private/portraitnet/portraits/lucas-cranach-the-elder_portrait-of-johann-friedrich-elector-of-saxony-1531.jpg,portrait,1,lucas-cranach-the-elder,val,9d14827fc2dddea79dbefda19df7535e70f3de2f615cb7b85d0bf23f3f4e08cd,afed24531337b0d0
data/private/portraitnet/portraits/lucas-cranach-the-elder_portrait-of-johann-i-the-steadfast-elector-of-saxony.jpg,portrait,1,lucas-cranach-the-elder,val,493bcc624ec392acf6a3cfceb44e0344ac24157586d9de25419404e2ae7e9c19,faeaa3271c5c2525
data/private/portraitnet/portraits/lucas-cranach-the-elder_portrait-of-katharina-von-bora-1.jpg,portrait,1,lucas-cranach-the-elder,val,21674fa24efc318b21d6bdb160802e7b11b15ba3453ea7f14ed2624f4a782324,cfb9346639337019
data/private/portraitnet/portraits/lucas-cranach-the-elder_portrait-of-martin-luther-1543-1.jpg,portrait,1,lucas-cranach-the-elder,val,fff44baaf29d62a25851ce4fe67d0b4f2d4c5dc0fd958e073134a0b554a6fb5f,bcfcd26123a5d289
data/private/portraitnet/portraits/lucas-cranach-the-elder_portrait-of-martin-luther-1543.jpg,portrait,1,lucas-cranach-the-elder,val,4cfc509777522f139f0d3ec2e763f097bb8f8ec2d7d1377ff1bdfe472bfe5e69,bcfcd24327c9d089
data/private/portraitnet/portraits/lucas-cranach-the-elder_portrait-of-martin-luther-as-an-augustinian-monk.jpg,portrait,1,lucas-cranach-the-elder,val,f3fd62bc1060b019257f7d2250a883a153101008cef3cfc084b7ab0b36a461b2,b8f4f062278fc2e1
data/private/portraitnet/portraits/lucas-cranach-the-elder_portrait-of-philipp-melanchthon-1543.jpg,portrait,1,lucas-cranach-the-elder,val,f718279be62e5097c0d400b87b624120efc8a1e5705d02246781fc166314df67,e9ac073ac3879ec8
data/private/portraitnet/portraits/lucas-cranach-the-elder_portrait-of-rudolph-agricola.jpg,portrait,1,lucas-cranach-the-elder,val,65ff32c8883c5ffff5eb0ec0d0f8b30a3c9535141366848795a90aabe1a0bfcd,befb6020c5c9b591
data/private/portraitnet/portraits/lucian-freud_portrait-of-ib-1990.jpg,portrait,1,lucian-freud,val,b272068acc44b83067aaf1c97d8d1108239369b8707fd5ff1e7c7d425e67e0f1,ffe820a1b4958787
data/private/portraitnet/portraits/lucian-freud_reflection-self-portrait-1985.jpg,portrait,1,lucian-freud,val,8b5a0e74867d7f907744c8dc393da6195d957dabb35df5a1cba639e8b3c467cc,b04bb465f32447da
data/private/portraitnet/portraits/lucian-freud_robert-fellowes.jpg,portrait,1,lucian-freud,val,23462121c5bf43bc87a591305bbc21367d1352de8b10969c759588d7dc142d71,96cf4f68256e0c78
data/private/portraitnet/portraits/lucian-freud_sally-clarke.jpg,portrait,1,lucian-freud,val,4d3652a892cb91b2c023997b8e15b8d56f6361cea15e06ec9abcd27e4d79c49c,e96ba4c78c949c99
data/private/portraitnet/portraits/lucian-freud_sleeping-head-1962.jpg,portrait,1,lucian-freud,val,a76ffd256fcf4b7e8bb90c067d340119a09bf313707fd0f09b1ca705e3003e28,9c6a70d3856ec695
data/private/portraitnet/portraits/lucian-freud_small-portait.jpg,portrait,1,lucian-freud,val,fc05bdcfee96984846e01e7b53b19610c51b87d47380a2de442268450f14542a,fee081c5979c9ad0
data/private/portraitnet/portraits/lucian-freud_stephen-spender.jpg,portrait,1,lucian-freud,val,45034f0ba54d44015e541884e23220bbd8de614973cd6819c5b45f6a4f89c075,9aba634d6b244d33
data/private/portraitnet/portraits/lucian-freud_susie-1988.jpg,portrait,1,lucian-freud,val,35462ef84884b919ca1c3bdb474803f65505dd14d5b4843d561f86b40e458fec,abf82535f6818fc0
data/private/portraitnet/portraits/lucian-freud_the-painter-s-brother-stephen-1986.jpg,portrait,1,lucian-freud,val,3d2e65387ee38706638e2b7fa940d08f3a66a7a22e1da415b6084995357f5b85,8a1d3423f689deb8
data/private/portraitnet/portraits/lucian-freud_the-painter-s-mother-1.jpg,portrait,1,lucian-freud,val,4503ed0ade7822686943238d53e57bbc6583ba5f08256aced2289bb792933ec6,9ee569166118a7d9
data/private/portraitnet/portraits/lucian-freud_the-painter-s-mother-ii-1972.jpg,portrait,1,lucian-freud,val,26838bf37cf1dc3d5fd7639c4fb2597185563d30e154ed24ad8cfcbe47054496,cae56d1e699ca390
data/private/portraitnet/portraits/lucian-freud_woman-in-a-white-shirt-1957.jpg,portrait,1,lucian-freud,val,3bff80b3a6cdf83f8e708a8a99ac34c2a95b22735e17c1be05a61e164619d6f4,8a3ef5652264eb92
data/private/portraitnet/portraits/lucian-freud_woman-smiling-1959.jpg,portrait,1,lucian-freud,val,fcfd786e7f58be2afd3abec8391bb9e2725c85f62176e917a8c1a9ba90fc0823,ba25e5f0869e89d8
data/private/portraitnet/portraits/lucian-freud_woman-with-eyes-closed.jpg,portrait,1,lucian-freud,val,a370528c0cdc68ffdec5ac7c77e6ace85a23176d1b8bd3757df612cd7285dc24,dce8606a2763e966
data/private/portraitnet/portraits/marevna-(marie-vorobieff)_not-identified.jpg,portrait,1,marevna-(marie-vorobieff),train,341244711bc72219c7f10ed48b796365956e81fa323f0d5026457f1cff6dd2e0,c14b5bb436cc194f
data/private/portraitnet/portraits/marevna-(marie-vorobieff)_peasant-farmer-with-his-goat-1953.jpg,portrait,1,marevna-(marie-vorobieff),train,4257b0e7fd0e31fb47163064277a0d1bbdfa948bdf176fb1096abb2c5fd6e46d,eee592ca2cb0c396
data/private/portraitnet/portraits/marevna-(marie-vorobieff)_peasant-woman-with-chicken-1948.jpg,portrait,1,marevna-(marie-vorobieff),train,1cd9e356b79c1a5344afa742f212b4d60886d13f0a8983160eb261d371d1b5d3,bae6479ed0236589
data/private/portraitnet/portraits/marevna-(marie-vorobieff)_portrait-of-a-young-david-1955.jpg,portrait,1,marevna-(marie-vorobieff),train,49406cfb61d9e2f3b740d6a13ed1395889267dcc38e1a62ee06b11be64e095b0,c1a566f266969cc6
data/private/portraitnet/portraits/marevna-(marie-vorobieff)_portrait-of-amedeo-modigliani-1955.jpg,portrait,1,marevna-(marie-vorobieff),train,37ab6bc16a7c1c9e1e563c07d2715ecba4a3a8599b14b277d6075892d4a82039,a93f38d046c34b9b
data/private/portraitnet/portraits/marevna-(marie-vorobieff)_portrait-of-diego-rivera-1960.jpg,portrait,1,marevna-(marie-vorobieff),train,e7c1c641f3ea08c756bb0765adbcd4b7a4c186b167b83af1fd6fd8f2e2e23e21,bfaf50e4e0078bc2
data/private/portraitnet/portraits/marevna-(marie-vorobieff)_portrait-of-henri-matisse-1956.jpg,portrait,1,marevna-(marie-vorobieff),train,8dfb3ec44bce5e42c2323acfe89ae94270f039dd5614054fda9712b5ebcfb0ec,85a7189e367a3173
data/private/portraitnet/portraits/marevna-(marie-vorobieff)_portrait-of-ilya-ehrenburg-1956.jpg,portrait,1,marevna-(marie-vorobieff),train,6f172193a31f94e0eb667e8f2b74611ffa0b0b33e695f265bf6bde7224401d46,951327666acf7864
data/private/portraitnet/portraits/marevna-(marie-vorobieff)_portrait-of-marc-chagall-1956.jpg,portrait,1,marevna-(marie-vorobieff),train,e52ee92113c73154d5231082a72a8af08e74a4ded6548638209d235d95298e07,a51f707095f3c18e
data/private/portraitnet/portraits/marevna-(marie-vorobieff)_portrait-of-ossip-zadkine.jpg,portrait,1,marevna-(marie-vorobieff),train,3171f35455df15dec0fc477afcb36cd7f3eb372a779a7438fef0c623cf474b77,fa6c258192d257cb
data/private/portraitnet/portraits/marevna-(marie-vorobieff)_portrait-of-pablo-picasso-1956.jpg,portrait,1,marevna-(marie-vorobieff),train,3178e8378db765c8a4c7439e0884b95d72821913d85fb1f5f04943f5dbef7085,bdc4421f391679c3
data/private/portraitnet/portraits/marevna-(marie-vorobieff)_portrait-of-sergei-diaghilev-1956.jpg,portrait,1,marevna-(marie-vorobieff),train,3250b9f1d51c510bf5a3c0964714506fec35aa4d4b02626cf8cde965db402b28,d0d42df8a71ec316
data/private/portraitnet/portraits/marevna-(marie-vorobieff)_portrait-of-soutine.jpg,portrait,1,marevna-(marie-vorobieff),train,5d540ab2644358edb9a3ea82822ac59a8ad97b37b12125890451b4867ef599ad,9ddc60f0c21f4cc7
data/private/portraitnet/portraits/marevna-(marie-vorobieff)_self-portrait.jpg,portrait,1,marevna-(marie-vorobieff),train,c948872b6a0dc0a997e8bc985424228ba0dee40e65bf28eea1dc22b6ff9e0591,9b6621d027b3469f
data/private/portraitnet/portraits/martial-raysse_made-in-japan-la-grande-odalisque-1964.jpg,portrait,1,martial-raysse,test,ed42ec703ebacd8b14b442852dcfb4352b0a68da6910d51d24cd5a7dba2be4ff,8a0b7d742cf1603f
data/private/portraitnet/portraits/martial-raysse_nissa-bella-1964.jpg,portrait,1,martial-raysse,test,1e8eb8a2d6086aa4bae7dbca4cbaec8eca8e081ef819be719cb71c1daa0d516f,ca71a7c695889e39
data/private/portraitnet/portraits/martial-raysse_painting-in-the-french-style-ii-1966.jpg,portrait,1,martial-raysse,test,2a611537b2f1e81b8bf5f90cdae5bbef2cdfaac9f1a38113bc4062709639cec9,c4494f251e653ea7
data/private/portraitnet/portraits/martial-raysse_portrait-de-mme-raysse-1963.jpg,portrait,1,martial-raysse,test,f0f0509b5a2cb0a06b5e8295e13d1e472858613a726c3fb7c580ccd542954ab6,ebf007e6c68e9c90
data/private/portraitnet/portraits/martial-raysse_seventeen-titre-journalistique-1962.jpg,portrait,1,martial-raysse,test,15bd118439d4e5c69a704af9fb26901a8251d6237f23e7fdcb0de11083dc98b8,c062bd156e1e4bcd
data/private/portraitnet/portraits/mary-cassatt_head-of-a-young-girl-1876.jpg,portrait,1,mary-cassatt,train,dd77aa67e42f2cd957ccaeed1e531e21434b1a5953f60583c1ecc6f1c3496089,996863b7666895c3
data/private/portraitnet/portraits/mary-cassatt_head-of-a-young-woman-1873.jpg,portrait,1,mary-cassatt,train,c3a68558b7e1e87712336f6ecfeaa96f30d91d35a1ea6111fb7e6d1f427f46ba,a634d1ca9d996d64
data/private/portraitnet/portraits/mary-cassatt_head-of-francoise-looking-down-no-4.jpg,portrait,1,mary-cassatt,train,6bbe5239663c673253223a5fc17d10232e236dda85acc3ea752213d0f9a1610a,e4649393cdcd998c
data/private/portraitnet/portraits/mary-cassatt_head-of-julie-looking-down.jpg,portrait,1,mary-cassatt,train,b54f18b776eefcf2bb7ac3e5497359944713bc1eea879f144f0b4eb9a7a76677,ae6d339093c2ca6e
data/private/portraitnet/portraits/mary-cassatt_sara-holding-a-cat.jpg,portrait,1,mary-cassatt,train,0f3affc1d4fe1e353cc5178356c0335274fa900ef928cc03526dc0d6b5146482,884f6bb0b503fec8
data/private/portraitnet/portraits/mary-cassatt_sara-in-a-bonnet.jpg,portrait,1,mary-cassatt,train,544ab6dfc79e42fad528884d799ce000b0f252fbae03b9e5317e97df0a222f0c,b8a7b278a491cf89
data/private/portraitnet/portraits/mary-cassatt_sara-in-a-large-flowered-hat-looking-right-holding-her-dog.jpg,portrait,1,mary-cassatt,train,98b2e31469f9532e39da5b285ef466bb8cdc4018ff82f8cd7e56ee749031f95a,d23b359d586861d3
data/private/portraitnet/portraits/mary-cassatt_sara-in-dark-bonnet-with-right-hand-on-arm-of-chair.jpg,portrait,1,mary-cassatt,train,32fc8b540d6b957d6bec9de9fb0afd6afad8ea3b763af0e5b53459dbd781a7a5,dad8a4d242a72ced
data/private/portraitnet/portraits/mary-cassatt_sara-looking-towards-the-right.jpg,portrait,1,mary-cassatt,train,2596a66a23cd5551155dbcbe07759a7e4f36f02aee1f06388a212c93b3a4b9de,8c29ebb4163ac99d
data/private/portraitnet/portraits/mary-cassatt_sara-with-her-dog-1901.jpg,portrait,1,mary-cassatt,train,73a7345809ac907cbbc4064f7d0f51c21441a046ec86b33751f33e85d9ed326a,8d32f2b1786dc398
data/private/portraitnet/portraits/mary-cassatt_sara-with-her-dog.jpg,portrait,1,mary-cassatt,train,86ff938574f769e010d3055dafc64fa61955563e696a6d196173c78d13d55246,c819b7c22c4db7c6
data/private/portraitnet/portraits/mary-cassatt_sarah-in-a-green-bonnet-1901.jpg,portrait,1,mary-cassatt,train,d76b682386823c6f15b6838c7d66e384f000de6ef44a6908f11b4548c2906d91,d0442bf44e0ffc39
data/private/portraitnet/portraits/mary-cassatt_simone-in-plumed-hat.jpg,portrait,1,mary-cassatt,train,28af8114978ca3885cdb51768a03e8f7f303853ecbd8a1a92b17d50188659fca,83782dc53ad177c8
data/private/portraitnet/portraits/mary-cassatt_simone-in-white-bonnet-seated-with-clasped-hands-no-1.jpg,portrait,1,mary-cassatt,train,eadb92e4265c164fb38e2ca5cbb0f4815040888701171b70e8bb1bedef2d69d3,8f06a4f95a0535bb
data/private/portraitnet/portraits/mary-cassatt_sketch-for-francoise-in-a-round-backed-chair-reading-or-a-girl-in-pink.jpg,portrait,1,mary-cassatt,train,908e4e519d68991d738ca062535d04707926939efdc3e59454ef5266e20e2cf2,bf64971fc83d0cc0
data/private/portraitnet/portraits/mary-cassatt_sketch-of-anne-and-her-nurse.jpg,portrait,1,mary-cassatt,train,6ee42059f0a171b3f16dfd584bec1191dc1ea7112ebef7f0366f6bf3cd4b5494,a20d39e2668fb6b1
data/private/portraitnet/portraits/mary-cassatt_sketch-of-antoinette-no-1-1901.jpg,portrait,1,mary-cassatt,train,91e7f55429086d6807603496680ac9f6a203b9ebb335d0543c85843df38fee48,ac30d0d389cdcfc6
data/private/portraitnet/portraits/mary-cassatt_sketch-of-ellen-my-cassatt-in-a-big-blue-hat.jpg,portrait,1,mary-cassatt,train,b638bebc2dac83e51bd7347d3744505b63f175243e07f4fe9ec65ff15c0d96e9,a5349ad161c7b6c6
data/private/portraitnet/portraits/mary-cassatt_sketch-of-francois.jpg,portrait,1,mary-cassatt,train,8597f6ceace904e800783480c4a10b2b42c7c1df6c9ba10b0c3102f65971fd5b,a936e39b9cc83171
data/private/portraitnet/portraits/mary-cassatt_sketch-of-mother-looking-down-at-thomas-1915.jpg,portrait,1,mary-cassatt,train,2eadb623b1a5d992d3a0654f65489688987f0f3e54ef751b8141a8a2c862716a,ad78c9cf9a94a494
data/private/portraitnet/portraits/maurice-de-vlaminck_man-smoking-a-pipe-1900.jpg,portrait,1,maurice-de-vlaminck,test,0914e01a5dbbec128021d6091508732e8a00674ef85465441f2bbaeafe0bf141,a9a0767e93135969
data/private/portraitnet/portraits/maurice-de-vlaminck_portrait-of-a-woman.jpg,portrait,1,maurice-de-vlaminck,test,d12b317af96591a73905f08858abeadf96841eefac9dabf2d8fd3b9b2a0960ee,850878cf0ff8497d
data/private/portraitnet/portraits/maurice-de-vlaminck_portrait-of-derain-1905.jpg,portrait,1,maurice-de-vlaminck,test,6c423b9d40c050c5f2063e1f5a59ba7c5aa8ab6764f47312675136c999f5cb72,eb791c3629f01f60
data/private/portraitnet/portraits/maurice-quentin-de-la-tour_preparation-tothe-portrait-of-marie-catherine-dufloquet-reals-wife-of-rene-masse-nicolas.jpg,portrait,1,maurice-quentin-de-la-tour,train,0adca15df76778df70d3d4c3dc96f63c69e064edb4157c489211a4286c45355c,cf913466f3c89625
data/private/portraitnet/portraits/maurice-quentin-de-la-tour_prince-charles-edward-stewart.jpg,portrait,1,maurice-quentin-de-la-tour,train,a24dc807e55cfcf26c68e2e762b09c38a601b2e37c968fefe5411c1ced55b5e5,c98a15366937668f
data/private/portraitnet/portraits/maurice-quentin-de-la-tour_prince-xavier-of-saxony.jpg,portrait,1,maurice-quentin-de-la-tour,train,efd90d45dd2e43f2a362b44348c260e462ea3cea065a80820cf196cd6978bb48,8c8f3073656526f6
data/private/portraitnet/portraits/maurice-quentin-de-la-tour_princess-christina-of-saxony.jpg,portrait,1,maurice-quentin-de-la-tour,train,92baee3865ca6db036b5c78b19c93b15522ad411b48a120b61681715effa3556,cad23c0e35697acc
data/private/portraitnet/portraits/maurice-quentin-de-la-tour_self-portrait-1.jpg,portrait,1,maurice-quentin-de-la-tour,train,022e5a9fb2404b5ee33a6b9c8cdafd461e80d8ccba1f57550686eedec914174a,945beb27640af345
data/private/portraitnet/portraits/maurice-quentin-de-la-tour_self-portrait-2.jpg,portrait,1,maurice-quentin-de-la-tour,train,45d08d96d61136f91e20dcd100397dde38b3943533b7bc09134dad33df86433d,8f48302573dfe19c
data/private/portraitnet/portraits/maurice-quentin-de-la-tour_self-portrait-3.jpg,portrait,1,maurice-quentin-de-la-tour,train,29f53085928ff42c8e73004123b82824273d75ea895134d116fb84aa06d137c4,8c2e7e835b3931c9
data/private/portraitnet/portraits/maurice-quentin-de-la-tour_self-portrait-4.jpg,portrait,1,maurice-quentin-de-la-tour,train,955c0a675175778bd420cbb013f9edee18c811213a35062af091a1a752f422b8,de5a29bccc5b5224
data/private/portraitnet/portraits/maurice-quentin-de-la-tour_self-portrait-with-frill.jpg,portrait,1,maurice-quentin-de-la-tour,train,cca35debed8d718ff50c1889ea685f2626f77e1f571cca2821fa6cd9684a8443,d0cf6136323c33b9
data/private/portraitnet/portraits/maurice-quentin-de-la-tour_self-portrait-with-lace-jabot.jpg,portrait,1,maurice-quentin-de-la-tour,train,825f5268475d53fb7e5b601b2df863ddc98fd3401668ac5edf0ac4846e4fd2ff,9fda21653e345266
data/private/portraitnet/portraits/maurice-quentin-de-la-tour_self-portrait-with-the-bull-s-eye-1737.jpg,portrait,1,maurice-quentin-de-la-tour,train,4529cbcfcbcb84d391ee543bd6cdd374abeccf4485e79c93beb03387a68ac0ee,9dd84e26275ac6a3
data/private/portraitnet/portraits/maurice-quentin-de-la-tour_self-portrait.jpg,portrait,1,maurice-quentin-de-la-tour,train,5727eb7b0a111328fb26c71160aa495055e7279f5cede2b61fe2cd6f503be643,d919e67423649679
data/private/portraitnet/portraits/maurice-quentin-de-la-tour_studies-of-men-s-hands.jpg,portrait,1,maurice-quentin-de-la-tour,train,37ae68caeafdf8daf2e9557094e47ba47ac03b0dceb2c0b48306ee19e6c8d64c,ec524d9bad933131
data/private/portraitnet/portraits/maurice-quentin-de-la-tour_study-for-portrait-of-mademoiselle-dangeville-1.jpg,portrait,1,maurice-quentin-de-la-tour,train,b927aec4e8c296f40ca6c2c92edf5a18c75f1a80dafe24e4f3c39a3f2bc5f7a6,cb13343db760bac8
data/private/portraitnet/portraits/maurice-quentin-de-la-tour_study-for-portrait-of-mademoiselle-dangeville-2.jpg,portrait,1,maurice-quentin-de-la-tour,train,4e57faff75af3321796fbddafb8cf7cff5358b7de979c0f4cccc483451d4990b,cf4bbe3f6830c0d0
data/private/portraitnet/portraits/maurice-quentin-de-la-tour_study-for-portrait-of-mademoiselle-dangeville.jpg,portrait,1,maurice-quentin-de-la-tour,train,81f3afc647c38bec0d74e95f0f4349f96a7c0427b97ad11e48cd5b4f6c78d4ec,cdc7363870b3ccc8
data/private/portraitnet/portraits/maurice-quentin-de-la-tour_study-for-portrait-of-unknown-man-1.jpg,portrait,1,maurice-quentin-de-la-tour,train,1654b08b9224e41cc3f9d2b0cb74e400890877dee1c2d8222e49c0236dc3feec,df10fa3f316230e8
data/private/portraitnet/portraits/maurice-quentin-de-la-tour_study-for-portrait-of-unknown-man-2.jpg,portrait,1,maurice-quentin-de-la-tour,train,41fb321c1014c5469bb70c9c90481ba54da6e46372016aca733fa618e100bff9,cd0ef13c30732177
data/private/portraitnet/portraits/maurice-quentin-de-la-tour_study-for-portrait-of-unknown-man-3.jpg,portrait,1,maurice-quentin-de-la-tour,train,0c16ec9193fc19d88ef62a1aee630478812cb6309bb92dfac9c8a5891acbdd85,880bf63e3c703db2
data/private/portraitnet/portraits/maurice-quentin-de-la-tour_study-for-portrait-of-unknown-man-4.jpg,portrait,1,maurice-quentin-de-la-tour,train,7912090371552a68a86ccf71f376f1d4ec79347f464c5662988fafc5b279f6f6,cd93322c1b69ce9c
data/private/portraitnet/portraits/maurice-quentin-de-la-tour_study-for-portrait-of-unknown-man-5.jpg,portrait,1,maurice-quentin-de-la-tour,train,703950b6b548016e242226c475ee765fd275c54e4a2cbd9911a1fa4a30b8898b,9ff4c0e4f0c1da83
data/private/portraitnet/portraits/maurice-quentin-de-la-tour_study-for-portrait-of-unknown-man.jpg,portrait,1,maurice-quentin-de-la-tour,train,36f4dbaa826f228b301bd147a338e4ec04347cb4256d092405986adf92b2b2e8,cb5ab2259dd0661e
data/private/portraitnet/portraits/maurice-quentin-de-la-tour_study-for-portrait-of-unknown-woman-1.jpg,portrait,1,maurice-quentin-de-la-tour,train,4fdf0bb2f53c5c82329a43950e054a2b7b2af87f930500d11c6d25e081f39e78,8a5bf43ea7e18886
data/private/portraitnet/portraits/maurice-quentin-de-la-tour_study-for-portrait-of-unknown-woman-2.jpg,portrait,1,maurice-quentin-de-la-tour,train,e638cbe175c42f381532e7f030d80fa5e9530ae3f8da5348f257637cdb618e9b,c36ab4713b364c99
data/private/portraitnet/portraits/maurice-quentin-de-la-tour_study-for-portrait-of-unknown-woman-3.jpg,portrait,1,maurice-quentin-de-la-tour,train,da959c0851595a8edc05b1ff04552e9a307eeb2e683767ad40a1ae50f37d5e3a,83433e3d693626d9
data/private/portraitnet/portraits/maurice-quentin-de-la-tour_study-for-portrait-of-unknown-woman-4.jpg,portrait,1,maurice-quentin-de-la-tour,train,439e0200e5f0b04acb8268152015c6a268468f0ae987eb46c44902c3285439ab,cdcb34643731c8ce
data/private/portraitnet/portraits/maurice-quentin-de-la-tour_study-for-portrait-of-unknown-woman-5.jpg,portrait,1,maurice-quentin-de-la-tour,train,7ebe5dded9a0da1bee8e3d8acd947283e7cd617be6c75fcd2820676bb6590fa2,cbd22c3f326427c9
data/private/portraitnet/portraits/maurice-quentin-de-la-tour_study-for-portrait-of-unknown-woman-6.jpg,portrait,1,maurice-quentin-de-la-tour,train,d8517032ac5b4ee728074add24531c9de32876f34d322304e2e173e13604a918,ce9b3d2c60714bc6
data/private/portraitnet/portraits/maurice-quentin-de-la-tour_study-for-portrait-of-unknown-woman-7.jpg,portrait,1,maurice-quentin-de-la-tour,train,1046d952311cd5504f7ccaa7573b42c56894996fc3cb52be48987fffb5a1b0b8,ce6bb16434b66319
data/private/portraitnet/portraits/maurice-quentin-de-la-tour_study-for-portrait-of-unknown-woman-8.jpg,portrait,1,maurice-quentin-de-la-tour,train,7d359320179496f3f96afa76e94981dd7b4b899a3ef5d62e4eabf89f3024aa2d,8fdbb82c72617832
data/private/portraitnet/portraits/maurice-quentin-de-la-tour_study-for-portrait-of-unknown-woman.jpg,portrait,1,maurice-quentin-de-la-tour,train,472be970f7e1df2b1eb0c12f62ca58e5b4a94bb6d5e52b66a564c8c7ef106a6f,8fc5383a63e487c3
data/private/portraitnet/portraits/maurice-quentin-de-la-tour_study-of-a-woman-s-face.jpg,portrait,1,maurice-quentin-de-la-tour,train,993565e5380e06085a14b4a75f09bfd75aec244a423c35f1e3f615a4138df055,875b7897c1c91e2c
data/private/portraitnet/portraits/maurice-quentin-de-la-tour_study-of-a-young-man.jpg,portrait,1,maurice-quentin-de-la-tour,train,05b7edb19e65dcd085fbd600a56a25c65b9899588281d27ef1b6d7bccbf9a793,c9753846e3e598e1
data/private/portraitnet/portraits/maurice-quentin-de-la-tour_study-of-the-portrait-1.jpg,portrait,1,maurice-quentin-de-la-tour,train,9f71b4310d0bdb01adb5531764c48b592d0e2274f5f4b5fb37420399e9a3dd79,c996157a336b30cd
data/private/portraitnet/portraits/maurice-quentin-de-la-tour_study-of-the-portrait-2.jpg,portrait,1,maurice-quentin-de-la-tour,train,838e87f9c545c27a1afa965cc8cd38e597a8ae184d4efbf251b78dced0639c73,de9731480b266e3d
data/private/portraitnet/portraits/maurice-quentin-de-la-tour_study-of-the-portrait-3.jpg,portrait,1,maurice-quentin-de-la-tour,train,7325e4c2681542d66dcc416e0445fe94e27eb1c6ac72c97a87c10acf28c4b745,9e9f6168c763988c
data/private/portraitnet/portraits/maurice-quentin-de-la-tour_study-of-the-portrait-4.jpg,portrait,1,maurice-quentin-de-la-tour,train,c2cc9cbf6654e4cd6bd60553dc9d2a58a6d8ddc8a02a55dd599d65e4ddf657a3,cb4a703532673b9c
data/private/portraitnet/portraits/maurice-quentin-de-la-tour_study-of-the-portrait.jpg,portrait,1,maurice-quentin-de-la-tour,train,f1ed1e020ceb1493103b57e45f4a6b42263f0b6ad5dd942af1d7dac221293217,ccc33c2e3378e9b0
data/private/portraitnet/portraits/maurice-quentin-de-la-tour_study-to-a-portrait-of-louis-joseph-xavier-of-france-duke-of-burgundy.jpg,portrait,1,maurice-quentin-de-la-tour,train,2b9d7f748732f9cbd215731135529ce7b2a1824cf14610f874eb237b85102b56,8e32f0e5039d9e3c
data/private/portraitnet/portraits/maurice-quentin-de-la-tour_study-to-portrait-of-unknown-woman.jpg,portrait,1,maurice-quentin-de-la-tour,train,8ca687f483025bc46e3f9015320399593e232c1fd27d1ecb1a92cdd732e61aeb,8edb612ca7e19a86
data/private/portraitnet/portraits/max-liebermann_portrait-of-eugen-gutmann-1907.jpg,portrait,1,max-liebermann,val,aa3838accc2f866c36d57c448cb3766ee0ab53775be142180011889102024513,eb94925518e339b6
data/private/portraitnet/portraits/max-liebermann_portrait-of-miss-hedwig-ruetz-1903.jpg,portrait,1,max-liebermann,val,30c7f7673c1a028f38b8703e1f825dcf1ef5ca41ac3765cebbe8c9e5d54b8000,e284966b6996cf98
data/private/portraitnet/portraits/max-liebermann_portrait-of-mrs-irene-triesch.jpg,portrait,1,max-liebermann,val,3f8d5784caf83934f11d33b6dd2abd24466b8395dbd16dd268cecf1d54c0d16b,e9e68638d0399bc6
data/private/portraitnet/portraits/max-liebermann_portrait-of-otto-braun-1932.jpg,portrait,1,max-liebermann,val,0b700b39d8a00d5af5c7c1d76e90ab6dd3ca93d7685d71280ca93f7c4372a03e,9e80931369bdd572
data/private/portraitnet/portraits/max-liebermann_portrait-of-professor-dr-carl-bernstein-1892.jpg,portrait,1,max-liebermann,val,231128162879c84492f30c569749772846155c570181faaf402422c99e3be82f,aee6955c2f609543
data/private/portraitnet/portraits/max-liebermann_portrait-of-professor-sauerbruch.jpg,portrait,1,max-liebermann,val,e72be5a724c6d89452abcc5bd4cd93134f2d7d48f4f04b4fabf3c8403372c5c4,b5846483d1dbe68b
data/private/portraitnet/portraits/max-liebermann_portrait-of-richard-strauss-1918.jpg,portrait,1,max-liebermann,val,c5be86913d1ecb89cf4fb429f24a68077d86596e8846b71f2ab8ff7852f6414b,ca9c8e633ce17136
data/private/portraitnet/portraits/max-liebermann_portrait-of-the-publisher-bruno-cassirer-1921.jpg,portrait,1,max-liebermann,val,c7de4dc23e77be58425e390f3a3d1048485a5a1cc084681622ac1b960edc1da1,eca62239f9a2d319
data/private/portraitnet/portraits/max-liebermann_portrait-of-wilhelm-bode-1904.jpg,portrait,1,max-liebermann,val,0ca5464355379861ca8d891c9c877c1653898dc7e587950b195ccdc5876c17e4,ea943fc4754a8c39
data/private/portraitnet/portraits/mikhail-vrubel_portrait-of-a-t-lyubatovich-in-role-of-carmen-1895.jpg,portrait,1,mikhail-vrubel,test,2db61ade2fcdf8b257508f588417e6eb82ee08162084fa401891eee5edf8a6de,9f7066943acbb40d
data/private/portraitnet/portraits/mikhail-vrubel_portrait-of-nadezhda-zabela-vrubel-1904.jpg,portrait,1,mikhail-vrubel,test,bc834ed2688873aa158ac788f53cea91bbc768c7e6bb95900510dd0da6bd0c7f,f939e366b0c30f90
data/private/portraitnet/portraits/moise-kisling_bust-of-blonde-girl-1948.jpg,portrait,1,moise-kisling,val,3267ab2c0804ace1aded71105b144bd45a46c18f8c1d7a0dcdb4be25a45990e3,cc0f3dd06325f2f0
data/private/portraitnet/portraits/moise-kisling_bust-of-young-woman-left-profile-1930.jpg,portrait,1,moise-kisling,val,856d29f2eeba6a1a623c51310d7fbb03638f9517793d889560ea0dcd636c2f32,d58e62b9a5679832
data/private/portraitnet/portraits/moise-kisling_children-of-dr-tas-1930.jpg,portrait,1,moise-kisling,val,7392231732e6dbd5c8f9ddddb25639e2edb27b673a5bfd389b1aed6972d9ca00,c7393c2436c29ccf
data/private/portraitnet/portraits/moise-kisling_female-portrait.jpg,portrait,1,moise-kisling,val,00f560b6de208dfbfd9d2010a6d0481dee6d33ad6a179c01a9a45138f31f35bc,ee3233d9cc3231cc
data/private/portraitnet/portraits/moise-kisling_head-of-a-girl.jpg,portrait,1,moise-kisling,val,8c930310d7735ad98c129c186d0de1fd79c0fa0dcd7c61eada78de464dfea75d,de63b8388718e0db
data/private/portraitnet/portraits/moise-kisling_kiki-de-montparnasse-in-a-red-dress.jpg,portrait,1,moise-kisling,val,705790090b740acaaeb9b65bfa9a5b927318c3442e022c3e1187fc5b963d6fb6,eea0a3378793839c
data/private/portraitnet/portraits/moise-kisling_kiki-de-montparnasse-in-a-red-jumper-and-a-blue-scarf-1925.jpg,portrait,1,moise-kisling,val,6483691a4ffa8c2573f7d08834af0b6de9b6e17156e3721ea21d269d2d22db2c,b8903263ef8cde89
data/private/portraitnet/portraits/moise-kisling_ms-b-dunn-1943.jpg,portrait,1,moise-kisling,val,83426d1a9278b9950eb99d22b93998521829fb66949f02187f2e4f3bb1cb5d56,c22e6f33f0cc3938
data/private/portraitnet/portraits/moise-kisling_not-identified-18.jpg,portrait,1,moise-kisling,val,7b5909325b4cac4610d780c1fcbe1d871699395635d98b5b2b1856fe612c08e7,cc18b334ecc79b98
data/private/portraitnet/portraits/moise-kisling_not-identified-2.jpg,portrait,1,moise-kisling,val,507d3c41af57aa6cef5a641144ae4d53eb7472385bb8a9281274a41f88b7632d,9562c29da14f655b
data/private/portraitnet/portraits/moise-kisling_not-identified-3.jpg,portrait,1,moise-kisling,val,03d9c889fc39fb8fdd452b18a2112480b44626467d3f4b6c8f1c0d545c7fb60a,97396867a4b69872
data/private/portraitnet/portraits/moise-kisling_not-identified-4.jpg,portrait,1,moise-kisling,val,55b8fc7e4730d398adcf4de3002e967167449fe6447508d9a31b226c5003b26f,c884777229c9cece
data/private/portraitnet/portraits/moise-kisling_not-identified-7.jpg,portrait,1,moise-kisling,val,f7da3334e2bcffefeefcad262e492632d260d97b0e0f829248e20afccb53d4e3,aead91929191e9ce
data/private/portraitnet/portraits/moise-kisling_not-identified-8.jpg,portrait,1,moise-kisling,val,ea9b6bdd1ddb989a49020ded60377260733893d5587ce4119a24bc9ac8540fb3,8cfc6c86b3633319
data/private/portraitnet/portraits/moise-kisling_not-identified-9.jpg,portrait,1,moise-kisling,val,3d8ae02e6fe7359fce83d39b43811171bb90cf7769b48ec27223c7a96c1a8337,8c9c32733399dccc
data/private/portraitnet/portraits/moise-kisling_ofelia.jpg,portrait,1,moise-kisling,val,013e26b33e3bfb5238d663f03ff0852ec77d56bbf97a4621789d2249fa2776d1,9a6da431e2b67887
data/private/portraitnet/portraits/moise-kisling_portrait-of-madame-andre-salmon-1919.jpg,portrait,1,moise-kisling,val,65ae7bf1cdee586ed385d0bd2d7d75954fce91f98647919f072ddf283fdbc241,bf60e097c1cb90cd
data/private/portraitnet/portraits/moise-kisling_portrait-of-madeleine-sologne-1936.jpg,portrait,1,moise-kisling,val,0411d2a064ea79737924a1cbafab9d7413a1338369728dcf735b827ec59b480e,de8c619487619ec7
data/private/portraitnet/portraits/moise-kisling_red-haired-girl-1918.jpg,portrait,1,moise-kisling,val,c0a5111e2bdea66d43c285455383ff5c2d9340292f34928eb010332ff714ef49,fd6e0372258d1c71
data/private/portraitnet/portraits/moise-kisling_the-woman-from-arles.jpg,portrait,1,moise-kisling,val,93144b1a1090f3402046301eae7a9184821b5da2ea3811f6f02ee40aa0a303aa,cc9c33639ecb3330
data/private/portraitnet/portraits/moise-kisling_young-breton-1931.jpg,portrait,1,moise-kisling,val,2bb067781bd45b398b6dc684e9d4114fc6aed30429c3c2b2b59c76b98a09a944,cd6e6b3433671990
data/private/portraitnet/portraits/moise-kisling_young-brunette-woman-in-headscarf.jpg,portrait,1,moise-kisling,val,7a0aa9e063ebcf5c30830f5a17c2ef56f0068cbe33d3428f3389532925297513,99a461e6679a8e99
data/private/portraitnet/portraits/moise-kisling_young-dutch-woman-1930.jpg,portrait,1,moise-kisling,val,76950bdc42706f56c0aedceed7e25da0099c125432ec0d451d9f3b40d0e8d71e,df673883c1ced601
data/private/portraitnet/portraits/moise-kisling_young-girl-with-long-hair-1942.jpg,portrait,1,moise-kisling,val,8d518848fcfb0236dda61b5eba24d4000f6ff03a028297693e4bc3ea1c099087,cb9d362339e0629b
data/private/portraitnet/portraits/nicolae-tonitza_after-war.jpg,portrait,1,nicolae-tonitza,val,38304ad5b83454959e8ebccdeb8cfa896e3665c0bad3c3d73fa7d50b4cf29214,93bc6cd96c964cc2
data/private/portraitnet/portraits/nicolae-tonitza_breton-woman-1933.jpg,portrait,1,nicolae-tonitza,val,d73742aaa0e72c965e04e4727955e179da85e73e73fac6948177c0a5ce60e030,9173386ec4b5c3b1
data/private/portraitnet/portraits/nicolae-tonitza_catrina-1.jpg,portrait,1,nicolae-tonitza,val,eb6e576b0c26a6a25b00df6e957d197a79f72a268ecbf71fbb59bc7b0abef5b8,d4b42ff2396b9222
data/private/portraitnet/portraits/nicolae-tonitza_clown-1925.jpg,portrait,1,nicolae-tonitza,val,fddde87ee884990ec3fdc80eaf1153bb1a7dded97e2b6a60a42c21a89767da9b,dfb3870d76067224
data/private/portraitnet/portraits/nicolae-tonitza_forester-s-son.jpg,portrait,1,nicolae-tonitza,val,0c0c84b919c3db7f4926fe6d4a2dafabf48da2373abae784d480b462292495b9,9f566878a4352976
data/private/portraitnet/portraits/nicolae-tonitza_girl-head.jpg,portrait,1,nicolae-tonitza,val,98e01e70937ad7e9abece3f483c0b3b4537208dad9c44d3b095bb154b3581a97,a8a047c29b9b97cd
data/private/portraitnet/portraits/nicolae-tonitza_girl-in-pink.jpg,portrait,1,nicolae-tonitza,val,de043b117fd1d5f3b1e7b7a9b32389891a61dbf24b0012e4ee4b5d31b97c8027,8343d32bc2d73f82
data/private/portraitnet/portraits/nicolae-tonitza_little-girl-1928.jpg,portrait,1,nicolae-tonitza,val,174ca18f85cc1da82b7c74e8e06a5a67ab9575be8564c8299fbe424a7331c34c,996436728fdb8c94
data/private/portraitnet/portraits/nicolae-tonitza_little-girl-with-flowery-headscarf-1925.jpg,portrait,1,nicolae-tonitza,val,d0619599e46963561729f50a021f9897f31169db0afd0b7ad345f8c602c08953,e9a036f18bcec68c
data/private/portraitnet/portraits/nicolae-tonitza_miner.jpg,portrait,1,nicolae-tonitza,val,9d82fa8e2aac353f99597bc04dc1af0cbb0b536ef03ad34cbfaafb3635346b0b,8a2aa4295fb7744b
data/private/portraitnet/portraits/nicolae-tonitza_mourner.jpg,portrait,1,nicolae-tonitza,val,def982ad12dae1804679cbc8610861f47fc3223d9506bb08115cb1d401d0615b,deaf25f0d0c7c0c8
data/private/portraitnet/portraits/nicolae-tonitza_petre-tonitza.jpg,portrait,1,nicolae-tonitza,val,9826ebee0a290fafdb64f230de4fbacc977edad4f36d972db0c33f58972fad59,b8a566e4d0968e9b
data/private/portraitnet/portraits/nicolae-tonitza_self-portrait-1923.jpg,portrait,1,nicolae-tonitza,val,c700deaa3a2542701c8adbbd382052636a93cd592bea033522b32c6199035afb,89324c737cc338cf
data/private/portraitnet/portraits/nicolae-tonitza_spanish-woman-1928.jpg,portrait,1,nicolae-tonitza,val,b644cd9c5c048637a6babd6b741e00223926dbe5cbbaee16b0aeede0c3defb96,e9ad356222f99155
data/private/portraitnet/portraits/nicolae-tonitza_the-man-of-a-new-world-portrait-of-a-writer-and-polititian-gala-galaction-1920.jpg,portrait,1,nicolae-tonitza,val,8086fdec33104f0804c39693085348a441f5635a7c1262b1839caa4e05d9cd77,b6d2c9071efcd061
data/private/portraitnet/portraits/nicolae-tonitza_two-sisters-1927.jpg,portrait,1,nicolae-tonitza,val,7c43b3c489c8367be8b380e97ba8f6e3486f9d80fcf1bbe913621d930105ee3e,ab6bb49c9c9092d3
data/private/portraitnet/portraits/nicolae-tonitza_unknown-title-2.jpg,portrait,1,nicolae-tonitza,val,ed6ef1c73d88f0dae11813684ae0be21638d435d7d6380674dd4d428ca26c7c4,a0b4168b6191dbdf
data/private/portraitnet/portraits/nicolae-tonitza_unknown-title.jpg,portrait,1,nicolae-tonitza,val,e754187e6a34e1ec443f92045e4d49ba4875b013817956d6be40e8857491b345,d8c4772b60e16b6a
data/private/portraitnet/portraits/nicolae-tonitza_venice-girl-putana-1926.jpg,portrait,1,nicolae-tonitza,val,ad2756579462b296516b7a9924182418cf3744dd284200f62d3ef72ca4545146,cf65b038a3306dc7
data/private/portraitnet/portraits/niko-pirosmani_porter-soso(1).jpg,portrait,1,niko-pirosmani,test,9ffcb7cc156d59b25c0dd2c55684f3518539c1c6cd06986fa46d27040140eaeb,a4f91687785b81b5
data/private/portraitnet/portraits/niko-pirosmani_portrait-of-a-railway-worker-misha-meheteli.jpg,portrait,1,niko-pirosmani,test,5f6694e298d90904291343ff0b27d69293d9c545f8cf088a2ddbe21694e6538f,fdd0c33d0c88d743
data/private/portraitnet/portraits/niko-pirosmani_queen-tamara.jpg,portrait,1,niko-pirosmani,test,5378e14c10a10d43b56759f7bfbafca74ed2259d1a28871590bc5aafaf459748,991b2af887d66668
data/private/portraitnet/portraits/niko-pirosmani_self-portrait-1900.jpg,portrait,1,niko-pirosmani,test,c260d966af03b78e81e4f4ed8f1ea1e7364a79108284dad3f0c05b6ed339d6c7,acb34823f3cc8e74
data/private/portraitnet/portraits/nikolaos-gyzis_capuchin.jpg,portrait,1,nikolaos-gyzis,train,ff2caf0ffd0632b7d32a02b51ad7e114f58bd1b59b77775fb47cb7c71f771850,9a9b656566663649
data/private/portraitnet/portraits/nikolaos-gyzis_learning-by-heart-1883(1).jpg,portrait,1,nikolaos-gyzis,train,f80ab5ff713adb3736cc5218f40e4f957a969b3d071c61c331ffc4b07a89583f,daabed94750bb240
data/private/portraitnet/portraits/octav-angheluta_cap-de-trengar-1943.jpg,portrait,1,octav-angheluta,train,ccfc773ad41fec685ed904dd2917b9744761cf83dff772918e4423c2bd61d7af,b4341bc3d39b890f
data/private/portraitnet/portraits/octav-angheluta_copil-cu-beret-verde.jpg,portrait,1,octav-angheluta,train,ec3c94aff43971ff413cd8cc3dd36b15c06ae7a2f62020fbd18a8c1062173ef1,bcf96292d8089df2
data/private/portraitnet/portraits/octav-angheluta_ivan-lipoveanul-1969.jpg,portrait,1,octav-angheluta,train,268e2d5108094b1c86468df841c027b22d06b5d06dabad10ab200b96235eb4a3,c50f3a3837716167
data/private/portraitnet/portraits/octav-angheluta_micuta-cusatoreasa.jpg,portrait,1,octav-angheluta,train,d218ae3da85cc580b231c78912a5e1ef5ef81513f99c7b75aad87c76b2af42ae,b3e56081938ecdce
data/private/portraitnet/portraits/octav-bancila_autoportret-detaliu-1942.jpg,portrait,1,octav-bancila,train,b22f91f31f45656a3118d6a36f7fd4b54b8dc55b1b3de2acffeee15fbe2aa4d5,9ca5739867648dc9
data/private/portraitnet/portraits/octav-bancila_b-tr-n.jpg,portrait,1,octav-bancila,train,612a5de25c7b4eb63f0b52b475fe0a3ea1146e8976c144b4f13de6bd9b11b824,cbb3647932cd3324
data/private/portraitnet/portraits/octav-bancila_portret.jpg,portrait,1,octav-bancila,train,d8329fedbf2b597dd7dd68e0aaffdd49b9b37be9495d93579e27193a279b375c,bdec7037b0e011da
data/private/portraitnet/portraits/octav-bancila_portretul-de-evreu.jpg,portrait,1,octav-bancila,train,a275960aef57c739681fbd39aabd65fe291ab7b8667a68863d8a2690922e7c78,fea4b993d8ca8c21
data/private/portraitnet/portraits/oleksandr-bogomazov_self-portrait-1907.jpg,portrait,1,oleksandr-bogomazov,val,33c4205c0fbb8541db6f5c620d9afa71fffe68d92eb28432298cf5aebee2588b,cf857238b67148e3
data/private/portraitnet/portraits/orest-kiprensky_dreamer.jpg,portrait,1,orest-kiprensky,train,279d5d6a73db8dbf275d45f384cb4105b75ce1c2f0289310f456f14bf49de34d,8fc6363c61912dd3
data/private/portraitnet/portraits/orest-kiprensky_e-komarovsky-1823.jpg,portrait,1,orest-kiprensky,train,1705af2fb932708482a77208cb6700bb161ca48f431bc55bb2c32b96c3588b37,fca1159fe0909f49
data/private/portraitnet/portraits/orest-kiprensky_ekaterina-bakunina-1813.jpg,portrait,1,orest-kiprensky,train,5bb79640d2635a1c4a37068f8a8c0619cae9aa2dc930092b7d973210e6a98318,cb34f0c694d887e3
data/private/portraitnet/portraits/orest-kiprensky_fortune-teller-with-a-candle-1830.jpg,portrait,1,orest-kiprensky,train,969ca6f032b99c818aa166f65ba4d886c315e6e5870b300e818b9c5f07f39fcb,98c860b24b763f4f
data/private/portraitnet/portraits/orest-kiprensky_francois-louis-duval-1816.jpg,portrait,1,orest-kiprensky,train,223598e342c5e9f240e63cce60a09b567f340766200c3f30628fc3e8f27374cb,e4b4936a9c9349cd
data/private/portraitnet/portraits/orest-kiprensky_girl-wearing-the-poppy-wreath-1819.jpg,portrait,1,orest-kiprensky,train,52f00b712c206554b053df705b1ba6f3624c21ad3b9587bdadbcef8c9e61c09c,966b6791388cf136
data/private/portraitnet/portraits/orest-kiprensky_male-portrait-1826-1.jpg,portrait,1,orest-kiprensky,train,3ea9e0fd486d96b157e1f72ae01cfbe672d18f824504f92e98bb401e50f0c173,ecac1672632f99c1
data/private/portraitnet/portraits/orest-kiprensky_male-portrait-1826.jpg,portrait,1,orest-kiprensky,train,58e1db1693d5976e669fc9425d90c65c5e13a3b8135c4eac1ddf981ffd272a3a,8d8c32b9e66399cc
data/private/portraitnet/portraits/orest-kiprensky_neapolitan-boys-fishermen-1829.jpg,portrait,1,orest-kiprensky,train,6528e24ce312f97447348ce640452b762e39fb33b26490c8ffc07b272518555d,d3f278844c3fa638
data/private/portraitnet/portraits/orest-kiprensky_neapolitan-girl-with-the-fruits-1831.jpg,portrait,1,orest-kiprensky,train,32446e4e606061c0ace8794a8199fb9c9722a210e67c1b43a80bc5a0b3d08a15,c19e411e33eb1f68
data/private/portraitnet/portraits/orest-kiprensky_nikolay-ivanovich-gnedich.jpg,portrait,1,orest-kiprensky,train,00f5825f1dea670e568a3449088f141a25f1726f4fc159e659cd0bc53e31d260,a887734c9cb3596c
data/private/portraitnet/portraits/orest-kiprensky_peasant-boy-1814.jpg,portrait,1,orest-kiprensky,train,a0e0b3132ef66743dc0ea91f72bfb5f71af414df117c3fe0d9023efd655d5a9d,e424a59b9a9b8d8d
data/private/portraitnet/portraits/orest-kiprensky_peasant-boy-andryushka-1814.jpg,portrait,1,orest-kiprensky,train,7461b42533c90c5326ed487145f9d08da14fbaba3a35e210c5a8789c55425eb6,a792d929e2f04b65
data/private/portraitnet/portraits/orest-kiprensky_peasant-boy-moska-1814.jpg,portrait,1,orest-kiprensky,train,de03fd48a365a68a9a1515c7599424e29a1557e0e124e463c0a6dfc6421f7a19,bf80356a91ccc6e3
data/private/portraitnet/portraits/orest-kiprensky_peasant-boy-petrushka-melancholic-1814.jpg,portrait,1,orest-kiprensky,train,fc5a862aa90ea56ab34e865a50cbab2e35dacac4c87feada006e66fcd9c64bf2,b4c49a7bc986c963
data/private/portraitnet/portraits/orest-kiprensky_poor-lisa-1827.jpg,portrait,1,orest-kiprensky,train,a963b2ca277f9ce375a51bda8a7ba0d7121f7e41511782dcea92e740b585c592,c42f73907c91c967
data/private/portraitnet/portraits/orest-kiprensky_portrait-of-a-boy-1812.jpg,portrait,1,orest-kiprensky,train,462af31a2468f6f3aac22e99ca9f125eb52aebaf8a8d1ed4d1aa4fb6d218dc3e,add0c672298dde86
data/private/portraitnet/portraits/orest-kiprensky_portrait-of-a-boy-1819.jpg,portrait,1,orest-kiprensky,train,05ce32bdbe0724d2c2c8de333c903b962c27315e5b343266d0e8875281ffffa8,cc8f307206dfb998
data/private/portraitnet/portraits/otto-gustav-carlsund_katakombbruden-1934.jpg,portrait,1,otto-gustav-carlsund,test,55bd252145339a6a11cca761c5c080ab6f18c6819d5ea5be9528c92501e9724e,ef2ed0a595c2c4d4
data/private/portraitnet/portraits/pablo-picasso_bust-of-woman-1907.jpg,portrait,1,pablo-picasso,train,33bc0f7efefa54a8a8c5feb7e11ff4eca8725537db1a1ea701508bc28843ebab,ad2dc3c62cc9833d
data/private/portraitnet/portraits/pablo-picasso_farm-woman-1908.jpg,portrait,1,pablo-picasso,train,10fe7e6defaf052e3ad166ab680524ef128dcc941be2a1497185580a4e7c92ca,da5827f760065b6a
data/private/portraitnet/portraits/pablo-picasso_female-bust.jpg,portrait,1,pablo-picasso,train,b6d65f16d2b857881074e93305354124b8d70cfb6694ab8cb92907b0ff479bd3,bfb619d91839c0e1
data/private/portraitnet/portraits/pablo-picasso_female-nude-study-1907.jpg,portrait,1,pablo-picasso,train,2775c74ac529e953f1313e2f1ef132400be43f0715c57048b2ad412c96c3c016,e96185d7e26c9694
data/private/portraitnet/portraits/pablo-picasso_head-of-a-man-1908-2.jpg,portrait,1,pablo-picasso,train,39d0ecd70b73191c7d6c75d5b0bb03c0a54ccce76407798c1137f7914d85d1cd,c735ea1a2a217ce3
data/private/portraitnet/portraits/pablo-picasso_head-of-a-man-1908.jpg,portrait,1,pablo-picasso,train,8ef3bd925ff18057090ee972162abcd188286acaf65db77b3e6a8a5f545c20bc,b6066c29c2b5d96d
data/private/portraitnet/portraits/pablo-picasso_head-of-a-man.jpg,portrait,1,pablo-picasso,train,163dc4a2ddaf5fb26040aaa1db71870f4703cd764f8f34d28128a1390321b8bd,875bf96ce19580e1
data/private/portraitnet/portraits/pablo-picasso_head-of-a-woman-with-green-curls-1946.jpg,portrait,1,pablo-picasso,train,3f3e6aa40950e3dab8c7f4c6e4d22e58c0daa2bd41d551adaca15ef7a80375dc,eabab16a8778a10d
data/private/portraitnet/portraits/pablo-picasso_head-of-woman-1908.jpg,portrait,1,pablo-picasso,train,86dc102b59eab436e25f9329232ebb860e797a09c1f9c9ee04ced075130cc20a,edf1906c9449b366
data/private/portraitnet/portraits/pablo-picasso_jacqueline-in-turkish-costume-1955.jpg,portrait,1,pablo-picasso,train,8480a5336c0d80834b118e7c2f26df4b43c372fa77fac5d34522c51289536eea,b96186c7b1931bcc
data/private/portraitnet/portraits/pablo-picasso_portrait-of-d-m-1943.jpg,portrait,1,pablo-picasso,train,5e23b8539123907f85006faef0107203d524ed275f9d3423bfb7600640c76ed5,bce1632d96829d9c
data/private/portraitnet/portraits/paul-gauguin_self-portrait-1896.jpg,portrait,1,paul-gauguin,test,20ba154c99c0b15816b74e98a837c283305babf930b295eaf7d3109dbb80cec2,f46d6334c88b73c1
data/private/portraitnet/portraits/paul-gauguin_self-portrait-at-lezaven-1888.jpg,portrait,1,paul-gauguin,test,e019cc85432f50501332d5f386693dc420e7800a0c43e8efe688fcf27595ac1d,dcf4216367936692
data/private/portraitnet/portraits/paul-gauguin_self-portrait-in-a-hat.jpg,portrait,1,paul-gauguin,test,0bdb4a656c8b0de76da25fb8f7b45b9b60d7e96b125a732026b1c7788b48545a,eef100c8cd8f8eac
data/private/portraitnet/portraits/paul-gauguin_self-portrait-with-palette-1894.jpg,portrait,1,paul-gauguin,test,c06a5f853796748768f946a48c6f5c0de67b15c152a99a11fb114d3cbc513bd5,ede097723288738e
data/private/portraitnet/portraits/paul-gauguin_self-portrait-with-spectacles-1903.jpg,portrait,1,paul-gauguin,test,634b0d27b37e1d9450743175ec69bb837f313359f3d153812fecddf77dd3cf8b,bf5ac37878c73042
data/private/portraitnet/portraits/paul-gauguin_self-portrait.jpg,portrait,1,paul-gauguin,test,2712fb66cbeb6a27b2bab3088dedcf596809a0ce7c516686fc5c17a97fe96b3f,ffeb0475a0a50d0e
data/private/portraitnet/portraits/pierre-auguste-renoir_young-gypsy-girls.jpg,portrait,1,pierre-auguste-renoir,test,98d8c26810ce34361df17086b8f9437bbba807dc88d337e7dfb808e320ce56bb,fee1b194d8476a09
data/private/portraitnet/portraits/pierre-auguste-renoir_young-man-and-young-woman.jpg,portrait,1,pierre-auguste-renoir,test,2d0be961f62550a1190d48044f7bcb868e5503237935abe5b15e5f45028de939,d2c86982c3f4bcec
data/private/portraitnet/portraits/pierre-auguste-renoir_young-man-in-a-red-tie-portrait-of-eugene-renoir-1890.jpg,portrait,1,pierre-auguste-renoir,test,93979e9ca539b7ea8b1c4d024d51f3b5173740b91dacc234b42a8334cb051642,d0ff66e40f929d80
data/private/portraitnet/portraits/pierre-auguste-renoir_young-mother-1898.jpg,portrait,1,pierre-auguste-renoir,test,9e2fe0bb294576e79f0c22c61b827a86fcd2f4f361764dd51d995bec3fc7921c,d92fe6c201d88fd8
data/private/portraitnet/portraits/pierre-auguste-renoir_young-peasant-eating-an-apple.jpg,portrait,1,pierre-auguste-renoir,test,936ddefe341558ed8e31af900f9ccc9a1b5dada0538e97ba6cdb3fba45480f59,eda073ec8403cf33
data/private/portraitnet/portraits/pierre-auguste-renoir_young-woman-braiding-her-hair-1876.jpg,portrait,1,pierre-auguste-renoir,test,ccc9e9d2d7e9a923e77ad916c1003ec24910a5a50f845955938810eee0c93ea1,854e31b3661997e6
data/private/portraitnet/portraits/pierre-auguste-renoir_young-woman-in-a-blue-and-pink-striped-shirt-1875.jpg,portrait,1,pierre-auguste-renoir,test,5a8fd43205e6bd84e7f7a0cc31e6b881c12d5b5279a57af799cab99adf77a1b1,8d7e35d23a648ac3
data/private/portraitnet/portraits/pierre-auguste-renoir_young-woman-in-a-blue-hat.jpg,portrait,1,pierre-auguste-renoir,test,724572b1952fe144b9a920448cf68e2c960ac2950b32262ecfffd2540d8e1e0b,f869b393998c5a32
data/private/portraitnet/portraits/pierre-auguste-renoir_young-woman-in-a-flowered-hat-1892.jpg,portrait,1,pierre-auguste-renoir,test,9173744459386b72bfd014ed112deefd3651caf931b10564c622cd02269ce1cc,9c7897d660e5b231
data/private/portraitnet/portraits/pierre-auguste-renoir_young-woman-in-a-straw-hat-1884.jpg,portrait,1,pierre-auguste-renoir,test,657009ddc5cf897578d8486cf14c3f235daf996dc3ecccc67b01680096da6614,fca786d62984569a
data/private/portraitnet/portraits/pierre-auguste-renoir_young-woman-in-a-straw-hat-1901.jpg,portrait,1,pierre-auguste-renoir,test,6f7f88b39da43c3d8eac350852287095ec9ed98dc4e4cbb485ab0e513c18e68e,977825d22991d6cb
data/private/portraitnet/portraits/pierre-auguste-renoir_young-woman-in-a-straw-hat.jpg,portrait,1,pierre-auguste-renoir,test,2a6f9c3bcefad5b7b9b1c7a1464b0e4effb27b697b6b9dd98ca51bbb1e4017c9,c7215696776c6d12
data/private/portraitnet/portraits/pietro-perugino_portrait-of-a-young-man-1.jpg,portrait,1,pietro-perugino,test,e92d33f5cb86dd85c25cb0c9d7238c9074ef43ad4f824bd868bc9445e62ef07b,cfce383032b37331
data/private/portraitnet/portraits/pietro-perugino_portrait-of-a-young-man.jpg,portrait,1,pietro-perugino,test,b420768574273f5ff3a1407825e6f0945563a14e77948eff398e2e702413e6fc,ce8d313630d3c3d9
data/private/portraitnet/portraits/pietro-perugino_portrait-of-lorenzo-di-credi.jpg,portrait,1,pietro-perugino,test,04519675229870cb993b3f77af05246bedf516875ef46530660ceb1b60f58aa6,ece4430b11de9e9a
data/private/portraitnet/portraits/pyotr-konchalovsky_paris-innkeeper-1908.jpg,portrait,1,pyotr-konchalovsky,val,6f9c6662e6bf54776a5c6ec183154fd93b567c9ab7a28aea04fdbec52718902d,882b2ff496277827
data/private/portraitnet/portraits/pyotr-konchalovsky_portrait-of-a-girl-sima-1940.jpg,portrait,1,pyotr-konchalovsky,val,3f58857c94a6ab399cf7114e7d45e4a76d71805d4addbe81afc09ab48f4f611c,98dd52277b846cca
data/private/portraitnet/portraits/pyotr-konchalovsky_portrait-of-a-pianists-verigin-1918.jpg,portrait,1,pyotr-konchalovsky,val,b7aea49300b9c644b35d79b0914d2717b62cf71bfc551714582dbbe19e29fcfb,9959356b5ed518a4
data/private/portraitnet/portraits/pyotr-konchalovsky_portrait-of-an-art-critic-v-a-nikolsky-1933.jpg,portrait,1,pyotr-konchalovsky,val,c9968f0982289d95c9bc62da82889923d1d88a6a2ac0834bfb181457357299b0,aef51829c6c3cc3c
data/private/portraitnet/portraits/pyotr-konchalovsky_portrait-of-arfenik-artemevna-tadeo-1930.jpg,portrait,1,pyotr-konchalovsky,val,89d7c33b6c72eaea0a62c7f75612bdcf5e5f5ecf65796964223881f9a2e19ed1,b59a7345ce1ccd0c
data/private/portraitnet/portraits/pyotr-konchalovsky_portrait-of-margot-1946.jpg,portrait,1,pyotr-konchalovsky,val,df0b73b6acf80c18938a2bbca4c7ef207fcdf2bd0e0663080e120b3fef312627,ec3690933b6d8ac3
data/private/portraitnet/portraits/pyotr-konchalovsky_portrait-of-v-v-ivanov-1941.jpg,portrait,1,pyotr-konchalovsky,val,ea293c239603c5a8516e209838ac0736bc5e384cdf331dd9c50f275080bba062,f9c3e20a3dcd44c3
data/private/portraitnet/portraits/pyotr-konchalovsky_portrait-of-yuri-petrovich-yuriev-1913.jpg,portrait,1,pyotr-konchalovsky,val,278b823a7360e6d4874b28c4f7bc764651703739e1a54b990f5f9fb6c6b51a78,fdca640e9532613e
data/private/portraitnet/portraits/pyotr-konchalovsky_portrait-of-zinaida-kozhukhovskaya-1906.jpg,portrait,1,pyotr-konchalovsky,val,5255151d69541ab056cda0e2aad253502b1d07f899d0cf57c89b30c818f90555,f2c825563859db8d
data/private/portraitnet/portraits/raphael-kirchner_ziegfeld-beauty.jpg,portrait,1,raphael-kirchner,train,346f42924c07677e69235f825a49dc83150e925a791ed554e37778f48a07f8a7,c72fff00b0e4a2d2
data/private/portraitnet/portraits/rembrandt_portrait-of-hendrickje-stoffels-1659.jpg,portrait,1,rembrandt,train,56453f0da1be8d4889a432a2e2588344483876bd2584dd669c7701b6375e855f,cc6b3d90c30f3cc9
data/private/portraitnet/portraits/rembrandt_portrait-of-hendrickje-stoffels-1660.jpg,portrait,1,rembrandt,train,09e436124661cc62db5f655d2c7e2368c6e357b56e2979e86aa4be177a37d278,98ec62b379cccc92
data/private/portraitnet/portraits/rembrandt_portrait-of-hendrikje-stoffels-1654.jpg,portrait,1,rembrandt,train,01194b8ec8f2f0ef8849be7b630243cc948189f5112ea0cc050e45ec10ef3368,8c6c33e33133ccce
data/private/portraitnet/portraits/rembrandt_portrait-of-herman-doomer-1640.jpg,portrait,1,rembrandt,train,469e9a4ea9a22c7a1bf887b23f6997a4d743a9b17ad61e1c2fce807d99815859,c6de39e1c60f3c0c
data/private/portraitnet/portraits/rembrandt_portrait-of-jacob-iii-de-gheyn.jpg,portrait,1,rembrandt,train,350df881746a25a28e9322efdb1fcd4497755879d2091e0e91b606413af6dc2a,f1871e688b35616b
data/private/portraitnet/portraits/rembrandt_portrait-of-jacob-trip-1661.jpg,portrait,1,rembrandt,train,ab7d190cd4b2c964d454b25736bdf5b04d102c3ca0409b5b5148c8cd13e9d024,ce4e3331f9591a25
data/private/portraitnet/portraits/rembrandt_portrait-of-jan-asselyn-1647.jpg,portrait,1,rembrandt,train,b335ae5448c78efb57930574e1bf3b67babdca18ad287c6ab593263ae27e229e,ea851c7a9991f466
data/private/portraitnet/portraits/rembrandt_portrait-of-johannes-elison-1634.jpg,portrait,1,rembrandt,train,bd2783455e8835579ac1ae1559fadbf7e6da00a135d2c2113616c22077731e70,e60ceb49b131974e
data/private/portraitnet/portraits/rembrandt_portrait-of-johannes-wtenbogaert-1633.jpg,portrait,1,rembrandt,train,3f16d8aee3acdb235ea784156f3da604a1a6c0340d89e99ef3adb3edb3ad98f0,fdc2423d3d1ac2c5
data/private/portraitnet/portraits/rembrandt_portrait-of-joris-de-caullery-1632.jpg,portrait,1,rembrandt,train,0abe3eb5a726d6e54ac4e7e70a25e72a5c57bd489ce03ee69fcc2e13c7258645,848b792de3933b4c
data/private/portraitnet/portraits/rembrandt_portrait-of-lieven-willemsz-van-coppenol-1653.jpg,portrait,1,rembrandt,train,491f838bdd17e549768b175968b7e4d5d84d089f30edc6f099107a627051e939,eb9d3ee08cd0910f
data/private/portraitnet/portraits/rembrandt_portrait-of-maerten-soolmans-1634.jpg,portrait,1,rembrandt,train,3f0bde3ac51e5889189ab756ee0afcc114091e0480bd628d721545296e946a1e,c126c9393c19be5b
data/private/portraitnet/portraits/rembrandt_portrait-of-maertgen-van-bilderbeecq-1633.jpg,portrait,1,rembrandt,train,c8425a6413855564459a6c2fc412f08f7b865a7f947423cdd6e2cea4edd22bd6,afbc78c3a52cc292
data/private/portraitnet/portraits/rembrandt_portrait-of-margeretha-de-geer-1661.jpg,portrait,1,rembrandt,train,accee71e7ac80c9c0fe8f6bcb2236ba6a0b753b6e48976fad9b62061f2d00714,8cb073ca963569cb
data/private/portraitnet/portraits/rembrandt_portrait-of-margheride-geer-wife-of-jacob-trip.jpg,portrait,1,rembrandt,train,da6eea9a34f460dfd4734456cac40684fee87a43023cabdc4fc9a90800d7506d,ce9833675bc98631
data/private/portraitnet/portraits/rembrandt_portrait-of-mother-of-rembrandt.jpg,portrait,1,rembrandt,train,77f8d89ac595d2bcb4be59d346515e959ba5b4743bbbf285f81166c4684e0bcb,cce0a3879c9edc19
data/private/portraitnet/portraits/rembrandt_portrait-of-nicolaes-ruts-1631.jpg,portrait,1,rembrandt,train,fa39c1610711a7970365b5ab365d3793b981ae9d46a73374c65c8126e22beb24,ae94433ba496cc6d
data/private/portraitnet/portraits/rembrandt_portrait-of-nicolas-bruyningh.jpg,portrait,1,rembrandt,train,bfe0164ab7792d01686e76277a0e6cd373e30c8da10e2b7db4d3b75bdf71b0b5,c4c6c3bb39393839
data/private/portraitnet/portraits/rembrandt_portrait-of-nicolas-van-bambeeck-1641.jpg,portrait,1,rembrandt,train,aed3820f4a9285077f093b0a9e41f72b9ba43e974fd14aea759709d9348ff5cf,e6d03947ce383cc3
data/private/portraitnet/portraits/rembrandt_portrait-of-oopjen-coppit-1634.jpg,portrait,1,rembrandt,train,edb2911f9c3f9e724be1b84c1c4e0149024e935928f394801c2bb8e5936a033a,d90ce436e367c638
data/private/portraitnet/portraits/rembrandt_portrait-of-philips-lucasz-1635.jpg,portrait,1,rembrandt,train,738a42c19c378d3c76b031261f533b62590478179d792b9935b3a2d45b395c20,ee9cb1e3c43ec2c0
data/private/portraitnet/portraits/rembrandt_portrait-of-princess-amalia-van-solms-1632.jpg,portrait,1,rembrandt,train,e057dfa12f9ff7d868a8859a2bfbedc2ab23715b86a860f93d628a2c7e0172b8,98ad6793336d8c92
data/private/portraitnet/portraits/rembrandt_portrait-of-rembrandt-s-brother-andrien-van-rijn.jpg,portrait,1,rembrandt,train,e7262dfbe5e8dcf5db5cdb5aeab6358689b592fb26e405455fa62199ec0c2166,a9a4d576728594d9
data/private/portraitnet/portraits/rembrandt_portrait-of-rembrandt-s-father.jpg,portrait,1,rembrandt,train,a110506d1f57e5c0d3cb71b4b32a74719fd557ff56fd3d13ef78ebae01d14ecf,cccc3333739686c3
data/private/portraitnet/portraits/rembrandt_portrait-of-rembrandt-s-mother.jpg,portrait,1,rembrandt,train,756688a7cde0b68b54e3ec95e30e3544619fb3828432f6765bce1bf85185ae09,cce1a3c68cdedc11
data/private/portraitnet/portraits/rembrandt_portrait-of-rembrandt-van-rijn.jpg,portrait,1,rembrandt,train,c8017e7016f47651a58459400ce9c1b3ff29e5aa2c8b7a6e5a2cc63334c06fe1,cca3739c8cd98c66
data/private/portraitnet/portraits/rembrandt_portrait-of-saskia-van-uylenburgh.jpg,portrait,1,rembrandt,train,4fcb24077ee7ddb35d34f7fc80b06104b0544683be82e4b5fbfab7cfdbc657ad,990966663b996c67
data/private/portraitnet/portraits/rembrandt_portrait-of-the-artist-at-his-easel-detail-of-the-face-1660.jpg,portrait,1,rembrandt,train,ad335b12213e1bf521af545ea2bd9ad83dd999e723f1b7a8fa7c72e61ca8f0b6,cc8e8f7978313334
data/private/portraitnet/portraits/richard-gerstl_alois-gerstl-brother-1907.jpg,portrait,1,richard-gerstl,train,2bc0cff00ded392d22f895604a3de50bc58cd8dad14cc98bc02ed01390057e4b,c59193665ee1199d
data/private/portraitnet/portraits/richard-gerstl_anna-baumer-1905.jpg,portrait,1,richard-gerstl,train,ad39974e78ccad16bf85d8347d803abc30c4702161737f0ef89d678f86dda66d,9b18e4671cf68b0d
data/private/portraitnet/portraits/richard-gerstl_carl-zentzytzki-1905.jpg,portrait,1,richard-gerstl,train,814ec53127a05e2c0ffd97c9f0200b93f7857f3cd867e077d86a97c623d83432,8cb370d8339cd9cc
data/private/portraitnet/portraits/richard-gerstl_die-s-ngerin-oberl-nder-spring-1907-1907.jpg,portrait,1,richard-gerstl,train,271e83013b0054133e632983f957acd17051306d92ef12088d40dfaca8260816,e9a4a6d3367a9819
data/private/portraitnet/portraits/richard-gerstl_frauenkopf-ca-1902-1902.jpg,portrait,1,richard-gerstl,train,64462c8711b7db8ee8ac48687d5c87d80ea36477607a8d3043eb81ad6cb00953,98f869876196a67a
data/private/portraitnet/portraits/richard-gerstl_johann-georg-prillinger-1907.jpg,portrait,1,richard-gerstl,train,02e927e487cac8c8c40b36e21c623186993cf6814e33c2ff5587d6380973586a,8da7589a345ab395
data/private/portraitnet/portraits/richard-gerstl_self-portrait-1907.jpg,portrait,1,richard-gerstl,train,8ab4fad365a935177beed5dcd4d51718132ee03ec80872b189465f3f41a76356,ff2d7032f270c0d2
data/private/portraitnet/portraits/richard-gerstl_self-portrait-with-blue-spotted-background-1907.jpg,portrait,1,richard-gerstl,train,995dc69f31ba53cabcb3d3f4b4b98bf942f3d9b51f7cb64446378f3831b6b52f,a8dff1733b212807
data/private/portraitnet/portraits/richard-gerstl_waldemar-unger-i-1905.jpg,portrait,1,richard-gerstl,train,232af56cfb4498bfac4a01fdc2ded0029901a3bb55550d251bb158555d0b7deb,8bc3362c33329e73
data/private/portraitnet/portraits/richard-gerstl_waldemar-unger-ii-1905.jpg,portrait,1,richard-gerstl,train,8859179d1b48b47d5a46c0033be15c0ab724a33cb5d502fff6f6d2e9d8daf1b3,cdb332cc33cec823
data/private/portraitnet/portraits/rik-wouters_baby-with-blue-cap-1911.jpg,portrait,1,rik-wouters,val,5abfc7bcb3deb2394679bb70245dc3a1f17bbb821494ff1c0a47bbcaa1cb2533,8f6d72a71b255017
data/private/portraitnet/portraits/rik-wouters_seated-woman-1915.jpg,portrait,1,rik-wouters,val,d27796467a1b04123ec34e82f03821dc8d472935b04794774c5a6fb50dabc942,aa5fc0315b6c6e89
data/private/portraitnet/portraits/rik-wouters_self-portrait-1908.jpg,portrait,1,rik-wouters,val,34f9d865ed1376d7663b1218ebd891cdbec8f26f4ad22e4b66301d540694ef97,eda736428d9c961a
data/private/portraitnet/portraits/rik-wouters_self-portrait-1915.jpg,portrait,1,rik-wouters,val,2d22c5689c28f3a8caa9739d20aedd27333fe5b0b6a7eef05ed92105f7d024eb,eca1d5ca8358bfc0
data/private/portraitnet/portraits/rik-wouters_self-portrait-with-black-bandage-1915.jpg,portrait,1,rik-wouters,val,7fd7fd8145f33f3bd45d5ae8f5c5c20a7fb3e6e144e8d927c78d84255bb5c79e,ca6fb453c11cc659
data/private/portraitnet/portraits/rik-wouters_self-portrait-with-cigar-1914.jpg,portrait,1,rik-wouters,val,2b26972b8c377ad92994eee51b3d854e578cbbde5402b801b3988224af6e4100,e1c71e38c15a9b39
data/private/portraitnet/portraits/rik-wouters_woman-on-the-bedside-1912.jpg,portrait,1,rik-wouters,val,771b8cd0d5de031bffb5609bbc789b9a3adf423d1cb02b2c109002fd8bd10756,882933bbf4d3054f
data/private/portraitnet/portraits/salvador-dali_portrait-of-my-father.jpg,portrait,1,salvador-dali,train,fd45ec0a408a2cec60d883ab342e399542be772db6078dd3f3e6d23b40c0b8fd,96b9d2c5333459c6
data/private/portraitnet/portraits/salvador-dali_portrait-of-the-artist-s-mother-dofia-felipa-dome-domenech-de-dali.jpg,portrait,1,salvador-dali,train,32d7c2515b44f7ecff5984a0f6b38537eaa5a0812fa762465c2ba1fd574bfa8e,da1cf16047aed43a
data/private/portraitnet/portraits/salvador-dali_portrait-of-the-artist-s-mother.jpg,portrait,1,salvador-dali,train,76b90820acb646d1aee721e5b03ded509e938bf2940530cf66aab105c951034e,8d74a357b083cf4c
data/private/portraitnet/portraits/sandro-botticelli_portrait-of-a-man(1).jpg,portrait,1,sandro-botticelli,train,26bc7a977a34ce5080ec809d6ee006ed2b5021c041a0ddc6950e492f0cf96efa,eea417f0185fe189
data/private/portraitnet/portraits/sandro-botticelli_portrait-of-a-man-1(1).jpg,portrait,1,sandro-botticelli,train,87ea259a96fdbc2436fed6a82a039714e547ae012d1a6cfa08f372d4cf1ee824,ede4127381dd1e8a
data/private/portraitnet/portraits/sandro-botticelli_portrait-of-a-man-with-the-medal-of-cosimo-1474(1).jpg,portrait,1,sandro-botticelli,train,706046d27cfc5d8a682c3bb5e555ac71d26457e46b2a9179e18b52c2118a1d69,eca19353ca8f6c94
data/private/portraitnet/portraits/sandro-botticelli_portrait-of-a-young-man(1).jpg,portrait,1,sandro-botticelli,train,5fc3456f66d172b805f741c9708b7b375131c372a204921730075005b1d034bc,efeb1034b7d058a4
data/private/portraitnet/portraits/sandro-botticelli_portrait-of-a-young-man-1483(1).jpg,portrait,1,sandro-botticelli,train,e18f1e62c0ce54b87bb041a998d248613deb2e3855e13b01ac79f4507be1b7dc,cf4f6730321c31ce
data/private/portraitnet/portraits/sandro-botticelli_portrait-of-a-young-man-1483-1(1).jpg,portrait,1,sandro-botticelli,train,94c4016beaa639125d467ba58094406625bdfb4028dc035683d267c9a070d9e8,cecf33383c317119
data/private/portraitnet/portraits/sandro-botticelli_portrait-of-a-young-man-with-red-cap-1477(1).jpg,portrait,1,sandro-botticelli,train,145425b392996b7f905a418e3d5dfd194146b2910dba75ce678c5e6e254cd7f3,e6a55a1b91c30bcd
data/private/portraitnet/portraits/sandro-botticelli_portrait-of-a-young-woman(1).jpg,portrait,1,sandro-botticelli,train,5e480e721ec433b37cf38a6383d98072d0795640583230c0b1132ad2f9a25dfd,d6f2f39818878699
data/private/portraitnet/portraits/sandro-botticelli_portrait-of-a-young-woman-1(1).jpg,portrait,1,sandro-botticelli,train,461c4192f7713abef0edc7fe1d81616ed7cba3ca299b20ded23d08da6cc3eb01,adda63690c9c2ba6
data/private/portraitnet/portraits/sandro-botticelli_portrait-of-a-young-woman-1485(1).jpg,portrait,1,sandro-botticelli,train,449d72acbaf909663856536226cdbcdadb2d5fbd4b04834ce7207c8dfb124e95,9136e1496be41ee9
data/private/portraitnet/portraits/sandro-botticelli_portrait-of-dante(1).jpg,portrait,1,sandro-botticelli,train,aa7b4891a6c83f7695b8b9c68c9d03be86596d5c4402f9928842d1dded9275df,fa683ca4aab831bc
data/private/portraitnet/portraits/sandro-botticelli_portrait-of-simonetta-vespucci(1).jpg,portrait,1,sandro-botticelli,train,693a3b29c61c2c9d44da86ef9ec16cc3331f380cd83be451947a596c7ac595dc,d6f2f39819878259
data/private/portraitnet/portraits/sonia-delaunay_philomene.jpg,portrait,1,sonia-delaunay,train,6718eb329d763351fea91ee57a7171db714072de9ce587f63f61d93db65eacb6,aaa464923693b7c7
data/private/portraitnet/portraits/sonia-delaunay_portrait-of-philomene.jpg,portrait,1,sonia-delaunay,train,5d0b6b86f0d932b50f18d88d2cc807148a01bfaabc19225306317bc0dc6afb51,fa2cb781a392acca
data/private/portraitnet/portraits/spyros-papaloukas_self-portrait-1916.jpg,portrait,1,spyros-papaloukas,test,611f858690434be33af5256d54c88b8e051a99b148eb3a155d9028db80e78451,b4b163b393ce0d8c
data/private/portraitnet/portraits/spyros-papaloukas_self-portrait-detail-1.jpg,portrait,1,spyros-papaloukas,test,68f82777d6601d67f0bb5920fef64b4062d3772541e23f1455a37dfd3eff7884,9a1a7b0de3696c19
data/private/portraitnet/portraits/spyros-papaloukas_self-portrait-detail.jpg,portrait,1,spyros-papaloukas,test,962ece51e68282da364e7a4ade9ad7fb3109029bf6ad4b79ef00cf1034118344,b4713392331dcd99
data/private/portraitnet/portraits/spyros-papaloukas_self-portrait-early.jpg,portrait,1,spyros-papaloukas,test,c2a4d2471e0a56e495a76b61172ac2a1dab841b2ff5d236d90e01c392a24df8b,b03c65333363339b
data/private/portraitnet/portraits/spyros-papaloukas_self-portrait.jpg,portrait,1,spyros-papaloukas,test,18d9c586fa28742079509f2659be5c3a8a6bcfaf35d0b45de1e4f95e35c7de77,8a3af5b69bc083d8
data/private/portraitnet/portraits/stefan-luchian_alecu-the-literate-man.jpg,portrait,1,stefan-luchian,train,11cf6457d70419cb10477e06ee07b53c4675b6448612ae0e361d60d137844545,94d22b2556bbb1c9
data/private/portraitnet/portraits/stefan-luchian_jewish-man.jpg,portrait,1,stefan-luchian,train,ab5db2fde075a860d96c0d39e9cc909919d97fcc34eced35cf7bd67c7452fcb7,8e6938d26596879e
data/private/portraitnet/portraits/stefan-luchian_lica-cu-portocala.jpg,portrait,1,stefan-luchian,train,f75723f794230fb9d642ce38fb7720270905f32c08702838da6fa3fe218931c1,9869e686db98c16e
data/private/portraitnet/portraits/stefan-luchian_m-rioara.jpg,portrait,1,stefan-luchian,train,23c7663157f386fefea8cf4ac2448cbd04a01e04410d217c19c256f9faf8d6df,da34659a4cceb661
data/private/portraitnet/portraits/stefan-luchian_old-man-nicolae-the-fiddler-1906.jpg,portrait,1,stefan-luchian,train,0a50643a208813eacb8958016e2891a41820f84ec271059da1631385a42d419d,e9772122c6989b9b
data/private/portraitnet/portraits/stefan-luchian_peasant-woman-1896.jpg,portrait,1,stefan-luchian,train,1b4e3251e8549db50d7e51a50cc5ddcb9ec36fa7e3f24df5755e8c46a993b6c9,9b6aa41c63b459e3
data/private/portraitnet/portraits/stefan-luchian_peasant-woman-with-yellow-headscarf-1905.jpg,portrait,1,stefan-luchian,train,876101511a604b015b7c737bae5a6d3013790a4dfd3474da65614902ecbe5d13,b9b8c6c686c3c59a
data/private/portraitnet/portraits/stefan-luchian_self-portrait-1.jpg,portrait,1,stefan-luchian,train,53e4322eb7c051ec896e29ae13d55b7265c5a851f14ae3da8f184b42ea10528a,cc37f02693cf4cc2
data/private/portraitnet/portraits/stefan-luchian_self-portrait.jpg,portrait,1,stefan-luchian,train,1fbc33d87f71ab41f585f707c8d7cfefab3d4bfd987e44b0ad3357729e1968fe,926d6d36a4599a96
data/private/portraitnet/portraits/suzanne-valadon_portrait-of-a-woman-1917.jpg,portrait,1,suzanne-valadon,train,691387466472291e1d9c90a479d26f9b04006e554cb551bc4083bcef8aea8a8d,d22f31d6538f28c6
data/private/portraitnet/portraits/suzanne-valadon_self-portrait-1927.jpg,portrait,1,suzanne-valadon,train,37d81b4443eff2bfc46459efa0544fea3b32f967eba2b2f4c4f0b57a06ca86c2,c4e43b3397e16256
data/private/portraitnet/portraits/suzanne-valadon_self-portrait-1938.jpg,portrait,1,suzanne-valadon,train,91974aceede8dad490fbc1aa36663f9725d092519445175b44cb63a6cfe70d51,a63f7b3092f27881
data/private/portraitnet/portraits/tarsila-do-amaral_blue-hat-1922.jpg,portrait,1,tarsila-do-amaral,val,e445f210ad0ec9398241e1c3ec78a5c54875bd630110b6a9b9a10c6193d04c8d,d8b960a6c6e6e159
data/private/portraitnet/portraits/tarsila-do-amaral_portrait-of-mario-de-andrade.jpg,portrait,1,tarsila-do-amaral,val,b1309d3c97c15fc8924c611e1c45d2f687d67008dc62da23fec0245ef6d13df5,ed841c79a93632f1
data/private/portraitnet/portraits/tarsila-do-amaral_portrait-of-oswald-de-andrade-1922.jpg,portrait,1,tarsila-do-amaral,val,fa6ca11da503e5156249dc0e2ee2ba68bef69fbc9c5aef831058c302280d87cb,eda42679c38693c9
data/private/portraitnet/portraits/theo-van-doesburg_self-portrait-1911.jpg,portrait,1,theo-van-doesburg,train,30d9ec38cf63f32ab27fc5ec2b56d5578b3c7c2cf97372c7c6bd308c93282aeb,c9897c2cd13136de
data/private/portraitnet/portraits/theo-van-doesburg_self-portrait-1913.jpg,portrait,1,theo-van-doesburg,train,13a096f9cdfb2777afeafa04f192cccf3960d15e6fa58a45a4410c7e9d81c7fa,adf912e03087f39a
data/private/portraitnet/portraits/theo-van-doesburg_self-portrait-with-hat-1909.jpg,portrait,1,theo-van-doesburg,train,17ceba7246bc80ddae4c6fdde4cafe302009e63909872d27818b12bac6cc3088,afb474a71052d38d
data/private/portraitnet/portraits/theo-van-rysselberghe_andre-gide-at-jersey-1907.jpg,portrait,1,theo-van-rysselberghe,test,ad641ac0ffd53c24aed297748db233faa9f9a28b7a06f14e6aa33684a1dd2193,f9ad40c29f1d43e2
data/private/portraitnet/portraits/theo-van-rysselberghe_denise-marechal-1892.jpg,portrait,1,theo-van-rysselberghe,test,b57b837fa8e89b1b48587b393dfd8cdb8505cbdd1f2e249c0c60510d86b613d6,cec77198b34c8c33
data/private/portraitnet/portraits/theo-van-rysselberghe_dr-auguste-weber-1892.jpg,portrait,1,theo-van-rysselberghe,test,7134646ba59ab56c58e73f750d3e8525295028cce5ab710ba7629a7b420ffa56,84ce313363397cc7
data/private/portraitnet/portraits/theo-van-rysselberghe_emile-verhaeren-writing-1915.jpg,portrait,1,theo-van-rysselberghe,test,2e41cbb79cdc0f008f29d605bf19c4e42043c7a53d0faee6b2f657f267670ae7,d830d663b8cfb988
data/private/portraitnet/portraits/theo-van-rysselberghe_girl-in-green-1892.jpg,portrait,1,theo-van-rysselberghe,test,a82fe95d79098094325ebbc06649603ac45259f7d4a94a0d12eeae4d636fd4a3,bc83f3263684c9b5
data/private/portraitnet/portraits/theo-van-rysselberghe_madame-theo-van-rysselberghe-1907.jpg,portrait,1,theo-van-rysselberghe,test,469fd438eb82ca7cee3c6a27ea0306ba8186c3a24dfb4b078d4754b8d6915fa6,c26f78b0175aec25
data/private/portraitnet/portraits/theo-van-rysselberghe_madame-van-rysselberghe-in-a-chedkered-bow-tie-1918.jpg,portrait,1,theo-van-rysselberghe,test,e233fa504b3441c8f83ffc987192a4403bc2ed21474c19e7742764ed162e5092,9933268d6c66396e
data/private/portraitnet/portraits/theo-van-rysselberghe_madame-von-bodenhausen-with-her-daughter-luli-1910.jpg,portrait,1,theo-van-rysselberghe,test,9a5969ee19128a231676701915c4f708aa7990d737a3c3847ca8a62bbb80eedd,e19e71134bca46ae
data/private/portraitnet/portraits/theo-van-rysselberghe_margery-1899.jpg,portrait,1,theo-van-rysselberghe,test,4b9014148782da3e7abfcd1eca2edb00ad8695b4c495ed8ad9f530b38f4f02e3,c59c3be11a8e78c5
data/private/portraitnet/portraits/theo-van-rysselberghe_maria-van-rysselberghe-in-jersey-1907.jpg,portrait,1,theo-van-rysselberghe,test,f3a095c7bda83f222381e7fc1946ef1d094cd88a2ce7c04dab6c135b3d998cb9,917b6de44aa39343
data/private/portraitnet/portraits/theo-van-rysselberghe_maria-van-rysselberghe-with-crossed-arms-1913.jpg,portrait,1,theo-van-rysselberghe,test,a68a8f1200aca7ce59fa9c8dbe5fd799efd59ee18ca9c84162de053b092719a7,9be0449f2665f25a
data/private/portraitnet/portraits/theo-van-rysselberghe_portrait-of-andre-gide-1908.jpg,portrait,1,theo-van-rysselberghe,test,d001c4e034313242353e8c5bbff3be5b681a4a1bce934ae2d0ded5862eed0c04,8cd963264e691eda
data/private/portraitnet/portraits/theo-van-rysselberghe_portrait-of-daisy-weber-1907.jpg,portrait,1,theo-van-rysselberghe,test,991809d7d16b593c6a77e770317489038ffd2bd345051a79b3655270a2653dec,b22dda6bb924c4c6
data/private/portraitnet/portraits/theo-van-rysselberghe_portrait-of-elizabeth-van-rysselberghe-1926.jpg,portrait,1,theo-van-rysselberghe,test,67541cb7cbc5b4969ca7f48af9b7876a0b6a3a4e3845eae0aa1c00c072d3a482,bbed131a2c24c6ce
data/private/portraitnet/portraits/theo-van-rysselberghe_portrait-of-elizabeth-van-rysselberghe-seated-with-her-hands-on-the-table-1915.jpg,portrait,1,theo-van-rysselberghe,test,6f583a904676a93ca09131142681e7b6e0726f6ab8a1e681d5be492bac0a61ed,8e7a788798a43b93
data/private/portraitnet/portraits/theo-van-rysselberghe_portrait-of-else-lampe-von-quita-1911.jpg,portrait,1,theo-van-rysselberghe,test,58d1fefb5ffcdce663919c7e860ddc509d654b74ac666a1560363226aba52d37,e5bc123379899d4a
data/private/portraitnet/portraits/theo-van-rysselberghe_portrait-of-emile-verhaeren-1892.jpg,portrait,1,theo-van-rysselberghe,test,658ec8f8f192d0f6bd1173182a9a779537cd1e745258ae545cbcc5c346ae632c,d599e784761ee214
data/private/portraitnet/portraits/theo-van-rysselberghe_portrait-of-madame-goldner-max-and-her-daughter-juliette.jpg,portrait,1,theo-van-rysselberghe,test,70ad05da9fa5e3a559ac60465113ef8e3ab662ddadc0e0dc43b4af0e4227fb0f,9853672ec76c34d2
data/private/portraitnet/portraits/theo-van-rysselberghe_portrait-of-madame-monnon-1919.jpg,portrait,1,theo-van-rysselberghe,test,26a1dbcecd1ac345ccb87fc6f0d7c0862dfba6fc292fae69e32536ed51e14293,cdac3362533265b6
data/private/portraitnet/portraits/theo-van-rysselberghe_portrait-of-madame-monnon-the-artist-s-mother-in-law-1900.jpg,portrait,1,theo-van-rysselberghe,test,5bd4732bc680f4113f986ecbe5b8759bf8dd7ae8dcfdc01d2e7e763c858e38fa,8d8d377185f12707
data/private/portraitnet/portraits/theo-van-rysselberghe_portrait-of-maria-van-rysselberghe-1919.jpg,portrait,1,theo-van-rysselberghe,test,707fc8323c5ae135e873495dfc3719e0d222b3c1f38c00ec66ed2932ed9dbc6d,abf0508fbe5ca1c4
data/private/portraitnet/portraits/theo-van-rysselberghe_portrait-of-maria-van-rysselberghe-1926.jpg,portrait,1,theo-van-rysselberghe,test,2b9c44c9fd58d944c987270427ea8b77aa35fe05a27372d8298bdedf94dbaa1b,bb3ded61c4a0a195
data/private/portraitnet/portraits/theo-van-rysselberghe_portrait-of-maria-van-rysselberghe.jpg,portrait,1,theo-van-rysselberghe,test,d528084ecc90645d0b157dd8258e02bed5056becc5d782c1e7dc8f0b2782d3be,d1366b2e2ee1641b
data/private/portraitnet/portraits/theo-van-rysselberghe_portrait-of-mathilde-vereeken-1891.jpg,portrait,1,theo-van-rysselberghe,test,37fc586cc13edc5c374d828f9c17055d3cbe13297648979622a0ff964b8d83a5,c81f5379273a70e1
data/private/portraitnet/portraits/theo-van-rysselberghe_portrait-of-mme-van-rysselberghe-1907.jpg,portrait,1,theo-van-rysselberghe,test,4f3b38f74d3430e35e41d1a3618f0b6fdcee19027b43f588dd7572ea2d4981bc,e92da496316dc43b
data/private/portraitnet/portraits/theo-van-rysselberghe_roger-martin-du-gard-1926.jpg,portrait,1,theo-van-rysselberghe,test,6e4b56e14f6e5a6d93ed752815fee769804985b83c7a3c6ab0b9296dbf7ad656,dfa7e681406f7848
data/private/portraitnet/portraits/theo-van-rysselberghe_self-portrait-in-a-green-waistcoat-1924.jpg,portrait,1,theo-van-rysselberghe,test,016dd1faacc6842245143344257ac2a0fe112ee480ae28f6ffeaa60a18e5117f,beb5941e2b78e811
data/private/portraitnet/portraits/theo-van-rysselberghe_self-portrait-with-palette-1916.jpg,portrait,1,theo-van-rysselberghe,test,6566d2bc813eff2f0b1bb807ad70cb61e2fca254df8b01dfb4582fe5537d23d5,ebd20cd29b26c6d1
data/private/portraitnet/portraits/theodor-pallady_self-portrait.jpg,portrait,1,theodor-pallady,val,607fbbc1e4e56cc8d5aadca9dcb85a3c37793bfd49fcb9271edcd35c3904bdb2,d95e32a47d683166
data/private/portraitnet/portraits/theophrastos-triantafyllidis_figure-with-hat.jpg,portrait,1,theophrastos-triantafyllidis,test,e120ab41b76ad55d4b78efdc6012de02b534d9cc378fc996215908adb3155b93,be35d043c0c96dc7
data/private/portraitnet/portraits/tintoretto_portrait-of-a-man-aged-twenty-six-1547.jpg,portrait,1,tintoretto,train,b10132f0f31d29b1717b373611ed8d7f6a90860dde572194a749da00c578d3f5,ccbee02c61b33333
data/private/portraitnet/portraits/tintoretto_portrait-of-a-man.jpg,portrait,1,tintoretto,train,e1fa6d2381502afe4cd1cda7fe19d7d7432130ba4b847c29905d668115301a55,cccc833b7338a333
data/private/portraitnet/portraits/tintoretto_portrait-of-a-procurator-of-st-mark-s.jpg,portrait,1,tintoretto,train,9a70ca2650eb9b28b93f79d9f9aeb88327c1075a1b2359b0a9faaf4956dc3cea,dc6a1cf3e1067361
data/private/portraitnet/portraits/tintoretto_portrait-of-a-senator-1.jpg,portrait,1,tintoretto,train,78adcd1b2d1744646a6091bd8b6946c4b305d0fbf1425ab353ff662cf84d3c40,8b2cd9667476c619
data/private/portraitnet/portraits/tintoretto_portrait-of-a-senator.jpg,portrait,1,tintoretto,train,3b6579631d29b6653314b77459274226fea61ba937d2c567c0c81ec3f33d8246,9b592466669ad69a
data/private/portraitnet/portraits/tintoretto_portrait-of-a-venetian-admiral.jpg,portrait,1,tintoretto,train,1224f95954b762c778b5fcc4340ca4a510339849ff53097519e4e68ff905b918,fcdc013333333333
data/private/portraitnet/portraits/tintoretto_portrait-of-a-venetian-senator-1580.jpg,portrait,1,tintoretto,train,aa6bc87beffc56252726e60863782a35607886a7d3da6f7bef584ea42f0a4af3,c4cc792633733761
data/private/portraitnet/portraits/tintoretto_portrait-of-a-white-bearded-man.jpg,portrait,1,tintoretto,train,3c6776d528244cca3ed54a76b7b0c6354da8d3c0de6e5ce9919c934a71ef333c,d9989b3332672cc5
data/private/portraitnet/portraits/tintoretto_portrait-of-a-woman-revealing-her-breasts.jpg,portrait,1,tintoretto,train,c0d6433c4c59f2874b0149fba41e777c36ae6f02a9560eb542252be00ef53c27,d373648e640edb89
data/private/portraitnet/portraits/tintoretto_portrait-of-a-woman.jpg,portrait,1,tintoretto,train,bcf3f85cb742b619cbef04cc6885e6a80cbd253cca25f806ee51b0b6b3921025,cd0fb03ab5133bc4
data/private/portraitnet/portraits/tintoretto_portrait-of-a-young-gentleman.jpg,portrait,1,tintoretto,train,890049c0492a9218ce0b2aa0e9c7be6554b79a6819b4b226e38bffcd5874b984,cc8cdcde33232333
data/private/portraitnet/portraits/tintoretto_portrait-of-a-young-man.jpg,portrait,1,tintoretto,train,6285ede7d7f8f9ddc9e708405497462e6e0ef1d649bffb9f7104dc5ae6023d39,d0e3ecec849d321b
data/private/portraitnet/portraits/tintoretto_portrait-of-agostino-doria-1553.jpg,portrait,1,tintoretto,train,9e4657bf6ec29432ea6eb4ea7f230995d14e878094de1a2cd4719bb27dd98737,8c9ddc4c23662773
data/private/portraitnet/portraits/tintoretto_portrait-of-alvise-cornaro-1565.jpg,portrait,1,tintoretto,train,fd33d2b3ce5799c56b4caac48bf13e9436769e543fb2ac03ce53091233ff9674,cec6ce5131397139
data/private/portraitnet/portraits/tintoretto_portrait-of-doge-pietro-loredan-1570.jpg,portrait,1,tintoretto,train,46369f86830784979d80ba3774d716f6bef4fc854fe67668d4f58a5db65c0f2b,921f68a457d67263
data/private/portraitnet/portraits/tintoretto_portrait-of-doge-pietro-loredano.jpg,portrait,1,tintoretto,train,9e92d83c98a16653e36dd6ac1b092ef83e9ff4451cffaa839f4f83444de49734,8c8c7573332dde84
data/private/portraitnet/portraits/tintoretto_portrait-of-giovanni-paolo-cornaro-1561.jpg,portrait,1,tintoretto,train,00bf52953d178b4d62930d1adbd79ac0a11eb4ef3496d448cf2e055156ea4a6c,8cac9a6273693373
data/private/portraitnet/portraits/tintoretto_portrait-of-jacopo-sansovino-1.jpg,portrait,1,tintoretto,train,31cc52d7027052ed40e4a047b7c7614ab8935e94b9c3b3cf8c1b9ac5894c9d6c,f9edcb0a060764f2
data/private/portraitnet/portraits/tintoretto_portrait-of-jacopo-sansovino-1571.jpg,portrait,1,tintoretto,train,aee0e68164304b2bf5af0cac9b1fb5f275a3083f7636c7c68fc0b54d0231eac9,cecc333338c73133
data/private/portraitnet/portraits/tintoretto_portrait-of-jacopo-sansovino.jpg,portrait,1,tintoretto,train,b21ed6b2a71f86973f9776a80939b8d8474e04c87235da30cf19885a4aec8f92,cb9e3c4963616566
data/private/portraitnet/portraits/tintoretto_portrait-of-jacopo-soranso.jpg,portrait,1,tintoretto,train,33171b79e7025a1addcd226bf18970121ab8e631d6c7722650c76a55cd67da5f,9d91a46666ccd999
data/private/portraitnet/portraits/tintoretto_portrait-of-nicolaus-padavinus-1589.jpg,portrait,1,tintoretto,train,d53577a56dfe39aef185e6923bc481feab334d3da63535bdc8df73a9309aadc3,ce9cdc0739633331
data/private/portraitnet/portraits/tintoretto_portrait-of-procurator-antonio-cappello.jpg,portrait,1,tintoretto,train,b7f9cb2fcc3e33f0d05a945a487aa2e0a93b1df5e9ceadedf75951ab29aea002,d9c90c267764da99
data/private/portraitnet/portraits/tintoretto_portrait-of-sebastiano-venier-with-a-page.jpg,portrait,1,tintoretto,train,4ae2b62a194427bf28d8f82592fe5cdd664a22adc0eb654f6d7212acc48d133b,93b2d24f6e4f4950
data/private/portraitnet/portraits/tintoretto_portrait-of-senator-marco-grimani-1583.jpg,portrait,1,tintoretto,train,1b9850be00a1a4f3f0cbe0a47a37ce95943f7c249f1dadc3db668f3c37b061e7,cd0c78e307f63067
data/private/portraitnet/portraits/tintoretto_portrait-of-the-sculptor-jacopo-sansovino-1570.jpg,portrait,1,tintoretto,train,ef68e0d999f3e955cddf2a178531df7b2e6cff2122c0e035c2c21918444915bc,cc8cb33331c73333
data/private/portraitnet/portraits/tintoretto_portrait-of-vincenzo-morosini-1580.jpg,portrait,1,tintoretto,train,a03ac18e85d05500663aa0780ab30a37694baa9f5f08074bb922fa3c96e6aa3c,89a91472757637a6
data/private/portraitnet/portraits/titian_polyptych-of-the-resurrection-virgin-annunciate-1522.jpg,portrait,1,titian,train,26e9d89d5842d5aff17294b5888dcf77062e9a61760fd7e432c2e21a04eb1bf4,836f30318e68e3e7
data/private/portraitnet/portraits/titian_portrait-d-isabella-d-este-1536.jpg,portrait,1,titian,train,6c0c0ad41c4df6d2ad1d9c7f95fc178fa13f229faf12a85b8f1652f01b1f035b,8c8e617393a63c79
data/private/portraitnet/portraits/titian_portrait-of-a-bearded-man.jpg,portrait,1,titian,train,253d24c0ee5e4cc8275072d9360eba857b5f8008f6d1aea3b0dc305a9b0b74fa,968c964a293b3773
data/private/portraitnet/portraits/titian_portrait-of-a-girl.jpg,portrait,1,titian,train,1f220527626d7db387ebfe1728e6c1de5cd1dcfccc6d4b11e37f7172ce9af14f,9a3869869e733336
data/private/portraitnet/portraits/titian_portrait-of-a-lady-in-white-1555.jpg,portrait,1,titian,train,84a2f3f28f02a0ee6fbadbf6d5896bcffc8dceff275203785ffb78615b4ecef4,ce3c613636c3b139
data/private/portraitnet/portraits/titian_portrait-of-a-lady.jpg,portrait,1,titian,train,4806b2cc85c3dfc97d7eff940830c5e833de9749883375d64766cc37488b05ae,d8ed6993264e2333
data/private/portraitnet/portraits/titian_portrait-of-a-man-1508.jpg,portrait,1,titian,train,91848332b521be1cb25a90781d34716457e376ceeed3c17164f14057a2f7fca4,8c542397726bdd32
data/private/portraitnet/portraits/titian_portrait-of-a-man-1514.jpg,portrait,1,titian,train,eedd2baf39093f629a11422061a82f687bb9ff832309fe9e124429b990087499,fde0a61793134e62
data/private/portraitnet/portraits/titian_portrait-of-a-man-in-a-red-cap-1516.jpg,portrait,1,titian,train,195cde8270edffabd29dbd301779241fe5aa464f712f98c2b46b7d72236c44d8,86396ee391d95e24
data/private/portraitnet/portraits/titian_portrait-of-a-man-munich-1513.jpg,portrait,1,titian,train,d0ee44aa5a83677af269d671471c5f9a5334716ac180441b99d4c96e9a68b0ce,cd18732664cead72
data/private/portraitnet/portraits/titian_portrait-of-a-man-with-ermine-coat.jpg,portrait,1,titian,train,02f8b2ed727af3f8a6e281b88099dbb05eee1f0fb8fca3e621974d76994b2df7,8bac3c6331c7336c
data/private/portraitnet/portraits/titian_portrait-of-a-man.jpg,portrait,1,titian,train,9b4e23a93849eff2932a9218bfeb8805fbf1559aa8b17b3e6c6dd666303bd18c,99d83566e632c9cc
data/private/portraitnet/portraits/titian_portrait-of-a-musician.jpg,portrait,1,titian,train,77589d606c635706869387bfd93129d04bf52628c4417c94da38a1ac25dba54a,980df26793348bec
data/private/portraitnet/portraits/titian_portrait-of-a-painter-with-a-palm-tree-1561.jpg,portrait,1,titian,train,c11673a9a8644eef706b07cb490f6585f2be21b9df0fb121a050afdaaa4be5cc,bda999164b632647
data/private/portraitnet/portraits/titian_portrait-of-a-woman-1510.jpg,portrait,1,titian,train,2d2b267d66a6d4bd2612828fc86fa20c770bba831e64ee8e438daac73a2e9dbf,8867b7384807ce7b
data/private/portraitnet/portraits/titian_portrait-of-a-young-man-the-young-englishman.jpg,portrait,1,titian,train,4233b969fb10ce93e92f9cc120225f11393f23d818cde7a64e398e8550a48350,de988c336633638b
data/private/portraitnet/portraits/titian_portrait-of-a-young-woman-with-feather-hat.jpg,portrait,1,titian,train,ce98eb9d6e0289f7889b0c8a3be9b06eeb2c1fcefe9bb58b62b3c58e3f1bc791,cb343ae1673c61e4
data/private/portraitnet/portraits/titian_portrait-of-alfonso-d-avalos-in-armor-with-a-page.jpg,portrait,1,titian,train,877883201f107a3aaa38e9ee5792f5a838f6424f3dacb3bc790b0c73e0ef35d5,c94b2c3927663be2
data/private/portraitnet/portraits/titian_portrait-of-an-old-man-pietro-cardinal-bembo-1546.jpg,portrait,1,titian,train,3e1114da7dad9b10c0fe01e198eb309c648e5eac90d3b27a13dd0ebacedd3d26,cd4f708e3e303173
data/private/portraitnet/portraits/titian_portrait-of-antonio-anselmi.jpg,portrait,1,titian,train,898756a09c485be744ebebc52fca2440af7864d66aa12897668e8687d8222a30,cccccc7133333363
data/private/portraitnet/portraits/titian_portrait-of-aretino.jpg,portrait,1,titian,train,b2f26f7f6be148201996407064b27b3abb1ba9dba0beae825476bfbb442fab92,8e8e79293131ee39
data/private/portraitnet/portraits/titian_portrait-of-ariosto-1510.jpg,portrait,1,titian,train,44938998773d27d0a1158ab2e8d269944b4d7c61a05d33e179e2bac498247114,cdf0f3c6e4129949
data/private/portraitnet/portraits/titian_portrait-of-benedetto-varchi-1540.jpg,portrait,1,titian,train,acfbd08477540b70ebcd18526ac7b12b881a28668f8a42021799c673e8b9607d,a98d89946f6b3661
data/private/portraitnet/portraits/titian_portrait-of-cardinal-alessandro-farnese-1546.jpg,portrait,1,titian,train,e542aff8564d4ea81e62d4418a316bef3362d4feeb4a69acd6e30fe9c4962abc,c9399df022c736c6
data/private/portraitnet/portraits/titian_portrait-of-cardinal-cristoforo-madruzzo-1552.jpg,portrait,1,titian,train,3ccb91aef654a2f0bf79e8fe87a441396aa8c6cb52ba90ffc4c30424688ceeb4,fa8fc51ad0609da3
data/private/portraitnet/portraits/titian_portrait-of-count-antonio-porcia.jpg,portrait,1,titian,train,53caed7e0aae72a0472595a46028bc441e95357ae50ad5f2fcbd6b5d048242f4,aed64039795a39c9
data/private/portraitnet/portraits/titian_portrait-of-doge-andrea-gritti-1545.jpg,portrait,1,titian,train,0917886585d5abf65e4330bda72b420b888022884c19ebea82cb9ceddf0b4d0f,cc7978a636222fcc
data/private/portraitnet/portraits/titian_portrait-of-don-fernando-alvarez-of-toledo-grand-duke-of-alba.jpg,portrait,1,titian,train,b95fe4ef80f3f2d268f6e39e70e51fcfd0b607fefcdd3a473e4c300a779c3cb2,9d0c624db6326b67
data/private/portraitnet/portraits/titian_portrait-of-eleonora-gonzaga-1538.jpg,portrait,1,titian,train,c3186718e124f8fe931d4ba8b36f7d211324c15d29508fda4d4cf0f56e630554,b2f96d660a93b461
data/private/portraitnet/portraits/titian_portrait-of-fabrizio-salvaresio-1558.jpg,portrait,1,titian,train,163ff10fd56104a987d9042785f1faba64a5ed0b115ad8f9760fc0b894cc322f,8efcab2235237662
data/private/portraitnet/portraits/titian_portrait-of-federico-ii-gonzaga.jpg,portrait,1,titian,train,8b9215628abe64788802302e05328abb1705e3a9175e11e8efe61c448cebabe4,e10c1ce01b7fe237
data/private/portraitnet/portraits/titian_portrait-of-francesco-maria-della-rovere-1538.jpg,portrait,1,titian,train,0663f5c9e68306e4a5b9188b592a2dabb2900c4e02487c6691a1a51eae6b1fd4,febfdd7842a0208c
data/private/portraitnet/portraits/titian_portrait-of-francis-i-1539.jpg,portrait,1,titian,train,3594ca73cd6dbeea17ffe98c6bf779a59cac4cedc904a0908762ae9273d4db7d,cc1af339c6f00ef0
data/private/portraitnet/portraits/titian_portrait-of-giulio-romano.jpg,portrait,1,titian,train,d3ac90303a2f704abc2baacd35e8b6319e4b40abe03cb929429ed128160f5e24,e11f09e6f666060f
data/private/portraitnet/portraits/titian_portrait-of-ippolito-de-medici-in-a-hungarian-costume-1533.jpg,portrait,1,titian,train,55f096caf16fef7f15903dbfe29d38bb01a55e689530d57ca6551ff8f973eab4,9e4c3b73333330cc
data/private/portraitnet/portraits/titian_portrait-of-ippolito-riminaldi.jpg,portrait,1,titian,train,e59d8d2a21dedac5cbfd57fbbfc848cb879baec5bbc3e55625b51a111619d725,c88cdc63373363d1
data/private/portraitnet/portraits/titian_portrait-of-isabella-of-portugal-wife-of-holy-roman-emperor-charles-v-1548.jpg,portrait,1,titian,train,79c7c8ad6efbe06f1b2ce348003b1ac3c3ea7f73e4eefbe6edfb71c5bb898ab6,84ac3833724b75be
data/private/portraitnet/portraits/titian_portrait-of-jacopo-giacomo-dolfin.jpg,portrait,1,titian,train,1d8740c1c0492ed1a532a5ea208719f23b0a0b587533ad8a1f79471f779d06f6,e08dd02f7137621f
data/private/portraitnet/portraits/titian_portrait-of-jacopo-sannazaro-1518.jpg,portrait,1,titian,train,610c21cc2091078724931a63f6179e682e7fb11d98296b59f261228626a62cd5,cc8c6037d39b3372
data/private/portraitnet/portraits/titian_portrait-of-jacopo-strada-1568.jpg,portrait,1,titian,train,98ef4d4169e13ce2402b60dfcfb4721940cd8d1bd9cd8c05c16b77e971e5e05e,d48649e9360e8cfb
data/private/portraitnet/portraits/titian_portrait-of-laura-de-dianti.jpg,portrait,1,titian,train,a355c9579d2e5114b9e05161dce3a10b4175270fd90390a3f1ba4a4347ae38e2,c45c36f31b83347c
data/private/portraitnet/portraits/titian_portrait-of-lavinia-his-daughter-1561.jpg,portrait,1,titian,train,753aa330bc86175eb1f8e29efad31b5002022670b71e16488bd9726c9085b7c8,9c9934636692b973
data/private/portraitnet/portraits/titian_portrait-of-ludovico-beccadelli-1552.jpg,portrait,1,titian,train,8a74f9cc1fea96e4bbfe49f803cdd53fd6588c83c32f26054d26a7cd5781a6b5,946b9c6339d2e11e
data/private/portraitnet/portraits/titian_portrait-of-marcantonio-trevisani-1554.jpg,portrait,1,titian,train,83821697f9897c8e3e853f5f2fb2609cff2f43854d95eceb95f46af533a9e95a,cc1e7cc162793572
data/private/portraitnet/portraits/titian_portrait-of-nicolas-perrenot-of-granvelle.jpg,portrait,1,titian,train,f17ce7b9daaf1496132805117c24fa396b3ca65c85034e211a75f1533401a9da,fc889d3372374227
data/private/portraitnet/portraits/titian_portrait-of-philip-ii.jpg,portrait,1,titian,train,5231ddccb8d2bdf46205434ae304ab44a221e8676cf6591a7ce202bd91897d2e,8db471936eb3604b
data/private/portraitnet/portraits/titian_portrait-of-pietro-aretino-1.jpg,portrait,1,titian,train,9961d81ed4289c79749a1c0b63576ce2db18b96faa3976984103672a19215471,84add9b26b336698
data/private/portraitnet/portraits/titian_portrait-of-pietro-aretino.jpg,portrait,1,titian,train,f9997c76cd002665daf7351d807953b870bde60ed8a0b5c88f7a5a8ef6c17fea,855c588e33b56733
data/private/portraitnet/portraits/titian_portrait-of-pietro-bembo.jpg,portrait,1,titian,train,ac20714589eded46dddcb915bdb66ceb29d5a1fc1e95c21a934b645af126e7de,cc2cbe71276e34c8
data/private/portraitnet/portraits/titian_portrait-of-pope-julius-ii-1546.jpg,portrait,1,titian,train,2951668e279aa4a17c219fc6abb2be6fb17cdc4c9677cf36e70fcfb78b0fc072,98789e673642ad56
data/private/portraitnet/portraits/titian_portrait-of-pope-paul-iii-1548.jpg,portrait,1,titian,train,0ea50ba5a939f90a966e46fee48e6b49cc8b46b03551477eda6d519f6557ef25,c95dae6436c1611f
data/private/portraitnet/portraits/titian_portrait-of-pope-paul-iii-cardinal-alessandro-farnese-and-duke-ottavio-farnese-1546.jpg,portrait,1,titian,train,fa06ca0987f33926f6232a25a6703c5ea8f6b155cacf4df4116932c0806de2dd,c532278d1ecc749b
data/private/portraitnet/portraits/titian_portrait-of-ranuccio-farnese-1542.jpg,portrait,1,titian,train,4cd0ca4c71cd40cb228c906de6fb5bd92de4e9493bf027980213c4d09d155382,ccce3338c3637331
data/private/portraitnet/portraits/titian_portrait-of-vincenzo-mosti.jpg,portrait,1,titian,train,2a3c02215858b072236bf915a76d8f2773bf713d3a65eb2c62d0e0c4272500bd,8dd831622776ce63
data/private/portraitnet/portraits/titian_profane-love-1515.jpg,portrait,1,titian,train,cca7f93f20029042ace22f627e51bc98679db8017d03c8af4d9b0a0a4c861a53,988d2e76b1037f70
data/private/portraitnet/portraits/valentin-serov_portrait-of-liudmila-mamontova-1894.jpg,portrait,1,valentin-serov,train,2735d202b19e84489d196ed5df20f8dd5d6a2fa90cb94059658a44a060ffb34d,a93dc2c69c98c3c7
data/private/portraitnet/portraits/valentin-serov_portrait-of-the-poet-konstantin-balmont-1905.jpg,portrait,1,valentin-serov,train,d8bd5aa7e5d25e3a77c52acfe0244682b5647465b058ebecfc181afe6ff22167,fee2831c7a03a1d3
data/private/portraitnet/portraits/valentin-serov_portrait-of-yevdokia-morozova-1908.jpg,portrait,1,valentin-serov,train,aaaa1495fca6528a701ea0c62db5995682af33cd8642955d935036211e835411,aa9637712bd99119
data/private/portraitnet/portraits/valentin-serov_portrait-of-yevdokia-morozova-detail-1908.jpg,portrait,1,valentin-serov,train,d37f0e03ee303710670eb6b03671ded1da9add38fc49f63089e87d758da21660,dc6a63b1629ca3cc
data/private/portraitnet/portraits/vasily-surikov_a-girl-with-braids-portrait-of-a-a-dobrinskaya-1910.jpg,portrait,1,vasily-surikov,train,915fb56bff26e72ad0c0346186f4c57f0422196f0ecb442ff386d4a834865015,a8c1631c82de73fa
data/private/portraitnet/portraits/vasily-surikov_portrait-of-woman-with-yellow-background-1911.jpg,portrait,1,vasily-surikov,train,622b4942c4c996497232737958c1977ec25cd70afe117c75a3ee6f1ed4f5ebb7,d46b6ea524849b9b
data/private/portraitnet/portraits/vasily-surikov_portrait-of-young-woman-1911.jpg,portrait,1,vasily-surikov,train,f0ee05d234c8404f5e19132be43006b046de1875a628e61e5cbd62db26ab0323,da806ca727d69565
data/private/portraitnet/portraits/victor-borisov-musatov_autumn-mood-1901.jpg,portrait,1,victor-borisov-musatov,val,246769527dbc8a593b6abe99b5e6dc3328a0eb309bd091adbb83310e6f96b04b,bf91c90f8523c95c
data/private/portraitnet/portraits/victor-borisov-musatov_boy-in-the-garden-1898.jpg,portrait,1,victor-borisov-musatov,val,9f712b1fab1ba51ee0c4c6381017ba7df1ee97586c422a4f9202829872edc604,924f2576237b8d8c
data/private/portraitnet/portraits/victor-borisov-musatov_boy-seated-1901.jpg,portrait,1,victor-borisov-musatov,val,541fe3dcc0954eea57aec62bd877994b82436729d6b4696a71d31080697d2392,cb47d89ada49c9a1
data/private/portraitnet/portraits/victor-borisov-musatov_portrait-of-a-lady-1902.jpg,portrait,1,victor-borisov-musatov,val,93f82c859ffb56306fe2551a7404a0e8249922a765a20f6a705f9b09d326b0a6,b97cc7c1ccd29a88
data/private/portraitnet/portraits/victor-borisov-musatov_portrait-of-nadezhda-staniukovich-1903.jpg,portrait,1,victor-borisov-musatov,val,96994903a3a1a753354857cde6b9d04e26f95a0e3d10bbbf24f5345522768345,c36c61d5c38d64a7
data/private/portraitnet/portraits/victor-brauner_theo-brauner.jpg,portrait,1,victor-brauner,train,894a5527bb44bc2ddd355d40bc19cca92df95f31c55efb1dcf9d15a2c9927092,9bea343d6924366c
data/private/portraitnet/portraits/vincent-van-gogh_head-of-a-man(1).jpg,portrait,1,vincent-van-gogh,test,06b5c22fd17d91cedf6ab857e8f63408a7539ff0b6e9267c711e3e4a371aa7d2,cf6fa8b0b06283c7
data/private/portraitnet/portraits/vincent-van-gogh_head-of-a-man-1886(1).jpg,portrait,1,vincent-van-gogh,test,4cdcb9adb8ec4d1999e3cfdbd92d8f95b853fe622d87dee762575381625dde86,ad2d96937074f0c3
data/private/portraitnet/portraits/vincent-van-gogh_head-of-a-man-1886-1(1).jpg,portrait,1,vincent-van-gogh,test,21d2d5cf28d2b4a9ff1231cc757ee62ac3e0d5f559fdfe179d705c25652c1755,fc55e078c78689c5
data/private/portraitnet/portraits/vincent-van-gogh_head-of-a-man-4(1).jpg,portrait,1,vincent-van-gogh,test,208006c26f10e81ba3168acbb678f5fdfb68cc640ea6dcb296ba6ae8d58d6a56,af2fc4b0b0d2f3c0
data/private/portraitnet/portraits/vincent-van-gogh_head-of-a-man-possibly-theo-van-gogh-1887(1).jpg,portrait,1,vincent-van-gogh,test,a3a618742edc3ea1769bb084d7a16fd9c016675642425594604a2cf08010125f,fe96217abc61ca21
data/private/portraitnet/portraits/vincent-van-gogh_head-of-a-man-with-hat-1886(1).jpg,portrait,1,vincent-van-gogh,test,afdf1bdc286eade9a82c95e4dee16e5d439a28067d58597ea39011ce1f874f42,bb3fe5ac81c0603b
data/private/portraitnet/portraits/vincent-van-gogh_head-of-a-woman-with-her-hair-loose-1886.jpg,portrait,1,vincent-van-gogh,test,33a74ade05265e7905f58cd999c9c9cae6a67f2e5d3e25fd45504be5e2c70cdf,bb5806319c6379e6
data/private/portraitnet/portraits/vincent-van-gogh_italian-woman-agostina-segatori-1887.jpg,portrait,1,vincent-van-gogh,test,8b3221c96dcaa5e4508bee1dbb54e5c4bb74b432539dc48a42d0316bcfe2f48b,f7d14a6c0e197163
data/private/portraitnet/portraits/vincent-van-gogh_joseph-etienne-roulin-1889.jpg,portrait,1,vincent-van-gogh,test,1aa66bd3c585a5e890e877db6c5bea2120e8fadfe260ac036e589ca3b4623651,f4941badc56b2076
data/private/portraitnet/portraits/vincent-van-gogh_l-arlesienne-portrait-of-madame-ginoux-1888-1.jpg,portrait,1,vincent-van-gogh,test,5f4fabb2bdb364450f039f314c65af7158cb888bf92345785267915cf2e80242,ecb592be48e91ce0
data/private/portraitnet/portraits/vincent-van-gogh_l-arlesienne-portrait-of-madame-ginoux-1890-1.jpg,portrait,1,vincent-van-gogh,test,40ef85f371ab8bddd0549f0f09fb48ed391dec6c2332f44209298be9b0edf770,e9f6430adec49899
data/private/portraitnet/portraits/vincent-van-gogh_portrait-of-a-man-1888.jpg,portrait,1,vincent-van-gogh,test,bb6eee0c508cfaa06ea87d02d7527da7979ca6f60e041d27987bdd72ff289b87,f3a01edb851cd8ac
data/private/portraitnet/portraits/vincent-van-gogh_portrait-of-a-man-with-a-skull-cap.jpg,portrait,1,vincent-van-gogh,test,6d28cf1f0e9b76e3cb6f6529ddc8117be35a0a988652a98aa20a0be6f9463ecb,e0b6194fc9905ece
data/private/portraitnet/portraits/vincent-van-gogh_portrait-of-a-man.jpg,portrait,1,vincent-van-gogh,test,7529b63a010b5333722b15c90c1159300f1841ec190975dc96032d610c643ce3,ec8730d25b8c8dcd
data/private/portraitnet/portraits/vincent-van-gogh_portrait-of-a-one-eyed-man-1888.jpg,portrait,1,vincent-van-gogh,test,8c7ef1d95a817e7cc5a12a3e312859c8162ded1cdac478bd84286314bc8eab8d,cf8f38323ea093c9
data/private/portraitnet/portraits/vincent-van-gogh_portrait-of-a-patient-in-saint-paul-hospital-1889.jpg,portrait,1,vincent-van-gogh,test,d5b86fb154ed7bc3b4350ebd2c8dd274023927a830ec024b0b1056e8b7d9fe2c,cbc27cbc2e2c2d1c
data/private/portraitnet/portraits/vincent-van-gogh_portrait-of-a-woman-1887.jpg,portrait,1,vincent-van-gogh,test,bcf63b4c82789fb344716d4540824e71a782ce423b423787b83004b053369951,9a92656dd89a3599
data/private/portraitnet/portraits/vincent-van-gogh_portrait-of-a-woman-madame-tanguy.jpg,portrait,1,vincent-van-gogh,test,9d0db8e13820e8592147674cac852b9998bf86faaf64a6906a5083e1cce716e8,cb87743c83b44aa7
data/private/portraitnet/portraits/vincent-van-gogh_portrait-of-a-woman-with-a-red-ribbon-1885.jpg,portrait,1,vincent-van-gogh,test,6050f04cf66c0ec432b8d778a4a4de32908bff2d9dbca9b7e6c0f369826929d8,9e68a7b552ce2433
data/private/portraitnet/portraits/vincent-van-gogh_portrait-of-a-young-peasant-1889.jpg,portrait,1,vincent-van-gogh,test,7e3d74dcc5554b02a3348d9edd0dbf780b170b3dbabff2c0d5541c5d44b48efd,bc6a8396369c6963
data/private/portraitnet/portraits/vincent-van-gogh_portrait-of-adeline-ravoux-1890-1.jpg,portrait,1,vincent-van-gogh,test,c0c8091f190d570ec51b1672b684428cd9dcee590eee1e554e04342310ff1a54,cc6fb36236136ab0
data/private/portraitnet/portraits/vincent-van-gogh_portrait-of-adeline-ravoux-1890-2.jpg,portrait,1,vincent-van-gogh,test,247a2a55d6fbf666708c34c5bf332f5db82c277703244234ba761dbfd32c9f02,c5013a365f9c31f9
data/private/portraitnet/portraits/vincent-van-gogh_portrait-of-adeline-ravoux-1890.jpg,portrait,1,vincent-van-gogh,test,cb9d7dfe2f936d5190e8dd4cd8b479374da4e9a5d2d76f81861bc6f6e8bf1f34,8ccfb76237366094
data/private/portraitnet/portraits/vincent-van-gogh_portrait-of-alexander-reid-1887.jpg,portrait,1,vincent-van-gogh,test,a911ea5fcf43436fe556cca0f54bc915751ca1e084c48d3f2c2b1710b5278426,c6a7383a30db499e
data/private/portraitnet/portraits/vincent-van-gogh_portrait-of-armand-roulin-1888-1.jpg,portrait,1,vincent-van-gogh,test,e71988e15e726279979d069282efa40d382587f507bb0e358b05c48993cff257,b478e386db8a8cd8
data/private/portraitnet/portraits/vincent-van-gogh_portrait-of-armand-roulin-1888.jpg,portrait,1,vincent-van-gogh,test,6e05dbf931e6d28fdc4b965a6d48bedb8478469b5ad34c306be473e4eca23c00,eca732c883d64e2d
data/private/portraitnet/portraits/vincent-van-gogh_portrait-of-camille-roulin-1888-1.jpg,portrait,1,vincent-van-gogh,test,ffe534129666ec3f9a549e89f5aeb9833b1daa2eea6c4489b0b26ab13bde4296,ed9b92c40d4acaa7
data/private/portraitnet/portraits/vincent-van-gogh_portrait-of-camille-roulin-1888.jpg,portrait,1,vincent-van-gogh,test,de4c1692ca960e3e91aeaa6069603705843075fdab3cfc47566e3aaf30e2a7c5,adb8d0d08c4b4bb7
data/private/portraitnet/portraits/vincent-van-gogh_portrait-of-doctor-gachet-1890.jpg,portrait,1,vincent-van-gogh,test,6bdeff986a72da56d297c3a96828a4643ff2516f41f1471c933df18abf9aebac,c7c6d433b3870c1e
data/private/portraitnet/portraits/vincent-van-gogh_portrait-of-doctor-gachet-a-man-with-pipe-1890.jpg,portrait,1,vincent-van-gogh,test,16aa0c71827ec210c63f481779149ffa5cd1df84a73abbcb37f413a5f535e7f5,f48187c487ded89a
data/private/portraitnet/portraits/vincent-van-gogh_portrait-of-dr-felix-rey-1889.jpg,portrait,1,vincent-van-gogh,test,d31b90b8884a663d5b1c7f46d3a1ab2bfab3ee1c3ee03181a035e814451b20b8,ddcc3230bb83cc99
data/private/portraitnet/portraits/vincent-van-gogh_portrait-of-eugene-boch-1888.jpg,portrait,1,vincent-van-gogh,test,f77720b74bc340f0a3d725c6f08d8302b4564c785438765f9cc444b08e7114bd,8f58e73178e2905e
data/private/portraitnet/portraits/vincent-van-gogh_portrait-of-madame-augustine-roulin-1888.jpg,portrait,1,vincent-van-gogh,test,2f45f1530631b72713449a79280dfd5af53a13ac2c997a43f729e7c203f969ed,fa8c6dd3a49112b6
data/private/portraitnet/portraits/vincent-van-gogh_portrait-of-madame-ginoux-l-arlesienne-1888-1.jpg,portrait,1,vincent-van-gogh,test,60b74acb776cca63e36ec90a11c82d618b13262f37961d7fe9018f209e0c2c43,ecf4128ed989bd06
data/private/portraitnet/portraits/vincent-van-gogh_portrait-of-madame-ginoux-l-arlesienne-1888.jpg,portrait,1,vincent-van-gogh,test,2819a7060f6c0fd6df0abb48f0f003189d8b44f7b43f6205c91c5f7584b1cbdf,f7a136c60edc88d8
data/private/portraitnet/portraits/vincent-van-gogh_portrait-of-madame-ginoux-l-arlesienne-1890.jpg,portrait,1,vincent-van-gogh,test,f5804e69e484b0e24cf1952aa3e1706871ccfe40151cf1572f72466b5f7d2b87,f9f5230ee6d0981c
data/private/portraitnet/portraits/vincent-van-gogh_portrait-of-madame-trabuc-1889.jpg,portrait,1,vincent-van-gogh,test,3ad001f47d9529d4923484ba0e1d47d0d54487ef862fefa77ed60436b92ae4ac,e9a55eca9d989a21
data/private/portraitnet/portraits/vincent-van-gogh_portrait-of-milliet-second-lieutnant-of-the-zouaves-1888.jpg,portrait,1,vincent-van-gogh,test,9c7d8d28f1ad041daba79601344fa653efa327c1f641a6853eb6c3c7d0fdee61,bca372ed824fac30
data/private/portraitnet/portraits/vincent-van-gogh_portrait-of-patience-escalier-1888-1.jpg,portrait,1,vincent-van-gogh,test,2e5e9ed1b3a678ee430b89172a5b98302da88226b8f20553ca7b9cdca9585890,eccd86caf89c3226
data/private/portraitnet/portraits/vincent-van-gogh_portrait-of-patience-escalier-1888.jpg,portrait,1,vincent-van-gogh,test,0d638faae7ba1535abfbe0fd87c3a2b8d9d164235e566c0301919513931f1b67,b74cb3604d76b116
data/private/portraitnet/portraits/vincent-van-gogh_portrait-of-patience-escalier-shepherd-in-provence-1888.jpg,portrait,1,vincent-van-gogh,test,8e2e4ab927d3f14ba7ed463544f6b6929a4b5a32a21486f7ce0d8661ad5a4cf1,cf48ed706933b294
data/private/portraitnet/portraits/vincent-van-gogh_portrait-of-postman-roulin-1888.jpg,portrait,1,vincent-van-gogh,test,3c85095ab96a1803e01f238bfc35b77daeab8250a7a90b98a591d3fb8453c314,b0f0460f9dca8bec
data/private/portraitnet/portraits/vincent-van-gogh_portrait-of-the-artist-s-mother-1888.jpg,portrait,1,vincent-van-gogh,test,8246291e8529e9f837010ae926bac8df1383c79b2543181e0bb90795dab70857,9fb770e0c6cb881c
data/private/portraitnet/portraits/vincent-van-gogh_portrait-of-the-postman-joseph-roulin-1888.jpg,portrait,1,vincent-van-gogh,test,fdbefaf367e1f8e470fb82c844b33716db5bb840c995859c0f3e4886fcf15326,f9e0068ed3d1de60
data/private/portraitnet/portraits/vincent-van-gogh_portrait-of-the-postman-joseph-roulin-1889-1.jpg,portrait,1,vincent-van-gogh,test,e17ca76dce688f351bd23965a533334cfaaec987b81a4fc8909600a10884e945,acb913aa9bde8825
data/private/portraitnet/portraits/vincent-van-gogh_portrait-of-the-postman-joseph-roulin-1889.jpg,portrait,1,vincent-van-gogh,test,51492bdc1c6af1f02fdb9ac7d1a6cc750acdd52e555232521fcdcb2972ec32b4,ad9073af8ddd6030
data/private/portraitnet/portraits/vincent-van-gogh_portrait-of-the-postman-joseph-roulin.jpg,portrait,1,vincent-van-gogh,test,3b3719eb40579bd450135d9c5fdd5fef8a3ff33137e8f486a9fe5092f2c7a409,e4b01bfb96cecc04
data/private/portraitnet/portraits/vincent-van-gogh_portrait-of-trabuc-an-attendant-at-saint-paul-hospital-1889.jpg,portrait,1,vincent-van-gogh,test,8a513c7674e4a516b5fe2443c353f21dd3cd631b04fe71e79e457a0e9df08736,a9a50e7e809f78c9
data/private/portraitnet/portraits/vincent-van-gogh_postman-joseph-roulin-1888.jpg,portrait,1,vincent-van-gogh,test,60902964c67b77f46c2cb95e27cc9b680889821928a463d5970fa9e1a524e4ae,bbb1f2811a2fb41a
data/private/portraitnet/portraits/vincent-van-gogh_self-portrait-1887-2.jpg,portrait,1,vincent-van-gogh,test,1afe39cf22c30ff54bb3ee13c263800c74384553c767ae22d337f104a9f04d61,cbd3246d3296bb88
data/private/portraitnet/portraits/vincent-van-gogh_self-portrait-1887-3.jpg,portrait,1,vincent-van-gogh,test,b0effa21a29ddc06fafb5643d617622e367389e481dc956db4294a3ae303bfd6,9d4bb03460b3d2cf
data/private/portraitnet/portraits/vincent-van-gogh_self-portrait-1887-4.jpg,portrait,1,vincent-van-gogh,test,c84f22c7b393d2ea2570e5fc970aceb3c774b6ef63f42d588890fd029c3634fa,8f59346963e471a6
data/private/portraitnet/portraits/vincent-van-gogh_self-portrait-1887-5.jpg,portrait,1,vincent-van-gogh,test,f0f29996315a5cd8af85a0a38baa08ef50fa1115029eba4620aeb71d8c5147b1,9e5e6b6165c78644
data/private/portraitnet/portraits/vincent-van-gogh_self-portrait-1887-6.jpg,portrait,1,vincent-van-gogh,test,9e2b28704605eab467efb5ac23e33928335d52c32e18e3709648ee6f62a20360,aed338b4f085c78a
data/private/portraitnet/portraits/vincent-van-gogh_self-portrait-1887-7.jpg,portrait,1,vincent-van-gogh,test,8d1bd00ae8647c206a439f1a5ce1cff1c1925ffd516cf2f00c4ca342a1887b38,cef1b679348b2186
data/private/portraitnet/portraits/vincent-van-gogh_self-portrait-1887-8.jpg,portrait,1,vincent-van-gogh,test,375c6d371c27a564ec649e624922f935c436f346691a39759deaf363f7256fbc,cb1f3465327232d9
data/private/portraitnet/portraits/vincent-van-gogh_self-portrait-1887-9.jpg,portrait,1,vincent-van-gogh,test,c40a56ef9edc6f7511b974468e17e4a9489147932f65fc58b385ca231bca091c,da9e296966646366
data/private/portraitnet/portraits/vincent-van-gogh_self-portrait-1887.jpg,portrait,1,vincent-van-gogh,test,318d406f67b8cf5e63405ed82dff6a463b892aa7c2e2b40b29eb59304f42de4f,d89c57e3782a25a5
data/private/portraitnet/portraits/vincent-van-gogh_self-portrait-1888-1.jpg,portrait,1,vincent-van-gogh,test,da66e43ceb517c7dea0eac96b58e5b31960c86470d1c53042ff6ca0c1ab5c506,ecb452c3a530e3e3
data/private/portraitnet/portraits/vincent-van-gogh_self-portrait-1888-2.jpg,portrait,1,vincent-van-gogh,test,b96ce2efc6d8e775a0436fe3ec5a5fe3a716821e8f6f8fa0afe00bb1325f80c6,9c93336c31664b37
data/private/portraitnet/portraits/vincent-van-gogh_self-portrait-1888.jpg,portrait,1,vincent-van-gogh,test,d3c17fd16f39948db2c9a1d12e77bf9e5f32a17bc1b51479aeb7ff351f5bdfaa,b6dc5133c1c9c7c8
data/private/portraitnet/portraits/vincent-van-gogh_self-portrait-1889-1.jpg,portrait,1,vincent-van-gogh,test,160c56003711f5b5012513425380b213c9535a0d9b04aaf8de8f0994777697fc,e1c10ec6f25ed859
data/private/portraitnet/portraits/vincent-van-gogh_self-portrait-1889-2.jpg,portrait,1,vincent-van-gogh,test,d3ba69c087a6dbb0b1c1928a493d2e65f3b4edcb128e95ba9a34d946fad93239,c8ad12726e9997c9
data/private/portraitnet/portraits/vincent-van-gogh_self-portrait-1889-3.jpg,portrait,1,vincent-van-gogh,test,01f6afec69906ae2959b2c9b67ec706f333a5ff004797a73f5cffd19203553ae,baa875e066b642ce
data/private/portraitnet/portraits/vincent-van-gogh_self-portrait-1889.jpg,portrait,1,vincent-van-gogh,test,260d2d37235d0532978f3e4e77909ce0d7dbda1d630343880a22371fec29ab26,9a8875e4a67703ce
data/private/portraitnet/portraits/vincent-van-gogh_self-portrait-as-an-artist-1888.jpg,portrait,1,vincent-van-gogh,test,12407428ef8492ba8c4bb8de34ea165c9abc86267fff16a58940cb92ffd62b38,b6f2480d62d373c9
data/private/portraitnet/portraits/vincent-van-gogh_self-portrait-dedicated-to-paul-gauguin-1888.jpg,portrait,1,vincent-van-gogh,test,09c4ba89c0cb43574e91efea9032e18da9a43872cc24f654a866000bd00ff89e,aed3289c732486f3
data/private/portraitnet/portraits/vincent-van-gogh_self-portrait-with-a-grey-felt-hat-1887.jpg,portrait,1,vincent-van-gogh,test,0a75968baa627290a7e1d8349eb8c7205d4608d3a3bad135d1c65a5f9af2fab0,9c91664d1b9e1d35
data/private/portraitnet/portraits/vincent-van-gogh_self-portrait-with-a-japanese-print-1887.jpg,portrait,1,vincent-van-gogh,test,7156abbbc5af53f0030addf8294678dd0a295101bc03036040d5511b68372e50,aeb75829b14bc5d0
data/private/portraitnet/portraits/vincent-van-gogh_self-portrait-with-bandaged-ear-1889-1.jpg,portrait,1,vincent-van-gogh,test,9c28ef4abdf12d6e1424228003b5a7ae5a419d3c72a0f514af863cb32c975ba8,c5b032cec3983d3d
data/private/portraitnet/portraits/vincent-van-gogh_self-portrait-with-bandaged-ear-1889.jpg,portrait,1,vincent-van-gogh,test,746b31693d16d915fe04bd3426fa664f9b39aab1aa8a0e3d03e61354f0d3af89,b4f412cdc5cb8d1c
data/private/portraitnet/portraits/vincent-van-gogh_self-portrait-with-dark-felt-hat-1886.jpg,portrait,1,vincent-van-gogh,test,dad5522d1fc23d79237df552b1c5969b97fde7ae968466bbfbfb150ec5d7c851,9d696630d38f0d3c
data/private/portraitnet/portraits/vincent-van-gogh_self-portrait-with-dark-felt-hat-at-the-easel-1886(1).jpg,portrait,1,vincent-van-gogh,test,eca8de64d0bd48fa52ef473ad2abeda723ce65ed2f8c38092dab09d2db1989b5,bab0c17b51cc9ec8
data/private/portraitnet/portraits/vincent-van-gogh_self-portrait-with-felt-hat.jpg,portrait,1,vincent-van-gogh,test,ec7a96ab5a8d5ac8025364a09be1d94deab2b1ae89bb2a172ff87b42d23db93b,dc37647a67a43360
data/private/portraitnet/portraits/vincent-van-gogh_self-portrait-with-gray-felt-hat-1887.jpg,portrait,1,vincent-van-gogh,test,0ed51032facad2186123160384ad59ce29ee19486936862f5e246038062b7460,a9c48ecf3126e473
data/private/portraitnet/portraits/vincent-van-gogh_self-portrait-with-pallette-1889.jpg,portrait,1,vincent-van-gogh,test,0d8b78cf045326c22b9db0556d4560bd6be8e6412a3fe0bbd241c6d25dc6c873,8c9865357067f473
data/private/portraitnet/portraits/vincent-van-gogh_self-portrait-with-pipe-and-glass-1887.jpg,portrait,1,vincent-van-gogh,test,6545f3f1ff69a730d6635de156d8ac5f469f5dfb8409dcdaade662264ff5accb,99f92666cd439c58
data/private/portraitnet/portraits/vincent-van-gogh_self-portrait-with-straw-hat-1887-1.jpg,portrait,1,vincent-van-gogh,test,17fd02688bcc6d8672cc93e7ccb69e403f10a54e2f2175b02c81666e2a608107,98cd27792d272687
data/private/portraitnet/portraits/vincent-van-gogh_self-portrait-with-straw-hat-1887-2.jpg,portrait,1,vincent-van-gogh,test,84e7f76a09dd4e9792e2b8ba9888aa8b5ea51978911613624e86ed50ba0a26c0,c78f3a0e1778b0b2
data/private/portraitnet/portraits/vincent-van-gogh_self-portrait-with-straw-hat-1887.jpg,portrait,1,vincent-van-gogh,test,3bb1910aa82ed0e50aa954d067139b0d3c9f533ff9f7c37afd66d042cb8d2f49,e82c8ee378cc3636
data/private/portraitnet/portraits/vincent-van-gogh_self-portrait-with-straw-hat-and-pipe-1887.jpg,portrait,1,vincent-van-gogh,test,5e1cdaa0ae9b4f98d0b53d24597d876c00143b55dde2e2dd3f3dc72003d43fe0,cb9c26793e712564
data/private/portraitnet/portraits/vincent-van-gogh_self-portrait-with-straw-hat.jpg,portrait,1,vincent-van-gogh,test,ea03df6e3ed98caed8e0b32021110e37804b645b84586e85377c57f05efd62bc,99ea6719730c6365
data/private/portraitnet/portraits/vladimir-borovikovsky_portrait-of-catherine-ii-empress-of-russia-1794.jpg,portrait,1,vladimir-borovikovsky,train,53f720975368196341923bb44e43da7521b7f234a7691340ffb61adaf0c8409a,d3e92406ecf39313
data/private/portraitnet/portraits/vladimir-borovikovsky_portrait-of-catherine-vasilevny-torsukovoy-1795.jpg,portrait,1,vladimir-borovikovsky,train,d448d6e6b308de2ac7d645a9fc16766f2eee8f18e015ff2034b2126a47a3e7a0,c9f9368678e701c9
data/private/portraitnet/portraits/vladimir-borovikovsky_portrait-of-count-alexander-kurakin-1802.jpg,portrait,1,vladimir-borovikovsky,train,192648c763ee17e5c49322881b10e7d8dde5a3c97ba7c35a18a3de5a2bbf251a,b9e91616ec78131b
data/private/portraitnet/portraits/vladimir-borovikovsky_portrait-of-count-g-g-kushelev.jpg,portrait,1,vladimir-borovikovsky,train,d9486fe1c0e586d00e9ae1beca1a57e71f3ecf6d05fd29c211e6998e7647be79,d3736ccc64b0630f
data/private/portraitnet/portraits/vladimir-borovikovsky_portrait-of-d-p-troschinsky.jpg,portrait,1,vladimir-borovikovsky,train,85ffec85985e4ede6873f2baa165c80594398f3fecd71861c035dac6640c20d4,dc9c23637326d09e
data/private/portraitnet/portraits/vladimir-borovikovsky_portrait-of-daria-semyonovna-baratoff.jpg,portrait,1,vladimir-borovikovsky,train,5d69d8fc5279765f8364898d475d47c3c631aefd2d246f867e2d95dbb655a990,c93d2117ecf07389
data/private/portraitnet/portraits/vladimir-borovikovsky_portrait-of-dmitry-levitzky.jpg,portrait,1,vladimir-borovikovsky,train,36b030fc7a4fd056bded0ec225e2061bfcaf608108e7617f9c41157ae8d33cfe,bbb4e625f04981ce
data/private/portraitnet/portraits/vladimir-borovikovsky_portrait-of-e-i-nekludova.jpg,portrait,1,vladimir-borovikovsky,train,f92cdedc8a2ebe6740b3ec5e4a7a6ef9edf6c7e79b43ac51efda274f4ed77c6a,d93923c633636c8d
data/private/portraitnet/portraits/vladimir-borovikovsky_portrait-of-e-n-arsenyeva.jpg,portrait,1,vladimir-borovikovsky,train,392c3d580f4b060259ec7c0ee335cf5437df9e2539e989147c868db91ceba76c,d97832d768246bc9
data/private/portraitnet/portraits/vladimir-borovikovsky_portrait-of-e-temkina-1798.jpg,portrait,1,vladimir-borovikovsky,train,bc0f0eefaeb1d8f1ff64cfb6fc9a6d0f0653e218bcecf1eb8025be9d8b00b2d3,c979268666351b97
data/private/portraitnet/portraits/vladimir-borovikovsky_portrait-of-ekaterina-aleksandrovna-novosiltseva.jpg,portrait,1,vladimir-borovikovsky,train,ed9f2436675a6f7dfc7a87bc125cd725ebdebcb3ae6fc41919c27a4e24e74f7a,cd3c33c67907cc4c
data/private/portraitnet/portraits/vladimir-borovikovsky_portrait-of-elena-alexandrovna-naryshkina-1799.jpg,portrait,1,vladimir-borovikovsky,train,d7cf91b0f7769e8b0a4a3e8bb7e153809c73b0fa72c329c33578a1c10ca56d97,d9f1259e76c5308c
data/private/portraitnet/portraits/vladimir-borovikovsky_portrait-of-elena-pavlovna.jpg,portrait,1,vladimir-borovikovsky,train,ab1004df36506ea42b46fd33a6a6abfa9dfb787f7f39ec5d710932bad6a66e07,9a6d2592866db993
data/private/portraitnet/portraits/vladimir-borovikovsky_portrait-of-emperor-paul-i-1800.jpg,portrait,1,vladimir-borovikovsky,train,272d9bf4b57124df3dbfea418d72f5fe4a9308134e8d1e08e91830232e21bedb,8c6c3363c1ce3bd8
data/private/portraitnet/portraits/vladimir-borovikovsky_portrait-of-empress-elisabeth-alexeievna-1795.jpg,portrait,1,vladimir-borovikovsky,train,0b050736d8e32e71d566ce4a1330858c8a89296e9a170e9e511b15ec0e7f346d,cd3d234639628ed9
data/private/portraitnet/portraits/vladimir-borovikovsky_portrait-of-empress-maria-fyodorovna.jpg,portrait,1,vladimir-borovikovsky,train,461808fa10dc8f7022e64dab1fc7c6535229d2894d5b872e845855cd37a83792,947a639768a59e61
data/private/portraitnet/portraits/vladimir-borovikovsky_portrait-of-f-a-borovsky-1799.jpg,portrait,1,vladimir-borovikovsky,train,8a6d9fb95202a634db54a4ff0dc71e18fa271910f0c4d7b1e4ad59e03bab9cf7,c8193666b3730de9
data/private/portraitnet/portraits/vladimir-borovikovsky_portrait-of-gavrila-romanovich-derzhavin-1811.jpg,portrait,1,vladimir-borovikovsky,train,b665fb999bde53585690ba5e9ccd5de943bff4c37bc5f934741c95358d0fa052,86ceb97978303173
data/private/portraitnet/portraits/vladimir-borovikovsky_portrait-of-general-adjutant-count-pyotr-tolstoy-1799.jpg,portrait,1,vladimir-borovikovsky,train,1ad04b7010fbadc5f653e96663a8066ddd3a1f3164c15d50b0a02b5b929798aa,d9f913266467469a
data/private/portraitnet/portraits/vladimir-borovikovsky_portrait-of-germaine-de-stael-1812.jpg,portrait,1,vladimir-borovikovsky,train,cb23902d7981f196bd6345312c509fe455e1c83ca6e44a07001a06aa2ed6cc89,c93d36824f6431db
data/private/portraitnet/portraits/vladimir-borovikovsky_portrait-of-grand-duchess-alexandra.jpg,portrait,1,vladimir-borovikovsky,train,5b5c800880e2c429d456360dce620dfd81f2b2c18eb8d11b0d2d73efa60648a1,996a27a6f2639c98
data/private/portraitnet/portraits/vladimir-borovikovsky_portrait-of-grand-duchess-maria-pavlovna-1800.jpg,portrait,1,vladimir-borovikovsky,train,5d0ecf5a83824d057ac2b3f3fb308a714b91578104d4d93ab0090ed893374e7f,da652f9671430c9b
data/private/portraitnet/portraits/vladimir-borovikovsky_portrait-of-grand-duke-konstantin-pavlovich-1795.jpg,portrait,1,vladimir-borovikovsky,train,08a666bfa710920e3a07d6974c8b0482f74172c473174c2eae0bc5ece2901a35,d999367326e698c2
data/private/portraitnet/portraits/vladimir-borovikovsky_portrait-of-khristofor-von-benckendorff-1797.jpg,portrait,1,vladimir-borovikovsky,train,bf403fe54587711dd732c1db9990fd8ec147c73008f3742cca86e4824a75bf69,bac81b34e3663d32
data/private/portraitnet/portraits/vladimir-borovikovsky_portrait-of-m-i-lopukhina-1797.jpg,portrait,1,vladimir-borovikovsky,train,2606038770d0becee06e632770b5cd217efd2f6cc399cef1b439297adb8b61a3,db7924867c27499a
data/private/portraitnet/portraits/vladimir-borovikovsky_portrait-of-martha-arbeneva-1798.jpg,portrait,1,vladimir-borovikovsky,train,604a8d38f76286dffc269cc3b109b3c0e9f74d300669eaea6893270c9f93a09b,d96903966b469ce6
data/private/portraitnet/portraits/vladimir-borovikovsky_portrait-of-murtaza-kuli-khan-brother-of-aga-mahommed-the-persian-shah-1796.jpg,portrait,1,vladimir-borovikovsky,train,64290988f2f0667b271e547bdfac3ce53beec69a68dff8c1151623a30e99e585,e19c1c3b497807f6
data/private/portraitnet/portraits/vladimir-borovikovsky_portrait-of-nikolai-sheremetev.jpg,portrait,1,vladimir-borovikovsky,train,943c3e1ddef9d87b3dfd01112e25a68595e61f00026d093b703ad64efc0b5b97,c1610e5ef8663dc9
data/private/portraitnet/portraits/vladimir-borovikovsky_portrait-of-olga-filippova-kuzminichna.jpg,portrait,1,vladimir-borovikovsky,train,d879f896f020f6440b3e5087889d171668d13a6bd4ecc649fc4897e8d2143d1b,897872e766a4c9d2
data/private/portraitnet/portraits/vladimir-borovikovsky_portrait-of-paul-i-1796.jpg,portrait,1,vladimir-borovikovsky,train,1a37e844bb0fcd635b5a55eab5cb52e82c0e2b1fe097a67f741f746f96b014ed,e5061af397cc5839
data/private/portraitnet/portraits/vladimir-borovikovsky_portrait-of-prince-a-b-kurakin-1799.jpg,portrait,1,vladimir-borovikovsky,train,f9995fe0b948b4d7df8c0cda2c622149d2b315efa4ee92d973265e5c4309da2f,cc6373d03498cbb5
data/private/portraitnet/portraits/vladimir-borovikovsky_portrait-of-princess-margarita-ivanovna-dolgorukaya.jpg,portrait,1,vladimir-borovikovsky,train,a3ed32cbd3c69e795edf39c926995758bafe865210f83b24616fa41d96cdc855,c42c3773ce87689c
data/private/portraitnet/portraits/vladimir-borovikovsky_portrait-of-princess-n-i-kurakin-1795.jpg,portrait,1,vladimir-borovikovsky,train,6425f64ee3453a60d6340cb6956abe4c0269282fa84940d6c1373a32e9d00f58,d93126d63c61bcc9
data/private/portraitnet/portraits/vladimir-borovikovsky_portrait-of-s-a-rayevskaya-1813.jpg,portrait,1,vladimir-borovikovsky,train,e73872c18d0204c51a6208943e6231500a1cd1459a12e074c2ad3bc399e919fa,9d6a239738c59c78
data/private/portraitnet/portraits/vladimir-borovikovsky_portrait-of-the-artist-dmitry-levitzky-1796.jpg,portrait,1,vladimir-borovikovsky,train,eadad5c04404ab09247a5ae2f53f7c926e9eb48254fd8c584ba695ca5d02a487,b937440e96799d68
data/private/portraitnet/portraits/vladimir-borovikovsky_portrait-of-the-author-alexander-labsin-1805.jpg,portrait,1,vladimir-borovikovsky,train,e4364c63314de661ed2d46c415217b2e130d4857234bca245dd456cc55fa6d3b,cc98332673738c73
data/private/portraitnet/portraits/vladimir-borovikovsky_portrait-of-the-russian-poet-evgeny-boratynsky-1820.jpg,portrait,1,vladimir-borovikovsky,train,2d906e8e464f5bfd9792dae47c762f7137766649dc99229b1410ba30d2592d14,c999442e63c6729f
data/private/portraitnet/portraits/vladimir-borovikovsky_portrait-of-the-russian-poet-gavril-derzhavin-1795.jpg,portrait,1,vladimir-borovikovsky,train,86748229e367a0da5cfba22bc5631bf8fe3cc8296bb9ad5d785952ce412522f4,9849253663b66ed9
data/private/portraitnet/portraits/vladimir-borovikovsky_portrait-of-torsukov-ardalyon-1795.jpg,portrait,1,vladimir-borovikovsky,train,9fd82a6becf22cf23084323b9afe09941897a6a903063fded899b6ef7532befb,d8f1270c79e70c39
data/private/portraitnet/portraits/william-h.-johnson_girl-in-blue-with-turban-deborah-1940.jpg,portrait,1,william-h.-johnson,train,09a384f020197b3f4e95108f79d9a4a646075183c0c4933e1a007345d74d6dcd,bcc2c98fd86c0d93
data/private/portraitnet/portraits/william-h.-johnson_woman-with-pink-blouse-in-yellow-chair-1940.jpg,portrait,1,william-h.-johnson,train,74100ffbfcb82e88bca24d561e4313000a5482efb661013a6efe950700ec0dd7,b6d03fc9c83b8649
data/private/portraitnet/portraits/william-merritt-chase_a-coquette.jpg,portrait,1,william-merritt-chase,train,677edbd260ac227d6f29287d0a9d2ed9983eec0551b6ca21c0f13de6083087b1,904f64b65278abcd
data/private/portraitnet/portraits/william-merritt-chase_a-portrait-study.jpg,portrait,1,william-merritt-chase,train,e1ef4c8461628ab9051ece767baf9dc401c3838c024ffae002491558e78d3fcf,bfb502f1d89ae160
data/private/portraitnet/portraits/william-merritt-chase_assyrian-girl.jpg,portrait,1,william-merritt-chase,train,1b3ad26282e824edbce9cdd9d5c3a21fb29e68cafe4fdf6c133ffcfb8999393e,944bb3f22bb6c00f
data/private/portraitnet/portraits/william-merritt-chase_man-with-bandana-1878.jpg,portrait,1,william-merritt-chase,train,b2777e1237a80b1e8ce25eda3e204442bb5f7ded21d1ca91548bce1b5d7d589f,98da276773246633
data/private/portraitnet/portraits/william-merritt-chase_my-baby-aka-cosy.jpg,portrait,1,william-merritt-chase,train,ea042782aa29ca6bc331ca6338dbd5dd0d998aab50e9eccbfe58a0085b247033,88b46373a3c8cfcc
data/private/portraitnet/portraits/william-merritt-chase_my-daughter-dorothy.jpg,portrait,1,william-merritt-chase,train,35810f61cea5e13bc5db5ef07a33d1e9763c326cf1933329ad3cb135bbaa3c74,aa7a93d31b9bc308
data/private/portraitnet/portraits/william-merritt-chase_portrait-of-a-lady-1.jpg,portrait,1,william-merritt-chase,train,4a2bef0081717e71dd9a7e80b2708fb8527d1a72272f2d1a2ac36ca8dab0f4b9,f1216cb3f6c2c6c8
data/private/portraitnet/portraits/william-merritt-chase_portrait-of-a-lady-in-a-white-dress-aka-miss-edith-newbold.jpg,portrait,1,william-merritt-chase,train,60c53fa46e8ebcdb8919115a94bd821dd19d7eb358661e2d6d360bf6f6b3f688,dc0afab3073ad885
data/private/portraitnet/portraits/william-merritt-chase_portrait-of-a-woman-2.jpg,portrait,1,william-merritt-chase,train,191996e0e74d28b1b2b2424385e474081a327b520d4745fa632ddbb83c1bb002,e43df1239b90479a
data/private/portraitnet/portraits/william-merritt-chase_portrait-of-a-woman.jpg,portrait,1,william-merritt-chase,train,ef6c69cf0a69463d8effa4f0655a8c31f2626d50387737a56054d6ccc86ed4e0,cc3d3af7055b1e80
data/private/portraitnet/portraits/william-merritt-chase_portrait-of-a-young-woman.jpg,portrait,1,william-merritt-chase,train,2047785f1cb2dec4a4f0ee2f453a0ee65dabbceaa42c7a3f12003cd58d8d9c2a,c03fb17127f88707
data/private/portraitnet/portraits/william-merritt-chase_portrait-of-clara-stephens-wearing-a-hat-with-an-orange-ribbon.jpg,portrait,1,william-merritt-chase,train,aab2861e365945e93e2e1db90d8f78ed8b127072f1773fd4a3a8907adebeb88b,c03f8f279cfc3026
data/private/portraitnet/portraits/william-merritt-chase_portrait-of-dorothy.jpg,portrait,1,william-merritt-chase,train,915011d21b07b6ca8c6484eb2d5a662cd027c086d51920d250e152caf2734f62,8d7ca3b37468c315
data/private/portraitnet/portraits/william-merritt-chase_portrait-of-elizabeth-betsy-fisher.jpg,portrait,1,william-merritt-chase,train,c4c51f742cc1900f86f659e3ed60b5e8f4638b7ea14916f8c18c12542194ef20,8c0c7963313e7337
data/private/portraitnet/portraits/william-merritt-chase_portrait-of-fra-dana.jpg,portrait,1,william-merritt-chase,train,a8eb19853ceb5a4230e265a052019fca2fdd182c9e8fdc2bf4fcfbdccfd7e17c,ccb9e34e3832b6c1
data/private/portraitnet/portraits/william-merritt-chase_portrait-of-harriet-hubbard-ayer.jpg,portrait,1,william-merritt-chase,train,e3321b804c69f57bffc7791792099f9567fe05efdfd8271845553054aa66c809,e1961a49356be536
data/private/portraitnet/portraits/william-merritt-chase_portrait-of-harriet-hubbard-ayers.jpg,portrait,1,william-merritt-chase,train,a31cc4a9c0f2f5951ec587b11ac7e2e20ed383fbb0af750c0cfa7174cdfeb9b8,b1b0d387cb899c2e
data/private/portraitnet/portraits/william-merritt-chase_portrait-of-helen-daughter-of-the-artist.jpg,portrait,1,william-merritt-chase,train,117418a7aabae805fc043feee9882dbd529743adf90ef19c84ca9cde0e10abe8,da3d65922dc32d49
data/private/portraitnet/portraits/william-merritt-chase_portrait-of-helen-velasquez-chase.jpg,portrait,1,william-merritt-chase,train,d832b9ff54fcf46cf4df38c145b24c557fa7e0676e1d00c6786fdee8d1701229,8c8d37723333c78a
data/private/portraitnet/portraits/william-merritt-chase_portrait-of-julian-oderdonk.jpg,portrait,1,william-merritt-chase,train,157f8602be06cfd03c1e85877999abc5bd7da2323475e4daf602676b9e749a65,8ece31399cc37331
data/private/portraitnet/portraits/william-merritt-chase_portrait-of-kate-freeman-clark.jpg,portrait,1,william-merritt-chase,train,003ba1b1ee3ad2e8a31df0a8babee23788ad4f235963cbacc5d839c7cb770263,f33239d364618dc3
data/private/portraitnet/portraits/william-merritt-chase_portrait-of-louis-betts.jpg,portrait,1,william-merritt-chase,train,a5ab44644447fa44b6345f90155abfd16b198996e1fe862e24b309a206563086,dbd86c2c87f36026
data/private/portraitnet/portraits/william-merritt-chase_portrait-of-martha-walter.jpg,portrait,1,william-merritt-chase,train,651e7af6e26424952aa45cba41990c6dd409736790a7155eba1ee084e3443572,99732c6732c699c9
data/private/portraitnet/portraits/william-merritt-chase_portrait-of-mrs-julius-erson.jpg,portrait,1,william-merritt-chase,train,62c4d6aa87721d361ec2ef69202031e078f4105c0a0cf1201c20b10d3528eee9,8c593866663337d3
data/private/portraitnet/portraits/william-merritt-chase_portrait-of-mrs-william-chase.jpg,portrait,1,william-merritt-chase,train,444b5481042ee593e3f07a4095ff160220d473ed748dbbb8ecc65301823b9b68,c86d26f237269393
data/private/portraitnet/portraits/william-merritt-chase_portrait-of-mrs-william-clark.jpg,portrait,1,william-merritt-chase,train,50d4b48665f0b3aed7f0decf506b7bbfaa963ea157d4db0c84b7108378768243,fc7c7a536360a0a9
data/private/portraitnet/portraits/william-merritt-chase_portrait-of-mrs-william-merritt-chase.jpg,portrait,1,william-merritt-chase,train,0147bde0408e49b41c22346eed858ee4bb3dea5e2da7ff9c80a02a1fec666b30,8c9d47723187d8ce
data/private/portraitnet/portraits/william-merritt-chase_portrait-of-the-artist-s-sister-in-law.jpg,portrait,1,william-merritt-chase,train,4a4d1a1aaab1d97c6326cf9b8ad0e068560dfc0b006a69500497bb4d08043458,aca4732393db8ccc
data/private/portraitnet/portraits/william-merritt-chase_portrait-of-virginia-gerson-1.jpg,portrait,1,william-merritt-chase,train,3f3f9734c2ebfbf85d88aa0a3039db173271ae7841123af5411ea6e5fc1067ac,ea25329785c7c792
data/private/portraitnet/portraits/william-merritt-chase_portrait-of-virginia-gerson.jpg,portrait,1,william-merritt-chase,train,2a7a078a434cff8c1147bfe4e6389c3f779fc5fb7cb5370668a817de920b3495,806f3cb6d6420f3e
data/private/portraitnet/portraits/william-merritt-chase_portrait-of-william-charles-le-gendre.jpg,portrait,1,william-merritt-chase,train,186b0b87fb8173333ec944f3829fc8e80a8e2b1e6b196d0ff29ea98441175726,c82c91ee73992579
data/private/portraitnet/portraits/william-merritt-chase_portrait.jpg,portrait,1,william-merritt-chase,train,cb310d95741c1f2b7fd7e774a4e0da9ab74e524b00cd903e47d1ec12dacf6a4b,99994e7237a3615a
data/private/portraitnet/portraits/william-merritt-chase_reverie.jpg,portrait,1,william-merritt-chase,train,8995508397ade9aee9e5dbe2dd2d6301e2fdebd5f287f74bccef46fabc6d3197,dd78e1e60cc9d294
data/private/portraitnet/portraits/william-merritt-chase_seated-woman-in-black-dress.jpg,portrait,1,william-merritt-chase,train,3944076a94aaf486bc418a05fb27060b1b7885c22e6ad15a15fa937ae9a319c3,b6938b65622cb48f
data/private/portraitnet/portraits/william-merritt-chase_self-portrait.jpg,portrait,1,william-merritt-chase,train,ee9828a8c89d2fdac1016a31a2e931e38d7b3dbf23f16f71ff6f5b54af07025b,f0b0135bebc5914e
data/private/portraitnet/portraits/william-merritt-chase_the-golden-lady.jpg,portrait,1,william-merritt-chase,train,bebb77197007122784a7afd14c2502ddadae1240c228c2f271f3fb9ac6a5f4d8,d1297a69f4063c7a
data/private/portraitnet/portraits/william-merritt-chase_the-mandolin-player.jpg,portrait,1,william-merritt-chase,train,c48d74d988876711972c3c14fe3b16e3f99dfdff81b40b90f8e33bfd273f6a77,dcb4240f99c7273c
data/private/portraitnet/portraits/william-merritt-chase_the-pink-bow.jpg,portrait,1,william-merritt-chase,train,33f149660ae8d400852556458fbc87e6904e61c98c3af928b7e7a4e09857e343,8c6c669393397a95
data/private/portraitnet/portraits/william-merritt-chase_the-red-gown.jpg,portrait,1,william-merritt-chase,train,fb7908d3ef2d71517916668c50560eecff73cf1b37cc127d13fe1bda48903ff8,d94d27732433d9c4
data/private/portraitnet/portraits/william-merritt-chase_the-red-sash.jpg,portrait,1,william-merritt-chase,train,4050d1cca2a3e07691e4a7b5c5f1e1105c848ac0bfd7a369927c79af2b6ce3a3,846e3fb8d31fe804
data/private/portraitnet/portraits/william-merritt-chase_tired-aka-portrait-of-the-artist-s-daughter.jpg,portrait,1,william-merritt-chase,train,0aa7504d4d66b7e7d007001e3c768d7a9b7371bd5e4b7e04c934e4a8f4f271d8,90f812c79da9c57c
data/private/portraitnet/portraits/william-merritt-chase_woman-in-white.jpg,portrait,1,william-merritt-chase,train,8ce6f5991d2baa01a3e65555d7fff9d516bdca8a39f7ebdd17767d6fd7a0ed51,853d49d61eb031b7
data/private/portraitnet/portraits/william-merritt-chase_woman-of-holland.jpg,portrait,1,william-merritt-chase,train,8ebe0d629082ab6ae5d16ad1bc99531f88ea39f49e414bc606d185fbf096eaf6,8e863339b9b34e4c
data/private/portraitnet/portraits/william-merritt-chase_woman-with-a-basket.jpg,portrait,1,william-merritt-chase,train,fe137ea5c03d0c9627d04b97efa6b3a5c55970c1d264eadb457d17e70e324484,c9b434e3939f3924
data/private/portraitnet/portraits/william-merritt-chase_young-girl-with-flowers.jpg,portrait,1,william-merritt-chase,train,4b108740e9d2254a62f2c535049b5b945d0e7b02bb41b236464de03ad8f0c200,9d706d6a129fb291
data/private/portraitnet/portraits/william-merritt-chase_young-girl.jpg,portrait,1,william-merritt-chase,train,4953f4a36c55ba2248fbe7fc7e1ec85ac4e10a690931a38d5b48693700524526,995beb2c9575026c
data/private/portraitnet/portraits/zinaida-serebriakova_portrait-of-alexandre-popoff-in-a-smoking-jacket-1942.jpg,portrait,1,zinaida-serebriakova,val,72d692d3d27446892f6bc811dda01bb4bf87a64ae45ef7a92fcd3bf65b92e6c3,fae2e50c9d29d0c6
data/private/portraitnet/portraits/zinaida-serebriakova_portrait-of-andronikova-halpern-1925.jpg,portrait,1,zinaida-serebriakova,val,170fdfa21eb808a8761687e3ce9a62508439db0bc5fc44e6d3492384c1c11082,9b3f21f072e370c4
data/private/portraitnet/portraits/zinaida-serebriakova_portrait-of-architect-a-j-beloborodov-1925.jpg,portrait,1,zinaida-serebriakova,val,76fb24b9a0b9580fb829270fb9f4bd8ec045080d1faa6692cfdb125d718b1079,ce583b93162bf914
data/private/portraitnet/portraits/zinaida-serebriakova_portrait-of-bertha-popoff-in-a-red-shawl-1940.jpg,portrait,1,zinaida-serebriakova,val,8da25476058b4cf4e8bd4b16dbb31c48ff8fdbaf6ca35661ae18f38f56f10742,f9e12c9496d68cc9
data/private/portraitnet/portraits/zinaida-serebriakova_portrait-of-boris-serebryakov.jpg,portrait,1,zinaida-serebriakova,val,9c4ee90ef858d6a14147c0ffc77db7d373c5907a9c065b4bbbeb78cfb3936d1c,bcb443b0d34f9748
data/private/portraitnet/portraits/zinaida-serebriakova_portrait-of-countess-rosario-zubova-1938.jpg,portrait,1,zinaida-serebriakova,val,33dea210186e7cad7e07092a05fe3cf8f9ac581ba6af6d63cecfcc96e9227ba8,e9a5947a871b49cc
data/private/portraitnet/portraits/zinaida-serebriakova_portrait-of-countess-rosario-zubova-1939.jpg,portrait,1,zinaida-serebriakova,val,fc018a730eb8155120054708e973bfee6e1d27ba09edb1403a4b937516a0279b,adbca25723b291c3
data/private/portraitnet/portraits/zinaida-serebriakova_portrait-of-daughter-katya-1929.jpg,portrait,1,zinaida-serebriakova,val,cc2816efe4c999fb714f7f43d1c1c52c8926c4b0c123f5ddef69c1e85ad76d5f,ffc1a746e6588582
data/private/portraitnet/portraits/zinaida-serebriakova_portrait-of-dick-hunter-son-of-ekaterina-cavos-hunter.jpg,portrait,1,zinaida-serebriakova,val,357117deb1f5d087a6c5fca30f4b885d1bb7087218725adcd0dd62067942a733,b696d129c83dd8e2
data/private/portraitnet/portraits/zinaida-serebriakova_portrait-of-e-a-cooper-1926.jpg,portrait,1,zinaida-serebriakova,val,73716c168460a10b0c169064581b019e58fe9c2eb33c9dba87ee742baca0ef0b,ecadb252a1b04b8f
data/private/portraitnet/portraits/zinaida-serebriakova_portrait-of-e-e-zelenkova-nee-lancere-1913.jpg,portrait,1,zinaida-serebriakova,val,e36041970ebd7be6c79b24dbf118cbadd53f9acbbda2c360ab8114b05fe8a46f,a6a374afd0ec2a92
data/private/portraitnet/portraits/zinaida-serebriakova_portrait-of-e-k-lancere-1911.jpg,portrait,1,zinaida-serebriakova,val,320f01669c2c1f5964b11d4fa5f01549c94899218d936e714395d7a1aa378a30,aab4d031219fd793
data/private/portraitnet/portraits/zinaida-serebriakova_portrait-of-e-m-edwards-1912.jpg,portrait,1,zinaida-serebriakova,val,5376554421ca0851961c18d9b9485839ddc17fc06bc7b73a52a9ef59d32b0103,9c4b728d334a7b8c
data/private/portraitnet/portraits/zinaida-serebriakova_portrait-of-e-m-eygelya-1909.jpg,portrait,1,zinaida-serebriakova,val,6967b281149dcb89385e65e284c069983e3737b99e2631008b505a55d62639c4,eeeb8e3d61468c30
data/private/portraitnet/portraits/zinaida-serebriakova_portrait-of-e-shapiro-1940.jpg,portrait,1,zinaida-serebriakova,val,9f7f2e1763996a04c6e66cdfc40bb62d8eeb89a50a30d30df81c98c3d0162f3f,ebe187a434c493d6
data/private/portraitnet/portraits/zinaida-serebriakova_portrait-of-e-solntseva-sister-of-artist-1914.jpg,portrait,1,zinaida-serebriakova,val,0eac6e24cd1476f2a7111f3607dac29fb642fb75c236842f0e808ec1b9bd4bbf,9e3a5ea1a8d02bd5
data/private/portraitnet/portraits/zinaida-serebriakova_portrait-of-ekaterina-cavos-hunter-the-artist-s-cousin.jpg,portrait,1,zinaida-serebriakova,val,1ba2d76c9435768cf729e7121cf1943ca55097354308bc126d80c03380991eb6,aef4b1488dc3d2c9
data/private/portraitnet/portraits/zinaida-serebriakova_portrait-of-eugene-serebryakov-1909.jpg,portrait,1,zinaida-serebriakova,val,bf89b40a6c6e75ba0a9ed657f10d9ecb199f2678da0d32df5a54650290ccaefb,d79ab10ea4f06723
data/private/portraitnet/portraits/zinaida-serebriakova_portrait-of-felicien-qaqaan-1928.jpg,portrait,1,zinaida-serebriakova,val,95c074cd2e10e565cf8bc725f6d8dee95464bb5d8263129d09e43d9b6819ac07,eac28c1d7449c63f
data/private/portraitnet/portraits/zinaida-serebriakova_portrait-of-g-i-chulkov-1910.jpg,portrait,1,zinaida-serebriakova,val,0b105c55b216188e76511850bdf4af19c611be1194a840203dc81edc538bf4be,a0f5c12a3fb6d682
data/private/portraitnet/portraits/zinaida-serebriakova_portrait-of-g-i-teslenko-1921.jpg,portrait,1,zinaida-serebriakova,val,dd6215030b9dccddb388b76cf3b767e4961362761f377e1315f6369424f1db6e,e969a5949666b235
data/private/portraitnet/portraits/zinaida-serebriakova_portrait-of-gentleman-1938.jpg,portrait,1,zinaida-serebriakova,val,73e2a50fecda5bcb8f10d47defa4cbf3bf94bc2d8eebe2c1306ed9017a3eec9f,fbe18778c18d8c1c
data/private/portraitnet/portraits/zinaida-serebriakova_portrait-of-geraldine-cobb-1947.jpg,portrait,1,zinaida-serebriakova,val,07cdfc67eb3d8e1d27b6aa605323a7c0b793f745095fb098e043169f1051f60b,e1b1844ede92b9c9
data/private/portraitnet/portraits/zinaida-serebriakova_portrait-of-gm-balanchivadze-dzh-balanchina-in-a-suit-of-bacchus.jpg,portrait,1,zinaida-serebriakova,val,d79a1d16faaef40b92dc7016c9c5bad9e3dd7e7b5b4ea9e3347a007d5779c13b,f9e8858d9464479e
data/private/portraitnet/portraits/zinaida-serebriakova_portrait-of-his-son-alexander-1925.jpg,portrait,1,zinaida-serebriakova,val,285a7462042be5a81657697955c882a5dc2d3f4d1deeca880c5578f46b59a6c4,eae3ea0d3cf9c084
data/private/portraitnet/portraits/zinaida-serebriakova_portrait-of-irina-zakolodkina-1943.jpg,portrait,1,zinaida-serebriakova,val,2af7c1c5f9196bbb3938d3865a5ee71cef5dcd0c0142f0a600f725fe75c59c25,ae94e92543e3d4ca
data/private/portraitnet/portraits/zinaida-serebriakova_portrait-of-ivanov-in-a-suit-spaniard-1924.jpg,portrait,1,zinaida-serebriakova,val,8b7497290a296cb085af1b9655cdda0f1d37b1c22f29d308bc8dfa5c4ada66bd,bcb93047c3b0d726
data/private/portraitnet/portraits/zinaida-serebriakova_portrait-of-k-lancere-1910-1.jpg,portrait,1,zinaida-serebriakova,val,7d38e3de3dc2562c81f968e0d6b51bf0292852ebc1782c82ea34d5cfca921bd4,ebec65268cb69612
data/private/portraitnet/portraits/zinaida-serebriakova_portrait-of-k-lancere-1910.jpg,portrait,1,zinaida-serebriakova,val,3f68325c35f7eb3911851a361e5f6907f7129a158453870e857763e8348e6e8f,fec39e30a3cc4658
data/private/portraitnet/portraits/zinaida-serebriakova_portrait-of-katya-1933.jpg,portrait,1,zinaida-serebriakova,val,9abccf05c65a4b08c1efe011640498fa7d754b1e336f34666278c8cddd28db86,ba85bb0549becc32
data/private/portraitnet/portraits/zinaida-serebriakova_portrait-of-lola-braz-1910.jpg,portrait,1,zinaida-serebriakova,val,8949edf19ec29d6fff418e6bbc8b942ee13a6108b5951b395508e449823236a3,c9f0b6b398a6438d
data/private/portraitnet/portraits/zinaida-serebriakova_portrait-of-m-benois-1910.jpg,portrait,1,zinaida-serebriakova,val,f3e63dad571f7ee4a1f435280e3bed261d538634c03de65c58c3c079301bed60,ba99d16925974ba1
data/private/portraitnet/portraits/zinaida-serebriakova_portrait-of-madame-v.jpg,portrait,1,zinaida-serebriakova,val,14c4a7c8a57c44c36251616e8f5c3dbb06b1c25c695084ddf9bc0be68ff96c86,e6a7662c9c56929a
data/private/portraitnet/portraits/zinaida-serebriakova_portrait-of-marietta-frangopulo-1922.jpg,portrait,1,zinaida-serebriakova,val,c2dfc7d270ac3400b0655e1b70199797b046a3fd9c140388130ebfee8ea79f07,ef38f8a0c42659e9
data/private/portraitnet/portraits/zinaida-serebriakova_portrait-of-mr-cobb-1947.jpg,portrait,1,zinaida-serebriakova,val,08b3fb833234d80ba4b3e77152792adb51a823c91a84453afaf3ccedeaeaaffa,fbe0878cdc909a99
data/private/portraitnet/portraits/zinaida-serebriakova_portrait-of-mrs-beilitz-1941.jpg,portrait,1,zinaida-serebriakova,val,763ceeec2933a0df6c0cb372b73aad3ecc8eb6f911a6a3b1a3906b73881b44b4,acf4f321939acc0e
data/private/portraitnet/portraits/zinaida-serebriakova_portrait-of-n-geydenreyh-in-blue-1923.jpg,portrait,1,zinaida-serebriakova,val,34f41e153d1ca9002d267cf71fe4b31c366a9e25c20152b5c626da537c220938,f979e82596764360
data/private/portraitnet/portraits/zinaida-serebriakova_portrait-of-n-lanceray-mom-1912.jpg,portrait,1,zinaida-serebriakova,val,c5e65075dd9fbb696d8606436a7ffc816bc43fef602090b1e6a1513d2f6a730f,a0b067d32be995e4
data/private/portraitnet/portraits/zinaida-serebriakova_portrait-of-nadezhda-mikhailovna-kroshkin-1923.jpg,portrait,1,zinaida-serebriakova,val,5ac81f7b08e58f2bd9d5d05806365d70f94b6ff5f9885943bee91c9e619abd13,f9f9a6243497c294
data/private/portraitnet/portraits/zinaida-serebriakova_portrait-of-natasha-lancere-with-a-cat-1924.jpg,portrait,1,zinaida-serebriakova,val,65d91ea6ce9dafeafe4dffa0b93aceb7882a4db1789aeba93afb99c4dec0c9f7,fae2e1998da41995
data/private/portraitnet/portraits/zinaida-serebriakova_portrait-of-o-i-rybakova-in-childhood-1923.jpg,portrait,1,zinaida-serebriakova,val,73a8beac33dee394f93133f29c224bbc3e61b7f0c05a27d521f21f17fdbd655d,9b3d7026d666394a
data/private/portraitnet/portraits/zinaida-serebriakova_portrait-of-olga-konstantinovna-lancere-1910.jpg,portrait,1,zinaida-serebriakova,val,16fcaaaa54634558e9201822d9ea7c850184de6707d354b09c2063352bd187b1,bce163864ecccda8
data/private/portraitnet/portraits/zinaida-serebriakova_portrait-of-prince-vsevolod-obolensky-1936.jpg,portrait,1,zinaida-serebriakova,val,c8996e3e1dd1653200b0094dbe9c267723d464147d83fd8376f3e7f8c151d124,bd30911253bdc397
data/private/portraitnet/portraits/zinaida-serebriakova_portrait-of-r-ernst-1921.jpg,portrait,1,zinaida-serebriakova,val,515cf0122427baffc3b33c51582850ee84b45f97cb3ac90ba237c3335a54ac5a,c8603fb56223769b
data/private/portraitnet/portraits/zinaida-serebriakova_portrait-of-r-ernst-1922.jpg,portrait,1,zinaida-serebriakova,val,2b399e10584ca9869f5b419c665986a865a736d2d33fe8918f4a59c345854102,b23d9d1369e180fc
data/private/portraitnet/portraits/zinaida-serebriakova_portrait-of-s-m-lifar-1961.jpg,portrait,1,zinaida-serebriakova,val,e35e489b2362638d69ba20ee5cde57a1571d392b8fd8ea4cc3998e4cbb0ad8c5,fea0d12333d282cf
data/private/portraitnet/portraits/zinaida-serebriakova_portrait-of-s-m-lukomskaya-1947.jpg,portrait,1,zinaida-serebriakova,val,d5ff596fa1aff79340cb8ff20e0df544b29e2c5cc4613811184d3c47bca3fede,b8f84203b7d2cb8b
data/private/portraitnet/portraits/zinaida-serebriakova_portrait-of-sergei-p-ivanov-1941.jpg,portrait,1,zinaida-serebriakova,val,38f85defabd1ba7ba7a16bd26b7c021a507d9da2b4c89ee8abf96ca06a31bad2,bee9b424b2668794
data/private/portraitnet/portraits/zinaida-serebriakova_portrait-of-sergei-rostislavovich-ernst-1921.jpg,portrait,1,zinaida-serebriakova,val,e22ed9ceaebc4fae31935b5b0996ec61d13238caa0ddbc59c5889dad9a6455e0,f4b6d14a0ff5d201
data/private/portraitnet/portraits/zinaida-serebriakova_portrait-of-the-artist-d-bushena-1922.jpg,portrait,1,zinaida-serebriakova,val,aec4d9140282f2b1d59b06ffea8d710c54154c6baf60cbef5b30bd07945e57cc,e1a9a55b966696d0
data/private/portraitnet/portraits/zinaida-serebriakova_portrait-of-the-artist-s-daughter-1934.jpg,portrait,1,zinaida-serebriakova,val,30986374b56e54fb0f4ef0a447b8c6555923c60d3873cb46cf7c1e28e61de25e,aea8d73178c72195
data/private/portraitnet/portraits/zinaida-serebriakova_portrait-of-the-artist-s-sister-1934.jpg,portrait,1,zinaida-serebriakova,val,0e90d3118707f2f4e01eeb87bb99b6f8d8d860ff8d20b628a81cc19538fcf87e,fbc1210db696c69a
data/private/portraitnet/portraits/zinaida-serebriakova_portrait-of-the-composer-sergei-prokofiev-1926.jpg,portrait,1,zinaida-serebriakova,val,12315e1789c452558d7dc5d5fb94a901b14590f786dea2e980afd194b7a1410b,addc03b4f003f743
data/private/portraitnet/portraits/zinaida-serebriakova_portrait-of-troinitsky-1924.jpg,portrait,1,zinaida-serebriakova,val,ca493f8b1add5e6ffc6d0bed9d3b98ba2a1a3cb8197183cc90fa3941e87272db,80b7e61a4afc13cb
data/private/portraitnet/portraits/zinaida-serebriakova_portrait-of-v-m-dukelsky-1920.jpg,portrait,1,zinaida-serebriakova,val,6583a8f2738456b33cfafb4d606b741ba2ca50388311c16ca6a491a698becd3b,f934f343276b9043
data/private/portraitnet/portraits/zinaida-serebriakova_portrait-of-vera-makarova-1924.jpg,portrait,1,zinaida-serebriakova,val,b421a33db655630d0d117e8220547258a905bc95f39cb7a5da891f6f26cf8d7c,abb970c2a6a4b4d3
data/private/portraitnet/portraits/zinaida-serebriakova_water-carrier-morocco-1928.jpg,portrait,1,zinaida-serebriakova,val,37f975db943a549c2d4c5ef332d8f66ed09275b69eb5c0f256998a2bb064823c,e8b7bab80d958649
data/private/portraitnet/portraits/zinaida-serebriakova_woman-in-blue-1934.jpg,portrait,1,zinaida-serebriakova,val,14660d635ad35fb14505c738bc8825cd7a196f3c1118a04dbbeb6e397994340d,e5a2f2d70a05d89e
data/private/portraitnet/portraits/zinaida-serebriakova_work-from-collioure-1930.jpg,portrait,1,zinaida-serebriakova,val,755253f9a43c060dfb4a56623fa1177b2b33f90427bd845048fedfe8e889428e,ebe5640e947c2395
data/private/portraitnet/portraits/zinaida-serebriakova_yevgeny-lanceray-in-a-shako-1915.jpg,portrait,1,zinaida-serebriakova,val,45a4f207dc1bb933489be0374a3c4d825825287a9734e328d9dadaf429f8044a,eae215f0a40bea8f
data/private/portraitnet/portraits/zinaida-serebriakova_young-breton-1934.jpg,portrait,1,zinaida-serebriakova,val,a6ec607ce27057513ed1bb25f3faf9e3254158fa77eced71225951463749cb2a,feb4c54bcc1c1a61
