path,label,label_index,artist,split,sha256,phash
data/private/sketchnet/paintings/a.y.-jackson_algoma-in-november-1935.jpg,painting,0,a.y.-jackson,test,7184f482942f0f8d0fcc35870012f0250141a43f19d362e9ecbb6573f868581c,e78785841694787f
data/private/sketchnet/paintings/a.y.-jackson_first-snow-algoma-country-1920.jpg,painting,0,a.y.-jackson,test,77ad9a16363a20c60c999a87f09a4401721904261f3722ed6fc3ceeb998eb567,daffe5d9c4c04430
data/private/sketchnet/paintings/a.y.-jackson_frozen-lake-early-spring-algonquin-park-1914.jpg,painting,0,a.y.-jackson,test,60a74ae3e8d03caa800dca7a1c20e05400691e5bfb341cde88fee4d5ccb086c7,8cef931d82374d8a
data/private/sketchnet/paintings/a.y.-jackson_grey-day-laurentians-1928.jpg,painting,0,a.y.-jackson,test,b6fb118a2b68d42f2ea9100ad391a1537566c69278a91cab0ddac3216bb7c125,dc23835e599546f8
data/private/sketchnet/paintings/a.y.-jackson_hills-at-great-bear-lake-1953.jpg,painting,0,a.y.-jackson,test,17f9512341315121e6a494c00cad913df7d952a372c069a9e1137a932fd177e2,af835a3d34780772
data/private/sketchnet/paintings/a.y.-jackson_indian-home-1927.jpg,painting,0,a.y.-jackson,test,8df20e73d59568bce3cb6ce693078cc65118ba1e1a6b1e5f844405e611207aa9,d22e94d7c95c7912
data/private/sketchnet/paintings/a.y.-jackson_nellie-lake-1933.jpg,painting,0,a.y.-jackson,test,8725fcc0ba18a7bc91c0825a7a124c17b7f4b00dff6039c20bae5b2f2f69c4f2,c6a492cacb4b593d
data/private/sketchnet/paintings/a.y.-jackson_night-pine-island-1921.jpg,painting,0,a.y.-jackson,test,cd0c88d7122e58e5814ded9e93fc3e2c30eb13d2bb5c39b5f8cc7d5cbdbfd2f6,d48bc3648b783cc7
data/private/sketchnet/paintings/a.y.-jackson_north-shore-lake-superior-1926.jpg,painting,0,a.y.-jackson,test,c045d28ed4054d2f621786bc2adfb459f0094ed8de8a90b2c88c29114d1f1d3c,c885542ea3d5c6fa
data/private/sketchnet/paintings/a.y.-jackson_october-morning-algoma-wartz-lake-1920.jpg,painting,0,a.y.-jackson,test,3e6c141dc6dcf337148e25cb61a70a98258c048646ff0b32177a8076f315823e,c49db3e6c89581e3
data/private/sketchnet/paintings/a.y.-jackson_skeena-crossing-1926.jpg,painting,0,a.y.-jackson,test,3be7a38b6b2a011da79d4097b440f36d1b8faa1f8781a845c75b59f2487d21c3,8296dcdf4c65b630
data/private/sketchnet/paintings/a.y.-jackson_smart-river-alaska-1945.jpg,painting,0,a.y.-jackson,test,87a5e3dcbdc8ad7ec952d18e1183f70bc0e07bf6cb601ceaa7608d4c1457df45,d23fa9a0d78f0d28
data/private/sketchnet/paintings/a.y.-jackson_spring-caribou-country-1949.jpg,painting,0,a.y.-jackson,test,f50ff77f9cb649259561889a09c4d123d5ca44d1c791a09cc0a08218ca81956d,880919a5b7dbcce6
data/private/sketchnet/paintings/a.y.-jackson_terre-sauvage-1913.jpg,painting,0,a.y.-jackson,test,48d024e4fb2edaf9c8cdbb6ee339b78dd34ba4dd1d2071595840dcfd9f3761cc,b593dbeb8c149494
data/private/sketchnet/paintings/a.y.-jackson_the-beothic-at-bache-post-ellesmere-island-1928.jpg,painting,0,a.y.-jackson,test,5afecf87e41e046e96838880634a5b3171ff4100f8e05bd88b61f02eb038bf69,a3d43fd00e8378ab
data/private/sketchnet/paintings/a.y.-jackson_the-red-maple-1914.jpg,painting,0,a.y.-jackson,test,27e24b06eab6eefc29b81cbf842f9a1d852b5f6c715b4f20af9e509df6c50ce9,b6c36a35b42e6c16
data/private/sketchnet/paintings/a.y.-jackson_the-road-to-st-fidele-1930.jpg,painting,0,a.y.-jackson,test,55764e47a5c1736723976f39d51c306004515edfef2aa5457f359bcf7dd6e940,f346d803bfc2cc32
data/private/sketchnet/paintings/a.y.-jackson_the-winter-road-quebec-1921.jpg,painting,0,a.y.-jackson,test,9415f1fecf80b819b76b8e2f4c6976b51c71bb72811697aac92bce142e0e155b,ae65b19e4b592ea0
data/private/sketchnet/paintings/a.y.-jackson_valley-of-the-gouffre-river-1933.jpg,painting,0,a.y.-jackson,test,8572a1d94b1ae552c09a44303f084f91d202157edf88ddef3eea0b32ed91651c,903c1d1bcbcb864f
data/private/sketchnet/paintings/a.y.-jackson_wilderness-deese-bay.jpg,painting,0,a.y.-jackson,test,629fdd659fb0b9cfee95507edf58ca940cb12bd75b9b72c2d12c9e7660c4ab5b,c8cc3727908efd4a
data/private/sketchnet/paintings/a.y.-jackson_winter-morning-charlevoix-county-1933.jpg,painting,0,a.y.-jackson,test,e7b427e49eb01427f4ae98f024199bb0b04417182cfcdfad0139681a537a9ecb,e64405fefb996421
data/private/sketchnet/paintings/agnes-martin_columns.jpg,painting,0,agnes-martin,train,bd938eaf1f0b78a1b7a1f8a815ad6d32c2471c4b9437b8c8071fba12c7e13ba9,ff8084ca84cf943f
data/private/sketchnet/paintings/agnes-martin_loving-love.jpg,painting,0,agnes-martin,train,9582578fe61aea39c46478d440bd79a20f6b11587b5205e7aab625aa272c893e,cae895cfb981e20d
data/private/sketchnet/paintings/agnes-martin_stars-1963.jpg,painting,0,agnes-martin,train,976fd6e51d068be7bce273f80e9632ede2afaf5542df28387d0b4f45be0196a0,be92c165c46ad1bc
data/private/sketchnet/paintings/agnes-martin_untitled-1977.jpg,painting,0,agnes-martin,train,b93d25d7a5855c5e179eb20ba8f0a5f2c8644f3a7b23910b996ae8dcca68a0cb,ff80850dc47bd07a
data/private/sketchnet/paintings/agnes-martin_untitled-6-1980.jpg,painting,0,agnes-martin,train,4064a7a7b3c972ae1fa015251596bfe3c0c685eab90d97c2045a79ae878257e6,d57b75247a325590
data/private/sketchnet/paintings/agnes-martin_white-flower-1960.jpg,painting,0,agnes-martin,train,d085d458fbf1de9593cce7588a4a20c0d1e6bc854a09a51b922d79d288e0f23d,c0136d7f33dc891c
data/private/sketchnet/paintings/aki-kuroda_untitled-1988-1.jpg,painting,0,aki-kuroda,train,7acb610a23e96f0fa1cdca483c3a0246978fe7db828c3cce3566ad56004c0f16,97682979ce54c687
data/private/sketchnet/paintings/akseli-gallen-kallela_ilmarinen-ploughing-the-viper-field-and-the-defense-of-the-sampo-1928.jpg,painting,0,akseli-gallen-kallela,train,a9cba9c628b12b5275237291e27bad5d141bae3df4f212a288dd5757fc0e196f,cad5d6c6d4d0e1e0
data/private/sketchnet/paintings/akseli-gallen-kallela_joukahainen-s-revenge.jpg,painting,0,akseli-gallen-kallela,train,986c874a7154a3d12214d325ba46757d214d4d553a7955be025376180de9ece1,ef33584e6e919189
data/private/sketchnet/paintings/akseli-gallen-kallela_kullervos-curse-1899.jpg,painting,0,akseli-gallen-kallela,train,43d0b1948e06199486b33a2e4cc76283117cc0a129591038101c1e70d428f626,9912263cf2aaccdb
data/private/sketchnet/paintings/akseli-gallen-kallela_lake-keitele-1905.jpg,painting,0,akseli-gallen-kallela,train,54db1c134d20196174565d7689b643407404a0e9292e77dd5b58d8901a43011e,c84c1cbfb7919195
data/private/sketchnet/paintings/akseli-gallen-kallela_spring-study-for-the-jus-lius-mausoleum-frescos-1903.jpg,painting,0,akseli-gallen-kallela,train,e7feb6056b9d2452e7d8dfdccc4966c586cd12d5cfee5c58faad5150aceb8243,819cb535736b4a8d
data/private/sketchnet/paintings/akseli-gallen-kallela_study-for-the-fresco-ilmarinen-ploughing-the-viper-field-1900.jpg,painting,0,akseli-gallen-kallela,train,af905767a75450ec4a5c1c2aaa1a8c909d08258f743f941207f32035f2b6f6a2,8fff78e0e1fc2001
data/private/sketchnet/paintings/akseli-gallen-kallela_symposium-1894.jpg,painting,0,akseli-gallen-kallela,train,359021c52d5f3738d54b3b5ae55ea3225801c2f75de526e761889f9abe1c1d7d,df30dbe1b690610e
data/private/sketchnet/paintings/akseli-gallen-kallela_the-defense-of-the-sampo-1896.jpg,painting,0,akseli-gallen-kallela,train,06017be349d2c41b547efdc1a5a4dd1dfbf81334758b903d33fa187356952c0e,c85abb79323287d8
data/private/sketchnet/paintings/akseli-gallen-kallela_the-fratricide-1897.jpg,painting,0,akseli-gallen-kallela,train,fbd5addf00cfeaf81b32c0a0090cb00daabaef303f6c838c1e767b11a7836993,e12a6aa5bc4a9eb4
data/private/sketchnet/paintings/akseli-gallen-kallela_the-lair-of-the-lynx-1906.jpg,painting,0,akseli-gallen-kallela,train,56a993ee2a4aa6f8ddbc777b91c5ade2b96b750d00d523eca652680d04e67693,970e42634c9b9f9c
data/private/sketchnet/paintings/akseli-gallen-kallela_the-poster-bilbol-1907.jpg,painting,0,akseli-gallen-kallela,train,8f16c2eeb1f9f1c6b3d6fa7d0b0edebcb82301fa80006c002ca4a92e64874a90,8bb29e16b58d81ad
data/private/sketchnet/paintings/aladar-korosfoi-kriesch_all-souls-day-1910.jpg,painting,0,aladar-korosfoi-kriesch,train,dd95776bd88a89f36d7bfe848d8421cd3a98701142d4816c41250818db3b5b04,9f62c09f709c6f90
data/private/sketchnet/paintings/aladar-korosfoi-kriesch_cassandra-1908.jpg,painting,0,aladar-korosfoi-kriesch,train,c92050b32dc1e5696cf3805ab2a053650dc65e1d7dfdb93ca1ebf4157ee6182a,ea3f30c9c4d3193c
data/private/sketchnet/paintings/aladar-korosfoi-kriesch_eagles-above-the-hero-s-grave-1918.jpg,painting,0,aladar-korosfoi-kriesch,train,5f07c88c1573420e14651e0b124995f33d18c41e639e398be9c746e4019b5f25,ea6f4159953496c3
data/private/sketchnet/paintings/aladar-korosfoi-kriesch_ego-sum-via-veritas-et-vita-1903.jpg,painting,0,aladar-korosfoi-kriesch,train,2840b81dd02afd21e89e8f4ac77a0796f6b5a37ac11d8056629c1b3832ebb2bc,86b5f1d2e2c6a531
data/private/sketchnet/paintings/aladar-korosfoi-kriesch_fair-1917.jpg,painting,0,aladar-korosfoi-kriesch,train,664767617d6aa4a40854e96f9453f7d987b0de0e606c7839aff797258feb3f32,aa91e7bda360305b
data/private/sketchnet/paintings/aladar-korosfoi-kriesch_fountain-of-art-1907.jpg,painting,0,aladar-korosfoi-kriesch,train,1450af09bef61ab10be9a95e92d36f0cc543f807e1ccbb51d2cc2694fa245c81,8798879779c63923
data/private/sketchnet/paintings/aladar-korosfoi-kriesch_lady-with-tiara.jpg,painting,0,aladar-korosfoi-kriesch,train,9ed512d4f629e2d11a9a6f32ffdea2662f42ff7089cb3a9da8d8e5bc89338a1b,cc2bb3d64c799039
data/private/sketchnet/paintings/aladar-korosfoi-kriesch_lakeshore.jpg,painting,0,aladar-korosfoi-kriesch,train,78d85a7e61cbd40fddeaadf56dfc65eae57ff7166b18f4f88bfcca3d9946216e,f6c0833ece81372e
data/private/sketchnet/paintings/aladar-korosfoi-kriesch_madonna-1908.jpg,painting,0,aladar-korosfoi-kriesch,train,a4ff92e6de128389dd803d3f0ac096fc6ebe934f4c0c97998f6d84cfc60134a4,931c6ce3d89ea58c
data/private/sketchnet/paintings/aladar-korosfoi-kriesch_portrait-of-kriesch-laura-1894.jpg,painting,0,aladar-korosfoi-kriesch,train,3a44487a2ffc6f8843db707c879c7982b337b588e42eee8b37b33648cedc127d,d8d96367ce4c1199
data/private/sketchnet/paintings/aladar-korosfoi-kriesch_portrait-of-the-artist-s-wife-1896.jpg,painting,0,aladar-korosfoi-kriesch,train,f5cdb43559559d6e78540f98f62b23fbe7c845c1544ef94a89c0072e670489d8,ed844c7b0a6d9b26
data/private/sketchnet/paintings/aladar-korosfoi-kriesch_pupppet-theatre-1907.jpg,painting,0,aladar-korosfoi-kriesch,train,9a3579c3aa736991782ba4317b3e7168aaa474cc76f09563a2eedbb4d5c04d11,aa42c01ddbcab59d
data/private/sketchnet/paintings/aladar-korosfoi-kriesch_sz-kely-folk-tales-1912.jpg,painting,0,aladar-korosfoi-kriesch,train,30b88eee1c633212cd541d36d7525047a07d83c54a26cb7332117e9a1bd70a13,957a4385c8b71b9a
data/private/sketchnet/paintings/aladar-korosfoi-kriesch_the-story-of-kl-ra-z-ch-i-1911.jpg,painting,0,aladar-korosfoi-kriesch,train,9d9006ed0063d8af02fa1717ba8775910fd8500a9c961e746c88cd2636fe2050,c5464e27cdceb1c8
data/private/sketchnet/paintings/aladar-korosfoi-kriesch_the-story-of-kl-ra-z-ch-ii-1911.jpg,painting,0,aladar-korosfoi-kriesch,train,68ca2a100d32b9e1d00138de8668cb3867945897f1031e4040a1ca493f969ac1,822ab56ac175dca7
data/private/sketchnet/paintings/aladar-korosfoi-kriesch_vanity-1904.jpg,painting,0,aladar-korosfoi-kriesch,train,a05843d2f2081b9254ac84aa27740a2c24d11da4740fe62ad0d29f05b0b7790c,e7580286594c97bf
data/private/sketchnet/paintings/alberto-carneiro_uma-floresta-para-os-teus-sonhos-1970.jpg,painting,0,alberto-carneiro,test,d7f0e749adad0b0861dbd82d45732109a8e45808fce7e1148d7fc7bad106e422,ebc8c4abd2941f32
data/private/sketchnet/paintings/albrecht-durer_burkhard-of-speyer-1506.jpg,painting,0,albrecht-durer,train,b4d99c6f25e41008b82845407c764e8a104b9d140b071cff6b346acbaee25bdd,ce31333cb1c789cc
data/private/sketchnet/paintings/albrecht-durer_cervus-lucanus.jpg,painting,0,albrecht-durer,train,98b57c8ac27f5520f1aa0f1085a760949682768f9e00b49257ca05172669a819,b363cf8c3832c6c5
data/private/sketchnet/paintings/albrecht-durer_christ-among-the-doctors-1506.jpg,painting,0,albrecht-durer,train,a27b10aad470d42b81095f0729b4e3d080fe458f65c3de377d4ecaff723db596,949422161cf52dff
data/private/sketchnet/paintings/albrecht-durer_christ-at-the-cross-1497.jpg,painting,0,albrecht-durer,train,505da6705a79eed0e33c59c7b7b5e9a1580cb56d2b9012b52bee215eb400a163,bef261055cc863b3
data/private/sketchnet/paintings/albrecht-durer_the-city-of-trento-1495.jpg,painting,0,albrecht-durer,train,0fce69ed608871db15a206c0fae618f173d77fb42b8ad8d1c66587ee6467d16a,80ffc060b10f67b7
data/private/sketchnet/paintings/albrecht-durer_the-dresden-altarpiece-central-panel-1496.jpg,painting,0,albrecht-durer,train,37dc5cf55898e7b5fa46b69ca3ccab16d812ac858181132e86a67d02bfd47fdc,e41bda2873b388dc
data/private/sketchnet/paintings/albrecht-durer_the-dresden-altarpiece-side-wings-1496.jpg,painting,0,albrecht-durer,train,11b1125028477415f361f977fe168f4019dca5782e0a5e9383f7a269498fef80,994b6cb59f42ca38
data/private/sketchnet/paintings/albrecht-durer_the-flight-to-egypt-softwood-1497.jpg,painting,0,albrecht-durer,train,bca8422bea6f335b98107305c9836a5c13e9d120608fb3a941921d00fc6fc6a5,ea9a1c2437315bf1
data/private/sketchnet/paintings/albrecht-durer_the-four-apostles-1526.jpg,painting,0,albrecht-durer,train,ad4bc63845f5cdb5a7f045d1a5c49aaf3167e3717844ac9dc672d7e6b72a5ecd,ad515452d336e92d
data/private/sketchnet/paintings/albrecht-durer_the-four-apostles-left-part-st-john-s-and-st-peter-1526.jpg,painting,0,albrecht-durer,train,cc9852e235dc07c348f8d64ab92911dcc6238baf551f425d9bfe8339ae50cf1e,954d885d9c5cb378
data/private/sketchnet/paintings/albrecht-durer_the-four-apostles-right-part-st-mark-s-and-st-paul-1526.jpg,painting,0,albrecht-durer,train,5596233c7373cfeb14710e9e61d5fc95c1e47afa9222dccecd5dbd057dbb5859,9471594a5949fa3b
data/private/sketchnet/paintings/albrecht-durer_the-lady-of-the-festival-du-rosaire-1506.jpg,painting,0,albrecht-durer,train,2be0be041e4ae6e5604bfa6149576b8bc6ad7be2e4527d538299c046aab7d667,a59743cb685838dd
data/private/sketchnet/paintings/albrecht-durer_the-lady-of-the-festival-du-rosaire-fragment-1.jpg,painting,0,albrecht-durer,train,1306a209eb8cb19410bb462f63c3ffb7257bcf37c98562bd2d8c5c27336725bd,d28a397d76498876
data/private/sketchnet/paintings/albrecht-durer_the-lady-of-the-festival-du-rosaire-fragment-2.jpg,painting,0,albrecht-durer,train,aa8a0b67dd98daa20ab728e6f92e063c141881e6d39406dc869e6612de6252d2,d9c8cb3b08a8f5a6
data/private/sketchnet/paintings/albrecht-durer_the-little-owl-1506.jpg,painting,0,albrecht-durer,train,16452b13f65829fb760df1b1be92f1129a8b6b169ce6c85e078063a27107315a,f8b492cbcda41ab4
data/private/sketchnet/paintings/albrecht-durer_the-madonna-of-the-carnation-1516.jpg,painting,0,albrecht-durer,train,bb9da3f59f665a24497d9a916b85f7376a48e1f64ddd7be5eb7ddf21e0928bd8,cc0fb5703733f00e
data/private/sketchnet/paintings/aleksandra-ekster_costume-design-for-the-bacchae-from-drame-famira-kifared.jpg,painting,0,aleksandra-ekster,train,cfd300b6b9ae53db0f54a6fe8ef63d63a9e6748ab9134bf954c78f6c15296d77,bb90e4669839c79a
data/private/sketchnet/paintings/aleksandra-ekster_costume-design-for-the-play-famira-kifared-by-innokentiy-annenski-maenad-1916.jpg,painting,0,aleksandra-ekster,train,6083157cb016e8eea12b4d18c0c48439e679df846f0e99538927c1518a519ad3,929b39716f24d22d
data/private/sketchnet/paintings/aleksandra-ekster_costume-design-for-theatre-moscow-1916.jpg,painting,0,aleksandra-ekster,train,1e2a219995bccf58839c02d50a0806bda555c30625b0e2846c1fb489973f9add,cb4c38c36534b3c7
data/private/sketchnet/paintings/aleksandra-ekster_still-life-1910.jpg,painting,0,aleksandra-ekster,train,8ff1c7e7608291dca2840e707f159093a3f06b762bdd1c8caf9d9084d7d79d8a,9af5a2b4cea9d184
data/private/sketchnet/paintings/alexander-calder_composition-in-black-1946.jpg,painting,0,alexander-calder,train,197dd820af98947865066cf3c8bd3f14286cf2bc22f5cb9afc5e5d0fa3c96311,fcb1f20d868e96c2
data/private/sketchnet/paintings/alexander-calder_elephant-1928.jpg,painting,0,alexander-calder,train,22e0b86273e4756d1b1621163082e0e1536d4eaaa39417d2a3e6d442434665fe,add0251fc22dd26d
data/private/sketchnet/paintings/alexander-calder_four-fish-in-water.jpg,painting,0,alexander-calder,train,0f88fc546b5105f4937579bb7e6081cfb53af3c7d80746993f4ebeb7534dbc35,8be4b74846993fc4
data/private/sketchnet/paintings/alexander-calder_hollow-egg-1939.jpg,painting,0,alexander-calder,train,41d16ffc07c9ed3b2209ff9a7f93217c955e633a9b7fa03171e1471d59b55dd8,c300bf70a738b5da
data/private/sketchnet/paintings/alexander-calder_hooked-rug-1965.jpg,painting,0,alexander-calder,train,3dfd63e840de40a0e0665ff38bf1be3a90f3198cf98a67404aa545f145184a44,866c1b7b2c957991
data/private/sketchnet/paintings/alexander-calder_the-acrobats-1944.jpg,painting,0,alexander-calder,train,30224504985e09c57f736dd39138359ad94652217e15cdc9fce5d9cdb1bbb1a1,c902f36bac3d9c34
data/private/sketchnet/paintings/alexander-calder_yellow-tights-1945.jpg,painting,0,alexander-calder,train,bb1c44ccc9447ec8ff0eb24b83ec1a03056f20f6dfb9c3aa267dab6ba7d5a961,992c467c33cdcba2
data/private/sketchnet/paintings/alexander-liberman_untitled-abstract-1975.jpg,painting,0,alexander-liberman,train,63558feb812726add68cae9e9d1789aa9b88594305c94cd733182767be181aec,d33ad435894f80f5
data/private/sketchnet/paintings/alexander-liberman_untitled-abstract-1977.jpg,painting,0,alexander-liberman,train,211f336ad8eed9c662fc2db62dfc815c82fcd8216296e50591e85911b06d9e37,b83fc744ec4c3c31
data/private/sketchnet/paintings/alexandre-benois_a-coachman-and-a-nurse-costume-design(1).jpg,painting,0,alexandre-benois,train,2ae9525f14a3e6514d73ab00c77d99fc3a0df6ac55c0493895c6fcb5195e4b7f,ec94914f937a42b3
data/private/sketchnet/paintings/alexandre-benois_apollo-and-daphne(1).jpg,painting,0,alexandre-benois,train,789a044b4b2a94cf2474a0e7e45d9e5f239361fab19826a606dada0085afee3f,a4eb5b433596270e
data/private/sketchnet/paintings/alexandre-benois_at-the-gambling-house(1).jpg,painting,0,alexandre-benois,train,6d068ed4423096f5f4e6cba2713f8c81bcdcddae39157eace76995a5b0f6bdb2,9ec3399d67302c69
data/private/sketchnet/paintings/alexandre-benois_ballerina-costume-design(1).jpg,painting,0,alexandre-benois,train,06712cfa7b7072754bed45ff0e8c58b0a76a44e82fdb595a527c1287dc785874,a6e7944ecdb05394
data/private/sketchnet/paintings/alexandre-benois_ballerina-costume-design-for-tamara-karsavina(1).jpg,painting,0,alexandre-benois,train,85b38466fd3e641c253918cc3884328b58be658a843beae4d2f3acbc80c6eeaa,f3f2c20bf33308cc
data/private/sketchnet/paintings/alexandre-benois_bertha-costume-design-for-vera-komissarzhevskaya(1).jpg,painting,0,alexandre-benois,train,1be0aa2e9500e139e20bc5fb5596b70fa2f266f021a23cac12f9a83e5c99f4aa,e3ce9c738d129a94
data/private/sketchnet/paintings/alexandre-benois_blackamoor-costume-design(1).jpg,painting,0,alexandre-benois,train,201921d2bb22f16d35a9f956061ba79a7f7f9b5f265bd019ba1ca3572b7b1600,f592c767182c7196
data/private/sketchnet/paintings/alexandre-benois_blackamoor-s-chamber-fragment-set-design(2).jpg,painting,0,alexandre-benois,train,dcb8e28481db8f7fd135f8d541d5b429f0062e2d944c4318ad739d30a6065a8f,b3439f62aa60cd47
data/private/sketchnet/paintings/alexandre-benois_blackamoor-s-chamber-fragment-set-design-1(1).jpg,painting,0,alexandre-benois,train,f510fadce3d550c9735d15583fac223833f613a1746cd147044f325c30a8c70b,8d382613d02ddebb
data/private/sketchnet/paintings/alexandre-benois_bronze-horseman-design-for-a-cover-to-pushkin-s-poem(1).jpg,painting,0,alexandre-benois,train,70e2acf66d7451c39414a2164719041994657bb195e7aaa2ba10eb8a1c2a2516,e988b5d67248b1e5
data/private/sketchnet/paintings/alexandre-benois_chinese-pavilion-jealous(1).jpg,painting,0,alexandre-benois,train,de215d3327c620f6e117b2dda4804d562be8ccb35d617de405284de2b2aa2456,f6a31d1840b35e9d
data/private/sketchnet/paintings/alexandre-benois_cover-page-1904(4).jpg,painting,0,alexandre-benois,train,ec04d45a8d68364fd70ea5201686271a361b20b9c0c48341ec443bdd60b8bdbb,f743e434c6c84ace
data/private/sketchnet/paintings/alexandre-benois_crypt-of-the-borotin-castle-set-design-for-grillparzer-s-drama-die-ahnfrau(2).jpg,painting,0,alexandre-benois,train,a4440b05b76058f741a0b861892942b2a589c8158f51726b9a605fb6ecb74617,d44b837439d2b23e
data/private/sketchnet/paintings/alexandre-benois_dancer-in-the-procession-of-the-chinese-emperor-costume-design-for-stravinsky-s-opera(1).jpg,painting,0,alexandre-benois,train,d0fd5b5c58572a749bc9384c03716f212704eb5889ff1a536aab8de852171703,b67cc123c2d39c9c
data/private/sketchnet/paintings/alexandre-benois_death-of-the-countess(1).jpg,painting,0,alexandre-benois,train,0b8ad094afbb6dcda42ef36b54235f5897d6f000bb487b7e9fccf5e4b901ddb6,c7ceb4939ba3c08c
data/private/sketchnet/paintings/alexandre-benois_drummer-of-a-puppetry(1).jpg,painting,0,alexandre-benois,train,0c3ecaa68d7215a2ab3c4cce0c735de6d261bedd26db09f64f99a9cea98862e3,b0c3c39bcc3cc53c
data/private/sketchnet/paintings/alexandre-benois_first-barrel-organ-player-costume-design(1).jpg,painting,0,alexandre-benois,train,15f4c17f6a4c046fe0eb8b993d52545a37f1ec616aa974b5a91e66d94adca2f9,b1f0c32f8ed28c6c
data/private/sketchnet/paintings/alexandre-benois_hermann-at-the-entrance-to-the-countess(1).jpg,painting,0,alexandre-benois,train,560ee41e77f3f9c5f403c728ad6b3598a319454f6b0700e225dad6040c6ba4c5,8e7e8b48ecb496a8
data/private/sketchnet/paintings/alexandre-benois_interieur(1).jpg,painting,0,alexandre-benois,train,709f908a78b3dd150b532d9e1160df78a94a5bcc3cf0f2d89fc93ae9f59b099d,bf8190fd849cca99
data/private/sketchnet/paintings/alexandre-benois_italian-comedy(1).jpg,painting,0,alexandre-benois,train,82bc0bec9c9af2602417a454499d52d13fb569b8283ff42e4dfa4a31284036bc,80e07f91e977a856
data/private/sketchnet/paintings/alexandre-benois_italian-comedy-love-note(1).jpg,painting,0,alexandre-benois,train,112ad31c1426d0a557e79f9283c60243a9b104eea7b99ccadc9fde72021ed076,e6d811ce6547a87c
data/private/sketchnet/paintings/alexandre-benois_letter-b-1904(4).jpg,painting,0,alexandre-benois,train,8ab98ec5f57cab7c63f45b12d48eb30e8783f560081ee5015b5f80a9ce73f159,aecad430d8b5c933
data/private/sketchnet/paintings/alexandre-benois_letter-l-1904(3).jpg,painting,0,alexandre-benois,train,b19b77a8f03190e7729b8005e9e77c20335cfebf5c7c866583e73b194aaa014b,bf99e048a416d763
data/private/sketchnet/paintings/alexandre-benois_letter-r-1904(3).jpg,painting,0,alexandre-benois,train,64a747fd7b4ded17c7b44f23661589223645c5b1a51bd4d8e81f889067d6f897,bbc0d8b5c596b458
data/private/sketchnet/paintings/alexandre-benois_letter-s-1904(3).jpg,painting,0,alexandre-benois,train,7a297486c49dbf4e1143276e9c35a6df7cfe8f12366c4d8a081207c45519367b,efe5d058942787c2
data/private/sketchnet/paintings/alexandre-benois_letter-t-1904(3).jpg,painting,0,alexandre-benois,train,7abd74d83fbb09db27cb1d359b8f998b540c70f3d78ee63585651d309ee80ac5,bf78e0b2d0a79262
data/private/sketchnet/paintings/alexandre-benois_letter-u-1904(3).jpg,painting,0,alexandre-benois,train,3074749db6858abec8749eaa90abd9d4cfe0a9d7ade1e05584d5cc0b93c3df3d,ef8c90b3a796c063
data/private/sketchnet/paintings/alexandre-benois_letter-zh-1904(3).jpg,painting,0,alexandre-benois,train,1a2fa334231b746b2fa148152135f0359fbc61a56d4eb4f64abeb9cd412c2bfb,8a29f4a595d6f132
data/private/sketchnet/paintings/alexandre-benois_magician-costume-design(2).jpg,painting,0,alexandre-benois,train,c479ed4ed54370948fcb6b575018fee464f74d63cb15a5f2e2bf26b1d298c71f,f883973c69568d92
data/private/sketchnet/paintings/alexandre-benois_military-parade-of-emperor-paul-in-front-of-mikhailovsky-castle-1907(4).jpg,painting,0,alexandre-benois,train,eba79f057584e105c2e6739b2cb847e8788b49c3ce0fe87a614395cb6210913c,cea1d44c20ff0f74
data/private/sketchnet/paintings/alexandre-benois_night-at-the-fairground-fragment-a-sketch-for-the-curtain(1).jpg,painting,0,alexandre-benois,train,25e2d8b0d9c30014444006456add29f2b0b77dfb0924ecfba01488269dba1997,b24bb072adb4ca3c
data/private/sketchnet/paintings/alexandre-benois_nurse-and-child-costume-design(1).jpg,painting,0,alexandre-benois,train,d363a20e7f807f119d687cb56d1df330ab90cf44bd912ac3dd34b915b3a2cbb1,e5309ac9cb926967
data/private/sketchnet/paintings/alexandre-benois_on-the-waterfront-set-design-for-shakespeare-s-drama-the-merchant-of-venice(1).jpg,painting,0,alexandre-benois,train,b572dc3f3afa5b0dbee8bd0335b052c9d476a121757fbbccb6db0fa6b98e84e2,87217994743cbc67
data/private/sketchnet/paintings/alexandre-benois_oranienbaum-the-monkey-cabinet-in-roller-coaster-hall(1).jpg,painting,0,alexandre-benois,train,d6afb99fd08dda3d677c4f36a9d9bb57a01999535cac69e27a0ba7b5630c9e41,830e2c976987b16f
data/private/sketchnet/paintings/alexandre-benois_pancake-day-in-st-petersburg-fragment-set-design(1).jpg,painting,0,alexandre-benois,train,7b885f42778eb916cc1d91d57713b4ccaf962f7fb5ecc08a5f40732d6057162b,db40243ac43ea9ef
data/private/sketchnet/paintings/alexandre-benois_pasha-costume-design-for-tcherepnin-s-ballet-le-pavillon-d-armide(1).jpg,painting,0,alexandre-benois,train,37efdedc4447d97a7c1a337c54ca2fd450fde52cc58cc98e2af547965ebca029,ac86d3393cc4cc6e
data/private/sketchnet/paintings/alexandre-benois_peter-i-on-a-walk-in-the-summer-garden(1).jpg,painting,0,alexandre-benois,train,63e21fb2870b617bf0d67efff9ebc9f863217701d0d5e0235fd8d4ebbb00bc5e,e0e5efc8320d84f6
data/private/sketchnet/paintings/alexandre-benois_peter-the-great-meditating-the-idea-of-building-st-petersburg-at-the-shore-of-the-baltic-sea-1916(3).jpg,painting,0,alexandre-benois,train,3794d8733dd3b0d84605321964771e9219219621815f7a467b14d154eb1fd03a,da96a5ad2882ed9c
data/private/sketchnet/paintings/alexandre-benois_peterhof-palace-grand-cascade(2).jpg,painting,0,alexandre-benois,train,25fc16fe3fec9f869df744caf48cb27b69c2e086742b346d2edb7dcebe3bdb3e,d296da0a7ae32595
data/private/sketchnet/paintings/alexandre-benois_peterhof-palace-lion-cascade-and-colonnade(2).jpg,painting,0,alexandre-benois,train,e2bb14ab19e035eb001b36c453e6df1325deb52d399e2144b41d8442011afa12,f8d85c652b2e2aa3
data/private/sketchnet/paintings/alexandre-benois_peterhof-palace-merchant-staircase-at-the-grand-palace(1).jpg,painting,0,alexandre-benois,train,e016b407e6aedc9b4253f65327697478c452e008bebe67810bc2f39c8ead321e,d80721743c7e9d66
data/private/sketchnet/paintings/alexandre-benois_peterhof-palace-mon-plaisir-medium-room(1).jpg,painting,0,alexandre-benois,train,6e33a6117e7b1cad3023df732405712522843171e398b0bcb712413b7ab82931,8cf0633c9383b55e
data/private/sketchnet/paintings/alexandre-benois_peterhof-palace-vases-at-the-channel.jpg,painting,0,alexandre-benois,train,3206c34e87393508dba3aadf46e210ca49d7b08226bb101f3e9ca7efac9133c8,dbc9f407c8b007f1
data/private/sketchnet/paintings/alexandre-benois_petrushka-costume-design-for-vatslav-nijinsky(2).jpg,painting,0,alexandre-benois,train,2c7b32cef6a163f8ecbb6a270ea69adb5e580cb254ffa7bf36949c4fb29180b4,a1c6d8619e3963d9
data/private/sketchnet/paintings/alexandre-benois_petrushka-poster-scetch(2).jpg,painting,0,alexandre-benois,train,46ed0adb601f9e02c9667dd9f48278a4aa7aeca567b5696ff35cc178842b7d76,ba7a81c43cf1f306
data/private/sketchnet/paintings/alexandre-benois_petrushka-s-chamber-set-design(1).jpg,painting,0,alexandre-benois,train,3ae9bfc56bb66a1588e6941c1b78f38fbfdb44783450b1bbca88e12d2c598171,fa32866d34384d9e
data/private/sketchnet/paintings/alexandre-benois_promenade-of-empress-elizabeth-through-the-noble-streets-of-st-petersburg-1903(3).jpg,painting,0,alexandre-benois,train,e14263355901e78308728d9cf67bc018ede429526f017be040b9cf497e484250,d4c397b42704f92e
data/private/sketchnet/paintings/alexandre-benois_rural-landscape-set-design-for-adan-s-ballet-giselle(1).jpg,painting,0,alexandre-benois,train,c33a4d43602028711015517ab1d6251a9263e091152a881aeaedb0e88328afc4,c4c62c18b56fe374
data/private/sketchnet/paintings/alexandre-benois_soldiers-of-catherine-ii(3).jpg,painting,0,alexandre-benois,train,0d2e316fc4d948f067fb51e24e2dd21514008dde8da914c3c1df970a4c8b5704,9e89b2e85377942a
data/private/sketchnet/paintings/alexandre-benois_street-dancer-costume-design(1).jpg,painting,0,alexandre-benois,train,1be3bc2264e7da543bc9eaa53d50dce9542ad99d86cd634ff0c9a80f771988b6,e3c5c63e9c934869
data/private/sketchnet/paintings/alexandre-benois_the-king(1).jpg,painting,0,alexandre-benois,train,dc5a80e556afe12272bdf91a25ca2e9a7cc2cad844d0c13a8379c46a6434cf7b,91ab38d3c72c7983
data/private/sketchnet/paintings/alexandre-benois_the-scene-of-the-ball-set-design-for-tchaikovsky-s-opera-queen-of-spades(1).jpg,painting,0,alexandre-benois,train,266cca5b17935bb56c33f6b9630aa5c0a3c5805224a87471052644b05a00d4c2,d2848d923385dfe5
data/private/sketchnet/paintings/alexandre-benois_the-third-drunkard(1).jpg,painting,0,alexandre-benois,train,2a7c13bc283165325ba5e02b402d11be73f64128a4db57930a5a0722b7967782,e4c39c92cb3ccd8c
data/private/sketchnet/paintings/alexandre-benois_truffaldino-costume-design-for-goldoni-s-comedy-servant-of-two-masters(2).jpg,painting,0,alexandre-benois,train,71a511d07d7da44a2a26167acdda2b846f96d14fe7a3821c0d4c5e0894ff3739,b673c3934c648f1c
data/private/sketchnet/paintings/alexandre-benois_venetian-celebration-of-the-xvi-century-fragment-set-design-for-an-unrealized-ballet-the(1).jpg,painting,0,alexandre-benois,train,453eeaf133c23666ec23c971d2ad129fa8da8331b9c121b423bea234d5947e36,c3aa0c32371bf66c
data/private/sketchnet/paintings/alexandre-benois_versailles-1(1).jpg,painting,0,alexandre-benois,train,f1d26d2139eeb5d4ecfa9182233e01bd0f9785b7dba89adcd68ddf99a5c6e98d,d480a1ff7c688787
data/private/sketchnet/paintings/alexandre-benois_versailles-greenhouse(1).jpg,painting,0,alexandre-benois,train,25180923ccf851696731f4040cdbe80aa676886e846838ee55b0c7c035992045,99873704d3ed13d2
data/private/sketchnet/paintings/alice-baber_abstract-composition-1969.jpg,painting,0,alice-baber,train,507458d53b0ea580a79d25b14bd3023922e4a21f29f91e593468de7f216a34bf,8e759b864415b4eb
data/private/sketchnet/paintings/alighiero-boetti_pier-piet-1974.jpg,painting,0,alighiero-boetti,train,51c71b8725d9a3a06db47958448ca59029be164975175aac051e36d894c33588,f033ce8c313375cc
data/private/sketchnet/paintings/alphonse-mucha_6th-sokol-festival-1912.jpg,painting,0,alphonse-mucha,train,50103f51f4cb5ac12ee235ac470447d176432f9d1feff3d557db6f1765bad29f,9be8223589972e9e
data/private/sketchnet/paintings/alphonse-mucha_8th-sokol-festival-1912.jpg,painting,0,alphonse-mucha,train,7b3242af395dfb82e4b746d853970992ffbb1bba01d3d56c9812854d8ad5b195,ec6bbaa4e0d1b544
data/private/sketchnet/paintings/alphonse-mucha_a-quartier-latin-1898.jpg,painting,0,alphonse-mucha,train,d48a1863c25874694b0d10d5087ddb9421e76970ae79a196082ad79084998134,b7b1cace9c21a19c
data/private/sketchnet/paintings/alphonse-mucha_aawn.jpg,painting,0,alphonse-mucha,train,6bf2b47b0ef28397b9cfc8d785fb6ddfe7482d16863a5b268f72d1b12ca37936,8331395bd93bb41c
data/private/sketchnet/paintings/alphonse-mucha_amants-1895.jpg,painting,0,alphonse-mucha,train,740dd4ba35fe700eda5c53906914f67e2cf1cb1f9a168ab976815a985aeda8e8,8666eb827e91b163
data/private/sketchnet/paintings/alphonse-mucha_amethyst-post.jpg,painting,0,alphonse-mucha,train,917ff69581873b1daf4deb379bdd91630803a666f7d17602db372d836595ad8d,be2ee3b098c6e1c4
data/private/sketchnet/paintings/alphonse-mucha_amethyst.jpg,painting,0,alphonse-mucha,train,561f60772fd378bd2de19a42c6bfe2d351facef6ad1028945455780b611520c9,aad0e5692ded9096
data/private/sketchnet/paintings/alphonse-mucha_art-nouveau-color-lithograph-poster-showing-a-seated-woman-clasping-the-hand-of-a-native-1903.jpg,painting,0,alphonse-mucha,train,b022a78c5ac8b989a94c4164c28708e7ba924c3902961a14c4bf273d1c6d56fd,eb44b4b843c83dc7
data/private/sketchnet/paintings/alphonse-mucha_austria-1899.jpg,painting,0,alphonse-mucha,train,f0c8d6ecc824590ae992bab69acb257a95d8ad61beed62e0ecb117ce50a42eb1,bbce9e4ac01e54b4
data/private/sketchnet/paintings/alphonse-mucha_beer-of-the-meuse-1897.jpg,painting,0,alphonse-mucha,train,374340cd82b683f43df3186e6d5641d2bf5bea25a002109a2e72854fbdb761f5,eeb0d04cc1e7dc98
data/private/sketchnet/paintings/alphonse-mucha_biscuits-lefevre-utile-1896.jpg,painting,0,alphonse-mucha,train,f84237b7bf4c1f6db383eab78756f8833a98e0c4225e8e322e292ac043a8be71,826cf799f1c2e846
data/private/sketchnet/paintings/alphonse-mucha_bleu-deschamps.jpg,painting,0,alphonse-mucha,train,2e41794e664097c16c30f8ce4b6efd3766c19a133138caf1b8d7c1e515b3154b,9e2d719046b8ba7a
data/private/sketchnet/paintings/alphonse-mucha_byzantine-head-the-blonde-1897.jpg,painting,0,alphonse-mucha,train,a71f1e26a607488e592d680c45f17410b164a4448fd2e3e9a59a9c13e66c734b,ee69a0b893e18796
data/private/sketchnet/paintings/alphonse-mucha_byzantine-head-the-brunette-1897.jpg,painting,0,alphonse-mucha,train,0a06af8f424818debae81392ee957785bec9240f3c3f3eb1a89ff53a11898567,bf3ea4e9c1b0d0c2
data/private/sketchnet/paintings/alphonse-mucha_calendar-champagne-1897.jpg,painting,0,alphonse-mucha,train,1806766dee5fb69592feb8e97e3610e11ffcadb7cbe23f57d9e7cb320f095aea,cc79b346e5879650
data/private/sketchnet/paintings/alphonse-mucha_chocolat-ideal-1897.jpg,painting,0,alphonse-mucha,train,40e9c991d62ac169d9dde49aa76ff8a013c1a10f080efc0e45622108a3ce3066,ce2eb1c4074d8f2b
data/private/sketchnet/paintings/alphonse-mucha_chocolat-masson-1897.jpg,painting,0,alphonse-mucha,train,2004bbe28468c4843dd94407835c24eb1cd021e840481be1b393c983b58ae4bd,8a6dd6e0959a9969
data/private/sketchnet/paintings/alphonse-mucha_cover-composed-by-mucha-for-the-french-literary-and-artistic-review-la-plume-1898.jpg,painting,0,alphonse-mucha,train,4043df26d217191ecaa98acce5ac659830aefb78772dc7e90444d71600bd3d71,8b7b741ec12d9c32
data/private/sketchnet/paintings/alphonse-mucha_cow-slip.jpg,painting,0,alphonse-mucha,train,7fd1e4b27d154929dd2aed57373460e44b9517496ced89379b52b2958ae03eaf,ea3de890c04e1f3b
data/private/sketchnet/paintings/alphonse-mucha_cropped-print-of-four-panels-each-depicting-one-of-the-four-seasons-personified-by-a-woman.jpg,painting,0,alphonse-mucha,train,b9be63756bdd6dd95ea30c6dd0b827edde0359db94d9efc9ed3c52f08884c2f2,a52cd90327b6fc89
data/private/sketchnet/paintings/alphonse-mucha_cycles-perfecta-1902.jpg,painting,0,alphonse-mucha,train,a24113708a8117c8024b7c370d28b02bba6fa755238a4f93e78fc6f0498fb132,81fef8b1dc4b0323
data/private/sketchnet/paintings/alphonse-mucha_dance-1898.jpg,painting,0,alphonse-mucha,train,c7f1ca93ab5ba4c7962b1e003fd2c7e03f43b0ffb5066ced7598f6acfe7ccf7c,f00e2db44fa598f1
data/private/sketchnet/paintings/alphonse-mucha_day.jpg,painting,0,alphonse-mucha,train,0b559c0b9abc37ac8fb7e697dc7f522aeb479139f92160ab0e7b9d8bce285198,eaf83de13442911f
data/private/sketchnet/paintings/alphonse-mucha_dusk.jpg,painting,0,alphonse-mucha,train,9b791b2efd1117cd853b3a4dea8e8e0f0012fc3c5ae3aa1cb15a87046fa376bb,d674eb8b99e2c608
data/private/sketchnet/paintings/alphonse-mucha_emerald.jpg,painting,0,alphonse-mucha,train,a0871d2c5423f57015662a260a385343da90a73633024377b3a480399765891c,9dcde7722409d8d1
data/private/sketchnet/paintings/alphonse-mucha_evening-reverie-nocturnal-slumber-1898.jpg,painting,0,alphonse-mucha,train,32c201113dab46e9f6930253bb5e0f28038675142cade153426a7de600b4f549,b2507ce6c529535d
data/private/sketchnet/paintings/alphonse-mucha_evening-star.jpg,painting,0,alphonse-mucha,train,8917504a26cc7915b1de448715746512c5fdbe797423b8334771a1bd48952918,eacf9530c925b8c9
data/private/sketchnet/paintings/alphonse-mucha_evestar.jpg,painting,0,alphonse-mucha,train,404843d381d57110b30a3440ac93a4ce75206b18922720b69dac8671546ed41e,bf98c16cc06ae197
data/private/sketchnet/paintings/alphonse-mucha_fate-1920.jpg,painting,0,alphonse-mucha,train,dc014c334b9ea73f731ed0dd9977ee6c61db8a06ba77800eeea73a19a31b52bd,ed8f72c092b1947a
data/private/sketchnet/paintings/alphonse-mucha_flirt-lefevre-utile-1899.jpg,painting,0,alphonse-mucha,train,d3fb8ff2e37bbf776f2875c900092a98b5c64489596d33be3d4f74f7f16437c5,eaca85b5e462929b
data/private/sketchnet/paintings/alphonse-mucha_flower-1897.jpg,painting,0,alphonse-mucha,train,3be64a5ceb88c2a4bc7305fa571c366cca19918de3c21ac947dc4a6cbc2f3ab0,bf8358f09cccc60b
data/private/sketchnet/paintings/alphonse-mucha_france-embraces-bohemia.jpg,painting,0,alphonse-mucha,train,c560110b0b0ee159e4d5ec87150c21f8b8bd7e55f6eb5556d80d3ff41d423d02,9d5826bc691bd1e4
data/private/sketchnet/paintings/alphonse-mucha_fruit-1897.jpg,painting,0,alphonse-mucha,train,6ba550490c038781d3ed94959d0380c06885a8c74d0395b240bcbcdd9a63a56d,ee98b106dac3961b
data/private/sketchnet/paintings/alphonse-mucha_girl-with-loose-hair-and-tulips-1920.jpg,painting,0,alphonse-mucha,train,56a4c5233caa65ed4f0e82f40a039e35223004ac0d2b58077edafeecdc8f3343,d56c6aad359498d1
data/private/sketchnet/paintings/alphonse-mucha_hamlet-1899.jpg,painting,0,alphonse-mucha,train,c0ebd1235b8d6e88a2d033612cafc823bc7a35af2be357c8c8e4a1e3a52132e5,bf4ec370d8326943
data/private/sketchnet/paintings/alphonse-mucha_head-of-a-girl-1900.jpg,painting,0,alphonse-mucha,train,1168ca8816eddbbfb71c0f2998cc9fc8d83faf7a52f37815789c2fbbc3e87dac,814b34b03bf18f76
data/private/sketchnet/paintings/alphonse-mucha_head-of-a-girl.jpg,painting,0,alphonse-mucha,train,9d63b644d52e9b388271b8daf5c865feec72b863ba16f6cf880d7c0663a87a8f,ed699186ee2cb1e0
data/private/sketchnet/paintings/alphonse-mucha_heidsieck-1901.jpg,painting,0,alphonse-mucha,train,4746ed0f9a09ae25136232425fb7858aad695513f528604781d8540ad6f136e7,b3ecbd91c4624e25
data/private/sketchnet/paintings/alphonse-mucha_iris-1.jpg,painting,0,alphonse-mucha,train,f1a5abe1e67226baacabd90fc618ee118e4114e9e167d6d04ec0d52739e474f4,ea62672d96d0b1d1
data/private/sketchnet/paintings/alphonse-mucha_job-1896.jpg,painting,0,alphonse-mucha,train,849d7ccb258bc85d8d27cc8d6c8ae4e433977b138d5e84f0bafb7d255c6f5288,dd320e6358c7d91c
data/private/sketchnet/paintings/alphonse-mucha_lance-parfum-rodo-1896.jpg,painting,0,alphonse-mucha,train,5bbcf55f4797157ca1e2b4d9d2baf0e21b084da29dfb4cdaa2f82481cb788e62,d03bede86c365314
data/private/sketchnet/paintings/alphonse-mucha_laurel-1901.jpg,painting,0,alphonse-mucha,train,59780dc7b43fe8de170f0b409525bb40977fc04e273ef3de9a09091e8d067bd3,ce28b1c34e58996f
data/private/sketchnet/paintings/alphonse-mucha_lefevre-utile-1903.jpg,painting,0,alphonse-mucha,train,df53ebd7be7c3b8fd7cbee15e93775470e48ebd220806d9151d7d9ae84c20dd7,8bcb5e87353cc063
data/private/sketchnet/paintings/alphonse-mucha_lily.jpg,painting,0,alphonse-mucha,train,318651e19dae51a9fb8c16a05fee0522a9123ffa86f9d32d92c8763c697c6995,be0b333fa690b0e2
data/private/sketchnet/paintings/alphonse-mucha_lorenzaccio-1896.jpg,painting,0,alphonse-mucha,train,0b112f5f204177ac3cf6ef968c3a88b8a17a69e746066531c297e125b995377d,ed8a17251e696336
data/private/sketchnet/paintings/alphonse-mucha_luchon-1895.jpg,painting,0,alphonse-mucha,train,d25625e9fe666d113fca429d59e96e75c6940f912e4a858c3e3735bf45507e4c,b38fbf60e0075c38
data/private/sketchnet/paintings/alphonse-mucha_madonna-of-the-lilies-1905.jpg,painting,0,alphonse-mucha,train,08f3b1fdb2d4dbb45458e8318f3f6413d263bb210d6990488602464fc1543fc1,fcc103f232c6765c
data/private/sketchnet/paintings/alphonse-mucha_maude-adams-as-joan-of-arc-1909.jpg,painting,0,alphonse-mucha,train,86c2ad23555ad04e766cd5ca48bcff503a6c562dfd5f67bdff916b02265a0567,817e7c1a99677134
data/private/sketchnet/paintings/alphonse-mucha_medea-1898.jpg,painting,0,alphonse-mucha,train,67a5b2a22ac4be3dddf2b7f18cd67e6b44c5367a170ecd1112a181ba157ce917,ec13c7b1e1172c17
data/private/sketchnet/paintings/alphonse-mucha_moet-and-chandon-white-star-1899.jpg,painting,0,alphonse-mucha,train,2d58d6287ddf557d212a5c7cf977c4f836e6a7837a54fa086fcc5eaaae576d6a,bbcb4638910fc68d
data/private/sketchnet/paintings/alphonse-mucha_monaco-monte-carlo-1897.jpg,painting,0,alphonse-mucha,train,eb2c83cf7e19bdefdb02808778aeb7c402bf720fd34937234934a19ce3fced23,ae5631db43acce03
data/private/sketchnet/paintings/alphonse-mucha_moravian-teachers0-choir-1911.jpg,painting,0,alphonse-mucha,train,3f9a7d26b01dc9d8cb02637c0b93fb73474c4f5cb47d74fcd4da355442068ee6,fa940d6b483770b6
data/private/sketchnet/paintings/alphonse-mucha_morning-star-1902.jpg,painting,0,alphonse-mucha,train,cf2875053ca5286bf1a890113d4ba9194472f4af64b060f4291ee9b2df5f6470,ee8bc1b5907a9c26
data/private/sketchnet/paintings/alphonse-mucha_nature-1900.jpg,painting,0,alphonse-mucha,train,bde4344d1aaea72ad672b3ebdb47daf4aabc576d2cddfe5d332d8445c6a22099,91d96e46b12d6693
data/private/sketchnet/paintings/alphonse-mucha_north-star-1902.jpg,painting,0,alphonse-mucha,train,27e93efa63c065fe98070a3a44c0497953ccdcfbf0a2aa265b7beb1fe510abac,aa9ddc5a94a29a56
data/private/sketchnet/paintings/alphonse-mucha_not_detected_227768.jpg,painting,0,alphonse-mucha,train,9dc3d5180818b23ce5157abc6c84051a858ccfcea2150ba731c9a237700c1a1d,f49e439bcd3092cc
data/private/sketchnet/paintings/amadeo-de-souza-cardoso_a-clear-house-1916.jpg,painting,0,amadeo-de-souza-cardoso,val,edeb94dd9d054f2090e9319c1a1e6b81876f9558c544b757d3e413f32eddf593,9e1e2d32ed107327
data/private/sketchnet/paintings/amadeo-de-souza-cardoso_a-mongol.jpg,painting,0,amadeo-de-souza-cardoso,val,4a444914a52a79011835425cd7498f6ac32c3cbdde44d87dcc1498349b85de5f,8b1a7c291de429e7
data/private/sketchnet/paintings/amadeo-de-souza-cardoso_caricature-of-the-artist-emmerico-nunes-1909.jpg,painting,0,amadeo-de-souza-cardoso,val,1e9585458a5e32b3819336e5563fe6e3704630c26fe9d2b79c2aa7655572552a,f8b197c2e1d0cc36
data/private/sketchnet/paintings/amadeo-de-souza-cardoso_clown-horse-salamandra-1912.jpg,painting,0,amadeo-de-souza-cardoso,val,c754232516279097f247036a9297e88c4524f905a04fc7d0bf39071cc3b24ad4,8f52340beb7681b9
data/private/sketchnet/paintings/amadeo-de-souza-cardoso_composition-with-violin.jpg,painting,0,amadeo-de-souza-cardoso,val,b381b58c18656a2ec59607833157c41c7d11dc9b5f302e8b0ceb0bb1f228f67e,837334ce2fe3130d
data/private/sketchnet/paintings/amadeo-de-souza-cardoso_green-eye-mask-1915.jpg,painting,0,amadeo-de-souza-cardoso,val,213545f85f94fa4c37cdef31c562806d4337e9dfa72d3103615019413cd85965,9f4427ccd704983f
data/private/sketchnet/paintings/amadeo-de-souza-cardoso_green-landscape-1915.jpg,painting,0,amadeo-de-souza-cardoso,val,8a390745626c7a4970d290d8c99cdce95e5ce180a1b18814c703a7ce776dbb5a,b67959659a8b886c
data/private/sketchnet/paintings/amadeo-de-souza-cardoso_landscape-with-black-figure-1915.jpg,painting,0,amadeo-de-souza-cardoso,val,66e04a5330c338dab3b761e65f6e9aaf3d7f6f77386b2cfd3d5a6654e982f862,c6627a0e43cf893d
data/private/sketchnet/paintings/amadeo-de-souza-cardoso_le-moulin-1912.jpg,painting,0,amadeo-de-souza-cardoso,val,93b44c2e88a48799b2a97a35077ae996dddaa1205cd795db8be0638efd9f46b0,ce4c78263d339a36
data/private/sketchnet/paintings/amedeo-modigliani_bust-of-manuel-humbert.jpg,painting,0,amedeo-modigliani,train,c2896360ff2c0db1809a705d16075c4bb1a1f9b4a7f5a8daf866f238719f125e,cccd3330b43193cf
data/private/sketchnet/paintings/amedeo-modigliani_chakoska-1917.jpg,painting,0,amedeo-modigliani,train,132a1e2314cde80fd2a4aab2ef2e672cfe37fc79fe5d10d1ea155e809e87354f,c4f86c855e657836
data/private/sketchnet/paintings/amedeo-modigliani_cheron.jpg,painting,0,amedeo-modigliani,train,11b4e357ce90c3c423836f78c8c5a5a920eaa700b095170e58f6f21fd44ef5f8,c8835c2f496f72cc
data/private/sketchnet/paintings/amedeo-modigliani_female-nude-with-hat.jpg,painting,0,amedeo-modigliani,train,63d6d533a4ebc34aeaf19f16bdbbcdd9c97e2acef57eb95f329776ee053d14b7,8d343a29979697c9
data/private/sketchnet/paintings/amedeo-modigliani_female-nude.jpg,painting,0,amedeo-modigliani,train,d64e2766d3d24e5adad5ca6f2af59fa6c9eeaeac09322d502432e877dc88532b,c5b26a6d8e8d8559
data/private/sketchnet/paintings/anders-zorn_a-girl-from-mora.jpg,painting,0,anders-zorn,train,f559b993da28b77694c8c915748edad2b3cafbcfa38ce6811892ff643bf903c0,9c0f60b7e70328ee
data/private/sketchnet/paintings/anders-zorn_a-kitchen-maid-1919.jpg,painting,0,anders-zorn,train,992ef619635aedd36f8c9ab0f87e84f95b5fb701301ef12d0edc246bce5e9775,b2e61ba04dc99dd4
data/private/sketchnet/paintings/anders-zorn_a-musical-family-1905.jpg,painting,0,anders-zorn,train,9fe55bdd6926d0be0823cdca0d1616d5dd3e4e4f6da85573e8c409f30b8ae3eb,8ecd3c38184be397
data/private/sketchnet/paintings/anders-zorn_a-portrait-of-jean-baptiste-faure-1891.jpg,painting,0,anders-zorn,train,22ad82031690e9cb9c8391632430d8e3851e0cc065b1096617ec8780919b853f,adef7a3e48817098
data/private/sketchnet/paintings/anders-zorn_a-swedish-madonna-1900.jpg,painting,0,anders-zorn,train,17e109f37788930151fe3f601f02911198be2b49a803560a565cbf4e682dafb3,bf62d229e83bc116
data/private/sketchnet/paintings/anders-zorn_bed-on-the-loft.jpg,painting,0,anders-zorn,train,3814da1c6a254f2bd90c6ba5399d2861a0f383e6720b4198fa8138691a77512c,cc8e3234daf13347
data/private/sketchnet/paintings/anders-zorn_breakfast-in-the-green.jpg,painting,0,anders-zorn,train,c93eac15f9ffaca8ccf59388745727fdd6b215c5e4a345bd509a4ac2ac10398c,cc19cf713487ac66
data/private/sketchnet/paintings/anders-zorn_girl-knitting-1901.jpg,painting,0,anders-zorn,train,d960a466efc6ef87bbd50cd0b4ec312796734794be0d3fd75a7c9ab09ed97346,c6687717e9d03c61
data/private/sketchnet/paintings/anders-zorn_grandmother-1892.jpg,painting,0,anders-zorn,train,99089b2cd33503fb153058e917845862e60f837e2cb2d66acdeb0ce91487227e,c2982dcb6168fc67
data/private/sketchnet/paintings/anders-zorn_gunnl-1893.jpg,painting,0,anders-zorn,train,21f45b43e5935dbf5b11493670e5a6558e65620568eee98e82be9d007740bd4a,8c0ae5b153bcb173
data/private/sketchnet/paintings/anders-zorn_gustav-vasa.jpg,painting,0,anders-zorn,train,704c3dc45fbd422f803903b37f4b442ebf75c9eaed9d1c7a5f00c7a7c01c1ed8,f14e8e93396cce30
data/private/sketchnet/paintings/andre-pierre-arnal_pliage-folded-painting-1972.jpg,painting,0,andre-pierre-arnal,train,b76ffb831510d8daf7bec4f2e1f3d1c3b78c2f83fc1731899499d18eaa2c77db,a2e4b31bcd66942d
data/private/sketchnet/paintings/andrei-cadere_round-wooden-bar-in-red-blue-orange-green-yellow-and-violet-1975.jpg,painting,0,andrei-cadere,train,4fc22852ef4077086d18c050c3b0082c40bf0af06559c50aa980223683e31eda,e9cf1873861cb394
data/private/sketchnet/paintings/angelo-de-sousa_86-3-15q-1986.jpg,painting,0,angelo-de-sousa,train,177e155b8b1c7d594c3450bdded2fe2ba0ed438fc0d58b69fd389712f93f5e3e,ae350877473e45d1
data/private/sketchnet/paintings/anna-ostroumova-lebedeva_pavlovsk-novosilviysky-bridge-1921.jpg,painting,0,anna-ostroumova-lebedeva,train,6e0c15b16e757b9e7f31d797faf63d8be10cff9d01b6c6e55b751b00e1b4b6f9,90b0b1b9d9e94acb
data/private/sketchnet/paintings/anna-ostroumova-lebedeva_petersburg-fontanka-1922.jpg,painting,0,anna-ostroumova-lebedeva,train,9d3948227fcf1452ac5f8061270f1e963583d620e2b52bf2bfa2cef03db3a263,9ec0b19e6f386513
data/private/sketchnet/paintings/anna-ostroumova-lebedeva_petersburg-rostral-column-and-customs-1909.jpg,painting,0,anna-ostroumova-lebedeva,train,0581334fdaf78396f3b128ad5b77f7cba48327d000fde381bf66885a0d4d581f,b3f15b249653bc0a
data/private/sketchnet/paintings/anna-ostroumova-lebedeva_petersburg-rostral-column-and-exchange-1908.jpg,painting,0,anna-ostroumova-lebedeva,train,60c6c6e5ffc4c063ec9da254ffdd5807b18ba5c95f697157288f9f88a152e2b2,d6e62969da1267a1
data/private/sketchnet/paintings/anna-ostroumova-lebedeva_petersburg-rostral-column-under-the-snow-1909.jpg,painting,0,anna-ostroumova-lebedeva,train,1063bfb6f3e2a1b157efbcae863d21a3c22ab5df368979013f4cab7bae03984d,f223c31be43e8671
data/private/sketchnet/paintings/anna-ostroumova-lebedeva_petersburg-the-summer-garden-in-winter-1902.jpg,painting,0,anna-ostroumova-lebedeva,train,e04fac189dc7a4839a202fdbf672e9e23ec045278dc6a6a849fb722d41c6230d,9e6ba114d99847d9
data/private/sketchnet/paintings/anna-ostroumova-lebedeva_school-house-of-peter-i-1922.jpg,painting,0,anna-ostroumova-lebedeva,train,fc5ff8bbf4ab2f2aab0a6b2d7aecdfdbd7c2bf2da71541a10f2148940f71395e,ef97f06a916c30c1
data/private/sketchnet/paintings/anna-ostroumova-lebedeva_spring-motif-view-from-stone-island-to-krestovsky-and-yelagin-islands-1904.jpg,painting,0,anna-ostroumova-lebedeva,train,62f6cb091de606a293d1f4c87412272e335c6c9387aced43c6bcc7798198348a,8eaeb2b10109d7f6
data/private/sketchnet/paintings/anna-ostroumova-lebedeva_st-isaac-s-cathedral-on-a-foggy-day.jpg,painting,0,anna-ostroumova-lebedeva,train,8d4e2043c613991163a380726867f4118cda7c0afe32e9855234b7bb54971a9d,bff08866982b64b9
data/private/sketchnet/paintings/anna-ostroumova-lebedeva_venice-grand-canal-grey-day-1911.jpg,painting,0,anna-ostroumova-lebedeva,train,21c94563e1f50a20cd15395b0071a39e44ddb13a2d9ca6dd9b5d4b6eaff50348,d9c0a77c201f4f63
data/private/sketchnet/paintings/anna-ostroumova-lebedeva_view-from-the-petrovsky-park.jpg,painting,0,anna-ostroumova-lebedeva,train,5de68cd111d162ad5a9ac7270cb8eb04274c312dd50d93278a633cdbe06b0280,948aee4d85a6ef42
data/private/sketchnet/paintings/anna-ostroumova-lebedeva_view-of-st-petersburg.jpg,painting,0,anna-ostroumova-lebedeva,train,79bf0dbc61028076c6371d80da748a735a6467ba4d6a86b8f5475c0b96011a42,b7a3d86c9594439c
data/private/sketchnet/paintings/anna-ostroumova-lebedeva_view-of-the-alcazar-segovia.jpg,painting,0,anna-ostroumova-lebedeva,train,5ade000e1bc531c92261c93aa3ab2dd1a9088018e704dfd71668cf6aa8935f36,c6d9e6616979188e
data/private/sketchnet/paintings/anna-ostroumova-lebedeva_view-on-the-neva-river-and-the-stock-exchange-building-from-the-trinity-bridge-1926.jpg,painting,0,anna-ostroumova-lebedeva,train,348b78e4f3324d83fa966c135a975f23945d4397cdc065534b34a35d35c24958,af50e20fb9e09539
data/private/sketchnet/paintings/anne-truitt_17th-summer-1974.jpg,painting,0,anne-truitt,train,4b10bd325c51c3b852c5056c400ef47dc8d5f5bb6f4b3a4623e563c3aeeb34cb,da1a254b6569656d
data/private/sketchnet/paintings/anne-truitt_gloucester-1963.jpg,painting,0,anne-truitt,train,c3cd25ad7e50bbec7fb939e9f7c962db6ed78e9e5d97966b28fa18214936ba2a,eacc809195333f6e
data/private/sketchnet/paintings/anne-truitt_prima-1978.jpg,painting,0,anne-truitt,train,1f2f679cfdd199d95678c8568515eff671349677851f26000e9328a668fb7a94,99a64cc76619e61d
data/private/sketchnet/paintings/anne-truitt_sumi-drawing-1966(2).jpg,painting,0,anne-truitt,train,19f1f772f6cbce742559caaae0a9641399670db25b557230d61d1527624c8042,b29bcc24cde4cda4
data/private/sketchnet/paintings/arthur-dove_sunrise-1924.jpg,painting,0,arthur-dove,val,794d6b9a592a32e4365a23dfbd63eaa29ee75fc334321291620d85d5339541ec,d78292d20fbd153a
data/private/sketchnet/paintings/arthur-dove_tree-1935.jpg,painting,0,arthur-dove,val,836765d5b68b36c9130d8350e732b4afc8be2b92b03171fc518e580813c68f14,ac9752b0d339c939
data/private/sketchnet/paintings/arthur-pinajian_untitled-landscape-woodstock-no-3876-1960.jpg,painting,0,arthur-pinajian,train,beb77142f90bd26a21e844f1a94c1b3c38d18de69a0d81a76a8a7a371695e96f,eda654891e960e37
data/private/sketchnet/paintings/arthur-pinajian_untitled-landscape-woodstock-no-d153-1962.jpg,painting,0,arthur-pinajian,train,86359e0b3e69b43788283b5f3e596bd3f7796ed3246a508b20700abab2f8ade7,fe9bbe90c4c58134
data/private/sketchnet/paintings/arthur-segal_der-bildhauer-1919.jpg,painting,0,arthur-segal,train,2c1746e19c5ce800b7bd1ed6591855cf26190646e72dd5c8f475422c6e03a317,e3954195c3ab7f80
data/private/sketchnet/paintings/arthur-segal_der-s-ndenfall.jpg,painting,0,arthur-segal,train,16fe3c33b4131856c478b2d745edfc892f06a2d908b1258f114962ff5405803a,85d757fd218c1aa4
data/private/sketchnet/paintings/arthur-segal_die-k-nigin-von-saba-1918.jpg,painting,0,arthur-segal,train,2064bc0b7dff6b252fe92aa188aad6db805604919e50f12e7b4cf4071a5e3b29,bcf0882909dbd3b6
data/private/sketchnet/paintings/arthur-segal_die-melkerin.jpg,painting,0,arthur-segal,train,0a2fe137a8e94261a24cc2a678009c5fe027b24d31157a79047017f6d51ac387,90f71e7d1e50a62a
data/private/sketchnet/paintings/arthur-segal_eliyahu.jpg,painting,0,arthur-segal,train,20f8c999414db156e2a80d1d652adb915b84a34f30bc635aedde32b08af7a045,8e8fa5b361724273
data/private/sketchnet/paintings/arthur-segal_schneeschipper-snow-shovellers-1919.jpg,painting,0,arthur-segal,train,1df7f76c62ecda92a5525b11987d92c5bd9bde90096471d4d214a16edaecf748,f5badf558248a82a
data/private/sketchnet/paintings/arthur-segal_stra-e-mit-kirchturm-1924.jpg,painting,0,arthur-segal,train,fbf2ef6c196f9fbbda103c2535b0cb6a90599929bd9abe1e29b7f5ff4d66e85a,8f818f6ee4e30633
data/private/sketchnet/paintings/arturo-souto_accordionist-1931.jpg,painting,0,arturo-souto,val,633e99d54aac166569477c25a2417b6e399eeebedc9ea24216642bca0839643a,b31bc9cc886e1d4d
data/private/sketchnet/paintings/arturo-souto_artist-and-model-1950.jpg,painting,0,arturo-souto,val,4758edeca8787bf09cdf00e6b88e1349d938004cbc42dd4e9ccdf681b097f073,d61be95c96641972
data/private/sketchnet/paintings/arturo-souto_balcony-to-the-sea-1962.jpg,painting,0,arturo-souto,val,522a292ab246a0b51fa3b11eeff19b1b42dbe188e4240fe997de4fc771ef903f,dd16166936254b67
data/private/sketchnet/paintings/arturo-souto_ball-1931.jpg,painting,0,arturo-souto,val,387e753cca03b6a22b16ebb025b273dd3c5cb7bc0b082464218c34be811256cb,84154c3a7b1e2fcd
data/private/sketchnet/paintings/arturo-souto_balloons.jpg,painting,0,arturo-souto,val,d47add64edc20b05e6299c1e2a42482721f481f3f09d701d8e6588b543edcb3f,c6472179794e9e1a
data/private/sketchnet/paintings/arturo-souto_black.jpg,painting,0,arturo-souto,val,08e1c5572d46ab78e387187904eef96b5c64ad326077926b950f04cc20d904ef,ca13815cfc4d98e7
data/private/sketchnet/paintings/arturo-souto_boats.jpg,painting,0,arturo-souto,val,61ac179deb183f68c8ee68026fb437e775f667fba39396a499bc8978c94f84b0,9b6b74a11ee45c29
data/private/sketchnet/paintings/arturo-souto_brothel-1932.jpg,painting,0,arturo-souto,val,3e7025c4f97af946493f320491d22a08deafe610239fcf0acc907ee434c1dff9,949c6d4dcbc6cc49
data/private/sketchnet/paintings/arturo-souto_chamber-of-torture-1962.jpg,painting,0,arturo-souto,val,73f058e675e45f91e5611feacf8b9d93bbd59f45d2cf8b21eac28f73f92e2e9b,d42b1b15f628f931
data/private/sketchnet/paintings/arturo-souto_classical-ruins-view-of-rome-1935.jpg,painting,0,arturo-souto,val,0f37ee0eb06144eab370f3c87db6346a09c1bea05c70ec6733d53ff8762ff4f2,f19a26f9836c27d0
data/private/sketchnet/paintings/arturo-souto_clowns-1944.jpg,painting,0,arturo-souto,val,c2322b45407a4fbfeb9a1d664b9e81ca2c8dbd1442f64fc2982f72a20e1cfc47,9cc4ea3305adc763
data/private/sketchnet/paintings/arturo-souto_composition-mulattos-with-pitchers-1933.jpg,painting,0,arturo-souto,val,830be38a7c93ac3857668f2a1ce60b7bc1f0c8b98e22cfe6dcdb66af5c865369,86ea8b699b844e7c
data/private/sketchnet/paintings/arturo-souto_composition-rapture-1943.jpg,painting,0,arturo-souto,val,eb0721b83e86ff37a76c31de9f1f9cbfe7772e92ed471b9ae5fade243a7c9155,c6b6620c33e62d6b
data/private/sketchnet/paintings/arturo-souto_courtyard-of-a-gang-of-old-bullring-in-spain-1944.jpg,painting,0,arturo-souto,val,af9ecc57b90bd4f7e070c0df53c743cc942f36b35fb927b8fda80741bf47971a,82e36771d81e2f29
data/private/sketchnet/paintings/arturo-souto_cover-of-blanco-y-negro.jpg,painting,0,arturo-souto,val,77699cf036906befc687ddba16b8a7a0a1164117bd278f0b2c992cb831098059,e7b54c9ad9e03905
data/private/sketchnet/paintings/arturo-souto_cover-of-vieiros-1962.jpg,painting,0,arturo-souto,val,783b1689fccdff2f1d6210607e07e9f1cd76de37abeeb2682cc8240c7446956a,f6cc9035e23cd983
data/private/sketchnet/paintings/arturo-souto_dance-class-1932.jpg,painting,0,arturo-souto,val,73f2db8363a9fb5158aeafdbf7db6c40ef421ab7ea4a8041423d2b0e50b54ed7,c8674a39a70fac1d
data/private/sketchnet/paintings/arturo-souto_double-maternity-1964.jpg,painting,0,arturo-souto,val,dcf6229e67fe3cfcdb19aa85112bb1941a7dda221d7e8c93ce92a615b5b5ae3b,d8910f1fbe2360ce
data/private/sketchnet/paintings/arturo-souto_harlequin-1932.jpg,painting,0,arturo-souto,val,1b731129acd0619fb8631d93be7baffcf9b3559d0b31ce7be346eccb105b768a,cf8f3270b034c9cd
data/private/sketchnet/paintings/arturo-souto_horse.jpg,painting,0,arturo-souto,val,9f6dfb8c84f433aa48f7b9ceca8b029e7de457d41c796219a33f4b358df59e35,b1b3d65993138d34
data/private/sketchnet/paintings/arturo-souto_horses-by-the-water-1934.jpg,painting,0,arturo-souto,val,54c83a247eaaa99de3c07871aa1d5527aae9af4bdbefd8474f632e3ba6b1d556,e223593823d5a7ec
data/private/sketchnet/paintings/arturo-souto_i-go-1934.jpg,painting,0,arturo-souto,val,2f3e4638aaa84e4b04b5368f9bbeecb1d35fac641a1d699ca317f7f3fe2d8e88,c195371e28e8d54f
data/private/sketchnet/paintings/arturo-souto_inn-at-port-1932.jpg,painting,0,arturo-souto,val,f8114073b4947171093104419e23b823abfe2c4c74f9413d5b5efb20a254d758,f13e308a19d5b56c
data/private/sketchnet/paintings/arturo-souto_market-of-segovia-1945.jpg,painting,0,arturo-souto,val,407f6059cf2eec1c9df6e750827c86b2765d601c62402fdb060f6a60990802db,dbd89d33e1648b12
data/private/sketchnet/paintings/arturo-souto_militiamen-in-an-interior-1937.jpg,painting,0,arturo-souto,val,7987c865969d92b4ffe357cd415030b398e1f42abf9a2f7431f980c60ddf96a6,ba81cdf6266c136c
data/private/sketchnet/paintings/arturo-souto_nonsense-1932.jpg,painting,0,arturo-souto,val,59ff96b0f3d0735fd24fe01c7882fb76b9034e1d570a68977d9061091b1b01de,bb3bc1c4c8a386ab
data/private/sketchnet/paintings/aubrey-beardsley_a-nightpiece-1894.jpg,painting,0,aubrey-beardsley,test,4cfd9b42ca4e310c2c6fab9d85e2eda040a53315ed189733efb5bd761e8cd355,874de65365dac988
data/private/sketchnet/paintings/aubrey-beardsley_a-nocturne-of-chopin.jpg,painting,0,aubrey-beardsley,test,ad66c12e9ed2db5e02ecda7b5f5a10d5b0622f40f2eda9a4674ec2650c902b1a,c2ce3f37d0d8b8a0
data/private/sketchnet/paintings/aubrey-beardsley_advertisement-for-children-s-books-1894.jpg,painting,0,aubrey-beardsley,test,eab0bedb229a684aed27b911c21c08827cdc09b78ec7b9a5d95e9f62f3f63c38,b3e7cc1c70e1131e
data/private/sketchnet/paintings/aubrey-beardsley_book-illustration.jpg,painting,0,aubrey-beardsley,test,1da639d1b2f4f560d926abebe3721e0b60d18830dc0f0edd6133a5fe8f63c39f,9c916e9e976a918c
data/private/sketchnet/paintings/aubrey-beardsley_chopin.jpg,painting,0,aubrey-beardsley,test,fe40e7dddb3b02ff2bc88f3aa83e3ed5423b2caaf854c4b3a3a43fcab7c1dede,8ecc3233c16bb99c
data/private/sketchnet/paintings/aubrey-beardsley_cover-1894-1894.jpg,painting,0,aubrey-beardsley,test,b399e5e4fd9ec1c18c2bce469932febb0981be3b1a18c7262675672196333f41,df3a226599c96625
data/private/sketchnet/paintings/aubrey-beardsley_design-for-the-front-cover-of-the-savoy-complete-in-three-volumes.jpg,painting,0,aubrey-beardsley,test,6510beb5194b8f124bdbcbd86899044139ab339f164f7fe4127b9d95056e1b7e,e7b038cf70d881e6
data/private/sketchnet/paintings/barnett-newman_untitled-1945.jpg,painting,0,barnett-newman,val,50dc0dba43ab9b4a29376354fe0bcc726ff38e6a544d1a9ffab176202d5df713,f508af4aaa72aa72
data/private/sketchnet/paintings/betty-parsons_bright-day-1966.jpg,painting,0,betty-parsons,train,2712d4ffeeaf74619a24488246dc00f69d1d0fac7ac4ea907c2e1fd1c95ef2c5,9d8f58d2d233638a
data/private/sketchnet/paintings/blinky-palermo_butterfly-ii-1969.jpg,painting,0,blinky-palermo,train,67da227a60b87f55bfdd16ed2e30f7af22997198250c779cf2ebb2758f52a1fa,b3b94cc64c9931b9
data/private/sketchnet/paintings/boris-kustodiev_portrait-b-a-gorin-goryainov-1926-2.jpg,painting,0,boris-kustodiev,val,a4ad41bf6d81828f2aba5fa9c69ca9a84419d18a9a33ab8edd1552458229efaf,f1b96d4634a80ef4
data/private/sketchnet/paintings/boris-kustodiev_portrait-of-a-a-polovtsev-1903.jpg,painting,0,boris-kustodiev,val,12b7b35db380c538ad3d130d004d030458733ad336221115ab8ae5a26cbf8f21,cffef14c18060ce9
data/private/sketchnet/paintings/boris-kustodiev_portrait-of-a-d-romanova-1908.jpg,painting,0,boris-kustodiev,val,0edc5e2617c2b1820c9462d579763fe206b0418faa504fa9154421fdcd4c2410,c9276462d2cd49de
data/private/sketchnet/paintings/boris-kustodiev_portrait-of-a-governor-general-of-finland-n-i-bobrikov-1903.jpg,painting,0,boris-kustodiev,val,229a68dabf52252141c6b8678df9b158b471506fd5489d458807b1c6455ccc34,d949e10166be7a36
data/private/sketchnet/paintings/boris-kustodiev_portrait-of-a-priest-and-a-deacon-1907.jpg,painting,0,boris-kustodiev,val,ce52edfd56739cb0b85ea1cc02cfb83727c2a44fdf3a88edabf2e128a2ec5899,e2f98b840f077674
data/private/sketchnet/paintings/boris-kustodiev_portrait-of-a-sculptor-and-painter-d-s-stelletsky-1901.jpg,painting,0,boris-kustodiev,val,754ef7e525c5f333dbe8f7c9740da6bac2f1775a4f5337b9213b9647a97b8899,b550726e6e3b8859
data/private/sketchnet/paintings/boris-kustodiev_portrait-of-a-singer-i-v-ershov-1905.jpg,painting,0,boris-kustodiev,val,96c71bc252048ad1246c33a9c32474a592568e8ce473137fe82a72ca9497fdca,e0a59ad2879e19cd
data/private/sketchnet/paintings/boris-kustodiev_portrait-of-a-woman-1904.jpg,painting,0,boris-kustodiev,val,9ccfe137a2732cde56913c9d0da0b387ba2b957e8f0c8547ed1f107ecf76bcb4,fccca32343ccd994
data/private/sketchnet/paintings/boris-kustodiev_portrait-of-a-woman.jpg,painting,0,boris-kustodiev,val,2ee8322271f1557863700687ef4974340255f23c3c987385b12777d6be959aee,eed4af51ab01cc2a
data/private/sketchnet/paintings/boris-kustodiev_portrait-of-a-writer-alexandra-vasilevny-schwartz-1906.jpg,painting,0,boris-kustodiev,val,de76b8d38e783b4966df96d8af856e7062a31e83dd9fb40703e2a6435196fc76,caacc375c932a0d7
data/private/sketchnet/paintings/boris-kustodiev_portrait-of-alexander-pushkin-on-the-neva-embankment-1915.jpg,painting,0,boris-kustodiev,val,3050892c8fe64f5ae6191a6bb766d44b215035ff021d79f2e550e6bd502b2479,b2f5a2ca5aad9099
data/private/sketchnet/paintings/boris-kustodiev_portrait-of-an-art-historian-and-restorer-alexander-anisimov-1915.jpg,painting,0,boris-kustodiev,val,06b87d9e42ed4257339b7e8f806c319ded2f0b1e71bb67fe72801d719cb010ee,81e8f7122bd4d8d9
data/private/sketchnet/paintings/boris-kustodiev_portrait-of-count-v-n-kokovtsev-1913.jpg,painting,0,boris-kustodiev,val,1fa1d040797f809048fb30d1caecc0a00b2ac915f8bb187a2a88441cbda352be,e4679a923c6d4d31
data/private/sketchnet/paintings/boris-kustodiev_portrait-of-countess-grabowska-1917.jpg,painting,0,boris-kustodiev,val,2edf6910e1d85e5c6808c9367c3dfd0a9da075c3ad635fd1ebd465aae15aacbc,d91964661eb9334d
data/private/sketchnet/paintings/boris-kustodiev_portrait-of-d-f-bogoslovsky-1900.jpg,painting,0,boris-kustodiev,val,9acc2be67f1d5857f7b19a5b72d3bb1160fef2b0b6af51faf448b16edf19c54c,b391d9c1e626461f
data/private/sketchnet/paintings/boris-kustodiev_portrait-of-d-f-bogoslovsky-1902.jpg,painting,0,boris-kustodiev,val,f9cb25c4247c8f3a10e79ef39ace727fe098ecfe6578d3c011c43f04b10087e9,be848f48f912b31b
data/private/sketchnet/paintings/boris-kustodiev_portrait-of-d-kardovsky-1921.jpg,painting,0,boris-kustodiev,val,5d8964f430ede8fd8f3406e6939a84bcc0dffa5c2b73a75eb47dceb1c48bc896,b4a6c139d391dd29
data/private/sketchnet/paintings/boris-kustodiev_portrait-of-d-m-solsky-1908.jpg,painting,0,boris-kustodiev,val,a01d8089f31b69da8bcc46305d0e9cbf9c3393991c4dd66a1318379859a6ec03,98e4d383398ec7f0
data/private/sketchnet/paintings/boris-kustodiev_portrait-of-e-a-polevitskaya-1905.jpg,painting,0,boris-kustodiev,val,f8bb9e68b1d84aa9e39c48a9d202674c8bdee513d61c0b6091196bfe5d1f97a2,aec1167961ce9cd8
data/private/sketchnet/paintings/boris-kustodiev_portrait-of-e-e-lansere-1913.jpg,painting,0,boris-kustodiev,val,6ab2d791c83f6a562be4e8774e7ac773933324dd55b3cea96750fccd13a2cf31,fe95c46bb1f018c1
data/private/sketchnet/paintings/boris-kustodiev_portrait-of-e-kustodieva-artist-s-mother.jpg,painting,0,boris-kustodiev,val,ef542495c4eb0d2ec68712182e560ffc6668a43e33ade74f6bc936942cae6fd1,fdc90012e666fd2c
data/private/sketchnet/paintings/boris-kustodiev_portrait-of-elizabeth-mikhailovna-botkina-1912.jpg,painting,0,boris-kustodiev,val,3a91b72986e24c6b971b836a88664be4479311e2d0f0b084dfc6e7717cb940f6,fa8cc2306fd9a18b
data/private/sketchnet/paintings/boris-kustodiev_portrait-of-elizabeth-pushkina.jpg,painting,0,boris-kustodiev,val,653f31d613987cde472b8bd5f41f92e902255fc299d60b700abae3e5f5433aa2,ffc49123236e0cd9
data/private/sketchnet/paintings/boris-kustodiev_portrait-of-vasily-kastalsky.jpg,painting,0,boris-kustodiev,val,a8288e5428183d46865f40ba0a7b0f93b96ddb478d6c61b4c249c52a18e74a48,c88731e3e6d9cbc0
data/private/sketchnet/paintings/boris-kustodiev_portrait-of-vasily-vasilyevich-mate.jpg,painting,0,boris-kustodiev,val,08bcd84e753e7832b5c0cd71089fcf3dc30315654d2d9fdb9f24f03aed0023fc,c77a9847ca300ff2
data/private/sketchnet/paintings/boris-kustodiev_portrait-of-y-e-kustodieva-1907.jpg,painting,0,boris-kustodiev,val,29a52838632d95761dc406714a610a5d382119793378bb50b60fd7c7261d5489,b4a1db5c2c3e3c16
data/private/sketchnet/paintings/boris-kustodiev_portrait-of-y-e-kustodieva-1926.jpg,painting,0,boris-kustodiev,val,aac92ca564010b3c32979ceb147482815be41282ee784bfbce92ef3c2f1e853b,e5530a2e173c4dec
data/private/sketchnet/paintings/boris-kustodiev_portrait-of-y-e-kustodieva-with-daughter-irina-1908.jpg,painting,0,boris-kustodiev,val,20a02e10fbe48c0e67967a5d24c372b64cb22ea99fb1cf15a83829478379eebf,aaca4e6accec4ac6
data/private/sketchnet/paintings/boris-kustodiev_portrait-of-y-e-kustodieva-with-son-1904.jpg,painting,0,boris-kustodiev,val,2e4bd46e037e9226738ab8eb8760a098a3dfb528a06594e1ecb92ddc38acf35e,c36f3c31c4ce8e31
data/private/sketchnet/paintings/boris-kustodiev_portrait-of-y-i-lavrin-1909.jpg,painting,0,boris-kustodiev,val,7b74f8e761829d762f931fefc5251f9fa1673c7523d2d2972f039698d43212d4,845ea9b653ad549a
data/private/sketchnet/paintings/boris-kustodiev_portrait-of-z-e-roze.jpg,painting,0,boris-kustodiev,val,247e3b862a6976a56255cfa50d2d64153b9236d1349a63bf686f62020d3dd19b,af2c3633e1073792
data/private/sketchnet/paintings/boris-kustodiev_portrait-of-z-proshinskaya-1901.jpg,painting,0,boris-kustodiev,val,9184deb3d4e6777e603fb72fe1d849067651cfc96d36d7f8f224da565cc21284,eba1b1061e72e387
data/private/sketchnet/paintings/boris-kustodiev_poster-for-the-freedom-loan-1917.jpg,painting,0,boris-kustodiev,val,f9398331a54f0373d3234477a8dbe00b9071afa780d77984b19346284d62e2d8,f3f38251430f3f28
data/private/sketchnet/paintings/boris-kustodiev_ride-boris-and-yu-kustodiyevs-1915.jpg,painting,0,boris-kustodiev,val,54724b4637a1a05481d97763061ac07c97ab46923b620c2e2606ed79a3049de1,d1cc13835c33dc73
data/private/sketchnet/paintings/boris-kustodiev_river-flooding-1922.jpg,painting,0,boris-kustodiev,val,b9e83489b528f8daadd1c243c1394ecf0d7e2cc9c84961aca221d850cbc6491b,d195ee84392ee2c6
data/private/sketchnet/paintings/boris-kustodiev_room-in-the-house-of-prokofy-pazukhin-1914.jpg,painting,0,boris-kustodiev,val,0f375260c9707fc66f9de7fff0703e45d668422e13d52b26ef23f8bce0961085,a6dd4132c1fed0b1
data/private/sketchnet/paintings/boris-kustodiev_room-in-the-house-of-prokofy-pazukhin-1918.jpg,painting,0,boris-kustodiev,val,3ac817e1c297c1de068a94de91578813bc37dd5334cdab9100510a4425ad8126,963f583fc946842b
data/private/sketchnet/paintings/boris-kustodiev_scetch-for-ostrovsky-s-wolves-and-sheep-1915.jpg,painting,0,boris-kustodiev,val,b028fabb88165f1d1267d516bb4fcbc53ca45bd68d915fe9ba9691649376e1ea,d0d09959fe458f0d
data/private/sketchnet/paintings/boris-kustodiev_school-in-moscow-russia-1907.jpg,painting,0,boris-kustodiev,val,629d1fec3e1967d4c2894a75b2c85fbae233ba53e518eab8608c74b9f2abfdd2,973f49342ed33d04
data/private/sketchnet/paintings/boris-kustodiev_seated-woman-with-a-book-1915.jpg,painting,0,boris-kustodiev,val,57197e6cf4054f415396a66a2e2904e8490d243a523ad8c746d7f19a6b83b2cb,e68206e43939e7d3
data/private/sketchnet/paintings/boris-kustodiev_self-portrait-1905.jpg,painting,0,boris-kustodiev,val,c8bcfa0f15804325c1cb1193ffc2edf58ae12589c6667123079bcde850bea32e,c6aee8911719c3da
data/private/sketchnet/paintings/boris-kustodiev_self-portrait-1910.jpg,painting,0,boris-kustodiev,val,56ec490e2e8e410fae08bdd4bf43ae1968df7b5474743e2f50ae3b63357ce2bf,fbca2df0e235c083
data/private/sketchnet/paintings/bradley-walker-tomlin_number-13-1949.jpg,painting,0,bradley-walker-tomlin,val,5c4034cf9e02c3ae7c14eb7c011ea616e6756f2fd348fb47482e1e573cc810d2,c0ce68ac63e10fd7
data/private/sketchnet/paintings/brett-whiteley_american-dream-1969.jpg,painting,0,brett-whiteley,train,2f532a20d2e7004283b29df83271183918520dc0d628e200d73199a306f14cde,ffe280b1c1dcd44c
data/private/sketchnet/paintings/brice-marden_annunciation-study-i-1978.jpg,painting,0,brice-marden,val,9bad3e8c77361a0dfe67cf4dfa4dcb2fb2713964435bbb9974c0ef1c0144703e,bc3cc3c33c3c383c
data/private/sketchnet/paintings/brice-marden_greece-summer-1974.jpg,painting,0,brice-marden,val,1d9d2f7d68ee5829756b5030fa091215aeefb6432665e173bbef46b593116dd1,f4741b9b742424db
data/private/sketchnet/paintings/brice-marden_joined-2011.jpg,painting,0,brice-marden,val,b5ed1ac0e3e9f4e8c7881dfa980c741de43a937cbf086b6496b8a398f995beea,e6e19989cccc9933
data/private/sketchnet/paintings/brice-marden_ru-ware-project-2012.jpg,painting,0,brice-marden,val,3fd3f144576358ca011953c363c92d5ac86e325f73678f8eb4e7fb48e7107384,bb84c42e3a6b3b94
data/private/sketchnet/paintings/brice-marden_to-corfu-1976.jpg,painting,0,brice-marden,val,aada709b8ef65f9ad0f4a7317e2473a6de8c151a07169f3a094eeda803cce074,b14c447966b74c3b
data/private/sketchnet/paintings/brice-marden_untitled(1).jpg,painting,0,brice-marden,val,0db863f542d61bdd3977906026bda8a5db08ddcf14722e1ce5b56d69db31864b,a0cc70355ef07b8d
data/private/sketchnet/paintings/brice-marden_untitled-1971-1(1).jpg,painting,0,brice-marden,val,454779c857d9d1ee777d70d74da4ccbe3b58fd79661365ede9b00bf2fd81f62e,ea8885a04ded6dea
data/private/sketchnet/paintings/bruce-nauman_my-name-as-though-it-were-written-on-the-surface-of-the-moon-1968.jpg,painting,0,bruce-nauman,val,f5780c7bb3b727a5580e226439972544aed6b344e1e3ca70ae5f01639a145cbc,90f06f2f95d0f02b
data/private/sketchnet/paintings/camille-corot_woman-in-a-toque-with-a-mandolin.jpg,painting,0,camille-corot,train,a44ac77039a3d1436227e786d7b1942aa45f986d998333ce3dd8fe4cf979db2d,9b97764989c76458
data/private/sketchnet/paintings/camille-corot_young-algerian-woman-lying-on-the-grass-1873.jpg,painting,0,camille-corot,train,dc9656f98289faa39c3aeeee54d0c175e3260ae62fcb250be63a76391da954e7,88e2c48cb773c87e
data/private/sketchnet/paintings/camille-corot_young-woman-1845.jpg,painting,0,camille-corot,train,f8e61e8a8ce050ec56e9299dc19662de3d313352085771447c89faacf7602653,d92d649ad32b6c8c
data/private/sketchnet/paintings/camille-corot_young-woman-at-the-well-1870.jpg,painting,0,camille-corot,train,1624c57ed7ad0446f8ebe53e1364090aba6f2f7250b86117587accce1a54238d,dad4d0e3e556849c
data/private/sketchnet/paintings/carl-larsson_clair-obscur-1877(1).jpg,painting,0,carl-larsson,val,559e63d12ad3dfcc4b46c4761725694ea571159e571a91ba67ad85c7d833c93b,eec69203993c566e
data/private/sketchnet/paintings/carlos-saenz-de-tejada_the-life-of-st-ignatius-loyola-plate-1-ignatius-recovers-from-his-wounds-at-loyola.jpg,painting,0,carlos-saenz-de-tejada,test,b8965b4f39c962ff925a4b787d07db1ae4c78d3622fbddca0ad15b9ae8f7dbe4,9fb46ac896939562
data/private/sketchnet/paintings/carlos-saenz-de-tejada_the-life-of-st-ignatius-loyola-plate-10-the-death-of-st-ignatius-31st-july-1556.jpg,painting,0,carlos-saenz-de-tejada,test,149e1a9105a76e4cafea23f8ec0ae34f6c9f46dd457193052b359cceb6f05101,dc83259482b3abdb
data/private/sketchnet/paintings/carlos-saenz-de-tejada_the-life-of-st-ignatius-loyola-plate-2-ignatius-writes-the-spiritual-exercises-in-the-cave-at.jpg,painting,0,carlos-saenz-de-tejada,test,080b1c93dbc3644f42d55b823c8dc866207e81793d574e846ab1049ce54e5d80,c6cd3b9069b1d2e4
data/private/sketchnet/paintings/carlos-saenz-de-tejada_the-life-of-st-ignatius-loyola-plate-3-the-vision-at-the-river-cardoner-manresa.jpg,painting,0,carlos-saenz-de-tejada,test,bf82ea2552df2662e66b7b2e2ddeacf52d7c69e580968d8a74e727b3f5c42438,8b81b03eee04fa5d
data/private/sketchnet/paintings/carlos-saenz-de-tejada_the-life-of-st-ignatius-loyola-plate-4-ignatius-and-his-friend-francis-xavier-at-the-university.jpg,painting,0,carlos-saenz-de-tejada,test,15adbc78b458939f36eeb1d232f8e8c83d06b89b063c29fa58773696bca43e6e,f4b34966b24ca3d8
data/private/sketchnet/paintings/carlos-saenz-de-tejada_the-life-of-st-ignatius-loyola-plate-5-ignatius-and-the-first-companions-take-vows-at-montmatre.jpg,painting,0,carlos-saenz-de-tejada,test,d6599db9e094969b686e1a8ffe1c5af534db000bf807ade28839ac50a0d90598,8b871c2f9c9c31f1
data/private/sketchnet/paintings/carlos-saenz-de-tejada_the-life-of-st-ignatius-loyola-plate-6-the-vision-at-la-storta-outside-rome-i-will-be.jpg,painting,0,carlos-saenz-de-tejada,test,c8001f6e75beaf2fdf7fc239f4b97e202ab26b863a7d48819a4aa71da3d925fd,94916d665bd872ca
data/private/sketchnet/paintings/carlos-saenz-de-tejada_the-life-of-st-ignatius-loyola-plate-7-pope-paul-iii-approves-the-society-of-jesus-27th.jpg,painting,0,carlos-saenz-de-tejada,test,9b9d0af9ffa0766641aed37d292883133b41e8a89682bcaf19df75f74ab72157,9d836d1609a6d0fd
data/private/sketchnet/paintings/carlos-saenz-de-tejada_the-life-of-st-ignatius-loyola-plate-9-after-their-solemn-vows-at-the-basilica-of-st-paul.jpg,painting,0,carlos-saenz-de-tejada,test,23f3e817e74ced95493bd19d66dccd25dec2b5638f83224f65d2b24ee935b8e1,bfc5623b0ce3111e
data/private/sketchnet/paintings/carlos-saenz-de-tejada_the-palace-escoriaza-esquivel.jpg,painting,0,carlos-saenz-de-tejada,test,d95277d6898d7014e9ab2860ee5177592997bc5dd1874202d0aef6d8625414b3,8b052e781aaf7f88
data/private/sketchnet/paintings/carlos-saenz-de-tejada_the-portal-n-vitoria-fifties.jpg,painting,0,carlos-saenz-de-tejada,test,d00bcb56a63c0cf91d527ad065558e4e714bf32124da6a048958a3e38d00e416,ff7b8b65c2b40484
data/private/sketchnet/paintings/carlos-saenz-de-tejada_untitled-illustration.jpg,painting,0,carlos-saenz-de-tejada,test,df8a080129181564e2f3dcc660b997dd11e18e84598809bbfb29d79490c01437,faca8725cb982cc9
data/private/sketchnet/paintings/carlos-saenz-de-tejada_visit-of-tetuan-from-the-terrace-of-khalifa-1938.jpg,painting,0,carlos-saenz-de-tejada,test,388c3eb7095664dea397632c21865d37f1c8e32b0a92009f6d60d51c9873daec,dc9a615662c3996e
data/private/sketchnet/paintings/carlos-saenz-de-tejada_vitoria-1850-1952.jpg,painting,0,carlos-saenz-de-tejada,test,7b99098b6ebda953ced9ffc5e2b64c55ef8690595d26a59060bd48afe42f579b,90580f2f3f2e39e8
data/private/sketchnet/paintings/caspar-david-friedrich_a-northern-spring-landscape.jpg,painting,0,caspar-david-friedrich,train,98c107d2638ed7b726b1c295344fd4d4a9e67a3ad44e5a5842f032494d3c0c7d,9a458a94eb14ebf2
data/private/sketchnet/paintings/caspar-david-friedrich_a-walk-at-dusk.jpg,painting,0,caspar-david-friedrich,train,e1d223fa22376cc21ed75ecaf26ac2304bd1cdf97a49522f02be9bbf78184b1b,82c278e47d3f2e19
data/private/sketchnet/paintings/caspar-david-friedrich_abbey-in-eichwald.jpg,painting,0,caspar-david-friedrich,train,4667b76af72f5a68e93b2226eb1ba2f705de317c66c13a465933429e917aa300,83880c77f75852e7
data/private/sketchnet/paintings/caspar-david-friedrich_boat-on-the-shor-moonrise.jpg,painting,0,caspar-david-friedrich,train,6bd9897b854489460a772a146edfd0148f6f1027eb69a6d176d4801a076bbd07,99e46f38cc631ce8
data/private/sketchnet/paintings/caspar-david-friedrich_boats-in-the-harbour-at-evening-1828.jpg,painting,0,caspar-david-friedrich,train,fc98a1db90e71ae2215852c9bc3926acaa0a66d927f6af024b34f10a03c0417d,f89e0649d8f4632b
data/private/sketchnet/paintings/caspar-david-friedrich_bohemian-landscape-1.jpg,painting,0,caspar-david-friedrich,train,cb2784e1b49aabcd4e79d80c606e590d05d79b7e0a0cf2a2399ba9755011b9e3,e2d91c62b71c60b7
data/private/sketchnet/paintings/caspar-david-friedrich_bohemian-landscape-with-mount-milleschauer-1808.jpg,painting,0,caspar-david-friedrich,train,25aa7b8a59027a079a15edeff36fbdf0415e8e6d2fcee8b7547185ef9990e6cc,c4f23ec8b306c1be
data/private/sketchnet/paintings/caspar-david-friedrich_by-the-townwall.jpg,painting,0,caspar-david-friedrich,train,135083d0fbd7125891d42d538854adcd168f12cc401d0a6f1af02fef50b5d8de,9492cbe9f1741cac
data/private/sketchnet/paintings/caspar-david-friedrich_canyon-in-the-resin.jpg,painting,0,caspar-david-friedrich,train,ad241d342be9372f96b7a37b32eeb4a1578268e2429abc625201e7ec9a18be24,838f19e7299b46e4
data/private/sketchnet/paintings/caspar-david-friedrich_chalk-cliffs-on-r-gen.jpg,painting,0,caspar-david-friedrich,train,053709d489b1b31f2711011d598d953f0a49a8d120e94ff8454c2b6f48390b42,c47a4ff02d93b093
data/private/sketchnet/paintings/caspar-david-friedrich_clipping-floe.jpg,painting,0,caspar-david-friedrich,train,0006a89b6cf3f93ce206e09be4c25c8026f48a930a440e6350ddd3edf40e104e,d0ce84891ea31f3f
data/private/sketchnet/paintings/caspar-david-friedrich_clipping-iceberg.jpg,painting,0,caspar-david-friedrich,train,d1d0483c240130bb5d14aa5bc9c6a28f155348e421a8afb7e5be238342806893,8ce2a65be93cc22d
data/private/sketchnet/paintings/caspar-david-friedrich_coast-scene.jpg,painting,0,caspar-david-friedrich,train,71ab50c9b312fe625e294dbcb0cd8e2050ce1487db27abf8a3d9f9e32aec5227,e5d94c2adec21d29
data/private/sketchnet/paintings/caspar-david-friedrich_cross-in-the-forrest.jpg,painting,0,caspar-david-friedrich,train,dbba0791a53578de774b2188d0dc7c9a2dabeede3d90fbb7fd939a1f178cba5b,a8e497535a3922bd
data/private/sketchnet/paintings/caspar-david-friedrich_cross-in-the-mountains-1806.jpg,painting,0,caspar-david-friedrich,train,37a67732b58451f23825b437532e3e4e6a1a72d08e42b64caa4c53c4e30e3e1d,cb146ee1166cd95a
data/private/sketchnet/paintings/caspar-david-friedrich_day(4).jpg,painting,0,caspar-david-friedrich,train,adb45171c88a505e0ec80f554e39ccd5b9fd4af0d4202bf57785f706ab0aebb2,b4e2494c2e3e7333
data/private/sketchnet/paintings/caspar-david-friedrich_dolmen-in-snow-1807.jpg,painting,0,caspar-david-friedrich,train,28a5915a553ba078b00f33d3df6f635b6c61c0fc201ca250a46f379402c58262,edaf8458e058f217
data/private/sketchnet/paintings/caspar-david-friedrich_early-snow.jpg,painting,0,caspar-david-friedrich,train,ec696e386a5cce31ad9f9520262d9c832c86a59371dc546f400b57a6e89ec641,9c2196b7f08dae94
data/private/sketchnet/paintings/caspar-david-friedrich_easter-morning.jpg,painting,0,caspar-david-friedrich,train,c9528ff111237f69123b354e165e45018e61dc3bdf82124d7162dcc7d2dc1ef7,cadaa0a4bd24afc9
data/private/sketchnet/paintings/caspar-david-friedrich_elbschiff-in-early-morning-fog.jpg,painting,0,caspar-david-friedrich,train,793b88092e56b08e96c3b0847cf24ea8ff61e54a4d414b38e6bb29cffdade4c0,dba064dd326e9136
data/private/sketchnet/paintings/caspar-david-friedrich_eldena.jpg,painting,0,caspar-david-friedrich,train,b468cf2cee159c1d6573550c5fe3ebcb8cd90ccdcdb88e2379521cce845367df,bcabb3c370744352
data/private/sketchnet/paintings/caspar-david-friedrich_evening-1(4).jpg,painting,0,caspar-david-friedrich,train,62e2924070ea7d21a57336163634cc10baf73a68814a086ef35e68ef9167fb6a,c4ce8e9c3131e5c7
data/private/sketchnet/paintings/caspar-david-friedrich_evening-1824.jpg,painting,0,caspar-david-friedrich,train,f1a08f0be0d2c687e02eb4adad68e0f1df5ce50f0b84f78f1b67120074ebe80c,aecd11f4149873b9
data/private/sketchnet/paintings/caspar-david-friedrich_evening-on-the-baltic-sea.jpg,painting,0,caspar-david-friedrich,train,de5a83b854d731098430de513798fa51ad11adfbe2e72c51b349b2b1dd2dcc0d,86d91966e619f0ec
data/private/sketchnet/paintings/caspar-david-friedrich_fir-trees-in-the-snow-1828.jpg,painting,0,caspar-david-friedrich,train,56bbda5897b67eb3318bb180113a02949b7997eb78de51812ef34903c424752b,fae68965de21dc20
data/private/sketchnet/paintings/caspar-david-friedrich_fishing-boat-between-two-rocks-on-the-beach-of-the-baltic-sea.jpg,painting,0,caspar-david-friedrich,train,d95b47d411d027392d8c69f3c1236e5cbef8af33cbc57647a813d9c1e79ccba8,a9a456afa95046ed
data/private/sketchnet/paintings/caspar-david-friedrich_flat-country-shank-at-bay-of-greifswald-1834.jpg,painting,0,caspar-david-friedrich,train,d0301c604627a766aebaed1e0322c2d12aabd4894fbae8de20e6e094f0f2bb9d,8d9c18fd8932b7e0
data/private/sketchnet/paintings/caspar-david-friedrich_fog-1807.jpg,painting,0,caspar-david-friedrich,train,bd488f1d82a1921a7a581a446d25fada8890c900dc2f0d232f211cd84c8244c3,dbd01db22cc790c7
data/private/sketchnet/paintings/caspar-david-friedrich_fog-in-the-elbe-valley-1821.jpg,painting,0,caspar-david-friedrich,train,6b144485829a9d69ce43bab7ef04806601c207592ae5730435926155ac5302d6,d5a36099b374b4a6
data/private/sketchnet/paintings/caspar-david-friedrich_forrest-in-the-end-of-the-autumn.jpg,painting,0,caspar-david-friedrich,train,abcbcbd1dd181ee7f525c88337bd0f9622dd219c126a76d8db8a0bc079d3e8dc,d2129cfb3c10cb7c
data/private/sketchnet/paintings/caspar-david-friedrich_funeral-scene-at-the-beach.jpg,painting,0,caspar-david-friedrich,train,957762d99828d57c9e21eaa7a99de2833c821ee718eb931807da9ebd875a2495,e6b00de7980df21d
data/private/sketchnet/paintings/caspar-david-friedrich_giant-mountains-landscape-with-rising-fog-1820.jpg,painting,0,caspar-david-friedrich,train,42a451c3711a8a48de0047bd3313f7f83e564dbb49a597e7348b11427c1fca63,9be72c5e4623299c
data/private/sketchnet/paintings/caspar-david-friedrich_grave-by-the-sea-1807.jpg,painting,0,caspar-david-friedrich,train,0121b8107d3a357cbdf31026e0ee35e057c7d100e44043aa8a46ab2883dc2d1f,8c8d43f893b06f47
data/private/sketchnet/paintings/caspar-david-friedrich_graveyard-under-snow-1826.jpg,painting,0,caspar-david-friedrich,train,ce617b1e82bf9a8521f1aabfed51be15adab5d1fa5fd17464a60ff428248b479,bf8ac39300e8bf32
data/private/sketchnet/paintings/caspar-david-friedrich_greifswald-in-moonlight.jpg,painting,0,caspar-david-friedrich,train,e2c362fd5bdc1cce96e46ae991ca79180ebc43d8257971d7158e768954748237,dfd4282fc790086f
data/private/sketchnet/paintings/caspar-david-friedrich_greifswald-market.jpg,painting,0,caspar-david-friedrich,train,2e4d21ff82a61cc16658578ff89186b8bb5c26e4d897a57296a9d7558588a8a1,d699e451253ad86e
data/private/sketchnet/paintings/caspar-david-friedrich_hills-and-ploughed-fields-near-dresden.jpg,painting,0,caspar-david-friedrich,train,dfc1b8e3ecf42e9a625d107420cd413a7299a2ef661e4dd4c0236f6fdfb8fe67,aa911507ea7833e7
data/private/sketchnet/paintings/caspar-david-friedrich_inside-the-forest-under-the-moonlight.jpg,painting,0,caspar-david-friedrich,train,a93705b2736ba618a84567389fadd55e82de26648ad0b3a14d097181fa905611,c7c978e593963426
data/private/sketchnet/paintings/chuck-close_john-1998.jpg,painting,0,chuck-close,val,7859421165e2b1295e50d05c4a22dd67603910855612fd82f9b1a8224cfb4cfb,9ab3bd6ce069c446
data/private/sketchnet/paintings/conrad-marca-relli_ll-4-72-1972.jpg,painting,0,conrad-marca-relli,train,8d814994b56ac7e6e7793b36682da5825c94e93445708c296cce712fc65cad2b,e9d2e72693950ad8
data/private/sketchnet/paintings/conrad-marca-relli_untitled-collage-1965.jpg,painting,0,conrad-marca-relli,train,482f09a8fc033a22463addf08f6202ce2e71454311975868ccfc1c7e978dd0e3,bed1914ec02d7a3c
data/private/sketchnet/paintings/corneliu-michailescu_salomeea.jpg,painting,0,corneliu-michailescu,train,344417e3bb1648b26ce4fdb30407380c8b942ae29e70f9c9796c6b9916a860ad,914c44b9d25de3ad
data/private/sketchnet/paintings/cy-twombly_camino-real-iv.jpg,painting,0,cy-twombly,train,c5d33dc4453af46fb38addeb1ac4fe26614aefad1da4f0b58ae388d45b4093e7,f91f3a471d1abc10
data/private/sketchnet/paintings/dimitris-mytaras_untitled(2).jpg,painting,0,dimitris-mytaras,train,d825ab468aa335af7137823e8b44d5651af93f3918e404358a111ae53ab3e53a,be87c16b956e8560
data/private/sketchnet/paintings/edmund-dulac_a-brave-heart-from-beauty-and-the-beast.jpg,painting,0,edmund-dulac,train,517700f42b646dc60efe0c47350a2fb5ecde0ceab54c54a43c0634b7a3dc8592,fca64105b9de6361
data/private/sketchnet/paintings/edmund-dulac_a-circle-of-mist-stealers-of-light-by-the-queen-of-romania.jpg,painting,0,edmund-dulac,train,8a9528fa77db471a6c1e4e7baeee5acab11a606f7ef90675540428913988d7cd,f0166f69c860933f
data/private/sketchnet/paintings/edmund-dulac_a-higher-destiny-from-beauty-and-the-beast.jpg,painting,0,edmund-dulac,train,c49bbf3470377f94419fe05afb7585d1a9df38ed54dcb8e467b5299215dabdff,cc3383c3339ab639
data/private/sketchnet/paintings/edmund-dulac_a-loaf-of-bread-the-rubaiyat-of-omar-khayyam.jpg,painting,0,edmund-dulac,train,6ae85172202e7bc1c547c2ffb2d010402e231c264dabb01ca14ee4da6aa18d06,8571cb0dbf70651c
data/private/sketchnet/paintings/edmund-dulac_a-new-marriage-the-rubaiyat-of-omar-khayyam.jpg,painting,0,edmund-dulac,train,e7b0a359c33df55bc4777d95f78b9c17a61e2b0a58dfa69c5a631cc056317fc2,9f9f2fe400f2d448
data/private/sketchnet/paintings/edmund-dulac_a-palace-of-wonder-from-beauty-and-the-beast.jpg,painting,0,edmund-dulac,train,bd72c91742131da03c6e3cc73d3bcd22b2500bd436201fe3dc75c140ddce5456,bf1bc4cc91e279c0
data/private/sketchnet/paintings/edmund-dulac_all-are-but-stories-the-rubaiyat-of-omar-khayyam.jpg,painting,0,edmund-dulac,train,66d000620d6eb5306727f5a644b7caf7e559a929f9e86b58968011984ae63432,ebca9c1d31332276
data/private/sketchnet/paintings/edmund-dulac_all-the-newspapers-in-the-world.jpg,painting,0,edmund-dulac,train,09708beeaa6f7fe2187b0ea98cec2336ad25428e9e5e4ce50bc53cb07cde6352,caee1539874c98a7
data/private/sketchnet/paintings/edmund-dulac_alone.jpg,painting,0,edmund-dulac,train,d35035b7a32561cc24a88e2176669af516ef51136d7b4ee02ec4923d363a795b,b0c936f9269fe013
data/private/sketchnet/paintings/edmund-dulac_arabian-nights-maidens-on-white-horses.jpg,painting,0,edmund-dulac,train,77a925a1769099fa75a012e5fa7b025e53fce3ef616106fe74e84a76ba48b487,f6f949489e96814d
data/private/sketchnet/paintings/edmund-dulac_birth-of-the-pearl-from-the-kingdom-of-the-pearl.jpg,painting,0,edmund-dulac,train,962a16a4536ea0c5667a87dcff42f1b667acc6d8925ed6feba6fa5bdfe3cdfc2,b6ec61132c1b356e
data/private/sketchnet/paintings/edmund-dulac_blowing-rose-the-rubaiyat-of-omar-khayyam.jpg,painting,0,edmund-dulac,train,86ee3931aad604044813d82bdbf4704f1a45b98b4f250650d77e7ee65c3c179d,a7a5e85017037eb6
data/private/sketchnet/paintings/edmund-dulac_came-shining-through-the-dusk-an-angel-shape-the-rubaiyat-of-omar-khayyam.jpg,painting,0,edmund-dulac,train,e9a7e9cb0dc1831be7f1f31f1dd6ffc2e99fe2303da5166e56af33e37cf1fcbb,f2fac9050ef8ec05
data/private/sketchnet/paintings/edmund-dulac_cerburus-the-black-dog-of-hades-from-the-picture-book-for-the-red-cross.jpg,painting,0,edmund-dulac,train,28fb8cc6f8c5ce6ceda6ddf5a167f97a61729530ad75f6b294016a06c22f0d72,c6ec91b037bd1992
data/private/sketchnet/paintings/edmund-dulac_cinderella-from-the-picture-book-for-the-red-cross.jpg,painting,0,edmund-dulac,train,36358fd1f1ae4d785255d502272e885510f77644684c3b0f07601c354ebccc31,dc6531369a66df08
data/private/sketchnet/paintings/edmund-dulac_daughters-of-the-stars-by-mary-crary-1.jpg,painting,0,edmund-dulac,train,f43f0f0c5e10984142eb9177c480c4208b641111639b95aca53cd890211f9f79,9e38ef51e1c7c4a0
data/private/sketchnet/paintings/edmund-dulac_daughters-of-the-stars-by-mary-crary.jpg,painting,0,edmund-dulac,train,82a4b4cba0105147c136774234e530280f84a45f211ddad2828fc30e662f70a9,ba62cfade35094c8
data/private/sketchnet/paintings/edmund-dulac_death-listened-to-the-nightingale-the-nightingale.jpg,painting,0,edmund-dulac,train,44170b029c64010860a8008595efb0a5eeb5f539b3aab26b334caebf4de60236,8ae4b1f4fb9c24c8
data/private/sketchnet/paintings/edmund-dulac_dreamer-of-dreams-by-the-queen-of-romania.jpg,painting,0,edmund-dulac,train,fdccee1beb3836759054c6852e94b7f748ad3bdb22a2db38d8353e728cb45832,cc4c36b3535daca4
data/private/sketchnet/paintings/edmund-dulac_elves-and-fairies-illustration-for-the-tempest.jpg,painting,0,edmund-dulac,train,1ffa2463d4710e6b0c65422ed1f3232d16c7bd788f8e6f37e963933d9faff99b,c6a2359e621ff30c
data/private/sketchnet/paintings/edmund-dulac_fairy-land.jpg,painting,0,edmund-dulac,train,198adaf5d3669546ae5508acaf838c0b831f091616079aa2f1a67fa93ba9eb81,b7a821b67a94daa4
data/private/sketchnet/paintings/edmund-dulac_gerda-and-the-reindeer.jpg,painting,0,edmund-dulac,train,4d2c60f3b31e8adf26c8b7026f604dddf18984fc46ec0b9c66dd5b0601b043d0,cf559652b0ae5097
data/private/sketchnet/paintings/edmund-dulac_he-dropped-the-rose-from-beauty-and-the-beast.jpg,painting,0,edmund-dulac,train,cb589b2716ff521a7b8eef18f56bea1d290db39b1bf4e92fcbd36533a6d14fc2,a272a78513ad58fa
data/private/sketchnet/paintings/edmund-dulac_hidden-within-their-depths-from-the-garden-of-paradise.jpg,painting,0,edmund-dulac,train,85b9c0b4db4bb7222cfc82ee5ab59cdc918afdbc0e55b57702b80fd5c929be77,f6f3201fde616086
data/private/sketchnet/paintings/edmund-dulac_his-grandmother-had-told-him-from-the-garden-of-paradise.jpg,painting,0,edmund-dulac,train,74ef36e86bbf43d47666855910ce282d26dce0ce6e0e8f4e4b92452debdd897f,c3933a6a833a4acf
data/private/sketchnet/paintings/edmund-dulac_hour-of-grace-the-rubaiyat-of-omar-khayyam.jpg,painting,0,edmund-dulac,train,bbf92ea365d165e96a738a6d5fc9a8c26273e7788fd2bf88b50dbe3a462ca9dc,e9e2f6be3d610821
data/private/sketchnet/paintings/edward-hopper_sun-in-an-empty-room.jpg,painting,0,edward-hopper,train,9bd1b49416d236890f69e6755564ac44a477aba8d7e4ec6693b1f4d750c8e6e1,d921e67fc458c23a
data/private/sketchnet/paintings/edward-hopper_the-long-leg.jpg,painting,0,edward-hopper,train,f427e78192483a0a9fa800c2d49280fd41d4480e407dd1803a02532e35569626,f0e40d62b6c91776
data/private/sketchnet/paintings/edward-hopper_western-motel.jpg,painting,0,edward-hopper,train,686de24998e2ccb7830290d4522ef6f6063675efeac49bee45c34ea5641c0726,becc11236b6996cc
data/private/sketchnet/paintings/eric-fischl_beata-ludovica.jpg,painting,0,eric-fischl,train,a9aa33f0015e127c6846505e3f5ac971f14922d877a154037dbc45e680720d3d,91c2616dac9c5a5f
data/private/sketchnet/paintings/eric-fischl_corrida-in-ronda-no-4.jpg,painting,0,eric-fischl,train,382e8d4a4487fee2ab2bfa830135b9f4f4ac39ea5c9514598ffda599c41063e5,dab0e5173df104c9
data/private/sketchnet/paintings/eric-fischl_growing-up-in-the-company-of-women-ii.jpg,painting,0,eric-fischl,train,552c6401788e4777b703bcb1c72b7d233a32bccd095442efe831b53b69ad48c2,efe0cc92c53b4a38
data/private/sketchnet/paintings/eric-fischl_master-bedroom.jpg,painting,0,eric-fischl,train,7f83b250cb2770b9c3afdbfffa9cbdd9eaf067b48a6673a403b88d7e5651df8b,96accb921d426e9e
data/private/sketchnet/paintings/eric-fischl_scenes-from-late-paradise-beached.jpg,painting,0,eric-fischl,train,3e2fee2100326400513345b5fd4fbc328d41e8168b400f339ab40312a6e23000,e6915b4619a1e3c7
data/private/sketchnet/paintings/eric-fischl_the-empress-of-sorrow.jpg,painting,0,eric-fischl,train,6c1fded41c7ba53ffda1784505da86512bbb68379af44899d28c807be86ee1f9,901e2d6deb903d87
data/private/sketchnet/paintings/eric-fischl_the-travel-of-romance-scene-ii.jpg,painting,0,eric-fischl,train,667564efcb54d3998477f20d7c88248e9029e0f2a6e27eb46b37b5a267195dc5,c8508f3e7f3b60e0
data/private/sketchnet/paintings/eric-fischl_untitled-brice-in-pink-shirt.jpg,painting,0,eric-fischl,train,cf11a56b3fa4b2ba0a9a018239fa6088b6cd79bad865796757cdafea41fe0348,8e6b7e66c9888a9c
data/private/sketchnet/paintings/ernst-ludwig-kirchner_red-elisabeth-riverbank-berlin-1913.jpg,painting,0,ernst-ludwig-kirchner,train,2880244bdc6ad365a87fe6929cb3eb7367425ba4c55a40b9b0d24010a6b89130,c480fef4135b3c33
data/private/sketchnet/paintings/ernst-ludwig-kirchner_red-tree-on-the-beach.jpg,painting,0,ernst-ludwig-kirchner,train,a2bf22041869ed6fc81a82a40964713207c5bf7c4880f3be08631b0852c11e63,ee382ffcc5e8140c
data/private/sketchnet/paintings/ernst-ludwig-kirchner_schimmeldressurakt-1909.jpg,painting,0,ernst-ludwig-kirchner,train,cc1c3fb34efb062b82cfa9f1b5cf9ac2fd0cde8283a8a400aecb1368659e7a90,87546a2b2d0f17b6
data/private/sketchnet/paintings/ernst-ludwig-kirchner_schlemihls-entcounter-with-small-grey-man.jpg,painting,0,ernst-ludwig-kirchner,train,1b43195e2413d0a453f5706efa0bfb9a8ead7ae218ad1c4a3e2086a4e4826461,eb199d78c492b46c
data/private/sketchnet/paintings/ernst-ludwig-kirchner_schlemihls-entcounter-with-the-shadow.jpg,painting,0,ernst-ludwig-kirchner,train,e9faa246f33bae08723dbfef2d6d54652a7cf316a2f1ca1903a53de6a8393c8d,ea7aa4059527dd34
data/private/sketchnet/paintings/ernst-ludwig-kirchner_self-portrait-as-a-soldier-1915.jpg,painting,0,ernst-ludwig-kirchner,train,99556fd98e3dc50f5fa129ef38e5075d04d8887fe2a7be949beeab863f8783c2,fad26835cb06a798
data/private/sketchnet/paintings/ernst-ludwig-kirchner_self-portrait.jpg,painting,0,ernst-ludwig-kirchner,train,2943bfca9223dbaed3b9a09204cfa6489151f79bd37ce846d19738211fdf6352,8a3315b323cfd938
data/private/sketchnet/paintings/ernst-ludwig-kirchner_sertigtal-in-autumn-1926.jpg,painting,0,ernst-ludwig-kirchner,train,9720ee9e83cf910958c9172d9f8fa7a7cad64dce8c266aaff417f7f5ff185f4e,c27d0cdeda8cb027
data/private/sketchnet/paintings/ernst-ludwig-kirchner_sertigtal.jpg,painting,0,ernst-ludwig-kirchner,train,7532dada25d1aa67039712ea4969c216bae8dde39e5c73aa42ef5e89aadfa87e,aa49e1379936862f
data/private/sketchnet/paintings/ernst-ludwig-kirchner_snowy-landscape.jpg,painting,0,ernst-ludwig-kirchner,train,5b296eb6cf5cf6f17fdee733b3f7ce2ee257a5e42ef7741c052f32551b9ecc1b,db3c79822fc62c61
data/private/sketchnet/paintings/ernst-ludwig-kirchner_still-life-with-duck-and-snipe.jpg,painting,0,ernst-ludwig-kirchner,train,12c0c9e3ee7f3bc7c1a3a92249c334b3b983a0d11aad52e2fe8a486e68416db7,9e81084ed13e7d97
data/private/sketchnet/paintings/ernst-ludwig-kirchner_still-life-with-sculpture-1.jpg,painting,0,ernst-ludwig-kirchner,train,66807c4efee6b42f3630d311f43bb7be4f83e6e387529b47617bd6eb5857c468,bbb511ead9682c98
data/private/sketchnet/paintings/ernst-ludwig-kirchner_still-life-with-sculpture-in-front-of-a-window-1935.jpg,painting,0,ernst-ludwig-kirchner,train,68c0adf45c37a6f5fd00ee6181d077d79249498092eb277860b6d8a72e938ac8,b181473678fc683d
data/private/sketchnet/paintings/ernst-ludwig-kirchner_street-scene-1.jpg,painting,0,ernst-ludwig-kirchner,train,97f3fdb27bb95bcc4ef56a58d91acd67b45ddd281408931b3978fbef6a14e989,bf53b02cc686e32c
data/private/sketchnet/paintings/ernst-ludwig-kirchner_street-scene-at-night.jpg,painting,0,ernst-ludwig-kirchner,train,e9e4232b0314ebf4ea80ecc89f85bdd982e9154d4988422fc33d51ce505b4c8e,aa82d27a8b2bea74
data/private/sketchnet/paintings/ernst-ludwig-kirchner_sun-bath.jpg,painting,0,ernst-ludwig-kirchner,train,42e1bec196d218fdcc8dae5785c765ef0bea9859421a12074dd01d2b54be9945,bac68a71e535964c
data/private/sketchnet/paintings/ernst-ludwig-kirchner_the-garden-cafe.jpg,painting,0,ernst-ludwig-kirchner,train,1e7970a94d656daee26b53004c3ffc67b05e6cc395ade06adf2ecae06cb8b6fe,90a16e7ef0e063d6
data/private/sketchnet/paintings/ernst-ludwig-kirchner_the-mountain.jpg,painting,0,ernst-ludwig-kirchner,train,18342d6f1bd3713193069b3e6a70ed7cc63a8c093a93aa691a031d863c500d84,fe1281e480efdd86
data/private/sketchnet/paintings/ernst-ludwig-kirchner_the-painter-self-portrait.jpg,painting,0,ernst-ludwig-kirchner,train,d58480db8b6be4995bb88f258119c9c71c3a6276ac57f10025fffef3b80b4d31,ef3ec1208bc13c8f
data/private/sketchnet/paintings/ernst-ludwig-kirchner_three-bathers-1913.jpg,painting,0,ernst-ludwig-kirchner,train,ebcf3b842df863816aaa93d019df33868a1076102d87e637561c54db5785a0bf,c09e25bd1ee07ae4
data/private/sketchnet/paintings/ernst-ludwig-kirchner_three-bathers-on-the-beach.jpg,painting,0,ernst-ludwig-kirchner,train,2fcb4247d4820dbd48076ec40212436718e3c5efa245310187896561830e01c2,aacbce35b3c0b186
data/private/sketchnet/paintings/ernst-ludwig-kirchner_three-nudes-in-the-forest.jpg,painting,0,ernst-ludwig-kirchner,train,83e817f1dfe5b3bf3878807a00d8f54f1ea674d07ae53408780a1a33095e4738,fe619994e4db8438
data/private/sketchnet/paintings/ernst-ludwig-kirchner_three-nudes.jpg,painting,0,ernst-ludwig-kirchner,train,9ace9dbbad41c81c038a25a1c320bfc157d2b586aa85fac3fd815fe193117cc4,e0689b37de7a88a1
data/private/sketchnet/paintings/ernst-ludwig-kirchner_two-acrobats-1933.jpg,painting,0,ernst-ludwig-kirchner,train,bfe54fd6c661d005f3e8fea2d86a6c3c7a7521d4f87d585221a7ab3225238c96,c4f84e833237933d
data/private/sketchnet/paintings/ernst-ludwig-kirchner_two-bathers.jpg,painting,0,ernst-ludwig-kirchner,train,f3359d884868af87da4afdbd25135903c6ff7d4b4b1f76df68618db630d87d3a,c34b2cf62bb1d816
data/private/sketchnet/paintings/ernst-ludwig-kirchner_two-bathing-girls-in-a-bathtub.jpg,painting,0,ernst-ludwig-kirchner,train,33946b862e8b410b3ebab6cd44c697de28de7379d4c719ddb94e2cf00c1dbc01,af64ac1adb0bac07
data/private/sketchnet/paintings/ernst-ludwig-kirchner_two-nudes-in-the-wood-ii.jpg,painting,0,ernst-ludwig-kirchner,train,8083768d19c2f367a8e0f6094f3e41dfb34c8fdf3dafbb0e652708f5503bdde5,d23b2b46e17d2784
data/private/sketchnet/paintings/ernst-ludwig-kirchner_view-from-the-window.jpg,painting,0,ernst-ludwig-kirchner,train,68c20a76d4bcc62f2c8908e82dc798ea942b28704e6bf44a11d259f637d051fa,d1b3c52c2e5ae9c4
data/private/sketchnet/paintings/ernst-ludwig-kirchner_view-into-a-cafe.jpg,painting,0,ernst-ludwig-kirchner,train,5822536c39252c0b09deaafa02ba03a3a37ea64f5cd634ab48a1d6cdddeda7bb,f7a9981ec89c31e4
data/private/sketchnet/paintings/ernst-ludwig-kirchner_view-of-basel-and-the-rhine-1928.jpg,painting,0,ernst-ludwig-kirchner,train,e4ede0d91b3340210dced2e82ff1503bc485660aac2770893e55e70a02bcfe37,834bc385b75e944e
data/private/sketchnet/paintings/ernst-ludwig-kirchner_witch-and-scarecrow-in-the-snow-1932.jpg,painting,0,ernst-ludwig-kirchner,train,5e9cfb332f6c1989d6675e8fab346d9a7d2d90d9225c0e13cd6ba8a57b4948ee,be60493c670b7347
data/private/sketchnet/paintings/ernst-ludwig-kirchner_wod-cart-in-forest.jpg,painting,0,ernst-ludwig-kirchner,train,9b396492ad5aaf6eb19be4b745f94dc4dec712314e300d78647a5f95df10503b,9a3a5188be98dc6d
data/private/sketchnet/paintings/ernst-ludwig-kirchner_woman-at-tea-time-sick-woman-1914.jpg,painting,0,ernst-ludwig-kirchner,train,83855669c31975f637d27e0b942258e6595de3412e0717f82b0c5ea79deeef31,953b6a94fcc904cd
data/private/sketchnet/paintings/esteban-vicente_paisaje-con-sombrilla-roja-1931.jpg,painting,0,esteban-vicente,train,948402c47475cc18fbfcfc354270fb95abfc10e5326b5ba5a9dfc29a8a9bb296,d26bf410cbbcb407
data/private/sketchnet/paintings/esteban-vicente_portrait-of-his-sister-sagrario-1925.jpg,painting,0,esteban-vicente,train,7643e3109af07b24485db0b13ae4cc5cf3b046b369536ef800db3e252f3fd310,cea63139699b1599
data/private/sketchnet/paintings/esteban-vicente_still-life-with-le-crapouillot-1925.jpg,painting,0,esteban-vicente,train,700d4d8eeaff20d3ce1b7507587af4ff625c28954b0cf67ab25ca4392c2b6234,cc1d7b6a2063259f
data/private/sketchnet/paintings/esteban-vicente_untitled-1980.jpg,painting,0,esteban-vicente,train,2fcbe06037f2a26d7b8b746d8a44730a4f12ec251bc99953f8141266f2f725b7,aa92a94ab5c55ba5
data/private/sketchnet/paintings/esteban-vicente_untitled-1982.jpg,painting,0,esteban-vicente,train,e64787456411f28c4cff0705bb2c0beb5e70771d686dd39d09b93384c27826a3,a9f957f81fc00670
data/private/sketchnet/paintings/esteban-vicente_untitled-1985-1.jpg,painting,0,esteban-vicente,train,3106a034210ab15b77022347687cd889859dd219dc320dca1e03afb27931f563,8d9ad264f269e139
data/private/sketchnet/paintings/esteban-vicente_untitled-1985.jpg,painting,0,esteban-vicente,train,af6ff86cbd3768469a386040146fa5a68e6ecb80a44053209f7aa5cb997c0aaf,e38a58b10ce7b3cc
data/private/sketchnet/paintings/esteban-vicente_untitled-1986.jpg,painting,0,esteban-vicente,train,4688f8a86367cc38dfdd5141a123afda184fab82d85d74dfcc97b2381e747377,fb1b3bb2c06d48d0
data/private/sketchnet/paintings/esteban-vicente_untitled-1988.jpg,painting,0,esteban-vicente,train,25f297793b5f41f6a1389672cf05e3c468bcd6ffaee52631e963bd457c0a4a5f,bc292166923ce5fc
data/private/sketchnet/paintings/esteban-vicente_untitled-1990.jpg,painting,0,esteban-vicente,train,def8612d9657006b6ae1d82c29a7e5fb14846e4be5d08fd8b28517c23b26c533,cbd80fa713cf4cc0
data/private/sketchnet/paintings/esteban-vicente_untitled-1996.jpg,painting,0,esteban-vicente,train,f1378d0ec4f5cab1bb362a8ff25e7ab27747b59baa72fa2ecc2d12ef211028d1,ba17a5dab126ccc1
data/private/sketchnet/paintings/esteban-vicente_untitled-1998.jpg,painting,0,esteban-vicente,train,eeecf9464ac47fce7ceb503504db79d431da83112a6ea8b368bd785d7a921e1a,e9c5946365965966
data/private/sketchnet/paintings/esteban-vicente_vision-1991.jpg,painting,0,esteban-vicente,train,196cc9d53b1c93890e2d35ee9c947e35e36e9c3e7affa443584bcafb038e3ae3,be7cccc2d24b2507
data/private/sketchnet/paintings/esteban-vicente_zarzuela-1982.jpg,painting,0,esteban-vicente,train,38f7302d46e53bf63189f0c9762ba465ec2810e839b42ec3ad11f37dbb3d5db4,884b8ace95a17f8e
data/private/sketchnet/paintings/eva-hesse_no-title-1960-1.jpg,painting,0,eva-hesse,test,ba7125ef3cd49288680479b73f2e08dd8a9ecfd2a30c7116beb67d2374c4c378,800f87de9f431e8b
data/private/sketchnet/paintings/eva-hesse_no-title-1960-2.jpg,painting,0,eva-hesse,test,5713b9b784e8f0a9c6ec5d0be4391a03dca204d86ca04f7611eeadd055dfdb7a,c934926ff453d216
data/private/sketchnet/paintings/eva-hesse_no-title-1960.jpg,painting,0,eva-hesse,test,78d66ac78765563e53b27080c90e23e2aa600742a229ac6b21c8d4119d564fa3,9ff824441b2f963c
data/private/sketchnet/paintings/eva-hesse_spectres-1960.jpg,painting,0,eva-hesse,test,bcdf234b03c3633c1e0eba8f1b691f2c132c1d15ed4b6d5a9bb4e40f9cb35402,eacc3d6b0d913394
data/private/sketchnet/paintings/eva-hesse_untitled-1961.jpg,painting,0,eva-hesse,test,f4487eac51d63a91aedfae1017a4d2b6c357e992fd70466d8c53f7f045303301,ea629d851a95b54d
data/private/sketchnet/paintings/eva-hesse_untitled-1964.jpg,painting,0,eva-hesse,test,edcf443d724b917069a06208dc8461405062730ae21b6a97b1d8cfca366fd724,9ace9c7005a5f25b
data/private/sketchnet/paintings/eva-hesse_untitled.jpg,painting,0,eva-hesse,test,6e5fa3d9ca0fa327da832abb9424399d93eafeecc158dacee4e5f40ad04e9b2f,eb72848f1b723634
data/private/sketchnet/paintings/fairfield-porter_apple-blossoms-ii-1974.jpg,painting,0,fairfield-porter,train,5f7bdc911a78d0d115f1b9a529012fa9bca62ffe3b01d6295b3d5a22bf30eb4a,dab06ed9b066f940
data/private/sketchnet/paintings/fairfield-porter_long-island-landscape-with-red-building-1962.jpg,painting,0,fairfield-porter,train,061b70114793939e7f3505acd2a99ca5fa3a43bb8d08497c14de6b7f30fac631,90e0afbb5d7702d0
data/private/sketchnet/paintings/fairfield-porter_under-the-elms-1972.jpg,painting,0,fairfield-porter,train,16b46db0cbf99a56474750e9d8c7b12f1a58284db3695f0b349793f58e647da6,cc3cc34ee84b9a71
data/private/sketchnet/paintings/filipp-malyavin_laughting-1898.jpg,painting,0,filipp-malyavin,val,985775d6815c9e40698c3a96c0d2e3022e39eb31e36b0bff9da6c8d008155193,f885aac284e38ff4
data/private/sketchnet/paintings/filipp-malyavin_nude.jpg,painting,0,filipp-malyavin,val,93d98c1ce4f9f5b64af7617bd70b01e8c31c074c01b5b7c22084b0fab2aa0513,965a3458b36983e7
data/private/sketchnet/paintings/forrest-bess_landscape.jpg,painting,0,forrest-bess,test,8896d59b501d41c8c2e3c50bde36d4c3111f0023d328854f9e789adc137efb31,aab71fc6e40da138
data/private/sketchnet/paintings/francis-picabia_face-of-a-woman.jpg,painting,0,francis-picabia,train,71b757192c4598d000f1456e57b07e5dd08837d69ce3b8328550c357d742c2f5,fcfd56d0c8884399
data/private/sketchnet/paintings/francis-picabia_gertrude-stein.jpg,painting,0,francis-picabia,train,48e6557f0315f7425c2d1393cd17d20cf49c1e19465069a9f1f462be990109b9,86813df287ce3d49
data/private/sketchnet/paintings/francis-picabia_spanish-woman.jpg,painting,0,francis-picabia,train,9d18507005e0e49521d0242fa3e51129928d0efa76e37bca13b8a093a6500a25,ec87726139c35acc
data/private/sketchnet/paintings/francisco-goya_the-duke-of-osuna-and-his-family-1788.jpg,painting,0,francisco-goya,train,62ae8770d5a0b6f7a3d600857dc1b0f7ef60816777ac366532d28962d442b8b4,c51bb8c46a27ec3c
data/private/sketchnet/paintings/francisco-goya_the-duke-of-wellington-1814.jpg,painting,0,francisco-goya,train,dbff7d968c33b57d301030b5949206f517b5febf373dd4bdaf3449143825472a,ccbc333330c399ce
data/private/sketchnet/paintings/francisco-goya_the-duke-of-wellington.jpg,painting,0,francisco-goya,train,ee3c6b4d0dbf11df07d0d09ee3749e935813cde7143a56c75a959a71769be4c8,cc8e3373731c9cc8
data/private/sketchnet/paintings/francisco-goya_the-esquilache-riots.jpg,painting,0,francisco-goya,train,a366fbcec163794df9c70af39d99f01a168e0e7c3806cfc508f59abe93ed7ba7,97c678396e1b2331
data/private/sketchnet/paintings/francisco-goya_the-fair-at-madrid-1779.jpg,painting,0,francisco-goya,train,a4c4bca8050d5421a509f5514067b15106443956533c9915c961177982a3fa20,999d4c4c23b6d64d
data/private/sketchnet/paintings/francisco-goya_the-fall-or-the-accident-1787.jpg,painting,0,francisco-goya,train,33de82d4f3a532ce2ff295b0394bb78ec101d5b486312cc940b36d8ed8a094c9,dce5631b9994889e
data/private/sketchnet/paintings/francisco-goya_the-family-of-the-infante-don-luis-1784.jpg,painting,0,francisco-goya,train,c6760f4b16aedbd8175945bc9fb0142f08dca91abbb5b3a76e1138b922080b04,d9d3260dc973329c
data/private/sketchnet/paintings/francisco-goya_the-famous-american-mariano-ceballos.jpg,painting,0,francisco-goya,train,e2a9a07e9e2674739974dacbb5bbb0198936678b5e33db94b12028c68833ea53,d23d6e5398ca235c
data/private/sketchnet/paintings/francisco-goya_the-fight-at-the-venta-nueva-1777.jpg,painting,0,francisco-goya,train,09a096d04991a93873225cb74f43a661394e931e3613ecbd4911941c58880bad,cdda302ee829a756
data/private/sketchnet/paintings/francisco-goya_the-forge.jpg,painting,0,francisco-goya,train,b8d71c4638ea234bade5173f5f31c35318b67931cfaffe7fe4464e6dbb797385,9b93e46c8392966d
data/private/sketchnet/paintings/francisco-goya_the-greasy-pole-1787.jpg,painting,0,francisco-goya,train,f014257cf8d44708d067494ea19791ba2ac49e8d9e7ef68a8bcd4114a65e8ea4,9be424195badc43b
data/private/sketchnet/paintings/francisco-goya_the-great-he-goat-or-witches-sabbath.jpg,painting,0,francisco-goya,train,aa0ccc8a672dfcc2a9142139f53b9193ae08a2bede60aac6e4d242e25dae51b5,dcb369ccb2d80b49
data/private/sketchnet/paintings/francisco-goya_the-holy-family.jpg,painting,0,francisco-goya,train,2fd23c9360f10d8709cd2673760664ce1786d86cab5ab418a02d9b7708132d03,cccc3532c3cfb832
data/private/sketchnet/paintings/francisco-goya_the-ill-matched-couple.jpg,painting,0,francisco-goya,train,a6b72b974fc0697538fc0742d9957c965eff6f4cab2f17f917856b965a207761,a3b67858d829d678
data/private/sketchnet/paintings/francisco-goya_the-injured-mason-1787.jpg,painting,0,francisco-goya,train,536277809af79fa8d562d65914b0d7fcce8c37f21bbcb9e9be0f93e569658573,b19d5e204993f669
data/private/sketchnet/paintings/francisco-goya_the-junta-of-the-philippines-1815.jpg,painting,0,francisco-goya,train,6c51ecf6db688e610e7cabe936fd6f0dd2df03c520d23aa091ef06b556ec5d9e,8dad075c31c87e47
data/private/sketchnet/paintings/francisco-goya_the-kite-1778.jpg,painting,0,francisco-goya,train,e24a5232a42c83a1ad7dd02c2b804e3f77e825ae8d4d3dbaefd5795553799ae9,c3ca4c3db032b74e
data/private/sketchnet/paintings/francisco-goya_the-last-communion-of-st-joseph-calasanz-1819.jpg,painting,0,francisco-goya,train,6a9d1f2f272a960617b3ebec45c3144aa915f85bf55b49f98e238f1259b31c70,cf3868cd946639c6
data/private/sketchnet/paintings/francisco-goya_the-madhouse-1814.jpg,painting,0,francisco-goya,train,9954cf0f8a62d3645dab8a84b2dca4767529342d19089ff9a696e5f64ffe315e,c7c76636a6c9390c
data/private/sketchnet/paintings/francisco-goya_the-madness-of-fear.jpg,painting,0,francisco-goya,train,6531da0e7c81a0c0b618572d46081a403f4c7cf036e511f69124bae51f6fdc25,e13ebc1fc5161c68
data/private/sketchnet/paintings/francisco-goya_the-maja-and-the-masked-men-1777.jpg,painting,0,francisco-goya,train,67c1083884197d27f05e7ac6881d6b3f1623adaf8affab79c035cad4c8340983,96346dab97ec48c8
data/private/sketchnet/paintings/francisco-goya_the-marquesa-de-pontejos.jpg,painting,0,francisco-goya,train,2c9f722202754a4b68a0c713c9aff71627e0bf27eaac7139a03c3369db90a815,c691b92f4ff4044b
data/private/sketchnet/paintings/francisco-goya_the-meadow-of-san-isidro-on-his-feast-day-1788.jpg,painting,0,francisco-goya,train,1926fda225917fd817e5da9fff88c60984bb177bdf7b47047cb389d1249c54ea,c5daa57c8385729c
data/private/sketchnet/paintings/francisco-goya_the-military-and-senora.jpg,painting,0,francisco-goya,train,50d8b22fb6e7c654c044f5f8027f0359c93ef6296a0e11772d882c9e333d5b93,9f9cc433a7643169
data/private/sketchnet/paintings/francisco-goya_the-milkmaid-of-bordeaux-1827.jpg,painting,0,francisco-goya,train,2ecab75c2b9dbe83777236c5a524b3366df7fe9aafcfc46751e3df9587d96326,e3d179ca8c34633a
data/private/sketchnet/paintings/francisco-goya_the-miracle-of-st-anthony-1798.jpg,painting,0,francisco-goya,train,e0fc12514bbf61e460096b56cee8bc4788730c4804054f9871a0e8d7b3b43ae5,ba3be5c690989369
data/private/sketchnet/paintings/francisco-goya_the-monk.jpg,painting,0,francisco-goya,train,61188dad4f7a6b032dd664593de334c667f3d25566c8c0c09af61c1cfcf6428e,df6f6a23298c9928
data/private/sketchnet/paintings/francisco-goya_the-parasol-1777.jpg,painting,0,francisco-goya,train,a070e96c2cc6ad0d2621762b99dd46670d201cf30c4e5cc08c8098b2b52eadb6,84b959922fe433da
data/private/sketchnet/paintings/francisco-goya_the-picnic-1788.jpg,painting,0,francisco-goya,train,28d82f8a5527bbba564e82f9e92bafc1a262490d280ceddde95abba2ce767693,c2eeb531d3c55889
data/private/sketchnet/paintings/francisco-goya_the-pilgrimage-of-san-isidro-1823.jpg,painting,0,francisco-goya,train,69bc9a0e81f59a4dd989f8ae72373f90168877ff0bae5b1b9709b24a0b2a2018,c1b60d0762786dcf
data/private/sketchnet/paintings/francisco-goya_the-prisoners-in-chains.jpg,painting,0,francisco-goya,train,701d49d4f48bfebd84bd89bb83d19796b29134d881bf614caa68caf83702c780,bfced0b09cf0c40d
data/private/sketchnet/paintings/francisco-goya_the-quail-shoot-1775.jpg,painting,0,francisco-goya,train,63c9ca626986ac040e115fb67b9ad512017904c9198424f560d57059aa6796fb,cde934a599d8cd24
data/private/sketchnet/paintings/francisco-goya_the-repentant-saint-peter.jpg,painting,0,francisco-goya,train,7128d57d903bc3c6c5e807d9634cad341c6481e9ac720db32d6ee2352d71734b,c40d2d7813f3694f
data/private/sketchnet/paintings/francisco-goya_the-sacrifice-to-priapus-1771.jpg,painting,0,francisco-goya,train,7845308c70cff225fa379c44e8b5ea198e3c58b5364380b38ddc3daf0e48260c,812d664b9f35a636
data/private/sketchnet/paintings/francisco-goya_the-sacrifice-to-vesta.jpg,painting,0,francisco-goya,train,2bf52f6b17561f9d02bdc5a6594e24bf376f9d72ca8abf94462ac52df589dc4c,d05766e8db876c28
data/private/sketchnet/paintings/friedel-dzubas_sartoris-1963.jpg,painting,0,friedel-dzubas,train,b2fa5921c060c78f6ff8764cf3b10b74b10ecd7a6889f6fdcbc1664d8086b611,b06130cdc7c7c373
data/private/sketchnet/paintings/friedel-dzubas_towards.jpg,painting,0,friedel-dzubas,train,a94451be59502f62139d62f0f5509056b2016e4362988402f20fd2c5bde37b37,ba6d99a6ad4aa4a1
data/private/sketchnet/paintings/fyodor-bronnikov_the-head-of-judas-1874.jpg,painting,0,fyodor-bronnikov,train,d6d44728180d7311066e7f8c2eb8b51353a91176ff3a0c4f4e44693cb1a5c1e9,a5658e9eb099cb4a
data/private/sketchnet/paintings/fyodor-bronnikov_the-old-man-reading-a-letter.jpg,painting,0,fyodor-bronnikov,train,dbf5bed1b95f2ffdaea7bbdc0950318744f16b0059d3aebb2e3e860a375d8aa8,cb1c13e339623dcc
data/private/sketchnet/paintings/fyodor-bronnikov_view-of-lake-como-1897.jpg,painting,0,fyodor-bronnikov,train,0f3f3db52f43572251f3fdf3814fc3bcbb3ed0a447535f9384c3d3a4c4f6ee87,9c88c4f23fc2717c
data/private/sketchnet/paintings/fyodor-solntsev_burgher-from-zhitomir-in-the-cloak.jpg,painting,0,fyodor-solntsev,test,e8bbc85b275db68af7091f8cbcd995931fd7744e76e4b6851d3608a31b5aad7e,fa8685618179f68e
data/private/sketchnet/paintings/fyodor-solntsev_chernigov-region-from-kaliatinskiy-farm.jpg,painting,0,fyodor-solntsev,test,b5168734c101e9d56d78204843ea5e54d2720200cb78d7ddb361d1b6654b0f55,ea84957bc16e269c
data/private/sketchnet/paintings/fyodor-solntsev_clothing-of-queens-with-portraits-of-queens-evdokia-lukianovny-and-natalia-kirilovna.jpg,painting,0,fyodor-solntsev,test,366810894cd5fc60ea9297b8a053ba72cc75c604a339dc1c08d4f6793f80871a,faa5851a931a6bc5
data/private/sketchnet/paintings/fyodor-solntsev_clothing-of-the-russian-state.jpg,painting,0,fyodor-solntsev,test,2d15fdddbf3c2ed59ab058fa598314cb1776c203e4e296d9dabaea1e63a5abf6,db7ca432e94b940d
data/private/sketchnet/paintings/fyodor-solntsev_clothing-woman-from-kiev-province-1.jpg,painting,0,fyodor-solntsev,test,05cbcf2309c7a5c59640845c680270f01f5e3e777015a4260a007f388606321f,fa85c57a854d7a90
data/private/sketchnet/paintings/fyodor-solntsev_clothing-woman-from-kiev-province.jpg,painting,0,fyodor-solntsev,test,456dd3041934ca0e2deccb3c3c092763642697aa2e96bd540d7d48de845e5d2d,ba95c362953936ac
data/private/sketchnet/paintings/fyodor-solntsev_dress-of-the-kiev-girls-1.jpg,painting,0,fyodor-solntsev,test,4ecf850fdde5a0a188bb1c18b60f027359a348ff0b5d5a8a1890a198e11cdf3c,b3d3cc6cc4366199
data/private/sketchnet/paintings/fyodor-solntsev_dress-of-the-kiev-girls.jpg,painting,0,fyodor-solntsev,test,305d7ad5e3aeb2e573f015755f08b0d8b5aab1b9e1158b2b11aea6a705569b6f,e696996996c8cc9c
data/private/sketchnet/paintings/fyodor-solntsev_from-nereditskaya-church.jpg,painting,0,fyodor-solntsev,test,6b8adc7a3ee6c825a319941c57ad5b0ff50430b6515c32b79fbb576806b60839,e4b693299cce68b2
data/private/sketchnet/paintings/fyodor-solntsev_from-portrait-of-margaret-alekseevny.jpg,painting,0,fyodor-solntsev,test,a57c3aedd28f810c3db841240cc3e60dcecd06e465bb9083888f90633445e5b9,f424c2cb3999996d
data/private/sketchnet/paintings/fyodor-solntsev_from-portrait-of-the-naryshkin-royal-clothing.jpg,painting,0,fyodor-solntsev,test,d9acb6a258531545969a8751f7a3f7b25fa720bbb41e196a8d9faa0eeebc43f9,bbccc433c33b1bc0
data/private/sketchnet/paintings/fyodor-solntsev_from-portrait-of-the-nun-martha-ivanovna.jpg,painting,0,fyodor-solntsev,test,a4b20689fc11eed2995d7ccb5c5fb29056b66fee3f6a5a9bd7bacfad6e73fded,e1a696794d91316b
data/private/sketchnet/paintings/fyodor-solntsev_from-svyatoslav-s-snornik-1.jpg,painting,0,fyodor-solntsev,test,4eaccc77b9957fd3283545dda0b6897497cd7ca9ddee69385705e5d3ea004f41,b9c5c632976e708c
data/private/sketchnet/paintings/fyodor-solntsev_from-svyatoslav-s-snornik.jpg,painting,0,fyodor-solntsev,test,09c25618c8d8e777d6c9350a8de25c8bd2fd2b06cd8fab3540be5e823bbf94fe,bc94866bd36b1784
data/private/sketchnet/paintings/fyodor-solntsev_from-the-wedding-of-tsar-mikhail-fedorovich.jpg,painting,0,fyodor-solntsev,test,42007a3becba83e02a3844915f39e9acdfcfe26fe566af94f0e09fa38ba6eb3e,b393cb6c9c6c6438
data/private/sketchnet/paintings/fyodor-solntsev_images-of-the-vc-vasily-dmitrievich-and-vc-sofia-vitovtovna.jpg,painting,0,fyodor-solntsev,test,df2934918bf1c358070403466c954ae1d81c3e3e5e405c71237aad600ff6f852,fa8d857a07337885
data/private/sketchnet/paintings/fyodor-solntsev_kiev-philistine.jpg,painting,0,fyodor-solntsev,test,27eef6da493292adcc50475e073f6ae00fa47f034f7e6eca2af2b7067e3f245c,f9918e6e843ac2b5
data/private/sketchnet/paintings/fyodor-solntsev_kiev-province-from-village-kurenevka.jpg,painting,0,fyodor-solntsev,test,7b2e48b9861759a1acf239265f3a5e2bbb48192e57b7e32394cee4b2e33ea450,ea6694991b9c2c7a
data/private/sketchnet/paintings/fyodor-solntsev_kiev-province.jpg,painting,0,fyodor-solntsev,test,373f3215ceaf0dd172e8376567edc4a816089355946e9bff9dc776f56195ce0e,fac1853ed25b628c
data/private/sketchnet/paintings/fyodor-solntsev_little-russian-bride.jpg,painting,0,fyodor-solntsev,test,bd80ff923fd06ec9ccb4afb7471545e289807a41bb1a68bcb75d939962035ec6,b6939b6ccc3838cc
data/private/sketchnet/paintings/fyodor-solntsev_man-in-armour-of-tsar-alex.jpg,painting,0,fyodor-solntsev,test,eadff80967e5c926e3f3f1f58a980890a213e15dc51370345c4d845d71d01682,e9a5c292966e1e3c
data/private/sketchnet/paintings/fyodor-solntsev_on-the-iconographic-image-of-the-saviour-the-nereditskaya-church.jpg,painting,0,fyodor-solntsev,test,63bd1dd3a80121e7d5fb1b67ee20d72b57ceb5f84b03920adae211aa4dbf07f2,f985846e967a9591
data/private/sketchnet/paintings/fyodor-solntsev_patriarchal-ognennik-clothes-of-archer.jpg,painting,0,fyodor-solntsev,test,b1596265adb046e4bb10d0510831b767fbafab8d56dc61222d1258d01db0c32f,f88c867a87723d85
data/private/sketchnet/paintings/fyodor-solntsev_polish-coat-of-peter-the-great.jpg,painting,0,fyodor-solntsev,test,a5c5181fe6ede918c5775c9e93a8403172f1fc933ef0fba662bcdff3e27d58b5,eae8859313136f6c
data/private/sketchnet/paintings/fyodor-solntsev_royal-and-nobleman-clothing-of-the-xvii-century.jpg,painting,0,fyodor-solntsev,test,c1aa0fd941909c83f6f2d77e312da2ca3c7c91f2b5db2be3defae2fdfa1ef477,fe81d11c887ea723
data/private/sketchnet/paintings/fyodor-solntsev_royal-clothing-of-the-xvii-century-the-image-of-tsar-fedor-alekseevich.jpg,painting,0,fyodor-solntsev,test,bb9d1c785b03e6c609f4d1e54a7dc662addc689cca6464f664dba80aa2ad002c,ecc6c2389969d9c5
data/private/sketchnet/paintings/fyodor-solntsev_royal-clothing-of-the-xvii-century.jpg,painting,0,fyodor-solntsev,test,ec9dfae40c0b2015554c98209fbff8b15e268088479ed29f3798d9dc5018d7f0,ec9393699c6d4c94
data/private/sketchnet/paintings/fyodor-solntsev_silk-robe-of-tsar-ivan-vasilyevich-iv.jpg,painting,0,fyodor-solntsev,test,2db969763e8ac423b50f699d9f30ab848843a68d1775211e90d21c9adc073aa9,fa84956b87336a85
data/private/sketchnet/paintings/fyodor-solntsev_skipper-dress-of-peter-the-great.jpg,painting,0,fyodor-solntsev,test,b4bd1df05c0b5e03bfe93869c2ee899cbada4255953fccc520fa971210d7e2c8,eaec941397334b29
data/private/sketchnet/paintings/fyodor-solntsev_st-george.jpg,painting,0,fyodor-solntsev,test,4a107065494a582f99b440c4e603095e30dc0852f95a1566fff9c4253d00f574,fe6bc13c94d194c4
data/private/sketchnet/paintings/fyodor-solntsev_the-coat-from-armoury.jpg,painting,0,fyodor-solntsev,test,697590fca809f18b05b5444c0c585b1cbaa2dd5540ddfa6e09acf0e6376a4115,fbad847287866a85
data/private/sketchnet/paintings/fyodor-solntsev_the-fun-palace.jpg,painting,0,fyodor-solntsev,test,fb402b219883b4ca59279d34c62298b8e2f07b9cda902f00df14a3f2d6243fb1,fa61858e973d85c2
data/private/sketchnet/paintings/gene-davis_adam-s-rib-1980.jpg,painting,0,gene-davis,test,d6522d004354a446aa13bf383c1099e2612dbb85f9de63edcae42d55480fa15c,fe3fc13e91e081c2
data/private/sketchnet/paintings/gene-davis_albatross-1973.jpg,painting,0,gene-davis,test,7c4100a1f21b3e5f8c8adfb4fc45e22fc3d455c67c1df7267371aed9cb080af8,9d0c0e75215fc23f
data/private/sketchnet/paintings/gene-davis_black-friar-1978.jpg,painting,0,gene-davis,test,a730e0f5407aa5b67d91d43075667167bb86154ad5b236fccba70b8d60ec6dbe,ea3bc1ec9590856e
data/private/sketchnet/paintings/gene-davis_black-grey-beat-1964(1).jpg,painting,0,gene-davis,test,833a12f9885f21d35427ba947cffb023a0b95ceb4951d016f2a3f2427ee89329,99b835c7469867cc
data/private/sketchnet/paintings/gene-davis_celtic-dawn-1960.jpg,painting,0,gene-davis,test,438b07c0ba21c232740b729113c7e99f0059b9d3c5d892aaeef2a84ca1a0eb3e,87b920df43b5459c
data/private/sketchnet/paintings/gene-davis_checkmate-1973.jpg,painting,0,gene-davis,test,c5cf09873f8bcce4beef066d2d31042324f2759241d19903fb11676e60248cc6,f5341e0d5e9c31d2
data/private/sketchnet/paintings/gene-davis_edges-solar-beat-1962.jpg,painting,0,gene-davis,test,94a0dfd8779eebe87371e6cbb38cbc456fd5181677188729d24585ce55c1d2e4,82c3d50ad51fd52e
data/private/sketchnet/paintings/gene-davis_end-stripes-1960.jpg,painting,0,gene-davis,test,d3ef45a392e0f668c209e1689d410818501a072d71948f3c3b9682ff0d5201f9,83fa7a2b789568a1
data/private/sketchnet/paintings/gene-davis_franklin-s-footpath-1972(1).jpg,painting,0,gene-davis,test,f06b805262c869fc5d7d4b3dc016f138721bf072db1741c771d115cffb39a843,cc4c0e8fd1c38b37
data/private/sketchnet/paintings/gene-davis_gothic-jab-1968.jpg,painting,0,gene-davis,test,6e33a78781c12b01ac434b6cb376fd6675b0118a4a4ddf27a7c85c8de35074f2,b44749c649bf61d2
data/private/sketchnet/paintings/gene-davis_homage-to-newman-ii-1979.jpg,painting,0,gene-davis,test,b2cb682e30d6e8337a9cef66bf55901ab64196b1154f2e14698620f722d718d2,ba6bc594c4f4c499
data/private/sketchnet/paintings/gene-davis_hot-beat-1964.jpg,painting,0,gene-davis,test,1049e92983377a3a960abf8eba9a818bc7b5872ba89402f7d3b2391af9049042,d38b44767c666433
data/private/sketchnet/paintings/gene-davis_licorice-stick-1961.jpg,painting,0,gene-davis,test,15f910c3a9aadfd200400bc59450e6ea3a484071345fc30b8a230b1f01089e23,aaaf52b052bd25cc
data/private/sketchnet/paintings/gene-davis_lime-lemon-1970(1).jpg,painting,0,gene-davis,test,48af8d279d43e7bb0acd5efe9be5eed3180f170c2845e1fdc92fbfe22f9992d3,d1d5725153333335
data/private/sketchnet/paintings/gene-davis_moroccan-midnight-1984.jpg,painting,0,gene-davis,test,75f87bc662d06f4d944cee45f1d66a79bc015aa781992da448a1547cd473841a,bb8dda1dc7609452
data/private/sketchnet/paintings/gene-davis_moroccan-wedding-1972(1).jpg,painting,0,gene-davis,test,9c334517cacfd46d6b57d6d20c664e023359401f2b2e2e2217146675d47e73a6,81233f997dc674c8
data/private/sketchnet/paintings/gene-davis_pink-stripe-1960.jpg,painting,0,gene-davis,test,b183ca3475bc975ee9674f185a06a60047f42ac8157ad3fda816438e5d937e32,bfc0479312971717
data/private/sketchnet/paintings/gene-davis_pocahontas-1978.jpg,painting,0,gene-davis,test,a3205672d776fb10dcd5cc02103b36df8898ac02b78acf155f3a0464f51fdefa,c7b529a9334a7b48
data/private/sketchnet/paintings/gene-davis_red-devil-1959(1).jpg,painting,0,gene-davis,test,0fe8af1f2edacb5c3576e534a4848cb51861b684d824b64a2fd2ebad906f80a1,a5151a525e795e71
data/private/sketchnet/paintings/gene-davis_red-dog-1961.jpg,painting,0,gene-davis,test,8eff3c6674bec9ef8642683ac0f24d68705b591d3cfc3e3bd134dffb18b80208,add5da9ac28ad283
data/private/sketchnet/paintings/gene-davis_smithsonian-resident-associate-program-tenth-anniversary-poster-1975(1).jpg,painting,0,gene-davis,test,7e42cb6aa4bebf8a374ab113a2eb139019240f35a300adc9c63f35432dab2ae4,ba3ac53ac5c4c5c5
data/private/sketchnet/paintings/gene-davis_smithsonian-resident-associates-program-1980-15th-anniversary-poster-1980.jpg,painting,0,gene-davis,test,1cdc18768ab68692eb2e1500d8ad58ac2d4c02e971ca77474b6ad54111a1c816,ab2ac42fd02fd06b
data/private/sketchnet/paintings/gene-davis_sweet-carburetor-1969.jpg,painting,0,gene-davis,test,4255d5307a9cc5a83a2c58bb964b79c4cb79ef7201a18b7616cb9ba7c3e88712,9f0051a8bbcc76d5
data/private/sketchnet/paintings/gene-davis_sweet-score-skylark-1960.jpg,painting,0,gene-davis,test,bba59ad6b3860975f4ed4f608ba612a8a841a50398c2898be62488184d50c37b,a8c550fa52f253f2
data/private/sketchnet/paintings/gene-davis_untitled-156-1971.jpg,painting,0,gene-davis,test,bce561dde58b189f7559a651ec40de5c3a644a5b0b03afc6554339545a34f8f0,8fc1f02e0fd1fc30
data/private/sketchnet/paintings/gene-davis_untitled-1959.jpg,painting,0,gene-davis,test,64ff382c32cef9a6f1ae112fbbf460d95b1a01debac35fe84d914e9d2b6b32f2,ef8ac293b4c6a9c8
data/private/sketchnet/paintings/gene-davis_untitled-1985-1.jpg,painting,0,gene-davis,test,1618b6c30d2194c8dabe6d992ec344c8c4c042bcb701bfa012579ed895002175,dc9df285e382e286
data/private/sketchnet/paintings/gene-davis_untitled-1985.jpg,painting,0,gene-davis,test,61b6646892b794e3c274f486263f30698631958a3ffc2c825fbe24e6dc194ada,d3e89d9273809daa
data/private/sketchnet/paintings/gene-davis_zebra-1969.jpg,painting,0,gene-davis,test,722028d2d591a5a40fbc615bf8d5897cd310b2b292cbee2b76f875b1e220e29f,c8d50f1f1f8117d4
data/private/sketchnet/paintings/george-luks_brooklyn-bridge-1916.jpg,painting,0,george-luks,val,e9db6174531587a7857a72455484214acb8bdef612dd37498df7ebdb9a07b990,bc0ff846997087f0
data/private/sketchnet/paintings/george-luks_girl-with-doll.jpg,painting,0,george-luks,val,225760d83ccbce0495f28f5db156ea24ed1cbfc872c2108c9e6308a973de8fd5,c05c3f33d4dcc9c1
data/private/sketchnet/paintings/george-luks_man-with-a-monocle.jpg,painting,0,george-luks,val,7ce08c5f283dfd529b107a54d2885e63aa7e29493ade45e269523636a7d72299,99d9262599cec2d9
data/private/sketchnet/paintings/george-luks_spring-morning-houston-and-division-streets-new-york-1922.jpg,painting,0,george-luks,val,a7f4cbe356c04e35ea07b9926a575a0e71455c4caebd106c72ffcdadf079fc06,fce0a264911d74ee
data/private/sketchnet/paintings/georges-braque_aria-de-bach-1913.jpg,painting,0,georges-braque,train,a900a3c205b1ac26a86411e6c0c067af25b47e6976e85d1eeb28b84268aabad9,be70c99fc1c8c01f
data/private/sketchnet/paintings/georges-braque_bottle-1914.jpg,painting,0,georges-braque,train,136e2cf2242c9f66415bc08d93b661447224eff80aea4b19806a83df4d72da82,b3b4cc0b946a85bd
data/private/sketchnet/paintings/georges-braque_glass-pipe-and-newspaper-1917.jpg,painting,0,georges-braque,train,7685adaa9d466c8e98b965088fb3e7d6c10cd9b68a00aa66024bf4d31c83d333,c3993e6461338eec
data/private/sketchnet/paintings/georges-braque_guitar-and-sheet-music-1919.jpg,painting,0,georges-braque,train,0782737463199b05ed9bd501d01a6746f41c707adc369fbce563159e42c1ecce,ee3678c8a597d04c
data/private/sketchnet/paintings/georges-braque_still-life-on-a-table-1918.jpg,painting,0,georges-braque,train,c8f8ccae1b838124117d0626b8823d6718fee2bf6aa7480540ba183050862ebd,eed0312bc38cbb23
data/private/sketchnet/paintings/georges-braque_still-life-on-a-table-with-gillette-1914.jpg,painting,0,georges-braque,train,f660b0cdc8884801813ea4b53f11386efdb0e7fa864aeb3909a89f6ae7bb92e3,ec99926a9764caa5
data/private/sketchnet/paintings/georges-braque_still-life-with-le-jour-1929.jpg,painting,0,georges-braque,train,eb22c5c6f4b99dfc5bd7dc3210d8cff4972aad27f870a8c74aedb6809dba4ff5,d0fb2c444d89bb9c
data/private/sketchnet/paintings/georges-braque_the-bottle-of-rum-1914.jpg,painting,0,georges-braque,train,2e8d1ef5696f6c0821afff01b1f2829d02c8682f19a4ae5cf95a49ba062e905a,f1938e4c5de88e31
data/private/sketchnet/paintings/georges-braque_the-sideboard-1920.jpg,painting,0,georges-braque,train,f0060b61d04f528893b6d67509eb0d5fe15a561e85cdc571c6bb7d3853ba3f8c,c06a436e6f11d45f
data/private/sketchnet/paintings/georges-braque_the-violin-1914.jpg,painting,0,georges-braque,train,5a9aace329f670b3a4427c0761c43010e94113e17f8d1c504fc9ba0add77ea21,afc0d41b9a27c2d9
data/private/sketchnet/paintings/georges-braque_violin-and-sheet-music-on-a-table-petit-oiseau-1913.jpg,painting,0,georges-braque,train,7ef58580a4dce23e96ea0254561f37050e46be61822bda36aba020fa3a1ef4e5,b1f8937219e69c31
data/private/sketchnet/paintings/georges-braque_violin-melodie-1914.jpg,painting,0,georges-braque,train,bc73b7deb063e9d34f3aedf6eca2dbc877ab38bbcb15575e45db139516a32163,e5d0b8193b66e07a
data/private/sketchnet/paintings/gerhard-richter_clouds-1982.jpg,painting,0,gerhard-richter,train,9022ea4febb2efd28817635e0888c01bccdd27f42130c1223994f8aae387b682,c82f9bc4f2371594
data/private/sketchnet/paintings/gerhard-richter_courbet.jpg,painting,0,gerhard-richter,train,c3b6a6e15cef5ac76581b9ca77bd39e11ccae444fea09c9e6dee9b0cdc2d1405,87b242bc73e9b485
data/private/sketchnet/paintings/gerhard-richter_dark.jpg,painting,0,gerhard-richter,train,8306b3a1a664a6a35ef2aca616d3ba67d40c87a4e732548c35640fe0b34bc379,b640bf545e295e89
data/private/sketchnet/paintings/gerhard-richter_ice-2.jpg,painting,0,gerhard-richter,train,045d73fe66ae81abbac49f69c275bc0d8b1c0af2e1d82136b00cce0be37967a5,f4f46ed354a13cc0
data/private/sketchnet/paintings/gerhard-richter_ice-4.jpg,painting,0,gerhard-richter,train,63509e97432ff356b5439b3abe0dc10c810dbbd269e8eb87159cb34dc24164fb,a8ea762809f17b6c
data/private/sketchnet/paintings/gil-teixeira-lopes_cones-enigm-ticos-ii.jpg,painting,0,gil-teixeira-lopes,train,8c6765d96aee2f0d1acffd0b35c45bfc86f8c622ee0ffb92db2524f8467cb10f,d0e72fc83bb22c8c
data/private/sketchnet/paintings/gilles-aillaud_hippotame-et-arbre-l-envers-1971.jpg,painting,0,gilles-aillaud,train,6b70ed20565780d30ec42afe7aafeb358286634bd3b3f61419585db5d9431540,c0407bafa6d3c3c3
data/private/sketchnet/paintings/gilles-aillaud_serpent-et-trou-1966.jpg,painting,0,gilles-aillaud,train,6e556e7f5191fcb57592204e89a6cdb02fb748c87444dd7005a5350fe668662e,dd7f8a90c73808c7
data/private/sketchnet/paintings/gotthard-graubner_istria-v-2011.jpg,painting,0,gotthard-graubner,test,50e46456235a9a71fbdba5e73f864d932da6d6d65e54e4fa33fe508afc9f45fd,eac0853ec17f812f
data/private/sketchnet/paintings/gotthard-graubner_le-vent-du-soleil-1996.jpg,painting,0,gotthard-graubner,test,f6dfd6ff9c0fb9a9282c832e22cf30c140c12bfe3bad899c618c65eab55cdddd,d0d449eaafc1eae0
data/private/sketchnet/paintings/gotthard-graubner_untitled-2004.jpg,painting,0,gotthard-graubner,test,c4fe3983aa1e1bbad1f423340d302302ca7ecef6fb8c4f23324b39b7edaaf346,a1b49ecb7434c32b
data/private/sketchnet/paintings/grandma-moses_eagle-bridge-hotel-1959.jpg,painting,0,grandma-moses,train,975f2c7daf06809e24a5209974b7ed1cf538698d294bb845758dcf2424f1d9bf,96cba8bf166942d1
data/private/sketchnet/paintings/grandma-moses_grandma-moses-goes-to-the-big-city-1946.jpg,painting,0,grandma-moses,train,f4b42686c034007b2a7a6543831e700914743bfefabea3bbbb7e071fe591a088,d6a9a1861a772f68
data/private/sketchnet/paintings/grandma-moses_halloween-1955.jpg,painting,0,grandma-moses,train,411823e3dbfc05b8eabcd98ab063efd84caa281587d23bb9288ffc1930cfbe3c,91869d137c797961
data/private/sketchnet/paintings/grandma-moses_hoosick-falls(1).jpg,painting,0,grandma-moses,train,55e2360ffde8ace81624e8fa3b8bcf806e30095fc449bdd4b10ceada1ce5a39f,910a3f7d58434eb9
data/private/sketchnet/paintings/grandma-moses_hoosick-valley-from-the-window-1946.jpg,painting,0,grandma-moses,train,217223fe7f01b166454c8b6b2d367358471e1ffc4304bd7e3c7a325689126327,9fc0e0193e67e1d2
data/private/sketchnet/paintings/grandma-moses_joy-ride-1953.jpg,painting,0,grandma-moses,train,ba3e9175ed181f7c437181827fc035ed7f3f070eaaea82f3342cb4cc5b5219ee,e673b8ca91416e1b
data/private/sketchnet/paintings/grandma-moses_let-me-help.jpg,painting,0,grandma-moses,train,f506f889ff0febf6bb5c1be3526dfe8d7ea50dd7b2d556b960ecb04e7219c2cd,d32c1b9c83bd3169
data/private/sketchnet/paintings/grandma-moses_mt-nebo-on-the-hill-1940.jpg,painting,0,grandma-moses,train,ccc40e04f50116e512c016af9d7b205b37b1ad02f717eb653df155f8a32cd6eb,91c9ecb13a4e1d0f
data/private/sketchnet/paintings/grandma-moses_not_detected_251590.jpg,painting,0,grandma-moses,train,049bd11aedbf547fea5c9c29a0f0c0013a160cc96a0787b0efa714c1543dac48,8888b6e6e3c97c36
data/private/sketchnet/paintings/grandma-moses_not_detected_251604.jpg,painting,0,grandma-moses,train,e399ae8b333a5eaaadd153d014aba953c761210d15aa2ea99a0419ba28ec70b8,c0e49aabd577aa50
data/private/sketchnet/paintings/grandma-moses_not_detected_251605.jpg,painting,0,grandma-moses,train,cb0eef53fe71a0e151d208fbfcdcfb2d5d2cb8b00607f96759dca7022e3edbd0,c9f20ed720c73ee0
data/private/sketchnet/paintings/grandma-moses_not_detected_251609.jpg,painting,0,grandma-moses,train,6e848d920e15dcc8d52844f4451982b8d0327ba9c3af972e3703c108ba63475f,963549ccc1d1b5ae
data/private/sketchnet/paintings/grandma-moses_not_detected_251621.jpg,painting,0,grandma-moses,train,6fee28be5c4fd6f51035aebfdc59cf5126e2821caed01382a19f5abe12be01f1,f5b0eb8f156038d1
data/private/sketchnet/paintings/grandma-moses_not_detected_251622.jpg,painting,0,grandma-moses,train,1efe291401dd91f05210b6bacb11d048bb119e55d4ef65e8e024bf5fce3e4e17,b2b4c98146393ef6
data/private/sketchnet/paintings/grandma-moses_not_detected_251623(1).jpg,painting,0,grandma-moses,train,d5101ad9f1b62481666f1e25c5d247d679b38fa4ca2901e3a4142cbe972dba5e,d496f1f04e245eb8
data/private/sketchnet/paintings/grandma-moses_not_detected_251629(1).jpg,painting,0,grandma-moses,train,cf2546f32bd82623b043b5b4717aef3ed1dac031ae56c6e4141ea74bdd701340,88f58d92a3594b37
data/private/sketchnet/paintings/grandma-moses_not_detected_251643(1).jpg,painting,0,grandma-moses,train,62e0fdfeb37a297ae57f3945fd1956069e45d9635d61c0529d36610974b5ca3e,8c6f10bed03fc992
data/private/sketchnet/paintings/grandma-moses_not_detected_251645.jpg,painting,0,grandma-moses,train,a9789ec02b46b49a3ddffd42ed80f2e06792e2bfd7e2abd764492f8d070b6082,c06e07b56459faa5
data/private/sketchnet/paintings/grandma-moses_not_detected_251657(1).jpg,painting,0,grandma-moses,train,b4967f00736044503ad44b74bcba4ee44291fe87aa11cd95474357072099d965,85ace24bc6b61fc4
data/private/sketchnet/paintings/grandma-moses_shenandoah-valley-1938.jpg,painting,0,grandma-moses,train,55fcc8433b476edb46ee5126e2aeb3d367c99aeff09b69bd0e533aeae18bef8e,c19ae43e611e4b9e
data/private/sketchnet/paintings/grandma-moses_so-long-till-next-year-1960.jpg,painting,0,grandma-moses,train,b50d1908b1ff00aca4590a4e7852f1998706f3fcffd137182949bcbb5f5ee12e,dc0e26e3113571fa
data/private/sketchnet/paintings/grandma-moses_sugaring-off-1943.jpg,painting,0,grandma-moses,train,25912a64d38ee5bab924614e7c76e59b770c16087f937fe8c03d66c139879965,d7ef203daa44235c
data/private/sketchnet/paintings/grandma-moses_the-burning-of-troy-in-1862-1943.jpg,painting,0,grandma-moses,train,cdbd24d6342c5b7441d26c74ea0aae5988f24865405affd4bbcb17e20ec28b15,b0e684d9e89bd2e1
data/private/sketchnet/paintings/grandma-moses_the-quilting-bee.jpg,painting,0,grandma-moses,train,1d514c8329bb339b9451a846c6bbe8ebe84a0ff3821ac63e4f18fae9eec5bbac,99f59498aa764d61
data/private/sketchnet/paintings/guido-molinari_quantificateur-1988.jpg,painting,0,guido-molinari,train,989b585ce998fda925c92eb721143495030a3f791617ff2d9ddf99e3364cd81f,858e783876707967
data/private/sketchnet/paintings/guido-molinari_red-rouge-quantifier-1976.jpg,painting,0,guido-molinari,train,66517cdcb99d172eeab9b9c342673ef7b952a9e05d546671b2a4c83bf535ca01,ebf4c137c19bd402
data/private/sketchnet/paintings/gustav-klimt_hope-ii-1908.jpg,painting,0,gustav-klimt,train,391f616c924cc928804cfd50f7cd98651813fc811bdb05bd9def0e072650aa5c,8919738636e66667
data/private/sketchnet/paintings/gustav-klimt_horticultural-landscape-with-a-hilltop.jpg,painting,0,gustav-klimt,train,1e65091708bb2d15a54520eb755e68e4e7ae4ef8d189f4a7f32f001e9b2e8fd7,f9583b36268e4927
data/private/sketchnet/paintings/gustav-klimt_houses-at-unterach-on-the-attersee.jpg,painting,0,gustav-klimt,train,a4935327b364411f00b2aece3cae0fb5307a656de9e675663e635e424d0d0040,a1991e487e37257c
data/private/sketchnet/paintings/gustav-klimt_hygeia-detail-of-medicine-1907.jpg,painting,0,gustav-klimt,train,1a17747819e6339f972b899890b32c3c584a69c16244aba74663b0c8ca43910e,af6c6d6d39320236
data/private/sketchnet/paintings/gustav-klimt_italian-horticultural-landscape.jpg,painting,0,gustav-klimt,train,e7fb5c4c969496c7d27bb344f46dd0c58d84175bd43eb7620fe685efdb80cb71,ceda7ba26c461649
data/private/sketchnet/paintings/gustav-klimt_januar.jpg,painting,0,gustav-klimt,train,1dc2f5cd2e2e64b5fac7560f76e5519ce6b8db5137f58446c1b890ae5a287a1f,cab5b54ac1b16969
data/private/sketchnet/paintings/gustav-klimt_judith-and-holopherne-1901.jpg,painting,0,gustav-klimt,train,d762a4ff412de3b7c3aecd13daeec58e265fdcd1de68d34812338a6386c41091,da296c73146e646e
data/private/sketchnet/paintings/gustav-klimt_judith-ii-salome-1909.jpg,painting,0,gustav-klimt,train,997c006fecd2e42ac93bd8c7bc3544ebb5ceba3888b12e06ac7a1dfecd136af9,aac06520787d9f9e
data/private/sketchnet/paintings/gustav-klimt_jurisprudence-final-state-1907.jpg,painting,0,gustav-klimt,train,b352bf2588a6b8e5b6efb065b2a6ea430b5cd7f43fa0f7c3c89fb519e2e0d043,85bb0fa5b1ba0e4c
data/private/sketchnet/paintings/gustav-klimt_lady-with-fan-1918.jpg,painting,0,gustav-klimt,train,efbba8004ef51275ecf79260a1f99713a5b47b5ceec2bbc0156f2d011f821148,f15e6665679b2212
data/private/sketchnet/paintings/gustav-klimt_lady-with-hat-and-featherboa.jpg,painting,0,gustav-klimt,train,9c4b7a617f2329384bd319c5e2704b9ce0393f5bd856224f2a6bfd9911c0bde1,9a4d326d9a993663
data/private/sketchnet/paintings/gustav-klimt_landscape-garden-meadow-in-flower.jpg,painting,0,gustav-klimt,train,7d8c10066cc18d16853b2dc6bb2c7e45213abc64e3663b95f6dec2e9840e9a16,9e1861cfada0db98
data/private/sketchnet/paintings/gustav-klimt_malcesine-on-lake-garda(1).jpg,painting,0,gustav-klimt,train,906299f11d85be12cee0d473432ec67d05d92685367ba55140848d5255e2991f,c02f477ddd189859
data/private/sketchnet/paintings/gustav-klimt_medicine-final-state-1907.jpg,painting,0,gustav-klimt,train,7db78b944f80e232c655cbd9b465860c4916a11689ce68ee3f4691f2a202ca40,e263cec21efc5c84
data/private/sketchnet/paintings/gustav-klimt_minerva-or-pallas-athena.jpg,painting,0,gustav-klimt,train,214b21200ab74e5b06e6a12205795e5616fd6d9ad02cf03403998e62dbfb609c,afaf78d094b138c1
data/private/sketchnet/paintings/gustav-klimt_music.jpg,painting,0,gustav-klimt,train,50e22577eb59e45ec0ae430c3f483e154b1e3a10ac13a0ea0ce51438956b1677,8e60947e458e2fd5
data/private/sketchnet/paintings/gustav-klimt_musik-lithograph-1901.jpg,painting,0,gustav-klimt,train,4b45837f4cdffe2a2422b2ec6303e7f90043c10a0c64a90cce0ac5923344bc54,b9076078f89dc69c
data/private/sketchnet/paintings/gustav-klimt_not_detected_191524-1918.jpg,painting,0,gustav-klimt,train,55a10833b68c6fc29d9ac0fecd89e08770a5ea02cb74ee986b653eb4fb7b24ec,f4c35f9c0a4f1c98
data/private/sketchnet/paintings/gustav-klimt_nuda-veritas.jpg,painting,0,gustav-klimt,train,bf0c00169ce8cd064e059a4ac840e38144a9bd2f28d1cc2f1902afc940ebc19a,dfc12094851f6e6e
data/private/sketchnet/paintings/gustav-klimt_ode-to-klimt.jpg,painting,0,gustav-klimt,train,a5969f1529da11d8ce0794911ce582a76ea67b6f49c151a59cf06317c3074f26,945f613847ef2c62
data/private/sketchnet/paintings/gustav-klimt_park-1910.jpg,painting,0,gustav-klimt,train,b21f2c2297beb3d5cbabb98e84a676b6f49ef546572e6b8aba758cdc1f1eac8e,8ec36aad4e1bc06b
data/private/sketchnet/paintings/gustav-klimt_pear-tree-1903.jpg,painting,0,gustav-klimt,train,7fb630e57995f164d30d002c97e1b3ca476de10a61ad05e424a14c1fb533b9ea,aaaaaaeaaa6aac32
data/private/sketchnet/paintings/gustav-klimt_philosophy-final-state-1907.jpg,painting,0,gustav-klimt,train,b9f61cbfae9e42f05e7ed7d86ea978a4c1e40ad686f6031094c928171b8c0a0d,83417ce1079f7387
data/private/sketchnet/paintings/gustav-klimt_poppy-field.jpg,painting,0,gustav-klimt,train,4eeae4be3dab037e9812abe4ada3008e363f3a138c8a5750da341aa6bb05de17,fa58b8b8b8b898b8
data/private/sketchnet/paintings/gustav-klimt_portrait-of-adele-bloch-bauer-i(1).jpg,painting,0,gustav-klimt,train,7857251e33dccced1a4032be29012dcdcf3a3b746a49e75b7b7076a8846fe2d3,9c7e666466656c62
data/private/sketchnet/paintings/gustav-klimt_portrait-of-adele-bloch-bauer-ii-1912.jpg,painting,0,gustav-klimt,train,55e6f4b731f1cc0164635142ce5dd51d2e3d3165f7148d60c8678793abb07a5f,fe2125746962f68a
data/private/sketchnet/paintings/gustav-klimt_portrait-of-baroness-elisabeth-bachofen-echt-1916.jpg,painting,0,gustav-klimt,train,f787e2424d8f8fe952ebdfbb2bbaacd33d2607035dab010382984e865b458049,cd0833f73323227b
data/private/sketchnet/paintings/gustav-klimt_portrait-of-eugenia-primavesi.jpg,painting,0,gustav-klimt,train,9196dbbf62499db1442b0ddf0872ec92f6c2fcfa570f30bda62e6a25cde3fe2f,fcde5852732ba181
data/private/sketchnet/paintings/gustav-klimt_portrait-of-fritza-riedler.jpg,painting,0,gustav-klimt,train,17790cd153c474b60acaa335b7cfef74495dee62621af2c6f1ed4c86c72c15b7,9673600e69c75de1
data/private/sketchnet/paintings/gustav-klimt_portrait-of-johanna-staude-1918.jpg,painting,0,gustav-klimt,train,0b40dd1bd3001b0d4db4512849c13a2b2e48fcf7532383f113a983f572cf0111,f9699197666226ca
data/private/sketchnet/paintings/gustav-klimt_portrait-of-joseph-pembauer.jpg,painting,0,gustav-klimt,train,d77df47eb980326c89a21347c48aad2b150db56113b1d7804f2221c7ef458dc3,fd831671c13c33c3
data/private/sketchnet/paintings/gustav-klimt_portrait-of-maria-munk-unfinished-1918.jpg,painting,0,gustav-klimt,train,e916a5bbd70b4293180326da5a635224b5d74354ba716677b0eca90ca0f16b11,8de0f4076ce417b6
data/private/sketchnet/paintings/gustav-klimt_poster-for-the-first-art-exhibition-of-the-secession-art-movement.jpg,painting,0,gustav-klimt,train,d37f4c01054da28e55f135091174a185d646bcaaff73fe8129e6472074a8377d,d03e2f5a6ae16a25
data/private/sketchnet/paintings/gustav-klimt_reclining-nude-lying-on-her-stomach-and-facing-right.jpg,painting,0,gustav-klimt,train,1826f724ace8655715872b5619b8bb18439bf865bd3ad6e9d1464c692c900964,d85a5a0a2fa9ada9
data/private/sketchnet/paintings/gustav-klimt_roses-under-the-trees.jpg,painting,0,gustav-klimt,train,6a6abe77b8483ae15f686c8bed1b403d4d0fb8cc5be05f91e9a7814e231b5b0e,81106b671deb8fb8
data/private/sketchnet/paintings/gustav-klimt_schloss-kammer-am-attersee-ii-1909.jpg,painting,0,gustav-klimt,train,9e4d7f208d4bec770e8297342725e3004602d3b5eebd339ec89192a2b3fe418c,ea706be845d49656
data/private/sketchnet/paintings/gustav-klimt_schloss-kammer-on-the-attersee-iv.jpg,painting,0,gustav-klimt,train,eaa7927b1d876a771feb91d6d3d8b270ea0eaa4c9f52fdf877d17e64dbf4e424,dde2c122323c3de5
data/private/sketchnet/paintings/hans-hofmann_art-like-love-is-dedication-1965.jpg,painting,0,hans-hofmann,test,23174d6eccb7de3995e869d523ab568f1767642b3aa325827b90c210948c494b,b990e70bc077c633
data/private/sketchnet/paintings/hans-hofmann_asklepois-1947.jpg,painting,0,hans-hofmann,test,e764455a954ed3f5cef537c3076952dbbedf37f4669f2d9fc1a6072fd63fbe35,8de2353a5a5a7aa4
data/private/sketchnet/paintings/hans-hofmann_august-light-1957.jpg,painting,0,hans-hofmann,test,501051623d2ac10b8387593ee8757618fc6b279443fb431519b3f563aa9defc3,d3d22f454c833ed4
data/private/sketchnet/paintings/hans-hofmann_bird-cage-variation-ii-1958.jpg,painting,0,hans-hofmann,test,4d231c15595065ea851324c1d1808f66ef4c2bc6b16edff3cb9ec0dc75bba483,b48cc9a1ce0b7b27
data/private/sketchnet/paintings/hans-hofmann_black-diamond-1961.jpg,painting,0,hans-hofmann,test,81b64144efa6f6797773144f6a1f7293cad6400f4db895cd2c20d750cb4ac7cd,fae1801f945e8e69
data/private/sketchnet/paintings/hans-hofmann_cataclysm-1945.jpg,painting,0,hans-hofmann,test,f4bb2c6cf101ada3fbac0240eb6daaa59a3c9ffb3df9749857d945c945680ebd,e9ca964925b51ba5
data/private/sketchnet/paintings/hans-hofmann_cathedral-1959.jpg,painting,0,hans-hofmann,test,6c8c6fbc06a798451ba8aada25f547d417a20467b0725a855b3ad9961efa4443,952a5ad56d4c1a9b
data/private/sketchnet/paintings/hans-hofmann_dew-and-dusk-1957.jpg,painting,0,hans-hofmann,test,f687cc07ff623cd33b4107eb28f94831b3928c34858e49def10fcd5567c6e311,aa9d9cb5136c6893
data/private/sketchnet/paintings/hans-hofmann_ecstasy-1947.jpg,painting,0,hans-hofmann,test,b5a957e6e16524900f89e120483147da3fef5acb0f0f259563240202d3023c77,9537cd8b69a4525a
data/private/sketchnet/paintings/hans-hofmann_equinox-1958.jpg,painting,0,hans-hofmann,test,b39cae60a03c9cfa370274950351928f245fff089f1ade1c0f09af46142b9b01,e7bc5b487704243e
data/private/sketchnet/paintings/hans-hofmann_equipoise-1958.jpg,painting,0,hans-hofmann,test,171daec21de2a904b6ab910d2a012ff9a5e12b50281b83af4dab182a4fccd2d6,84e44e4b5d3c3b4b
data/private/sketchnet/paintings/hans-hofmann_furioso-1963.jpg,painting,0,hans-hofmann,test,ab3fa62c57d94e0fd26760df30ed76aa66f09582dfd720c8041e0adcdddc8d79,b8b19048c7b5df4c
data/private/sketchnet/paintings/hans-hofmann_genius-logic-1963.jpg,painting,0,hans-hofmann,test,ac55fff8fa365e5b0dbbc1ec19c797ee8b3681fe5615bcd202341b982037d961,e00961e797de3cc4
data/private/sketchnet/paintings/harry-clarke_the-year-s-at-the-spring-1920-1.jpg,painting,0,harry-clarke,train,306dfbaef20378d8a6a1a485fd1c2d47506835e51631d235f13b7d2689c636f3,bef24d63321c9469
data/private/sketchnet/paintings/harry-clarke_the-year-s-at-the-spring-1920-13.jpg,painting,0,harry-clarke,train,9b191cba943cc304a97cbb3908d612297919a0bd62124f36b0fcd9a3fb944027,eb8a52156d35f524
data/private/sketchnet/paintings/harry-clarke_the-year-s-at-the-spring-1920-14.jpg,painting,0,harry-clarke,train,af0d86aff91e9aa9b3c19c6ceac5bc1dcb650207334dccaf79bac3fe90b2ad26,af608d12b5c271cf
data/private/sketchnet/paintings/harry-clarke_the-year-s-at-the-spring-1920-21.jpg,painting,0,harry-clarke,train,8dfdbbd6e8b4e4e45a71d1509e3df846599e0c9ff731025068edd199dea4151d,cb95744a5876e05b
data/private/sketchnet/paintings/harry-clarke_the-year-s-at-the-spring-1920-24.jpg,painting,0,harry-clarke,train,d083665237303897b7eabaf7a3e1d47c82db65b6fa602fd8f0788283e2705daa,9b1eecacd05494b5
data/private/sketchnet/paintings/harry-clarke_the-year-s-at-the-spring-1920-25.jpg,painting,0,harry-clarke,train,bf4526c5102b15e8b01c4c0b65aa0c10daa4f6b675808a6ef1c1beda8aff870a,ed813a4ce12fc27a
data/private/sketchnet/paintings/helen-frankenthaler_blue-atmosphere-iii-1963.jpg,painting,0,helen-frankenthaler,test,dba9b46626fc4d01adcf7ed733efa80ce546f45e6cc62f3827ff677c939f30a9,e1df1ce1c4c8e1cc
data/private/sketchnet/paintings/helen-frankenthaler_boulevard-1973.jpg,painting,0,helen-frankenthaler,test,e37e2fc941bff481fd9ffb7ad899b1b9ae087eedff7996cdffb0ebce6a419d8d,81fa05f817e07fc1
data/private/sketchnet/paintings/helen-frankenthaler_east-and-beyond-1973.jpg,painting,0,helen-frankenthaler,test,188048dd49396f3164dd311b253f575423a37dfa631bd137e0a7a7115ee2e454,8af0b50bf43dc370
data/private/sketchnet/paintings/helen-frankenthaler_frankenthaler-preview-1965.jpg,painting,0,helen-frankenthaler,test,f230ded2de410846cc30ecd39d7d5169217ddb620d224f790b600a76d0f73e9d,bfe0d03f693425c2
data/private/sketchnet/paintings/helen-frankenthaler_nepenthe-1972.jpg,painting,0,helen-frankenthaler,test,074b4b1bd65c66bbf59908467c7a01d455242089b02a2ca8986cfbef178200d1,af6ad0903d78b236
data/private/sketchnet/paintings/helen-frankenthaler_new-york-iii-1972.jpg,painting,0,helen-frankenthaler,test,11c021e20dd082d8db51978b4b442fc98514f57112796cedc01ced07c7733e14,e3b1cece99323322
data/private/sketchnet/paintings/helen-frankenthaler_reflections-viii-1995.jpg,painting,0,helen-frankenthaler,test,1134a315c5cbd2c7c5f97b0d46ac06daed61940bc6f97434bceb7be47e31496d,fe43c31e9439c171
data/private/sketchnet/paintings/helen-frankenthaler_robinson-s-wrap-1974.jpg,painting,0,helen-frankenthaler,test,caab38af3d541ad62f633fa404e5c9b79cffd4374270203603f2ef5bd0ff199f,bc7ac3b42dcb70c0
data/private/sketchnet/paintings/helen-frankenthaler_summer-insignia-1969.jpg,painting,0,helen-frankenthaler,test,0073b0a6c6df5989198cc8537c3cf2df1f679866918d835c797fdf4927c8cc73,e872c53089e2bbe5
data/private/sketchnet/paintings/helen-frankenthaler_sun-corner-1968.jpg,painting,0,helen-frankenthaler,test,46fd4514b050d98f2cfae3b06638691d234cde73fac697dd7b69909f815236e8,8f1ff0c0e7f0c069
data/private/sketchnet/paintings/helen-frankenthaler_untitled(1).jpg,painting,0,helen-frankenthaler,test,88f030d0346a8817c71444424e767ed0fa3adb4cc1556bfe1d6b61ed37de7474,ba7a3dc6e0e591c0
data/private/sketchnet/paintings/helen-frankenthaler_untitled.jpg,painting,0,helen-frankenthaler,test,15139b8dad92e2de35c9fd2506f069be4c960d1d3aafab61640333762006ca03,920bcc12cf19e67d
data/private/sketchnet/paintings/henri-matisse_the-snail-1953.jpg,painting,0,henri-matisse,test,128ad764e0316b2c4b36014ebccf01e9dbabd3aa26e324cfdd5e83d748110ab3,f2521bc99d9ec82c
data/private/sketchnet/paintings/howard-hodgkin_arch-1971.jpg,painting,0,howard-hodgkin,val,2372af253da05e6b51596e10b3248b001aaa8c1d9709c2cc1e9dcd0939f5e3e9,f2db8f68ac329330
data/private/sketchnet/paintings/ian-davenport_poured-lines-southwark-street-2009.jpg,painting,0,ian-davenport,test,d855a2cc47c4142bbaf561e73d85ad5d03ab221c12444088c79ca06f4d6566cb,ddef127c863806b4
data/private/sketchnet/paintings/ian-davenport_poured-lines-yellow-2007.jpg,painting,0,ian-davenport,test,eec7d64b1502e78ab0e42594eb6748b5d7d8718ecc6d085347ebd2fc1d6156bf,fb9f94c081e2c46b
data/private/sketchnet/paintings/ilya-mashkov_pitcher-with-flowers.jpg,painting,0,ilya-mashkov,train,6d0ebcdc4205dff3049856a25e381672227706df25e84b18dc0c83a76f972fb0,99a766989c699959
data/private/sketchnet/paintings/ilya-mashkov_portrait-of-a-girl.jpg,painting,0,ilya-mashkov,train,fe43ec69d32478dbd32ecd9005cd3734e52e180ba331e22d0dd4259065d4e7cc,b9990f0632e73636
data/private/sketchnet/paintings/ilya-mashkov_portrait-of-major-general-of-medical-services-a-r-zlobin-1943.jpg,painting,0,ilya-mashkov,train,c4cd68efdea9c9ade0a7af2743b1b8f1fce25ddf099533d2ac38f03f1e1dafd0,cc2ff3211ab3455c
data/private/sketchnet/paintings/ilya-mashkov_still-life-1938.jpg,painting,0,ilya-mashkov,train,e71d5de916868131aba4608440e1eb1d8f454f399a5746e35037036ed60b30af,d07e07e853a14f1b
data/private/sketchnet/paintings/ilya-mashkov_still-life-1940.jpg,painting,0,ilya-mashkov,train,8129a21e9596c8ea94b00ff2f2a4d80ca50cccf6274da577e79d33f5a2accabc,c44f23d03fb40fe8
data/private/sketchnet/paintings/ilya-mashkov_still-life-decanter-and-peaches.jpg,painting,0,ilya-mashkov,train,5e1bfff22e0ce574d87c7fe335c8faad1b34cb6e247e3456d68d3ce777d9e34f,926d25d22db2c43f
data/private/sketchnet/paintings/ilya-mashkov_still-life-fruits-1939.jpg,painting,0,ilya-mashkov,train,fa0fd6c943e750f33b0350897b64ca787a2496ddbe83ea6d1d600ad4afa49b37,d17036896eb658a7
data/private/sketchnet/paintings/ilya-mashkov_still-life-with-strawberries-cherry-and-blue-pitcher-1923.jpg,painting,0,ilya-mashkov,train,55be754881f3954f7e46c35288d6c67b890c0cf78bb489a7b6c9f29f4ed19337,9a706d8eb2cccb31
data/private/sketchnet/paintings/ilya-mashkov_still-life-with-the-broken-pomegranate.jpg,painting,0,ilya-mashkov,train,b8ad59f35c4dd70a711249bd5d68a9b6cdbe6dd70ca360139b7f5c53bb48761a,d246ed6c929367c8
data/private/sketchnet/paintings/ilya-mashkov_still-life-with-watermelon-sliced-1937.jpg,painting,0,ilya-mashkov,train,6c9d286f0873e868d19a7f7a0ef40ef1b3930ddc625b66daac7e64d5d6e1722c,87ab3db26864728d
data/private/sketchnet/paintings/ilya-mashkov_strawberry-and-white-jar-1943.jpg,painting,0,ilya-mashkov,train,b01d89a9a80abd1bd36b97fd9dbb480e6f8457f3d2bb99d19b85750e8da2f062,9684aded25931b9c
data/private/sketchnet/paintings/ilya-repin_a-bouquet-of-flowers-1878.jpg,painting,0,ilya-repin,train,3a643dabf08ec5c6e8170600d07eff0a37833c919de030fb6ebdd7f4b20cf044,f6e286669898cb2d
data/private/sketchnet/paintings/ilya-repin_a-fisher-girl-1874.jpg,painting,0,ilya-repin,train,a1407df9b4b08a07d5c8cebbc7051e2ce63a75fc5704f8e23303b7f648083a86,e6b417187b83348f
data/private/sketchnet/paintings/ilya-repin_a-man-in-white-jacket-1913.jpg,painting,0,ilya-repin,train,a95314f1c2730209244ffe42b74fde995815ef3b2755881ddcd660700e59caa7,bb6c60c39531ce3c
data/private/sketchnet/paintings/ilya-repin_a-newspaper-seller-in-paris-1873.jpg,painting,0,ilya-repin,train,02d49c0ab5168952674bb0abb7f2ef7c6037364f6c4f8afc15a3b88f35eb290f,9cadac3a136cc695
data/private/sketchnet/paintings/ilya-repin_a-pushkin-on-the-act-in-the-lyceum-on-jan-8-1815-1910.jpg,painting,0,ilya-repin,train,f4cad2da6af2cadfd3e8464c8cbac96de4b69b4ce84e877393106027a19210b3,a483bf06597903bd
data/private/sketchnet/paintings/ilya-repin_a-young-man-in-military-uniform-1873.jpg,painting,0,ilya-repin,train,94d8e843b4b96b654c2deacc9f068c9101ea47ff05b958381fb6afbd629273aa,b0e3cf986d2ccc13
data/private/sketchnet/paintings/ilya-repin_academic-keeper-efimov-1870.jpg,painting,0,ilya-repin,train,c0b44a5cf6cb110c003f0f8b7b7d32571687faf8d4af87213ad8ffbf4dde7745,b2a3975c88e5d4c6
data/private/sketchnet/paintings/ilya-repin_admiralty-1869.jpg,painting,0,ilya-repin,train,e1a9ab1d4c30aabec1e1f43c3e16d43c3930b49019a45d487c944208fea64fec,aad4354ac6957ac6
data/private/sketchnet/paintings/ilya-repin_arrival-tsars-piotr-and-ioann-1900.jpg,painting,0,ilya-repin,train,796851b4814b5d1bf2fb334ada664c0dba3a63ecf4e01e7d6089d072c89faf78,cee8d0efd8548899
data/private/sketchnet/paintings/ilya-repin_autumn-bouquet-portrait-of-vera-repina-1892.jpg,painting,0,ilya-repin,train,bdea4544b16384aed08ad3043772e82a41e5c56a4bdfe77990dafc1fe654fec1,b6e4d0b3a789c18d
data/private/sketchnet/paintings/ilya-repin_ballet-scene-1875.jpg,painting,0,ilya-repin,train,f800f008a96f7019a9faddb8e08056a980742329a91e4886a00857c8117bfe28,ec679b1ce5944b81
data/private/sketchnet/paintings/ilya-repin_barge-haulers-at-the-fire-1872.jpg,painting,0,ilya-repin,train,5c45b3b50dcb51fa3b26d805dbf276df09e03b684b8f6518bcfee940d7568888,c5e4949b9bcae21c
data/private/sketchnet/paintings/ilya-repin_belgian-king-albert-at-the-time-of-the-explosion-of-the-dam-in-1914-1914.jpg,painting,0,ilya-repin,train,0db1f75320be08c0a2e876de47b50c7cd0843b3057d7d81bacfeb7094edad61a,a7d2f9845a69602f
data/private/sketchnet/paintings/ilya-repin_birch-trees-sunny-day.jpg,painting,0,ilya-repin,train,ca1be32abadf26eef782f2975a9457facaa1440724266154fb6148bd13c9e3f9,f6a9e82e91fac058
data/private/sketchnet/paintings/ilya-repin_black-sea-outlaws.jpg,painting,0,ilya-repin,train,b4811e5dc19c516984feaa3816b1fb8c9fa580a424ea421c1a50880dcca876de,b89ce2c3a7e6f090
data/private/sketchnet/paintings/ilya-repin_blessing-children.jpg,painting,0,ilya-repin,train,0cbd0d86036736e6a4b3303ebfa4dd7c4ee64e145f538a03c332dc2e1c1c88a3,b9e6d75ac20127a6
data/private/sketchnet/paintings/ilya-repin_burlak-1873.jpg,painting,0,ilya-repin,train,76153691b7781712f97ee8c8185b336d7b5dc206ad2349f00d3e86fb929e9acc,cd4f7a24b51273a1
data/private/sketchnet/paintings/ilya-repin_calvary-crucifixion-study-1869.jpg,painting,0,ilya-repin,train,9b9c30509e94669b9679d6d0c98b92d71ee4a22d1384a8c6c5adf53d749cdc71,dfda280df6f40906
data/private/sketchnet/paintings/ilya-repin_carrying-horse-1892.jpg,painting,0,ilya-repin,train,87513a2fcf2f18e8ae5017accf568f1aee58158a129b4968c9cbbb7815ad0717,aa91973ebcf2a212
data/private/sketchnet/paintings/ilya-repin_ceremonial-meeting-of-the-state-council-on-may-7-1901-1903.jpg,painting,0,ilya-repin,train,f84f0fb2e5579dabf37d3e69d8c8ed156a97a34a93036386a34c51cb40a12be9,8e8d7d49d30ecc13
data/private/sketchnet/paintings/imi-knoebel_face-e-2004.jpg,painting,0,imi-knoebel,test,da1d01134e1d88179b10bca96d7351e85ddff2c6547b3cb83f804441562024f1,eb8d9472947294f1
data/private/sketchnet/paintings/imi-knoebel_ich-nicht-viii-2006.jpg,painting,0,imi-knoebel,test,4ca0560cf2fe1d216966a9e905ff0e500f1755fd318fcafc07e07dae419edef7,f29787788c688df0
data/private/sketchnet/paintings/ivan-bilibin_illustration-for-the-poem-the-tale-of-the-golden-cockerel-by-alexander-pushkin(1).jpg,painting,0,ivan-bilibin,train,0218418e2edbe451250ca3a436ea6f71b1d638dd247456b303dd17e42088dd22,bf7ac085ac9293b1
data/private/sketchnet/paintings/ivan-bilibin_illustration-for-the-poem-the-tale-of-the-golden-cockerel-by-alexander-pushkin-1906(1).jpg,painting,0,ivan-bilibin,train,fc281fb779ae8bcac7852d84fb7b6a86a2963ed7efdbabaea05e8a306e681508,fdcdc252a921b16a
data/private/sketchnet/paintings/ivan-bilibin_illustration-for-the-poem-the-tale-of-the-golden-cockerel-by-alexander-pushkin-1906-1(1).jpg,painting,0,ivan-bilibin,train,a4a125e53e8a3861e82e1976218bfeea8b5383eb58c804f2eb3a20d87513c161,b442e335f4788a6d
data/private/sketchnet/paintings/ivan-bilibin_illustration-for-the-poem-the-tale-of-the-golden-cockerel-by-alexander-pushkin-1906-2(1).jpg,painting,0,ivan-bilibin,train,6efbb5b3a6c434390eed68728a9bdbc2d5222b9b293ab494f17ff8a707434b32,cf14346dd2c295e6
data/private/sketchnet/paintings/ivan-bilibin_illustration-for-the-poem-the-tale-of-the-golden-cockerel-by-alexander-pushkin-1906-3(1).jpg,painting,0,ivan-bilibin,train,d6b0149a970e0dd44f8a254d297d9e8243e14c600b2c78677bf8a61172906da8,e15a5a6986979875
data/private/sketchnet/paintings/ivan-bilibin_illustration-for-the-russian-fairy-story-feather-of-finist-falcon-1(1).jpg,painting,0,ivan-bilibin,train,a9caa1ee12815a3c556ca4aea754a583a98beec49ec1f05596d979c5dbac41f3,ea62916795189d3d
data/private/sketchnet/paintings/ivan-bilibin_illustration-for-the-russian-fairy-story-feather-of-finist-falcon-1900(1).jpg,painting,0,ivan-bilibin,train,41ac05119f01f5784c424fc663d837af40460f699fc909af75dedbf3a7496212,ff48c13b960ea513
data/private/sketchnet/paintings/ivan-bilibin_illustration-for-the-russian-fairy-story-feather-of-finist-falcon-4(1).jpg,painting,0,ivan-bilibin,train,e84e1e56fff741b3ca2e1f05ba79a2e5d1a09b9830c1e42f5d9dbd1f56611436,af6ec13b901e9591
data/private/sketchnet/paintings/ivan-bilibin_illustration-for-the-russian-fairy-story-maria-morevna-1900-2(1).jpg,painting,0,ivan-bilibin,train,9d0bb1fe0af2d70d8aab296ed3f42e92df92536c6e27da67eef9702d32ed6164,af2fc0d2d13bd0c8
data/private/sketchnet/paintings/ivan-bilibin_illustration-for-the-russian-fairy-story-maria-morevna-1900-3(1).jpg,painting,0,ivan-bilibin,train,5e7434e438053f9e1bef9677c17e3574ead0a02e504a9de14d18287878f5e04d,ea629439953ca51f
data/private/sketchnet/paintings/ivan-bilibin_illustration-for-the-russian-fairy-story-maria-morevna-1900-5(1).jpg,painting,0,ivan-bilibin,train,aa9106a8be5990804e5122eb867f3182430455c7a02837be1c08507167982b07,fa2fc53d91c2a4c2
data/private/sketchnet/paintings/ivan-bilibin_illustration-for-the-russian-fairy-story-salt-1900(1).jpg,painting,0,ivan-bilibin,train,670b9527478823c5b779aa5ce369cfe30dcfabea5f314ea3e9f8f2a9bb3377f8,fc294d8c20a53f97
data/private/sketchnet/paintings/ivan-bilibin_illustration-for-the-russian-fairy-story-salt-1931(1).jpg,painting,0,ivan-bilibin,train,52012a7d61ec382617e3e2801701d6ff7b5aa2d4aa072621395fd0f7172b7032,ae2b8c70936cf11d
data/private/sketchnet/paintings/ivan-bilibin_illustration-for-the-russian-fairy-story-sister-alyonushka-and-brother-ivanushka-1901(1).jpg,painting,0,ivan-bilibin,train,dd8bbda77e802bc26a4b860d83d002aac1f11d7e96e4aa342fcb77c067be492d,826af197c069efd0
data/private/sketchnet/paintings/ivan-bilibin_illustration-for-the-russian-fairy-story-sister-alyonushka-and-brother-ivanushka-1901-1(1).jpg,painting,0,ivan-bilibin,train,6e5e1d1cb1da3ff8ae33373ccfa7981fa029c6b521919f69c7d210d6dfad5458,fe7ac10d85199137
data/private/sketchnet/paintings/ivan-bilibin_illustration-for-the-russian-fairy-story-the-frog-princess(1).jpg,painting,0,ivan-bilibin,train,99c7db121a39289fe958e3a6ce2f99329fa793a75f0c8c138803a533f6ada762,eee0918fb43b906a
data/private/sketchnet/paintings/ivan-bilibin_illustration-for-the-russian-fairy-story-the-frog-princess-1(1).jpg,painting,0,ivan-bilibin,train,3c2113040871d58fa3ffd7c05fdd65fe34bbad1f9b11008614039646fb160091,eadab5a48323843f
data/private/sketchnet/paintings/ivan-bilibin_illustration-for-the-russian-fairy-story-the-frog-princess-1899(1).jpg,painting,0,ivan-bilibin,train,a71ed676148597d95b10493f5d2e8d673c0bc92ac31c6abcc7fbfc8180a3bb73,eb519c1ec56f9070
data/private/sketchnet/paintings/ivan-bilibin_illustration-for-the-russian-fairy-story-the-frog-princess-1930(1).jpg,painting,0,ivan-bilibin,train,d141c8b7f3944ce4bb171dc079efacd155a489682cea38b0de17a00cf7543862,fe9b84b08ce3b8c4
data/private/sketchnet/paintings/ivan-bilibin_illustration-for-the-russian-fairy-story-white-duck(1).jpg,painting,0,ivan-bilibin,train,fa1674d8be09d979e8b527d474361238487fbc5c8cddf9d8eb5472bcca444f03,eac0c03f95379595
data/private/sketchnet/paintings/ivan-bilibin_illustration-for-the-russian-fairy-story-white-duck-1902(1).jpg,painting,0,ivan-bilibin,train,e26a4f7b9497de06c2391da034ffb7ee378de053686d6f690df112699c1cbd90,aa6fc1d0b2e4c4f1
data/private/sketchnet/paintings/ivan-bilibin_illustration-for-the-russian-fairy-story-white-duck-1902-1(1).jpg,painting,0,ivan-bilibin,train,62809d32066fbef952bee7a7270373ab876fe99a19809a9ac543f6a7c8e6fbf1,fe6a9537c0919585
data/private/sketchnet/paintings/ivan-bilibin_illustration-for-the-tale-of-igor-s-campaign(1).jpg,painting,0,ivan-bilibin,train,07bdd17e562c29ac7b383b23528d9374d3e94dfc0862f7dfe516b86796b57b15,ffd0c9947e364980
data/private/sketchnet/paintings/ivan-bilibin_illustration-for-the-tale-of-prince-ivan-the-firebird-and-the-grey-wolf-1899-1(1).jpg,painting,0,ivan-bilibin,train,fe021b15ef711e05c30c3281f07e3abcb529d3ca9fb1bf23ba209b935ce165b5,fa5ac5658523919e
data/private/sketchnet/paintings/ivan-bilibin_illustration-for-the-tale-of-prince-ivan-the-firebird-and-the-grey-wolf-1899-2(1).jpg,painting,0,ivan-bilibin,train,56c964035c1d6206ce500662c7ef8f5614b6f361f0a33b85b21fdc029a943d93,be3fc54ac0689593
data/private/sketchnet/paintings/ivan-bilibin_illustration-for-the-tale-of-prince-ivan-the-firebird-and-the-grey-wolf-1899-4.jpg,painting,0,ivan-bilibin,train,e68dfc318a9983621d216a0ead2867262f46483bd8f8444ddb75ede1a50fb6a3,fe2e8538914f8593
data/private/sketchnet/paintings/jack-bush_blue-bar-1970.jpg,painting,0,jack-bush,train,8360663b895518e5d75ec59a67d2746ceb7762167b3d347397341728bcf77a41,e6c64993c99b58d8
data/private/sketchnet/paintings/jack-bush_blue-green-split-1964.jpg,painting,0,jack-bush,train,d462012b53e4489565ab03c9b42f415b5b333b6ef44914d6d72dc08b945f4e8f,aef9274a024b5e9a
data/private/sketchnet/paintings/jack-bush_grey-v-1967.jpg,painting,0,jack-bush,train,13b4fd83343d8e152adff10f77d0064e4a4ab1297cad2af741d08a12016a31d7,909d0f27a26e52f6
data/private/sketchnet/paintings/jack-bush_leap-on-blue-1976.jpg,painting,0,jack-bush,train,f6ce8a6fed7601d35be753f31affba2235381b0e7ee41bc18af8b9cbd5732f08,8f1e7aa285dc2b31
data/private/sketchnet/paintings/jack-bush_purple-drops-1971.jpg,painting,0,jack-bush,train,4e0f90eaac01e902de6b260dff478794f6fb4c963a0ef8c1b2a8c793a1f7541b,c2c0643f3b1919bf
data/private/sketchnet/paintings/jack-bush_purple-thrust-1974.jpg,painting,0,jack-bush,train,09b3db8dc92dfaa8a36d2e5d39d6ba123f9fc4a693419c46750b2e5a82c4e1ca,eecb9993c46cc464
data/private/sketchnet/paintings/jack-bush_white-flip-1974.jpg,painting,0,jack-bush,train,398666b84178a6a2d7731137a83879baaee977a743c81b84da68d67bb6b17e25,fac7c7388471b438
data/private/sketchnet/paintings/jack-bush_yellow-mark-1971.jpg,painting,0,jack-bush,train,465ebd00077cddc8c2574f1302913f8e439415641ee73eaec2d20631fdb46e3d,fac9c476d0e3848b
data/private/sketchnet/paintings/jack-youngerman_untitled-1968.jpg,painting,0,jack-youngerman,test,e6b490ee54ea7a2fba31c2fba40ed1d42cf2473eadb53eb56ad672633ca23bf5,d44c2e8d06f2791f
data/private/sketchnet/paintings/jack-youngerman_yellow-black-1960.jpg,painting,0,jack-youngerman,test,a38d3b9214e0e07e806501619a31d9895e328ced8e3082567d5aa11f84c30b39,8b74f98bf930a18a
data/private/sketchnet/paintings/jackson-pollock_lucifer-1947.jpg,painting,0,jackson-pollock,val,574ff6fae1b1b07060b42f57ff8620088b1f6835459215cad862bfe132f5149c,d489c59aa4cad7d4
data/private/sketchnet/paintings/jackson-pollock_mural-on-indian-red-ground-1950.jpg,painting,0,jackson-pollock,val,13fd01850f924b41bfee40effa50b701d7f302abc5f779f78971dde0fc92cefd,eba899d12d4e3938
data/private/sketchnet/paintings/jackson-pollock_no-1-1948(1).jpg,painting,0,jackson-pollock,val,93fc5151bb28307eb40af48280a748ed5e03d92c8ee57943d13d6348b07df08a,8bd5d59499e9a0ac
data/private/sketchnet/paintings/jackson-pollock_not_detected_185311.jpg,painting,0,jackson-pollock,val,4f11ee118fb44f0d977d0cfe74cdb8e2687b4f522cfde52de1cd9f01ae68d4b5,fbd2d2acb54bc00a
data/private/sketchnet/paintings/jackson-pollock_number-1(1).jpg,painting,0,jackson-pollock,val,3b8c18ade3b986acce02838623ad5094330935a5dafab7df586fc035fa977c15,f9c7d8c4e1aaa01d
data/private/sketchnet/paintings/jackson-pollock_number-1-lavender-mist(1).jpg,painting,0,jackson-pollock,val,48b3a355d2202a222cd8e81f3aee5fddb36b7d9b0e74349722445e0bf46c1095,ab6d77d338d00338
data/private/sketchnet/paintings/jackson-pollock_number-10-1949.jpg,painting,0,jackson-pollock,val,ff3da17aff60343df5d9b5ed0a104d374a15cfa0f19eef2e5d0642fa2d688e37,ce3cf057d060b707
data/private/sketchnet/paintings/jackson-pollock_number-12-1949.jpg,painting,0,jackson-pollock,val,acfde57729ba5cc39ba2221d429eece23de90e364419b7363d697968d0a0d716,aaec919365c63716
data/private/sketchnet/paintings/jackson-pollock_number-13a-arabesque-1948.jpg,painting,0,jackson-pollock,val,08051ba23294b0748bca3fd34c77b74c3c3982131d7dc5d1d560a24ac4757eb0,a45700d31f6d63bc
data/private/sketchnet/paintings/jackson-pollock_number-17-1949.jpg,painting,0,jackson-pollock,val,6967ed9712cefaa33c61069d64b842c0ec7975f030449e4f0498dc7989611c66,ea1ad04ed5525c6b
data/private/sketchnet/paintings/jackson-pollock_number-23(1).jpg,painting,0,jackson-pollock,val,2ce70aab9a534b589207ed6c0e077434746083d98d08a26730decbc5fff29b42,fed8282de15a86f0
data/private/sketchnet/paintings/jackson-pollock_number-25(1).jpg,painting,0,jackson-pollock,val,10d032a1e094b5daf57099fecbc9335de85a232bcec0fe6cbebfe95da9709ab9,8190c4f8bbcdf853
data/private/sketchnet/paintings/jackson-pollock_number-26-1949.jpg,painting,0,jackson-pollock,val,b405e47467c335ec55bd653558d22e27a8e3a80bf0569a53a9a82fd993df3012,eeb6ccd1d9129606
data/private/sketchnet/paintings/jackson-pollock_number-3(2).jpg,painting,0,jackson-pollock,val,147dbcf0c6aa52df515ca1b0c6629b0adc4674362038ed79839f764740710648,91f1eb6a26a1e6c4
data/private/sketchnet/paintings/jackson-pollock_number-3(3).jpg,painting,0,jackson-pollock,val,878b3dedb3c4455b77e01b738cb399b4e1491a33823654af6cacc724e7480792,8b334c6118d3f9ce
data/private/sketchnet/paintings/jackson-pollock_number-32-1950.jpg,painting,0,jackson-pollock,val,d8e073491d84138ba0dbee6d3b5c9dab2c58bcf60f5a32599171fdd33569176a,aeb884a8dacae33a
data/private/sketchnet/paintings/jackson-pollock_number-4-1951.jpg,painting,0,jackson-pollock,val,484c6183b92b489178a2862c53c47cf6c9f69ab18d319a748776f207ef302d42,d05c36627d4e1f38
data/private/sketchnet/paintings/jackson-pollock_number-4-gray-and-red-1948.jpg,painting,0,jackson-pollock,val,9fa7f5709632f019f6d7cf3011621380c3633520768dc0d618232e841c15a53b,82e01de1e7bcea1c
data/private/sketchnet/paintings/jackson-pollock_number-6-1949(1).jpg,painting,0,jackson-pollock,val,46bf41923f86b9e73d4421e03364d695f6d2d689759bae3ab2e77d0428a866aa,be039c2de7257c21
data/private/sketchnet/paintings/jackson-pollock_number-7-out-of-the-web-1949.jpg,painting,0,jackson-pollock,val,fb0841666bc43887f83a7ab762319bc87ddd38507cb81befc5ba6dcd90a471a4,c51b547b155ea515
data/private/sketchnet/paintings/jackson-pollock_number-8-1949.jpg,painting,0,jackson-pollock,val,e0d61e759f0c3735df313ae11af0ac51f016024da6492dce80eb61cc66304600,aa33c5fb9044f552
data/private/sketchnet/paintings/jackson-pollock_number-8-detail(1).jpg,painting,0,jackson-pollock,val,e558a02d72c1b503d17ff7a9422f195ee6a1307a6f4f9b84d8bb8fa71cd1774a,ebc317396138d907
data/private/sketchnet/paintings/jackson-pollock_one-number-31-1950.jpg,painting,0,jackson-pollock,val,b2ceff64ebb5693a9ce33c6194b2d1bb42d694019c60238a207235be32fe175d,fa8582b284ccb3e7
data/private/sketchnet/paintings/jackson-pollock_reflections-of-the-big-dipper-1947.jpg,painting,0,jackson-pollock,val,be76b52d0c74fd6abf0eb41277648bf4ce110b78c730b99316eec11c88713918,af0989a4b292e7b9
data/private/sketchnet/paintings/jackson-pollock_shimmering-substance(1).jpg,painting,0,jackson-pollock,val,528c3e7e859ad8b5ec1497144b8e1c000c89e0534daa0faaf52caccb83b5dd6b,80c24acb7d5de39c
data/private/sketchnet/paintings/jackson-pollock_summertime-number-9a-1948.jpg,painting,0,jackson-pollock,val,9197caec47740b96608046aa94e50ad59f9d5b4edeb6b9deed8f9ea9165f4130,aba4c4b78717c07a
data/private/sketchnet/paintings/jackson-pollock_untitled-1951-1.jpg,painting,0,jackson-pollock,val,f36c597d9773b4ff1a00b0d642afeb4a01ca80b9b8b82f7627b611b808df0512,be259074c597c61b
data/private/sketchnet/paintings/jackson-pollock_untitled-green-silver-1949.jpg,painting,0,jackson-pollock,val,b967dca322c8814c5ed6f7ed625c4753a2195ea7d72a67e3d6ef94b2083f6bcb,d4da442ae4e68775
data/private/sketchnet/paintings/jackson-pollock_yellow-islands(1).jpg,painting,0,jackson-pollock,val,b579f89d018b126fdbc306af0ee47642681d6334ce21792d72e3afdbc33a0e17,a2a6aac52bc39697
data/private/sketchnet/paintings/jacob-jordaens_the-bean-king-the-king-drinks-1638.jpg,painting,0,jacob-jordaens,val,30a90ea54775c16e9ab349b53357bea61ccfc29cad1e9c8bc54164377964778e,bdca629cb1b30f18
data/private/sketchnet/paintings/jacob-jordaens_the-bean-king.jpg,painting,0,jacob-jordaens,val,e4c45159a452950e071afd8917c65810504dd9937f180c6bd37f0f1f36082775,b6eb692692b8b283
data/private/sketchnet/paintings/jacob-jordaens_the-childhood-of-zeus.jpg,painting,0,jacob-jordaens,val,61ae646220ef0dca9db65f5e5488faaa70fa578e31192c7bf0fbfe3b810fcd20,cc3431d33e4cb927
data/private/sketchnet/paintings/jacob-jordaens_the-daughters-of-cecrops-finding-the-child-erichthonius-1617.jpg,painting,0,jacob-jordaens,val,46c678a2005b6007b4e7a26a3dad618f56d46687fa697c7b1cd7f500417cd786,9838650d7e66b1dc
data/private/sketchnet/paintings/jacob-jordaens_the-daughters-of-cecrops-finding-the-child-erichthonius.jpg,painting,0,jacob-jordaens,val,a1d271b2ff8e5c03935a0346196aaf4bf849d108e0e2b033e728eee192669c0c,981ea672646d3dc6
data/private/sketchnet/paintings/jacob-jordaens_the-disciples-at-the-tomb-1625.jpg,painting,0,jacob-jordaens,val,f6fe764944a2188911179cc7405db50f2b22cda275cf74e739463dc96229a6a5,d63824dd1ae5e64c
data/private/sketchnet/paintings/jacob-jordaens_the-fall-of-man.jpg,painting,0,jacob-jordaens,val,a02ea46be098bf6c4be559368217349158780d1d50d809dda375e9136bd0940a,d21d25220e6ffc65
data/private/sketchnet/paintings/jacob-jordaens_the-flight-into-egypt-1641.jpg,painting,0,jacob-jordaens,val,c94cb6a57e957fb293759c8f75b2c624ebc56f55840e0a301147e46b8a4b16e3,c4fd1e1290b1b67c
data/private/sketchnet/paintings/jacob-jordaens_the-four-evangelists.jpg,painting,0,jacob-jordaens,val,349e49e42c2f65d893ddc66895c52c67793ce60a764509adb796bc1c8190f7b6,ddb132ce09594b1e
data/private/sketchnet/paintings/jacob-jordaens_the-four-latin-fathers-of-the-church.jpg,painting,0,jacob-jordaens,val,8026f9d3df8d91e0254e4b51da56d330d5046e738ab6dbbce7aa995facd1220b,a1191b6f9a781c76
data/private/sketchnet/paintings/jacob-jordaens_the-holy-family-and-child-st-john-the-baptist.jpg,painting,0,jacob-jordaens,val,de22c7609a5267f982578820b8bcabecceb96fcb4153ca277b1cf6a361891959,90e61f250da52eee
data/private/sketchnet/paintings/jacob-jordaens_the-holy-family-with-characters-and-animals-in-a-boat-1652.jpg,painting,0,jacob-jordaens,val,40a87738e408579c13fbc2e60584f8a423155bb23aa03cb01b93864ec92e4846,d5fc22f18c84d35a
data/private/sketchnet/paintings/jacob-jordaens_the-holy-family-with-st-anne-the-young-baptist-and-his-parents.jpg,painting,0,jacob-jordaens,val,fed8288d20f48eab6836fc26ac4d708f8c060b7625a85ab093d93837c4af9d54,d9bd66401a7a6366
data/private/sketchnet/paintings/jacob-jordaens_the-judgement-of-midas-1.jpg,painting,0,jacob-jordaens,val,a09c20192d69e0383453671880972c3d614147bccfb2b2533cb62d381cc96b8b,d0911c2fcf6570f8
data/private/sketchnet/paintings/jacob-jordaens_the-king-drinks-1638.jpg,painting,0,jacob-jordaens,val,06377ab7a6fdb78c5bd49b6e167242d1f541a08251ab0496176c66ee8c2c86de,94a96a9f94358697
data/private/sketchnet/paintings/jacob-jordaens_the-king-drinks-1640.jpg,painting,0,jacob-jordaens,val,2d75524b7c81578ebeb030ec877ac587b986a362f94dacc23d0631054953ed9e,936d74a2d2e63c1c
data/private/sketchnet/paintings/jacob-jordaens_the-lamentation.jpg,painting,0,jacob-jordaens,val,fcafc0a11967bf3391153a6fd399001139bace3e322998edbe5f9858bf836c62,906ccbb2754cbcd2
data/private/sketchnet/paintings/jacob-jordaens_the-martyrdom-of-st-apollonia-1628.jpg,painting,0,jacob-jordaens,val,c8e2fdb888dddd4f8f4db40b76207c352891329ccab2b2aaedc70cf03843311c,d2c585d6129b0f73
data/private/sketchnet/paintings/jacob-jordaens_the-miracle-of-the-obol-in-the-mouth-of-the-fish.jpg,painting,0,jacob-jordaens,val,7bef26addd3caba8cfdc087a7bd25cb1ede27c56304ad60073fc8f5cf1ecc314,c3cb38fc831a7d30
data/private/sketchnet/paintings/jacob-jordaens_the-miraculous-draught-of-fishes.jpg,painting,0,jacob-jordaens,val,f0826bac30915222eccb2835a461c4d3a19588b1b7d8261a1efb775e4faab302,d4e41adcb731d078
data/private/sketchnet/paintings/jacob-jordaens_the-mission-of-st-peter-1617.jpg,painting,0,jacob-jordaens,val,aefb0dd3631582308d9efd08071a3929dc77fddfe4a7ce3ded3a0abbae39ed96,948a4be75e0cb27a
data/private/sketchnet/paintings/jacob-jordaens_the-rape-of-europa-1643.jpg,painting,0,jacob-jordaens,val,857e2991a5533f09f6c39e8513be1518772bca9564304790995652eca95056d9,e2bac3d44685ac3e
data/private/sketchnet/paintings/jacob-jordaens_the-rest-of-diana.jpg,painting,0,jacob-jordaens,val,0c2f6c4ce15a63462f12d47eb30a387ed2a33159f1aeb4da9b596ef0e6595c02,9d99264e33a17c6c
data/private/sketchnet/paintings/jacob-jordaens_the-return-from-egypt-of-the-holy-family-1616.jpg,painting,0,jacob-jordaens,val,e8491fd9770596b4703f3566a1e6ee3baaaf5ec42e57dd38952f0c732eca59fd,d071639d9c61ce66
data/private/sketchnet/paintings/jacob-jordaens_the-sacrifice-of-isaac-1630.jpg,painting,0,jacob-jordaens,val,a9a3b85c0c492996f009c40f526619eef9e382bdcf2c11db9953a7bc181f227b,8cab3b1c5071e367
data/private/sketchnet/paintings/jacob-jordaens_the-satyr-with-the-peasants-1620.jpg,painting,0,jacob-jordaens,val,7778ed1d7ead98147f6bcd975414b2e9fc2b93e2cf6ae83d1ed19c311da1f9fe,f4e74b4a1eb023ca
data/private/sketchnet/paintings/jacob-jordaens_the-supper-at-emmaus.jpg,painting,0,jacob-jordaens,val,8fdbc2624559efcb97bf0b242bf1e69e9f277cf7e893da17a6fe08025ab1478d,d0f8ee36810d369b
data/private/sketchnet/paintings/jacob-jordaens_the-tribute-the-caliph-harun-al-rashid-to-charlemagne-1663.jpg,painting,0,jacob-jordaens,val,a9546d52aed8c14661796385ae9535fbd3ffa67b5ac8bfbc272979a342aa0526,ece023f69c976132
data/private/sketchnet/paintings/jacob-jordaens_the-veneration-of-the-eucharist.jpg,painting,0,jacob-jordaens,val,bcf6a2471b62f517a3cb50679b0ee8872499a1a768f73d1ec7488af0e71830a5,9c0fc74469b88c3f
data/private/sketchnet/paintings/jacob-jordaens_the-virgin-and-child-in-the-company-of-little-st-john-and-his-parents-1617.jpg,painting,0,jacob-jordaens,val,fd9b22a54701091dd6d832c2f6ea927d3b5c45fbd73e49112311488b207f6564,97316c4e1e1631cf
data/private/sketchnet/paintings/jacob-jordaens_three-musicians.jpg,painting,0,jacob-jordaens,val,3e020a69f4ae4889e6bf259f6a94ca4a8a04665731fa994ade88a5ea569e4334,d4dc6a27836947d2
data/private/sketchnet/paintings/jacob-jordaens_triumph-of-frederik-hendrik.jpg,painting,0,jacob-jordaens,val,d0404c5a1d057834f543f5b7c6f29ddfda2059fc0563d03ff49269eecab53f5b,cac8340c3bfbcd38
data/private/sketchnet/paintings/jacob-jordaens_two-studies-of-the-head-of-abraham-grapheus-1621.jpg,painting,0,jacob-jordaens,val,1053355cd580c7e4227f66e11b04f2664b47771b18d1a6bdf216e53aa3917ba6,c0b87ac63d635687
data/private/sketchnet/paintings/jacob-jordaens_usury-is-a-great-evil-1645.jpg,painting,0,jacob-jordaens,val,76ad69ef8eb1d9591d641429af0d470d5207e7add39b8aeb371691095aeecb63,bd89e20865760bfc
data/private/sketchnet/paintings/jacques-stella_infant-st-john-the-baptist.jpg,painting,0,jacques-stella,train,da5af4d899f65f39d0b24bea135d68fe1ceb95f5df8c130edd8f5d3732dffc42,9b3264cc96c2cdb9
data/private/sketchnet/paintings/jacques-stella_louis-ii-de-bourbon-duc-d-enghien.jpg,painting,0,jacques-stella,train,bbd268e0f648414751147a01c5a2e77d1c80e061dec9276f004ecf74b2924275,991bb4e4a69cd199
data/private/sketchnet/paintings/jacques-stella_portrait-of-jacques-stella-and-her-mother-claudine-de-masso.jpg,painting,0,jacques-stella,train,846c6ca0c2da5e80184ea5362874b18776dacb4374ae3e253cf02d2ba32fcb55,c3934dac1d7ad0a3
data/private/sketchnet/paintings/jacques-stella_sainte-anne-leading-the-virgin-in-the-temple-1640.jpg,painting,0,jacques-stella,train,57b059a4dca14592e42aa02e7ae59c2cef8d99b486bd2bb083e6321b4ed3d6e4,b19b6e649a9d49a4
data/private/sketchnet/paintings/jacques-stella_sainte-cecile-playing-the-organ.jpg,painting,0,jacques-stella,train,d72e796357da1fc9982cda3b692408fe58e51cb7d5336e2f5a3160f57f6a424f,ba26a5c9c2368b9b
data/private/sketchnet/paintings/jacques-stella_self-portrait.jpg,painting,0,jacques-stella,train,ad48d6629b5333394c864bb52999a4484254e690efef62f952e5a96d3efc35df,cc8ce3631fe122ce
data/private/sketchnet/paintings/jacques-stella_st-cecilia.jpg,painting,0,jacques-stella,train,e224a5209138a4ea7d94103c2a2f528acb229da59aa60e82d52bee21288de6b6,d0969e88e31f8fa4
data/private/sketchnet/paintings/jacques-stella_the-assumption.jpg,painting,0,jacques-stella,train,725ce7a7fdded56ed0f411f697827b8483493872b2ff46903c51cec81f619fad,cd86718ac27d5a4e
data/private/sketchnet/paintings/jacques-stella_the-nativity-1639.jpg,painting,0,jacques-stella,train,f5e7ed00a912aefd6731fb7fef7ca7f546f6fbe35264c994b678f4fe1aafdc62,c643ad42e76c32ec
data/private/sketchnet/paintings/jacques-stella_the-rest-on-the-flight-into-egypt-1639.jpg,painting,0,jacques-stella,train,22a70c11d3056622dfb5a61a2e027bd4b34c024ffbe6dc2715ffa4c15f4d9cdf,86473959a7a2df0c
data/private/sketchnet/paintings/james-tissot_men-or-women-of-the-day-no-20-caricature-of-le-viscomte-de-lesseps.jpg,painting,0,james-tissot,train,de6fd903fe83474fe24114294c1ae07803b25b9992b5433e244da69225de78da,e69b89e11a2eb1e4
data/private/sketchnet/paintings/james-tissot_partie-carree-1870.jpg,painting,0,james-tissot,train,4f6865113e9f274f2dba45fb23a8ddea896b6cf5a13e0bed4891816475035666,9d2f6295ecd80566
data/private/sketchnet/paintings/james-tissot_portrait-of-james-tissot.jpg,painting,0,james-tissot,train,800610dee141cdd4701d1631d799af47f70bdfb20e8b95e1c84bffa3902f2297,9bcfc51d8ba2c8c4
data/private/sketchnet/paintings/james-tissot_portrait-of-the-vicomtesse-de-montmorand-1889.jpg,painting,0,james-tissot,train,54d60b39c7ef1ad152166f93875b1cc65325e14e9a225a1be4738f20e09797ac,b28df6434d4a9cac
data/private/sketchnet/paintings/james-tissot_portsmouth-dockyard.jpg,painting,0,james-tissot,train,ab48d7ff04daf974ca49343c8b8f076f431a52df429d421fc7bd7db26590f2b7,f96882de88998ee6
data/private/sketchnet/paintings/james-tissot_prehistoric-women-1.jpg,painting,0,james-tissot,train,573e4cedbd0b84aaedb0a35553b48e1931cb58af8f3d6d8768819c77685c9b17,8a5151b67eb8ab43
data/private/sketchnet/paintings/jamie-wyeth_angus-1974.jpg,painting,0,jamie-wyeth,val,4174c615c91b26dddc443232fddf0641ef5d659dacfc2487289e6e34118ae978,f48adc7d22388bd4
data/private/sketchnet/paintings/jamie-wyeth_cat-bates-of-monhegan-1995.jpg,painting,0,jamie-wyeth,val,ac7debde1e3d8909729176af9ac0dadb5b52fd440e16e82afc1a2708dc8e24fe,89f126a6a65beda0
data/private/sketchnet/paintings/jamie-wyeth_foot-1973.jpg,painting,0,jamie-wyeth,val,76e51d9aa497a296ed6a66b6d2c9beed101e53adc21f856f9f02a709d7bedf8e,b39c6c4a5a539595
data/private/sketchnet/paintings/jamie-wyeth_island-church-1969.jpg,painting,0,jamie-wyeth,val,9e46370287e20c16bf97dd4987ffc15a79f75095ef2174afecf6d0f3b056cc69,b6b489491db66363
data/private/sketchnet/paintings/jamie-wyeth_katie-on-southern-1998.jpg,painting,0,jamie-wyeth,val,f163538bbc06a45ef0428f5953102b6dd4f9f589eaf6d67897f6cb34b0060c64,9cb0c880819ddfdf
data/private/sketchnet/paintings/jamie-wyeth_lincoln-kirstein-1965.jpg,painting,0,jamie-wyeth,val,27fab504fc362310edeec8d13ff39f9dfa95836014140cfe321d5116c9a65242,9b999b66666464cc
data/private/sketchnet/paintings/jamie-wyeth_monhegan-s-schoolteacher-2004.jpg,painting,0,jamie-wyeth,val,5ada8f67eb40d1e2f43f4bafcb0ba11562f1091cdb1ae8db6d80999c9a13d2e9,c06f1ff82f60c08f
data/private/sketchnet/paintings/jamie-wyeth_not-detected-267434.jpg,painting,0,jamie-wyeth,val,5310d16f3df0e59d71073251f23f1a909866a80b261a792198d02ff361624f84,f6ef4d4581909596
data/private/sketchnet/paintings/jamie-wyeth_portrait-of-andrew-wyeth-1969.jpg,painting,0,jamie-wyeth,val,afbce75cae6920095b10e265f2d4bdc19571c5849e5dd8fb47ad20d926a9d08e,8ecece3331313173
data/private/sketchnet/paintings/jamie-wyeth_pumpkinhead-self-portrait-1972.jpg,painting,0,jamie-wyeth,val,ee969ee2fcb6655e262c2edf34b2a318b34da1eb690ca2864d07c7b3cc5a3b9e,eda191921615edea
data/private/sketchnet/paintings/jamie-wyeth_sea-of-storms-1970.jpg,painting,0,jamie-wyeth,val,b227f8544939a4e48ffa484db0c56f6603eb897809f6d98f6b9efd26b06187f0,f9ec86c7d20312f8
data/private/sketchnet/paintings/jamie-wyeth_the-pickup-2008.jpg,painting,0,jamie-wyeth,val,ee433d8cfce9dbe16092d378e27d8ebac6d51c9d2ee95182315cf17fa3fcd690,e7a41c53e36c549a
data/private/sketchnet/paintings/jamie-wyeth_twins-1990.jpg,painting,0,jamie-wyeth,val,c25ae1a7662e98f6b651876560ca6b496c172738c7040b898c47f7a59de97395,bbc4c23cd01b2f39
data/private/sketchnet/paintings/jan-siberechts_a-horse-drawn-cart-with-two-women-travelling-down-a-flooded-road-at-the-edge-of-a-wood-1692.jpg,painting,0,jan-siberechts,test,e4cee3c477b4f26be0556a153f3716b11e653ef89686a94c98e0c08313245d26,bdb8d2c084eccb66
data/private/sketchnet/paintings/jan-siberechts_a-pastoral-landscape-1684.jpg,painting,0,jan-siberechts,test,8618feff5dee3d8d24ba49444f27c58c18f6f35b07204b194eb51845e59d414c,a5a5e564e1c1e4b6
data/private/sketchnet/paintings/jan-siberechts_a-view-of-longleat-1675.jpg,painting,0,jan-siberechts,test,1f5a2864bfaa6c548676e277fde6adeb086425bcba1eaa07179dfa23ae6eadc0,9487bcf4c7cce062
data/private/sketchnet/paintings/jan-siberechts_a-wooded-landscape-with-peasants-in-a-horse-drawn-cart-travelling-down-a-flooded-road.jpg,painting,0,jan-siberechts,test,7b0f587f57d8915a1ae6be2196ee3511acdc435c746ac436ae3117bcfd20ac04,999998abacb84e5a
data/private/sketchnet/paintings/jan-siberechts_an-extensive-river-landscape-probably-derbyshire-with-drovers-and-their-cattle-in-the-1698.jpg,painting,0,jan-siberechts,test,656965466893d9739d4990dcaf0662f1f229016c950dd96357c04925fa5e09ff,9595f4d073ce8165
data/private/sketchnet/paintings/jan-siberechts_delousing-scene-detail-of-a-painting-by-jan-siberechts-farmyard-1662.jpg,painting,0,jan-siberechts,test,2f107c60910fe002ecacf8694dc1287f22a9eca6c57e0f34dc127fbbb4533aab,c4e43dde30d960cd
data/private/sketchnet/paintings/jan-siberechts_figures-with-a-cart-and-horses-fording-a-stream.jpg,painting,0,jan-siberechts,test,6c967aecf8dbb82cfb4f59b719153f0d09d20ef340a9227e35272780eaca3b68,a1c35a8397363e1e
data/private/sketchnet/paintings/jan-siberechts_landscape-with-rainbow-henley-on-thames-1690(1).jpg,painting,0,jan-siberechts,test,b45acc10778fb27a2b4bc8a1c1bbb87eff29a88346844a447eceb174c9b6435b,e0e040161ebaefb7
data/private/sketchnet/paintings/jan-siberechts_pastoral-scene.jpg,painting,0,jan-siberechts,test,e56c0f34b2ffc7cd5ad6f9e2b8f8e21e8f8ad3bd29061a0e0605e29278477f0a,c0e1be7e5ec00c3b
data/private/sketchnet/paintings/jan-siberechts_pasture-with-two-sleeping-shepherdesses.jpg,painting,0,jan-siberechts,test,fe9048e4b619a539e35d193acd2b9034077ca50bd2c959a9b247a94ffb8d8f55,d8d8de0643e3d0d3
data/private/sketchnet/paintings/jan-siberechts_shepherdess.jpg,painting,0,jan-siberechts,test,7cd130f87181207c94eb85451debf5d4031ec40d7639bbe042b1b0453dacaf76,dce8bc340dc46373
data/private/sketchnet/paintings/jan-siberechts_the-ford-1670.jpg,painting,0,jan-siberechts,test,c1200ee78d2b646030a4532431b1d1bb3f3668f7fa4c1f58aedb14b30a7b6e2b,b3a6b6f38240cad6
data/private/sketchnet/paintings/jan-siberechts_the-market-garden-1664.jpg,painting,0,jan-siberechts,test,683fa0492aef6f54dad6e501d740c93e393863c5b0d81396327f517b8c47e734,a1a187879eded223
data/private/sketchnet/paintings/jan-siberechts_the-wager-1665.jpg,painting,0,jan-siberechts,test,ef986af00a8189dbc69a13240f297f32842cdfa5535a6c8ef0d22250b0a12973,83cf9cb0a0c978be
data/private/sketchnet/paintings/jan-siberechts_the-wager-1679.jpg,painting,0,jan-siberechts,test,cbebec51227c9a2f6fccfe281d1833d5bb055ab457dd22418e91d454aee302ce,999bb3644cccd833
data/private/sketchnet/paintings/jan-siberechts_view-of-a-house-and-its-estate-in-belsize-middlesex-1696.jpg,painting,0,jan-siberechts,test,276989de0054fa0ddbb08a1ee50d97242065c299c78f96a0b6c61e8ce365f4a7,8dd9ebe98c417309
data/private/sketchnet/paintings/jan-steen_a-village-revel-1673.jpg,painting,0,jan-steen,val,de0a5a5401db7006e9934d3effdf6a72699ba129af103e17a07b9dff6aaeb342,93b1ad6dd4d2c24c
data/private/sketchnet/paintings/jan-steen_a-village-wedding-1653.jpg,painting,0,jan-steen,val,054f835e050e46592efae30f4ba5236d49787fc60a538acf172c4ae72d6d59d1,8b9a965c642d6bca
data/private/sketchnet/paintings/jan-steen_a-village-wedding-feast-with-revellers-and-a-dancing-party.jpg,painting,0,jan-steen,val,5ee213af5939cc904338df6def85611091ff62e7c93cab99195ebbb825b7812e,826d393ec646f44b
data/private/sketchnet/paintings/janet-fish_blue-decanter-polka-dot-bowl-suzani-2009.jpg,painting,0,janet-fish,val,9e63251ff67a81a36585d41fa0618616a81ccb0d9e4062db2feb94d921af55ae,81e7195ce26b699c
data/private/sketchnet/paintings/janet-fish_herb-tea-1995.jpg,painting,0,janet-fish,val,68d49344e9072e80cc59c25d2e7d191f6cdee3e7f025573328dde325f04de9d8,f34c26308f8a8b5f
data/private/sketchnet/paintings/janet-fish_preserved-peaches-1975.jpg,painting,0,janet-fish,val,6442cd91f4310c63413613bb2aa5e935486d0011d03328171adb73d85695dda5,af6bd090c6b583e4
data/private/sketchnet/paintings/janos-mattis-teutsch_portrait-of-brancusi.jpg,painting,0,janos-mattis-teutsch,train,fe653e18ee34512377cba6406d6bcfec9d6593f50a767dea08ff26cb3170983e,bcf48c4ae3a38f0c
data/private/sketchnet/paintings/janos-mattis-teutsch_the-dream-of-the-painter-1947.jpg,painting,0,janos-mattis-teutsch,train,b4ecdcb0367db9b4b8e94608f9304a4a70241934ffb72384bc978163a65776cc,c79369b54b24986d
data/private/sketchnet/paintings/jay-defeo_persephone-1957.jpg,painting,0,jay-defeo,test,4368ea55f1f00610f28a091648272363e27ace61dcd53a312d2325e138bfdf65,a060d3671f96daca
data/private/sketchnet/paintings/jay-defeo_untitled-1973.jpg,painting,0,jay-defeo,test,92caf9c2152a270ceca77d37a36af1a65ffe8716e1dc9cd80a48f74530da128c,c12e3ed1c56f9234
data/private/sketchnet/paintings/jean-david_figure(2).jpg,painting,0,jean-david,train,042c4b48c8e59e26d58dcb27d887f2a706879949130c01a3884677d9ba53a8fc,e8b5c1b4875e855a
data/private/sketchnet/paintings/jean-david_head-portrait.jpg,painting,0,jean-david,train,1377e8e1c8eb7c7d42ead4a1f08ad00eb82be595c94975af7c0af36950e306f6,85073a781f2759ea
data/private/sketchnet/paintings/jean-david_holiday-all-year-round-1965.jpg,painting,0,jean-david,train,6f91cddf178258dd40ea8138e33b2b091a97d637c8922fa12ed257024885551b,a5dd12364dc3133e
data/private/sketchnet/paintings/jean-david_illustration-for-haggadah-of-pesach-1970(1).jpg,painting,0,jean-david,train,65e8a2fe771e9f24614fe563dbd4adb4d124fa309a4873d60f06be62a2956eab,8f737e70941ad292
data/private/sketchnet/paintings/jean-david_illustration-for-haggadah-of-pesach-1970.jpg,painting,0,jean-david,train,490ea5ce6158375247657f69950ac11f8c643f70075763ef3bba5a91b31aa156,b623c23dcd0bf0f0
data/private/sketchnet/paintings/jean-david_peace-dove-over-jerusalem.jpg,painting,0,jean-david,train,df35de14f979349ceaa635fa457e52a37266980610725db5853679140f77f912,ef879a1f372044e4
data/private/sketchnet/paintings/jean-david_port-scene.jpg,painting,0,jean-david,train,8c4f71ca279b0e9e11927689f36f1a8c3150e88db64f3633a74099b31203eb3f,bf9ca2119d68c31e
data/private/sketchnet/paintings/jean-david_untitled(1).jpg,painting,0,jean-david,train,58591cfd6706caece265c4553fc102ee7f07ede621684ea3f6df63e4e36220d0,be55c13ae08dc873
data/private/sketchnet/paintings/jean-david_untitled(2).jpg,painting,0,jean-david,train,175880abf1309a59ee78cadc2a9cd426e3caba89177bf581793288868705c180,d5db1c689ed411e2
data/private/sketchnet/paintings/jean-david_untitled(3).jpg,painting,0,jean-david,train,380b399f081d1093b364c143dbc02a56ffef82a9d8a141441b75a3a802f3420d,dfc232e0ea2e3694
data/private/sketchnet/paintings/jean-david_untitled.jpg,painting,0,jean-david,train,2d39aeabef77c4dbe1b69be11cd0e34fc6bd458b7f8ceb93fe38dfd63d2eeb37,eb189467c9dca683
data/private/sketchnet/paintings/jean-dubuffet_fear.jpg,painting,0,jean-dubuffet,train,88a6e71dbe79ce6a275acec82422081ba0d14d159f83016437b209d5df7a769c,f4d2e9d38e21952c
data/private/sketchnet/paintings/jean-dubuffet_lecciones-botanica.jpg,painting,0,jean-dubuffet,train,83d96c9899e75f603382aeffbedf35141e04eca3543812b1e55d93e8f5b2cb7b,bdbc6800d4cc67e3
data/private/sketchnet/paintings/jean-dubuffet_lili-masque.jpg,painting,0,jean-dubuffet,train,68d71899972c2a770f16312124e736d50f9a4dbb2581f0976077fad9e176b117,eb30f0c396c01f9e
data/private/sketchnet/paintings/jean-dubuffet_portrait-de-georges-limbour.jpg,painting,0,jean-dubuffet,train,6a042bf956117977b65b4287a8d3d9eb6502d038f2510ea60d44fdea41f42245,9b53344ee919ca33
data/private/sketchnet/paintings/jean-fautrier_le-grand-sanglier-noir-1926.jpg,painting,0,jean-fautrier,val,19ffa8c37f42615d23443f0a26b4058927ca50d44596f754a919b25fb63b240b,ce93283f712c9b31
data/private/sketchnet/paintings/jean-fautrier_nature-morte-aux-oignons-1926.jpg,painting,0,jean-fautrier,val,1e25e3e6a6613ee47cd0eb2b0a379a5393a92136ed8e119e6b8946d94d22baf4,849ddb46c1eaa627
data/private/sketchnet/paintings/jean-fautrier_nature-morte-aux-poires-1928.jpg,painting,0,jean-fautrier,val,8fb020c16b2a23d9432c5922a97e950ab19198de8622b45c2c5b639c0e321041,a740362df94f53b0
data/private/sketchnet/paintings/jean-fautrier_nu-feminin-allong-1937.jpg,painting,0,jean-fautrier,val,ee8f6e7f6d8e2cff07794ca028957ec1b3a60ffd3d88b56d3356b0923d15f04b,80d0c3673bc837b7
data/private/sketchnet/paintings/jean-fautrier_nu-noir-1926.jpg,painting,0,jean-fautrier,val,e210c4c7adc77a95103054dd645bbc3d28f1bac1f5da4854ef8792dce2c8fd17,c03f3fe19a619326
data/private/sketchnet/paintings/jean-helion_man-with-a-shoe-1944.jpg,painting,0,jean-helion,val,21edfc1959efbb629e0041f17063efe7d8052f69b50cfe1fb24e1d56f0b48cfd,b5cec6909e6b4931
data/private/sketchnet/paintings/jean-helion_mannequinerie-en-solde-1978.jpg,painting,0,jean-helion,val,0b69ea8d7331c5b671599496738e69e72f9a5d7d188cdac6a18bfdcbfce214b5,afc8c9b228bd94b4
data/private/sketchnet/paintings/jean-helion_page-de-musique-1962.jpg,painting,0,jean-helion,val,dfbbf884b076c4f3a3e4ad1e77b0e39fa26c57727d452a952e27e596b61035f9,cbc43294c69a7b87
data/private/sketchnet/paintings/jean-helion_pegeen-1944.jpg,painting,0,jean-helion,val,f2ceb38328049caa120ecbac57c452eec06c8a9accfa7c4c180b85e50c815b66,97870b642c9bb30f
data/private/sketchnet/paintings/jean-metzinger_fruit-and-a-jug-on-a-table-1918.jpg,painting,0,jean-metzinger,test,621b766970f9c980d7244bd2dd4174df23fc74983e83fc503540d91cdf3ca92f,d7c3602f836ccdc1
data/private/sketchnet/paintings/john-atkinson-grimshaw_roundhay-lake-leeds.jpg,painting,0,john-atkinson-grimshaw,test,caf4a2f83f1c4ca8ed6f1bb8303a15c0f83e6613de2fbe8d8509b468935a5d0e,ca94b3852d2bc97a
data/private/sketchnet/paintings/john-atkinson-grimshaw_roundhay-lake.jpg,painting,0,john-atkinson-grimshaw,test,a69bb5a3c7a593d793f126b1bf8f687ef0d3d0ccae8cba0dd1f758491d5407d3,95e7d2da32489395
data/private/sketchnet/paintings/john-atkinson-grimshaw_saint-cecilia-1862.jpg,painting,0,john-atkinson-grimshaw,test,948eba0fa48609b530e382ee328d190e93630d236d4f9aff1b05dd0bd076bdb3,c73e38e1a7f88590
data/private/sketchnet/paintings/john-atkinson-grimshaw_salthouse-dock-liverpool-1.jpg,painting,0,john-atkinson-grimshaw,test,275af8eff26655d0b265690a4275136fcbe3f7e8279a5212f45e747e286e6df3,d7d5a426c94b32d4
data/private/sketchnet/paintings/john-atkinson-grimshaw_silvery-moonlight.jpg,painting,0,john-atkinson-grimshaw,test,0e0f8cda4b4dfa3e3d39460888c4809560421d2979d7b69220d8b0ddade43868,92896569a94b5db6
data/private/sketchnet/paintings/john-atkinson-grimshaw_stapleton-park-near-pontefract-sun-1877.jpg,painting,0,john-atkinson-grimshaw,test,19d7b288b9d6028bd6bdc408a3b825e9459e806ddaa4fbe06a7dda01dd91a10f,c8a9e5d4f020fdd1
data/private/sketchnet/paintings/john-atkinson-grimshaw_still-life-of-birds-nest-with-primulas-and-blossom-1869.jpg,painting,0,john-atkinson-grimshaw,test,ec809b4f8f452295d4c0f31101f33d1c4bf1c0eed53193484015ad1ebe3a6321,927eed39a15292c9
data/private/sketchnet/paintings/john-atkinson-grimshaw_sunset-from-chilworth-common-hampshire.jpg,painting,0,john-atkinson-grimshaw,test,0b4bc04f50072641c294de533170ce86ff4653ab3bd3a61d6a5dd5a7c51cf69c,dad2a4252dc9da55
data/private/sketchnet/paintings/john-atkinson-grimshaw_the-butterfly.jpg,painting,0,john-atkinson-grimshaw,test,cdeaf08d286e97aab3fd3c874199bede9703370c0221306b40baeebe3e63c43f,8a55e2aecbd126c6
data/private/sketchnet/paintings/john-atkinson-grimshaw_the-chill-of-autumn-1881.jpg,painting,0,john-atkinson-grimshaw,test,6ab9be9e52f95f60474b4a748c734a07454c43e21b3d8fae91ebd38eb399d920,8282ef657b10db9c
data/private/sketchnet/paintings/john-atkinson-grimshaw_the-little-botanist.jpg,painting,0,john-atkinson-grimshaw,test,1f6ed56021b343730965b879247b3da31e1c540c047e34134596639a443ec1a3,92b24ce93bd495a5
data/private/sketchnet/paintings/john-atkinson-grimshaw_the-lovers.jpg,painting,0,john-atkinson-grimshaw,test,c05c0e956f226f32a41291311b028945904d86973e108ba7e6d6c78461d65f16,c2f6b5c560cce718
data/private/sketchnet/paintings/john-atkinson-grimshaw_the-old-hall-under-moonlight.jpg,painting,0,john-atkinson-grimshaw,test,432ce8379df2c27bac0ca78b53568488203fd925aeae9e9f2312945bf51b41d9,d3fdc4288d69803f
data/private/sketchnet/paintings/john-atkinson-grimshaw_the-sere-and-yellow-leaf.jpg,painting,0,john-atkinson-grimshaw,test,5a9db12764395780f58a8377cc79ded9018043bb43875c1cd01f2b8195af0dca,9a9b659a3fe2a205
data/private/sketchnet/paintings/john-atkinson-grimshaw_the-seven-arches-adel-woods.jpg,painting,0,john-atkinson-grimshaw,test,1bf9a1ed40636b6073c8c916f7b3e740cdf066be1e49a9fdea62744ad3377c89,c187e1b82ee9d84e
data/private/sketchnet/paintings/john-atkinson-grimshaw_tree-shadows-on-the-park-wall-roundhay-park-leeds.jpg,painting,0,john-atkinson-grimshaw,test,295432ba4434a15418e91919653d52ee3e2a00a3d9e2fbbc5a98fc406ce348fb,9c48d49af3d2b263
data/private/sketchnet/paintings/john-atkinson-grimshaw_twilight-the-vegetable-garden-1869.jpg,painting,0,john-atkinson-grimshaw,test,0f3bb9b323e5b7228cf556908d947916685ac4022c80409f1e247d280c17f12e,c7c0bc2f47d2f0a8
data/private/sketchnet/paintings/john-atkinson-grimshaw_two-thousand-years-ago-1878.jpg,painting,0,john-atkinson-grimshaw,test,94213da644831cf8d979d3cf18c07551909634daba40510f75de6a7e9557eee0,cf7210edaa453933
data/private/sketchnet/paintings/john-atkinson-grimshaw_under-the-harvest-moon-1872.jpg,painting,0,john-atkinson-grimshaw,test,6c6bf3523a0dda48fcf933954b8b46a8f99308d979a45a23ed67a9e81e95ac64,9583db9708714fc6
data/private/sketchnet/paintings/john-atkinson-grimshaw_under-the-moonbeams-1.jpg,painting,0,john-atkinson-grimshaw,test,e0d70104591bbc6681364e66e851d4028ab62a044e52b3c1cf63c17c3e7cb560,9ab5654b4eb27285
data/private/sketchnet/paintings/john-ferren_untitled-1952-1.jpg,painting,0,john-ferren,train,6126660024a5f15576d118979d24f4e77777b21eddb76627626bfae9e102ccb0,be1cc1e3c1363cc9
data/private/sketchnet/paintings/john-ferren_yellow-field-1960.jpg,painting,0,john-ferren,train,ce84e8257d5f1d90b989ce4f546ea10d20433a9ac5f89906f961929fa6b732f7,81661e9939676e6c
data/private/sketchnet/paintings/john-french-sloan_boy-with-piccolo-1904.jpg,painting,0,john-french-sloan,train,c32f4150ed7ef5cbb79946ae4dbfd56a9eeccbb4e5677a992642dd354a85ff16,88993366e6b399cc
data/private/sketchnet/paintings/john-french-sloan_deep-blue-sea-1916.jpg,painting,0,john-french-sloan,train,4ecaf3696b013876799f7d5da78a769bb55decf7c95935fb5b9bcac9ed2cd930,89a5b7c8c857b670
data/private/sketchnet/paintings/john-french-sloan_girl-back-to-the-piano-1932.jpg,painting,0,john-french-sloan,train,4fb504b952c712106ae9157688cd9a667fac4eb422cfd355e6867c8beb607ea8,983636dba15ccd23
data/private/sketchnet/paintings/john-french-sloan_helen-in-green-suit-1950.jpg,painting,0,john-french-sloan,train,4789ab431363a17495b46c8937f8800dadceeb29ba0b0d0d8fb37d2d53351f30,9cd0a672936e925b
data/private/sketchnet/paintings/john-french-sloan_my-wife-in-blue-1917.jpg,painting,0,john-french-sloan,train,3c265791d8769015e65895e88b540dfd24b61f4a2bc7ee33a087b79284aa69be,9a8aec0d9172e66e
data/private/sketchnet/paintings/john-french-sloan_our-home-in-fort-washington-pennsylvania-1908.jpg,painting,0,john-french-sloan,train,10bbaec6bf96aaa349d4bbfb360842cc09155a33d3920eb538cbecc7520e6c88,caa3361cc17d8e4b
data/private/sketchnet/paintings/john-french-sloan_rosette-1913.jpg,painting,0,john-french-sloan,train,c24bd9cd50bdf0b8f5001a13d8a589a1ad0adb29eed58b0f0dc8415b1b3a3cf0,c043301cdf6ebe36
data/private/sketchnet/paintings/john-french-sloan_spring-planting-greenwich-village-1913.jpg,painting,0,john-french-sloan,train,17087a67a1bb811bde016e0a69d28baef630d7b3bd8a57b8e9923c94cd895a4b,a29f4d644f5ae0b1
data/private/sketchnet/paintings/john-french-sloan_the-cot-1907.jpg,painting,0,john-french-sloan,train,e79e58a62e01db3ccbd949c71b7f48d6b50cc78e9c1bb133d76f6798b22f053b,806f5e99e2944b5b
data/private/sketchnet/paintings/john-french-sloan_wet-night-washington-square-1928.jpg,painting,0,john-french-sloan,train,0fd653f92b13701eda34d4aba40170efafc92b2146becdc57c3fcc95612b4321,91bd7cca2f178648
data/private/sketchnet/paintings/john-hoyland_22-8-74-1974.jpg,painting,0,john-hoyland,train,07872edaf1a51ec600ae1c52ad22513b72c88b02f4d48f545eb41e294d21d63a,dfce14919d29b162
data/private/sketchnet/paintings/john-hoyland_25-4-69-1969.jpg,painting,0,john-hoyland,train,56960a6d6e319a7d1c602a60673a8aee322821f8709691854dd80dcf6e5a0eaa,929a7869abf53129
data/private/sketchnet/paintings/john-hoyland_memphis-1980.jpg,painting,0,john-hoyland,train,4ba3277b4d243a3cedb00090ace4be23bdaae4c7cb71fcf0b7dd627a792bbc9c,ef1590e295eac04f
data/private/sketchnet/paintings/john-hoyland_no-22-20-2-62-1962.jpg,painting,0,john-hoyland,train,7f983c1b09b328e041d4976c602cd7bbbaafb42987ebdf5003ba178e1592965f,d4ef2a0055beab0b
data/private/sketchnet/paintings/john-hoyland_north-sound-1979.jpg,painting,0,john-hoyland,train,d90a28cf44dd6959981c46337777073f5088c519e6544ec70be526b80b377525,f484036b5f3e34b1
data/private/sketchnet/paintings/john-hoyland_one-life-5-11-07-2007.jpg,painting,0,john-hoyland,train,d0aed91fcfd5057b75a7abb5556b90df1a660152a66a4ba9f922cba8d6747147,916a3e407edb1b46
data/private/sketchnet/paintings/john-hoyland_rankin-1979.jpg,painting,0,john-hoyland,train,30f2ed3a282cb1ef56b35b84f5ee3edada4863fc7780e435dcbff6de127e20b8,ea91956a9127d15b
data/private/sketchnet/paintings/john-hoyland_red-blue-1969.jpg,painting,0,john-hoyland,train,25c7286ccd2550835b033464cb1c3060b991ed10a94ce66810565a3768d387ca,bb66c639c039c49e
data/private/sketchnet/paintings/john-hoyland_saracen-1977.jpg,painting,0,john-hoyland,train,443c6d9380968a2000c5c3f20954e446f188780c2c312a877b71ec250361f863,b84fb00fe09dcbb0
data/private/sketchnet/paintings/john-hoyland_spirit-night-18-06-98-1998.jpg,painting,0,john-hoyland,train,f5894c592ac665d2cb23e96a23cf818650025f8a45f4432a89a59427c6d82e3a,991c392cb9389c5f
data/private/sketchnet/paintings/john-hoyland_trickster-1979.jpg,painting,0,john-hoyland,train,babfc75651a5e5b7bdc48e328ee0adb8da532d9f8e8cb37f77391f794f14826e,ea91957ac50fd063
data/private/sketchnet/paintings/john-hoyland_untitled(1).jpg,painting,0,john-hoyland,train,eb911960b60b1835a1014439f1078917dc821e4066b83064ea429dd52df5e577,caec9cb19113951f
data/private/sketchnet/paintings/john-hoyland_view-1979.jpg,painting,0,john-hoyland,train,b2d623eea6e6d7296cda1bc917c3ccd76dca8c6e9c4171a41f69c0e6c88903ea,ea928549956ed13d
data/private/sketchnet/paintings/john-hoyland_vincent-s-moon-11-7-07-2007.jpg,painting,0,john-hoyland,train,ca16d955af29aa0c3e59c274987fd04f733b2b009d5a1ad8fe68af26e25af7d4,d063659eda3924b6
data/private/sketchnet/paintings/john-hoyland_warrior-universe.jpg,painting,0,john-hoyland,train,2f16027f8996257f24713a016d8d51a82f30646528917123ffeb36988625379d,a0ae55867e9d2659
data/private/sketchnet/paintings/john-hoyland_watching-20-1-07-2007.jpg,painting,0,john-hoyland,train,044a9b55070c2bacb228b2b103cebd63d6e45b1f5d94c8e2a9c51f5ce1a1c9ba,9787ce39393838b8
data/private/sketchnet/paintings/john-mccracken_mandala-i-1972.jpg,painting,0,john-mccracken,train,d0e4fcbc0b117315089fe5088a4862624c2262885b649f4fdcf08f6157049d2d,95815e1e787a23ba
data/private/sketchnet/paintings/john-mccracken_untitled-1962.jpg,painting,0,john-mccracken,train,cde6af3afe739f2dabd06edf9bd60a99591eb5b684e184e60158ed546b05a52d,a2cb81b6b5cb4d16
data/private/sketchnet/paintings/john-miller_autumn-day-beach.jpg,painting,0,john-miller,train,f1b5f5937beaeb4ad253483b8897d34e818de57c5a3a5b6ae86fe89f04e6f212,80221f99ef79391d
data/private/sketchnet/paintings/john-miller_beach(1).jpg,painting,0,john-miller,train,5ef7e3ed23921801c1f6cab39785421969ad1a74ab8063acbbcbb27262fb03df,80d43ffd4b19c847
data/private/sketchnet/paintings/john-miller_casa-do-rio-beach-goa.jpg,painting,0,john-miller,train,11763e617c45979bfe728703f14dccf3a2b714ec61c98295ba28da1d4101775d,9474eb893574ca2b
data/private/sketchnet/paintings/john-miller_estuary.jpg,painting,0,john-miller,train,5255caffb333b4de9c62b3b6157eeb210b89b8a431b12c1929c4e7441cdb5ef9,c43e98e7609dd463
data/private/sketchnet/paintings/john-miller_horizon-ii.jpg,painting,0,john-miller,train,e4b9d89ffb759bb18efe757189392ee20f54ab2b5ec54831b1404acc10090a48,dfa017ce80321dcf
data/private/sketchnet/paintings/john-miller_majorcan-house.jpg,painting,0,john-miller,train,fdfe954189e57768f01ad19973abb38595ab81bd5e4c9fb69263a2c89cd37c18,dcb7a348711eb5c0
data/private/sketchnet/paintings/john-miller_penwith-beach.jpg,painting,0,john-miller,train,7818a53513ea565b944a0171534fe45156d958e84cf1095f4da2dade1bdf8943,c43c99611adee99c
data/private/sketchnet/paintings/john-miller_summer-haze.jpg,painting,0,john-miller,train,b029ddfaa9cb71336949075e781c8a1871e9bafbb178f9010ee0678638aaa775,9d6ec49962ce9166
data/private/sketchnet/paintings/john-miller_towards-the-bay.jpg,painting,0,john-miller,train,7d0898f02be6c88676e2a647bfe4cd46fdd82bb960ae44b6e67ed523480eebb8,eb9e6c41d781843e
data/private/sketchnet/paintings/john-miller_yellow-chair.jpg,painting,0,john-miller,train,e318dda550c6dac766a5919cdc64962405df7e15a25e2b3b583126aed8bb720b,e6a0599b609c69b7
data/private/sketchnet/paintings/jose-guerrero_aurora-ascendente-1955.jpg,painting,0,jose-guerrero,test,ca12ad80772121b1dba7ffe8cf595fac877ba754c76fc6a05a820b42ec53f878,adbb19c883c76619
data/private/sketchnet/paintings/jose-guerrero_comienzo-1982.jpg,painting,0,jose-guerrero,test,ba13db180e8a6ada1212de7821c4a18bda23248b0ac7d99b39b00cf0d27e69fb,ae0ad00d853e977e
data/private/sketchnet/paintings/jose-guerrero_comienzo-azul.jpg,painting,0,jose-guerrero,test,6cf95d79279487278327781b413d65a4f01391591d827f91a3d510f553eaf5bf,fe4fb70e3080f00f
data/private/sketchnet/paintings/jose-guerrero_green-olive-1985.jpg,painting,0,jose-guerrero,test,c1bda1498f5cd6f985eaf92eeb1148a284725f58f74128fff0cc5be1f877faa2,ff5eb0509348b3e0
data/private/sketchnet/paintings/jose-guerrero_intervalos-azules-1971.jpg,painting,0,jose-guerrero,test,defc1dd5fc90baadfd9fb3dede22e5699aff9373e59168b3bc86789e73435d69,afea70d144d5dc84
data/private/sketchnet/paintings/jose-guerrero_rojo-sombr-o-1964.jpg,painting,0,jose-guerrero,test,66242c16c32451c67a8807d7a2dbf4a877a756b18d8c0146ce70bbca1affb84b,ad4af08ef095b435
data/private/sketchnet/paintings/jose-guerrero_untitled-1963.jpg,painting,0,jose-guerrero,test,14966c7df79bce9df61152ddb0c3eb0e8f82533f6336d985f47515511ff368c5,bae4c439d3d29649
data/private/sketchnet/paintings/jose-guerrero_untitled-1967.jpg,painting,0,jose-guerrero,test,4d02f0e9c462fc1d11d5cb070926e65bf8468082d0585b62a04929dd2762cb45,e0315bd98734c69b
data/private/sketchnet/paintings/jose-guerrero_untitled-1985-2.jpg,painting,0,jose-guerrero,test,c7041f1d703bfd49ccc29aef22ecd0b012df656d84e19302478c7513ee18d942,aa85f0d4d5d095da
data/private/sketchnet/paintings/jose-guerrero_untitled-1985.jpg,painting,0,jose-guerrero,test,2e8a4536fe881ecc893ec02d93ad03da051abcd68f5ad0ef0d2a82587bb0b5d5,bd68d0078ff28587
data/private/sketchnet/paintings/juan-gris_a-man-in-a-cafe-1914.jpg,painting,0,juan-gris,train,dd44320da6995365b81b649fc77d666cea88072ffc613991eefec3f85c877866,dce830a609ff2792
data/private/sketchnet/paintings/juan-gris_bottle-glass-and-newspaper.jpg,painting,0,juan-gris,train,6f7cc967f96b038190c6e977a802c2e74565fc80714bf77933310cfdc4cbaed4,8487332dc54fb939
data/private/sketchnet/paintings/juan-gris_breakfast-1914.jpg,painting,0,juan-gris,train,5dde77ebcb5ed3dba759ed0820f1cf7c805192ad6445311074d7ed7d3d346150,87e061139d8d54fe
data/private/sketchnet/paintings/juan-gris_breakfast-1915.jpg,painting,0,juan-gris,train,c677574807a30b759b49d859ba23abfa1cb3341423485842a45e5b1a694fcffe,9125c23adf31acda
data/private/sketchnet/paintings/juan-gris_fruit-bowl-with-bottle.jpg,painting,0,juan-gris,train,1219be4a48a4c4a33aa9322b9aaec0bfdcfdddc5d5b691861ea90b1e6002c5c0,fe4be1c1a506963c
data/private/sketchnet/paintings/juan-gris_fruit-dish-glass-and-lemon-still-life-with-nerwspape.jpg,painting,0,juan-gris,train,5c3d23481ab0af9589cf55801f3422e2a3e93d7199b04acdee935fc6bd534b9e,99086e17b1ddd266
data/private/sketchnet/paintings/juan-gris_guitar-and-fruit-dish-1.jpg,painting,0,juan-gris,train,145833ea6f64f80a9113e71de1bb1fa95c66104afc935ed09d9c48471829915d,9ea5a997e09a9172
data/private/sketchnet/paintings/juan-gris_guitar-and-fruit-dish.jpg,painting,0,juan-gris,train,e51fa8e1b146ee5bf2dc78528695aba675518289b896a3a8e2994959e5751dc1,c1333ce891c9eed2
data/private/sketchnet/paintings/juan-gris_harlequin-1922.jpg,painting,0,juan-gris,train,c25287c95807d35ceb677b45fc99c4db430ac999fc1b833debc5f30308eba22a,ec3c97c291c9cb92
data/private/sketchnet/paintings/juan-gris_harlequin-at-a-table-1919.jpg,painting,0,juan-gris,train,3b3b88aecc766d9a99d66b88c7680a4aeaa8bd0834a373467624d0a8ae8adb59,aa677c0939033e9e
data/private/sketchnet/paintings/juan-gris_harlequin-at-table-1918.jpg,painting,0,juan-gris,train,60c510804d97b62524d1970069d506a33f98cc22471b51a7cdfafc7fd87ef3ae,e41b3256586f5a2d
data/private/sketchnet/paintings/juan-gris_harlequin-with-guitar-1919.jpg,painting,0,juan-gris,train,1065ab466b03b65f6ca181db3c2e41f3a074103755487038e6857aea0abc5f68,ea310ecb1436cfc9
data/private/sketchnet/paintings/juan-gris_landscape.jpg,painting,0,juan-gris,train,7630d8bb5825eb74224dca963e64f05f0adf346809e241e30ddda95011436e86,e39de4701ecc8d07
data/private/sketchnet/paintings/juan-gris_musician-s-table-1914.jpg,painting,0,juan-gris,train,9816315063711d9929ab44b8304a9c0f714e6758cc076a0291ac1cdf0a186eba,9abcf6ca65a1c261
data/private/sketchnet/paintings/juan-gris_not_detected_207837.jpg,painting,0,juan-gris,train,346df13dd7108f6ba76311440560c09e69a7c19544c715ae9f683b48cee89227,f0dd2474933b3b30
data/private/sketchnet/paintings/juan-gris_pedistal-table-in-front-of-the-window-1921.jpg,painting,0,juan-gris,train,66ef31dd32112982cf1923be8bc263b2241b04b09c69e0f34fa9bdbd48051b84,d4c34bc91bcf0639
data/private/sketchnet/paintings/juan-gris_photograph-of-the-guitar-1918.jpg,painting,0,juan-gris,train,81c3b84c2646be3bfa0b25967ee2962ce4783a8d257e5715346e7b2222d2187b,8dc994321bdf2cf0
data/private/sketchnet/paintings/juan-gris_pierrot-1919.jpg,painting,0,juan-gris,train,2e3adc4198d4ecf32f4dd79e9d5dc039dcd2d7c2a411fc73e4c9eb3c2aef21fb,da6476b70783619c
data/private/sketchnet/paintings/juan-gris_pipe-and-glass-1923.jpg,painting,0,juan-gris,train,d093e9f1703554faa1f6120dae5d470241345b65760fe70c117e68e05a22555c,baf0c005cbd44f8f
data/private/sketchnet/paintings/juan-gris_still-life-before-an-open-window-place-ravignan-1915.jpg,painting,0,juan-gris,train,eb48fc6a80746bcceeca7d1b51282367b73c789a645b521be7714dda93ea5d75,dd86668d661b49f0
data/private/sketchnet/paintings/juan-gris_still-life-dedicated-to-andre-salmon-1915.jpg,painting,0,juan-gris,train,10a25a460cbc68f005d2eef690f154a815be0f245e2040e965f45fccc837b1ab,ca96a5da95c470ce
data/private/sketchnet/paintings/juan-gris_still-life-with-fruit-bowl-1918.jpg,painting,0,juan-gris,train,62c5d570adbc01b837e1f68584cbb9de836497f5e046a4d659cad50d3e669003,895bb73a4c316693
data/private/sketchnet/paintings/juan-gris_still-life-with-fruit-bowl-and-mandolin-1919.jpg,painting,0,juan-gris,train,4c204db94b9145dd73b71024aff7345a3a028f231822df00e726ea0b096255aa,cf3975d85de01942
data/private/sketchnet/paintings/juan-gris_still-life-with-guitar-1913.jpg,painting,0,juan-gris,train,d9baba448aef7735c742525e92e212e26037b0095a52937373f7043eaffc76ff,f1ec4c93b912cd61
data/private/sketchnet/paintings/juan-gris_still-life-with-guitar-book-and-newspaper.jpg,painting,0,juan-gris,train,a501b712cc3dc003206ec668fec05e244c4a0a35e0670b87ce07793b4a7f89c8,ebe73cc460ea8392
data/private/sketchnet/paintings/juan-gris_still-life-with-lamp-1919.jpg,painting,0,juan-gris,train,8425d268dc3c914ea4aa8bc01a309b83abfa4af95258d647d087c78c45eafaec,99ea97f0d4c1d1d0
data/private/sketchnet/paintings/juan-gris_still-life-with-oil-lamp-1912.jpg,painting,0,juan-gris,train,7da8fd40ea252b2cd5f23860a8833c1772b579df5aa500fb3c074a7263bb670c,f21bb106d5a43ae6
data/private/sketchnet/paintings/juan-gris_the-book-1913.jpg,painting,0,juan-gris,train,433d55afcc1c671d0b5cf2c36fcf7a94b5c91f5f79f607f7b0b8a7a42f4a9f81,d54b37f869160b83
data/private/sketchnet/paintings/juan-gris_the-checkerboard-1915.jpg,painting,0,juan-gris,train,252b557e6e6bebe179912e964267f7424cbb3aac7ebcf71d4dcf3bfe4ccebdff,ca8f3f45b5985268
data/private/sketchnet/paintings/juan-gris_the-coffee-grinder-1916.jpg,painting,0,juan-gris,train,4fb738f8a5a75ae3a750fe1d9519475d0926589ac93126097dfce798da446571,9f3ae427d3c8e181
data/private/sketchnet/paintings/juan-gris_the-garden-1916.jpg,painting,0,juan-gris,train,9d16e41aaca0877e95d6a0b8977d07d5d86fd206c908964a3cffe3a9fa0dbf25,dbde36c0f836820e
data/private/sketchnet/paintings/juan-gris_the-glass-1914.jpg,painting,0,juan-gris,train,d159210f6a072ac21d8089f4aba799df6bc9ac4388503e53b35e4868d5f6d124,c9e71e308d475c8b
data/private/sketchnet/paintings/juan-gris_the-open-book-1925.jpg,painting,0,juan-gris,train,e7bb682cb99b28238c822084bc2ae6a9802985da3ea69f3c834c5464e21ea59a,e8c3b53e92694e86
data/private/sketchnet/paintings/juan-gris_the-open-window-1921.jpg,painting,0,juan-gris,train,96373bc60085754bf64fe8155ae97284940f68390af680175bacdc123607d345,969269616a6ceccd
data/private/sketchnet/paintings/juan-gris_the-packet-of-cigars-1912.jpg,painting,0,juan-gris,train,f00728d0e29549c081c63870d8ed7b609721e7743be363aa4667a79be2a9a5cf,bf6cf090859f92d0
data/private/sketchnet/paintings/juan-gris_the-painter-s-window-1925.jpg,painting,0,juan-gris,train,e831cb71ce8fe38409001001a0495d69a19843e94f51836e254efebfce999c5f,95956a267269656e
data/private/sketchnet/paintings/juan-gris_the-pipe-1916.jpg,painting,0,juan-gris,train,d2d6b3805e66fa5205ee3fdae5e0ea6116f66c64b360a9c9f694dc3ea70a3c72,caf879d32015b569
data/private/sketchnet/paintings/juan-gris_the-watch-the-sherry-bottle-1912.jpg,painting,0,juan-gris,train,c240cf53c6fa035fa0016bb869e8b26991f95e5dfa9677a2ddaa8e65089444b5,f49431613f69a359
data/private/sketchnet/paintings/juan-gris_tobacco-newspaper-and-bottle-of-wine-1914.jpg,painting,0,juan-gris,train,b83ac64d6b8d28b6f847d191aea2ed1f1c84c4b5f8003afddbaaaedb07c3a220,cde97b8caee24380
data/private/sketchnet/paintings/juan-gris_view-across-the-bay-1921.jpg,painting,0,juan-gris,train,96bdb78fb9bb8feeabb115a851722207f8b2c72f34d74bada35f470cd9019227,d0fd4b2a0b33748d
data/private/sketchnet/paintings/juan-gris_woman-with-a-mandolin-after-corot-1916.jpg,painting,0,juan-gris,train,a16454ba794ffdd6d758b71f5c867fa60c176ec6c2547cae01733437ea37668e,9e58696786d898e3
data/private/sketchnet/paintings/juan-gris_woman-with-basket-1927.jpg,painting,0,juan-gris,train,7d20eda0ac0de81c902aa1ec7567dba315d0a96fd94a0c02873862479a9b67d9,ea4e35b093db3c0c
data/private/sketchnet/paintings/julio-gonzalez_figure-with-balls-1938.jpg,painting,0,julio-gonzalez,train,a038cb84bdf96b7a72c694d0299091b10d5a052ae7f0f89d81e5a40faf30e9c1,e447d3259a9c746c
data/private/sketchnet/paintings/julio-gonzalez_head-1935.jpg,painting,0,julio-gonzalez,train,732d32a36abb60334ecb43e25d6afd243848beafb92c959fa3275896eeb6ada5,e39b8c249b72986d
data/private/sketchnet/paintings/julio-gonzalez_reclining-figure-1934.jpg,painting,0,julio-gonzalez,train,9047e0dfada1eedfc1eaaec3f5d59b432ca663dd03004dc2e039d623c3f72c19,f8b11bce854d83d8
data/private/sketchnet/paintings/julio-gonzalez_t-te-au-miroir-1934.jpg,painting,0,julio-gonzalez,train,8f5bba6ca07c0a980383e5215bbfbbf531291e6f316641d89dccd013af297107,b34ccdc698393399
data/private/sketchnet/paintings/julio-pomar_belle-isle-en-mer-1976.jpg,painting,0,julio-pomar,train,09609c260993e22a379ab1750f12d0fd990662b60dbb8640f7fd11dc98260f21,bcce4193678867f0
data/private/sketchnet/paintings/julio-pomar_cegos-de-madrid-1959.jpg,painting,0,julio-pomar,train,c2a9f2d3d8abe3ad64fd690bfb91c04470854cd078b981512eb5f5ff51e95ae0,f834c0c23bcf68cd
data/private/sketchnet/paintings/jury-annenkov_leon-trotsky.jpg,painting,0,jury-annenkov,train,3a2ebaffc0edb479add3e9caddff7e4727a975556e77860265a4b1f50b42db24,e5bc1aa91eca31d4
data/private/sketchnet/paintings/jury-annenkov_montparnasse.jpg,painting,0,jury-annenkov,train,38d6a8656acc2f5982732c40a0877816a3d0c2d6e5bbfaa0ba12caabd4a95f64,daca36b5239a8a69
data/private/sketchnet/paintings/jury-annenkov_music-1922.jpg,painting,0,jury-annenkov,train,c4823a15d8fc2e7e332688e9c77d5b0b0abb4e8d2edf1e854bb7d43449a02220,9dc03da090be0f3f
data/private/sketchnet/paintings/jury-annenkov_portrait-of-alexander-tikhonov.jpg,painting,0,jury-annenkov,train,e2681dc3aef5e211daabc50bdce9f7de9b4a9527fa87c62a52ce797ebba03380,c38d31e61cb5b49c
data/private/sketchnet/paintings/jury-annenkov_portrait-of-maxim-gorky-1920.jpg,painting,0,jury-annenkov,train,d99ff8ae29feda70b5dadf13f8b2fbfd71fcfbccfe87571ff77e61cf7e4daf4a,dbb433d0948cf8ca
data/private/sketchnet/paintings/jury-annenkov_portrait-of-z-i-grzhebin-1919.jpg,painting,0,jury-annenkov,train,8c7dab0580f2f2e6e8bb425a1141e3e6cc26bab682f37e06cbad7c46c906144c,e6b1364b8b8f0ec8
data/private/sketchnet/paintings/jury-annenkov_portrait-of-z-p-annenkova.jpg,painting,0,jury-annenkov,train,c7f078b85a95fae04d61eebd9f821607a3890574657cbbdf4f214b4217d968fe,e16290951f5a35f3
data/private/sketchnet/paintings/karl-benjamin_black-gray-curves-with-purple-1960.jpg,painting,0,karl-benjamin,train,95791c567f7f11e440674336977c0773275321fc5a9daddc238c66be6066b9ea,cb1f34f0b1e1b1e0
data/private/sketchnet/paintings/karl-benjamin_v-s-1960.jpg,painting,0,karl-benjamin,train,ace1c5701a7c8f4de361806945f1c4a4d5bab79a9d86f02f0eae086b14e92dbc,f36e5c2adc285c2a
data/private/sketchnet/paintings/karl-bryullov_political-demonstration-in-rome-in-1846(1).jpg,painting,0,karl-bryullov,train,9638c831ad97e3310160dcd18c7a9d38a36bf7308635d5d5bda5ac035d90ca07,da63749269ad9269
data/private/sketchnet/paintings/karl-bryullov_portrait-of-a-a-abaz(1).jpg,painting,0,karl-bryullov,train,b58a1c6a8e2ed44bea6321a5d1fdc77c06f0ab618824b1b3bbbd357204072ce0,fcc03373cccd0dd0
data/private/sketchnet/paintings/karl-bryullov_portrait-of-a-member-of-the-state-council-of-the-book-a-n-holytsyna(1).jpg,painting,0,karl-bryullov,train,584494b01136a1d828c32590a79536ea2ca14445e05fa2809759ae4db1ea91a5,bd8c377169ec0718
data/private/sketchnet/paintings/karl-bryullov_portrait-of-a-musician-m-vielgorsky(1).jpg,painting,0,karl-bryullov,train,d6dbcb0e4acbfec53313a1f9a5cd3518fce24ad2b499f5f8874261cab340389b,89897a5673a44ece
data/private/sketchnet/paintings/karl-bryullov_portrait-of-a-n-demidov-prince-of-san-donato(1).jpg,painting,0,karl-bryullov,train,de3af64ec59437b9222039abbeee02da2f3dc8572f5e27b855fd5c3bd9846c5a,ceb6305b467e03cc
data/private/sketchnet/paintings/karl-bryullov_portrait-of-a-n-lvov(1).jpg,painting,0,karl-bryullov,train,c26a0f735c114e9535e22c8db93d2521f48e02ea4dbceb6f781b34196834f7b2,d8cc643193b36fc8
data/private/sketchnet/paintings/karl-bryullov_portrait-of-alexander-bruloff-1827(1).jpg,painting,0,karl-bryullov,train,472fb10fd61ccd9cb5a52db5e9e0011e75979a4196375bfd81fcf70464d0d2c3,8fcf3a30b970a98c
data/private/sketchnet/paintings/karl-bryullov_portrait-of-an-architect-i-a-monighetti(1).jpg,painting,0,karl-bryullov,train,8a44b68f1bc3f3d3c602d41d3f225b872695915bf59d1706bcc1c237aa68efe1,bc9cf372944bc18c
data/private/sketchnet/paintings/karl-bryullov_portrait-of-an-architect-m-o-lopyrevskiy(1).jpg,painting,0,karl-bryullov,train,5110c255bbedea55de0a684d9e3355d67356d0b546d4e5eaeeae1fac4940d801,eb99b466e0c6962c
data/private/sketchnet/paintings/karl-bryullov_portrait-of-an-unknown(1).jpg,painting,0,karl-bryullov,train,440561631eef06bc34982ba90c55cc5cd3f64f0b312b8eff2f65d1965c8c4970,bfd0e137c04d847a
data/private/sketchnet/paintings/karl-bryullov_portrait-of-angelo-tittoni-1852(1).jpg,painting,0,karl-bryullov,train,e9e7d23e7de5c3b4b53a96f16b8953432042ba63abf1fb937e59f2dcf0b2e4b7,ba84497b7ce2464d
data/private/sketchnet/paintings/karl-bryullov_portrait-of-antonio-tittoni-1852(1).jpg,painting,0,karl-bryullov,train,ae1d3aac5c07f92580147bacbd37bbebb5a73d7e567c8dc2abe50631eaf6846d,bda2c63dd918c24b
data/private/sketchnet/paintings/karl-bryullov_portrait-of-archbishop-giuseppe-capecalatro-1835(1).jpg,painting,0,karl-bryullov,train,034e51ab6ab58653d5510bae9133911522333b0776bb9d4804382757c6fad509,fa81a678e127d469
data/private/sketchnet/paintings/karl-bryullov_portrait-of-aurora-demidova-1838(1).jpg,painting,0,karl-bryullov,train,532aec69b773479a39859bbed5d48a31a20702305bb2c9aa99e4f3fc0b8df5d9,991a63b18e596d9a
data/private/sketchnet/paintings/karl-bryullov_portrait-of-baroness-i-i-klodt(1).jpg,painting,0,karl-bryullov,train,170a4d1b4315061749081f9d7c62499c33b6a80e3fd7188fd5c86f2056bd31dd,bf94f293c04b81cd
data/private/sketchnet/paintings/karl-bryullov_portrait-of-captain-a-m-kostinich(1).jpg,painting,0,karl-bryullov,train,63c4a1827a528c98deeef717f72cdf6bf8999b2fcc022b544ed8d80f51d1e8f9,f686996bc5944e23
data/private/sketchnet/paintings/karl-bryullov_portrait-of-catherine-tittoni-1852(1).jpg,painting,0,karl-bryullov,train,200d92c41f9d301bf88d47a1e8644ca64dc0e82851a94183eb16d52c9ea6133c,899946366733ca67
data/private/sketchnet/paintings/karl-bryullov_portrait-of-count-c-a-pozzo-di-borgo-1835-1(1).jpg,painting,0,karl-bryullov,train,7dc749285ab15be54879242471f99e62670690a06de82337a5c7c7a8eb70aaf2,cc8c6333337b8497
data/private/sketchnet/paintings/karl-bryullov_portrait-of-count-v-a-perovsky(1).jpg,painting,0,karl-bryullov,train,9c74cec12ebaa10d7769ed56acf31af82e1a62ad74f86c684fcb272cbe7ea30d,fa898a53e5646c36
data/private/sketchnet/paintings/karl-bryullov_portrait-of-countess-o-i-orlova-davydova-and-her-daughter(1).jpg,painting,0,karl-bryullov,train,24aa8fb354a98ccec6f7370ce59db9b785aca372a7e4ac9cef7aecb2862f637f,9ada6d25979ac384
data/private/sketchnet/paintings/karl-bryullov_portrait-of-countess-yu-p-samoilova-and-her-ward-amacilia-pacini-leaving-a-ball.jpg,painting,0,karl-bryullov,train,35013a04925bd99eb9b205816ed499b244fa2cdf789ce582fac89bbb2469d08a,9ca4608f43bad4db
data/private/sketchnet/paintings/karl-bryullov_portrait-of-f-f-golytzin.jpg,painting,0,karl-bryullov,train,bc74eda259eba99d94e0b292caa3cdf7c74c2358805a93fdf33f1cf7ed1628f2,b5d2c02d1bf00d9f
data/private/sketchnet/paintings/karl-bryullov_portrait-of-francesco-ascani.jpg,painting,0,karl-bryullov,train,d99502d1d2da8a07bcea91f84560086f497295042c956944cc54c9000d78bb6a,efceb030b131d2cc
data/private/sketchnet/paintings/karl-bryullov_portrait-of-g-n-and-v-a-olenin.jpg,painting,0,karl-bryullov,train,99ff6121b78635076f60910a8bd1ba54760c591503b8834695286c45728069db,b3ed8c520b2dd4e8
data/private/sketchnet/paintings/karl-bryullov_portrait-of-grand-duchess-elena-pavlovna-and-her-daughter-maria.jpg,painting,0,karl-bryullov,train,aeee4b23f241140c9f696cd4ae5bc443929e72b0f7d2328ffdcf2b7a10bcca11,9c607396499f54ce
data/private/sketchnet/paintings/karl-bryullov_portrait-of-i-a-beck.jpg,painting,0,karl-bryullov,train,7df957d89a715b2c0defc0c1e92eeb031c32db5df2ead9abe46e00025aef6a91,98cd6233649acd7c
data/private/sketchnet/paintings/karl-bryullov_portrait-of-i-a-krylov.jpg,painting,0,karl-bryullov,train,0845c54a324248fc9ec81fadaec6e7ffdb6ce922c5cae6ee016596f5de155d3e,99582666d88dda9b
data/private/sketchnet/paintings/karl-bryullov_portrait-of-julia-samoylova-with-giovannina-pacini-and-black-boy.jpg,painting,0,karl-bryullov,train,550d130b9e68ba51ab035890ea94f9b50d29e90eaa4fd00d1662507b70acde59,de7120867dc8b34d
data/private/sketchnet/paintings/karl-bryullov_portrait-of-k-a-and-m-ya-narishkin.jpg,painting,0,karl-bryullov,train,34e2ae4c4ea4edd6c0179962925bdfc29c4af50d6cabc2d5d3ddd4fbb20af172,f6a6814b9f1cb0ca
data/private/sketchnet/paintings/karl-bryullov_portrait-of-m-a-beck-and-her-daughter-m-i-beck.jpg,painting,0,karl-bryullov,train,563b6fa7da093b0d4e52fe180765fa747b960a36be76ae268a691cf09f749c77,b3593466c311d9ba
data/private/sketchnet/paintings/karl-bryullov_portrait-of-m-a-beck.jpg,painting,0,karl-bryullov,train,d55ace5655436d3fe4e8bb15edd818f9a1ddfc4161bdf7dae3e78360e8f1a486,f8c81227d23dd9c6
data/private/sketchnet/paintings/karl-bryullov_portrait-of-m-a-kikina-1822.jpg,painting,0,karl-bryullov,train,b0060f5191bbdd4daf61d8118afbb597d126dfe425fe6c32c8d6014f4cf128cb,99196365cc2e762b
data/private/sketchnet/paintings/karl-bryullov_portrait-of-maria-kikina-as-a-child.jpg,painting,0,karl-bryullov,train,193e2d6ec70fa0f05ac1ab645418be78625fa57ab1129cda8b5f371c0b5ee832,fab0a3cfd5889468
data/private/sketchnet/paintings/karl-bryullov_portrait-of-mariano-tittoni-1852.jpg,painting,0,karl-bryullov,train,6a00a109cabe356005ff81d4c13ea172c7c4c41c22c13b56004ac92b62efdf42,ecb2855b592c915b
data/private/sketchnet/paintings/karl-bryullov_portrait-of-o-p-ferzen-on-a-donkeyback.jpg,painting,0,karl-bryullov,train,a48f971d15e0b438e31c1234ef0aa39cbfcd15146c30e0f89efc81b8ab6c1b31,949e59703ba16e36
data/private/sketchnet/paintings/karl-bryullov_portrait-of-p-a-chikhachev.jpg,painting,0,karl-bryullov,train,70465ae2f91217f5285cf43fe5709d020993257c93c1f5060142d89be2e62ddf,a6c98930c53ef393
data/private/sketchnet/paintings/karoly-ferenczy_gipsies-1901.jpg,painting,0,karoly-ferenczy,train,6f937993fb14a47d428ae2a92d1e6d3c85729f10565896d5efd5ea3f339b0b9a,cc197333743cec89
data/private/sketchnet/paintings/karoly-ferenczy_gloomy-landscape-with-bather-1913.jpg,painting,0,karoly-ferenczy,train,8d58c3a0c0fbb9d33422f07ddc22a2cf6e79388295182f4507bd7fe09a64ed88,b0d85f68c8ccd29d
data/private/sketchnet/paintings/karoly-ferenczy_horses-1899.jpg,painting,0,karoly-ferenczy,train,1a621f27b1afc73c41888e8087df60d4948da1fc770e31df56ab457edc01dba3,9891236a9ddce4e6
data/private/sketchnet/paintings/karoly-ferenczy_pineapple-1911.jpg,painting,0,karoly-ferenczy,train,b2700e1bece273fade4ca07560df50eff0bd096f9d8cc5f795f5d352e0c5bb47,8d3132c791ce6b72
data/private/sketchnet/paintings/karoly-ferenczy_portrait-of-mrs-s-ndor-ernst-1916.jpg,painting,0,karoly-ferenczy,train,8ca20c9c35de5dda0e43cfc553fc825f84d1425e49bbcf934ae4f7d69f03fcea,c90c3c30e387cfd9
data/private/sketchnet/paintings/karoly-ferenczy_portrait-of-p-l-szinyei-merse-1910.jpg,painting,0,karoly-ferenczy,train,dd7ec3c61400afea8f96f21b659ec3e5c46f76c14d47584083cc527b3fa8e284,d9d9c4663633b164
data/private/sketchnet/paintings/karoly-ferenczy_winter-1902.jpg,painting,0,karoly-ferenczy,train,f95f7098e2ba2e0206832307ccdc3ec670ef440f08545d16127b0a101df4471c,e096157a2cf5929e
data/private/sketchnet/paintings/katsushika-hokusai_irises.jpg,painting,0,katsushika-hokusai,train,26330da3d50d692fbd5a862c82871f84b07f80f5744b4304d8e1066e096c5b69,ede1311fd3a01e45
data/private/sketchnet/paintings/katsushika-hokusai_japanese-ghost.jpg,painting,0,katsushika-hokusai,train,f1f1a2328819ddf4d698e93303b5e233c0da123dd53a177d1027b7d8065f7730,d803633996f43bd2
data/private/sketchnet/paintings/katsushika-hokusai_kajikazawa-in-kai-province.jpg,painting,0,katsushika-hokusai,train,a236b6d3573c6f295128b331cfa6cd4722c0bc0289c0ef97ac06e33261b2e378,a682dd3927f0ae51
data/private/sketchnet/paintings/katsushika-hokusai_kingfisher-carnation-iris.jpg,painting,0,katsushika-hokusai,train,d4ca4f156ecac274fdd5310f33e97768660548e534858209b7982eef64e5b3ed,bfc9161a6366cc94
data/private/sketchnet/paintings/katsushika-hokusai_kuwana-1.jpg,painting,0,katsushika-hokusai,train,9d462d7fc97f3fa00f6c63c37ec30a6f0863ac8f5e9f0409134725bfd32096b5,ecc3946c9195696e
data/private/sketchnet/paintings/katsushika-hokusai_kuwana-2.jpg,painting,0,katsushika-hokusai,train,0b8e3aba4e3223984543e0fdb6b12b868d2f674be5052e7b51812209100ddf2d,aed2dd26f10d8295
data/private/sketchnet/paintings/katsushika-hokusai_kuwana-3.jpg,painting,0,katsushika-hokusai,train,ec1e35a6ee8f133e5cbbbae93ec31de8b85a0286277ff56b1d0092fd080b1742,bcd0c302ef1e790b
data/private/sketchnet/paintings/katsushika-hokusai_lake-suwa-in-the-shinano-province.jpg,painting,0,katsushika-hokusai,train,8a2d4bcf6e89a2a936a7049b2248806c4a8a54810d3d9c3dc7f1609e1581f281,f189e956161f52a6
data/private/sketchnet/paintings/katsushika-hokusai_landscape-with-two-falconers.jpg,painting,0,katsushika-hokusai,train,6e15dae2cbcbfac00dca2caf60b1760084c946bef5e8bf92f657b292214656cd,ca91af74956f2069
data/private/sketchnet/paintings/katsushika-hokusai_laughing-demon.jpg,painting,0,katsushika-hokusai,train,8257f44807303360b3d62f00c20f248c93b303e15d4cbf58246b537ec7888a66,de796768b894a291
data/private/sketchnet/paintings/katsushika-hokusai_lilly.jpg,painting,0,katsushika-hokusai,train,bcbd06a3ad9b2a3d3b928d716bffbc5832e44a9dbc3a2da48975c91b2fbd1345,b6e319cc63cccc8c
data/private/sketchnet/paintings/katsushika-hokusai_masculine-wave.jpg,painting,0,katsushika-hokusai,train,da13e5cf89d2146daa2ab84343de74dc2c93c2f051da01485899ffd5a19275e8,f747b10c60190f3f
data/private/sketchnet/paintings/katsushika-hokusai_minister-toru.jpg,painting,0,katsushika-hokusai,train,8d9518777ff2bff1bd435fab896034f2674b56c0bf82f05b649845ccd49bcc95,b3387f464433543b
data/private/sketchnet/paintings/katsushika-hokusai_mishima-pass-in-kai-province.jpg,painting,0,katsushika-hokusai,train,1f01ecac869f2cd0608a21930065daae177f54dbd7e75178e41c42e010314dd3,e6263913d7694b1c
data/private/sketchnet/paintings/katsushika-hokusai_mitsui-shop-on-suruga-street-in-edo.jpg,painting,0,katsushika-hokusai,train,3f1c4b05f9e9c83fbc9e98183cb40e2f5f7bb37d120e2b82929b4af763c4f8b2,d8ca331c61a73e6a
data/private/sketchnet/paintings/katsushika-hokusai_models-hugs.jpg,painting,0,katsushika-hokusai,train,cbd5f5824022bf818a26357a9aff2fae0d33f4765f0bb3fa4e2aa99f327ff9a3,95e86215e6e08f1f
data/private/sketchnet/paintings/katsushika-hokusai_moonlight-over-the-sumida-river-in-edo.jpg,painting,0,katsushika-hokusai,train,2404c8df06ffded84fc059be4bfb6aa7dd87d0161439b9dd6abef55ddd892913,eceda912961a5b62
data/private/sketchnet/paintings/katsushika-hokusai_morning-glories-in-flowers-and-buds-1832.jpg,painting,0,katsushika-hokusai,train,c42d35708a211af5e261e5f4d11d5639ed244279a881db1380155b77728e4a11,ea52b08d9eb4c51d
data/private/sketchnet/paintings/katsushika-hokusai_mount-fuji-seen-throught-cherry-blossom.jpg,painting,0,katsushika-hokusai,train,fa0b52e487c910b0d53c6c084cfb6dff9a10e72274ed673f3aa8d2d6ea3054bc,dac7f45201319ef4
data/private/sketchnet/paintings/katsushika-hokusai_mujeres-teniendo-relaciones-por-medio-de-un-harikata-dildo.jpg,painting,0,katsushika-hokusai,train,8b88d26c849efc21363f9f16cdaceff680e6d0457a35720a6935d8a9492fe263,8ae7f4408f3fe224
data/private/sketchnet/paintings/katsushika-hokusai_multi-eyed-oni.jpg,painting,0,katsushika-hokusai,train,d9b65885cdea95f2e6df6b0d3c61bd552c1e29b66c445c80aef1a2d83850a98a,a5ddbfd3c083026c
data/private/sketchnet/paintings/katsushika-hokusai_nakahara-in-the-sagami-province.jpg,painting,0,katsushika-hokusai,train,a3363b0386482681d14adfb5c7fba171978f1aa26108f76479cd36cf4984d2ab,cfee46649831d193
data/private/sketchnet/paintings/katsushika-hokusai_new-year-s-days-of-the-teahouse-ogi-ya-1812.jpg,painting,0,katsushika-hokusai,train,6fb3e2d1d4c29e5226113cbc7aa153d512a39923d74a729091536e8ab9d8d0bd,bb8cc0338c56f95a
data/private/sketchnet/paintings/katsushika-hokusai_nihonbashi-bridge-in-edo.jpg,painting,0,katsushika-hokusai,train,d0a860c7acdd91f114ed316aa407c9a54c02aac200f4b7c15e7fd9b702585ed6,90d75f283b4f2455
data/private/sketchnet/paintings/katsushika-hokusai_nine-women-playing-the-game-of-fox.jpg,painting,0,katsushika-hokusai,train,6eb650c19835f428980cb9e9f6d181db2e73df45e02165f10d88a5b535126a94,83d6c44b524b9b57
data/private/sketchnet/paintings/katsushika-hokusai_no-kakinomoto-hitomaro.jpg,painting,0,katsushika-hokusai,train,66c0387bb97d18eb1fec2f1ed7b710ffe8614c182b092335f29b348b747ad322,df4e4e474b595818
data/private/sketchnet/paintings/katsushika-hokusai_not_detected_223503(1).jpg,painting,0,katsushika-hokusai,train,d07dc6032ecfbd4b9d7cd0c03d94652dd62db42c8dade98d03bcce9b0950b228,dae1a51e8e69886e
data/private/sketchnet/paintings/katsushika-hokusai_not_detected_223504(1).jpg,painting,0,katsushika-hokusai,train,8a89903e8c9ad81861b9e2f7561113909d0b16f7cb13b83737912b4a291d61a8,9375e4d5310be661
data/private/sketchnet/paintings/katsushika-hokusai_not_detected_223505(2).jpg,painting,0,katsushika-hokusai,train,9377ec51886493c4109fa08694f3e199eff79d35ac66b6c585e24dbaff57f06c,cae962c03e5bad0e
data/private/sketchnet/paintings/katsushika-hokusai_not_detected_223528(2).jpg,painting,0,katsushika-hokusai,train,ef449c37befc560199c5ea43812132ff0513dc56e06a8a6f0b81c5c1be17e97b,c7e068cbf81ba2b4
data/private/sketchnet/paintings/katsushika-hokusai_not_detected_223529.jpg,painting,0,katsushika-hokusai,train,c0a1bc9024ccf8a3374770d47e030a65632a84b334aecad3c8be16c593c45e28,94bac9e14e0cc3f6
data/private/sketchnet/paintings/katsushika-hokusai_ocean-waves.jpg,painting,0,katsushika-hokusai,train,7bb991243285c38ac06c41da6b219c626f683d2588806aa76a654bd559c4a20e,98d7f2f8c2a71990
data/private/sketchnet/paintings/katsushika-hokusai_oiran-and-kamuro.jpg,painting,0,katsushika-hokusai,train,d2a844c2eb8e2a44554389a6cffc56a59dd54ab7b4ab32082e9a4b9b26a7e982,bed19163c60fd826
data/private/sketchnet/paintings/katsushika-hokusai_oni-pelted-by-beans.jpg,painting,0,katsushika-hokusai,train,f51f89f50dec2d5308d3058878257af107abd686326ebdb2841c15b0b2abe98e,b2d353666889a9ab
data/private/sketchnet/paintings/katsushika-hokusai_ono-shindon-in-the-suraga-province.jpg,painting,0,katsushika-hokusai,train,295ee79c2ad65c8b3d74db2bf5edebf18af1e4f04d6446f12ccb7812a8b83f7c,8693f567ea1c251c
data/private/sketchnet/paintings/katsushika-hokusai_ono-waterfall-at-kisokaido.jpg,painting,0,katsushika-hokusai,train,928fc93b4b3fa982ca71f971fa6fcf9e21c3f346bb0dfa133936ae1786fbd9e8,b487637631497e51
data/private/sketchnet/paintings/katsushika-hokusai_orange-orchids.jpg,painting,0,katsushika-hokusai,train,6c159653a3fdcf5083385e75116dde5348880485d7a718005acb407dd9807510,b9c49e21de3ec41a
data/private/sketchnet/paintings/katsushika-hokusai_pair-of-sissors-and-sparrow.jpg,painting,0,katsushika-hokusai,train,8a7cef9e7e2dceec320563efb23a0cdc5a01e65c50b58b57cd15480e7dc5e001,cf9f176891e06895
data/private/sketchnet/paintings/katsushika-hokusai_peasants-in-autumn.jpg,painting,0,katsushika-hokusai,train,9a0cc22d1fec240e96eeb911156e624c67b2f3751917662d2df00ce03d3025ba,b7e7e6700838cd19
data/private/sketchnet/paintings/kazimir-malevich_apple-tree-in-blossom.jpg,painting,0,kazimir-malevich,train,e0312ee946e91cedc8f07962e886df0e2e67dac14eeeb9bcb91b157a4367739c,948b1f9b39744a1b
data/private/sketchnet/paintings/kazimir-malevich_apple-trees-in-blossom.jpg,painting,0,kazimir-malevich,train,f51cfa6c160add8e9ad7c17c9a5f8d4974a5a3a02d44f25ff8d3fcbc35dbdb0d,d2a229bd5a499de4
data/private/sketchnet/paintings/kazimir-malevich_head-of-a-peasant-girl.jpg,painting,0,kazimir-malevich,train,280bfd90c4b7eaeb4eeb43e49fd17d1023204be52f6245407d3c560997c680aa,c3932d38fd4f083c
data/private/sketchnet/paintings/kazimir-malevich_on-the-boulevard-1.jpg,painting,0,kazimir-malevich,train,05efccb61aac299d758d3bb33b814d8334e41731ba6e488db4e2f9b7b4405309,9d081beb56a54cb6
data/private/sketchnet/paintings/kazimir-malevich_peasant-woman-with-buckets-and-a-child.jpg,painting,0,kazimir-malevich,train,3b163735ba67abbc8be99030afec3fab8840d7be6e411d1d52d6e2e627cd5cd7,89a72270763cf9ca
data/private/sketchnet/paintings/kazimir-malevich_portrait-of-a-man-1933.jpg,painting,0,kazimir-malevich,train,8b534597f30a9aaef9850247b5ac319811567b3196e58828abae6cc0575a4059,acc4123bcfc1333b
data/private/sketchnet/paintings/kazimir-malevich_river-in-forest-1908.jpg,painting,0,kazimir-malevich,train,8001a1570fb8ee4cc3f0f8279bc0a69821298b26b353589c0f4b5e82311642fc,84ec33f1b625788d
data/private/sketchnet/paintings/kazimir-malevich_soldier-of-the-first-division-1914.jpg,painting,0,kazimir-malevich,train,f2d042d651943bdd98ba4ff118d727e63384deb6d7fc66b296aec09dc4279159,f52984b68f8c38f2
data/private/sketchnet/paintings/kazimir-malevich_triple-portrait-1933.jpg,painting,0,kazimir-malevich,train,13325bb70f0265e9822270c50884d3689a01baea902bc971f04063215190951c,e6878a38388b7af8
data/private/sketchnet/paintings/kazimir-malevich_two-women-in-a-garden.jpg,painting,0,kazimir-malevich,train,2333dd260bff5e0caac80538da320dadbfd00bd741f7f11bd9276a1eb4db86e4,9461ee1c731aa5bc
data/private/sketchnet/paintings/kazimir-malevich_underwear-on-the-fence-1903.jpg,painting,0,kazimir-malevich,train,69f047de7e80f280b12d8ad18c18eae47ddb654e6ce687bc738a11a09e3bceed,d5956aca632f4a2a
data/private/sketchnet/paintings/kazimir-malevich_vanity-box-1913.jpg,painting,0,kazimir-malevich,train,09fca202ebf9a3bb2ac7054bc7bb72e939d62d16a759426a4bc17ad5067fbc92,c9c633397466c732
data/private/sketchnet/paintings/kees-van-dongen_femme-avec-cigarette-1908.jpg,painting,0,kees-van-dongen,train,9c04bf2ea38a8c9d0423e331864224861d723bf146b2191107eabb0683303fa5,d56b36407f1622b9
data/private/sketchnet/paintings/kees-van-dongen_josephine-baker-1925.jpg,painting,0,kees-van-dongen,train,3b870d1b310945f5195644e18363e7ee775fb0299989e1427abb04814b46c23f,ce6eafe820dc049b
data/private/sketchnet/paintings/kees-van-dongen_la-gitane-la-curieuse-1911.jpg,painting,0,kees-van-dongen,train,2786767dcc3b9e95790341428023e42a958460c8b0e3e773060614681f3e93e9,a7365969654d1a72
data/private/sketchnet/paintings/kees-van-dongen_la-nuit-ou-la-lune-d-coup-e.jpg,painting,0,kees-van-dongen,train,3125dbfe6ac3546e6ea27d0c96d993a1a502ce57c9ba464d4ab3ebc37a20d6ec,9c9edbc84d8730c9
data/private/sketchnet/paintings/kees-van-dongen_modjesko-opera-singer-1908.jpg,painting,0,kees-van-dongen,train,3f684c674e6a12420a0fd3b180ec5273fdf60ace5dd84dc0079d7bf99f2d13ba,d9ec610d79133396
data/private/sketchnet/paintings/kees-van-dongen_odalisque-couch-e-1909.jpg,painting,0,kees-van-dongen,train,dc6ce3c11562113ce79e0501f234b0d3cad45b9cad99108e6e9908ce0e1df3d4,c00c3f7a60d71b9e
data/private/sketchnet/paintings/kees-van-dongen_parisian-lady-1910.jpg,painting,0,kees-van-dongen,train,88ecd66d0bb1ad0be130246bcf24f4cbfde843489b3f648bd9544e572953ac48,b34ccdf3057b1c48
data/private/sketchnet/paintings/kees-van-dongen_self-portrait-1895.jpg,painting,0,kees-van-dongen,train,a5433356485fcfe72440867ac1214d98b14ea8baa1fe978967a60b82635701dc,b7c1c69e49693c2c
data/private/sketchnet/paintings/kees-van-dongen_the-corn-poppy-1919.jpg,painting,0,kees-van-dongen,train,1d30958af8974329f40fb680f2711975903d1a56ffb635a96ef7aaa835449623,997223c499d96673
data/private/sketchnet/paintings/kees-van-dongen_the-quai-venice-1921.jpg,painting,0,kees-van-dongen,train,7a08651ed69b1e4d6c875953de7a4564d878b68df747355bf7c124a867643ec0,d8039f3ca2b69999
data/private/sketchnet/paintings/kimon-loghi_biarritz.jpg,painting,0,kimon-loghi,train,4323b02faabe54425366f951bee24f00d1be9b9ccdf467fa350fb0ab2f8f63d0,c5922d726769d6a8
data/private/sketchnet/paintings/kimon-loghi_blooming-apple-trees.jpg,painting,0,kimon-loghi,train,8a3f122ffa7a18355a71923b98619fcca444458d4935f529b211343990d0c652,8f975036a957a49a
data/private/sketchnet/paintings/kimon-loghi_blooming-cherry-trees.jpg,painting,0,kimon-loghi,train,50c986f05bb222ebd24c5e2d81021058c3ecaaa1721bb174c40783f8d80c7866,f1b39609a5f20ee8
data/private/sketchnet/paintings/konstantin-somov_girl-under-the-sun.jpg,painting,0,konstantin-somov,val,08fd1c72d90d429e777c3699ba07942420d5d21001f14e67696b215091cef133,85cd3f934e61925a
data/private/sketchnet/paintings/konstantin-somov_green-slope-on-the-road-martyshkino.jpg,painting,0,konstantin-somov,val,5ce4a0e20e420be97df4e7ca6551cfec60f1ae9e03bb8dc6b317fbc903e88c30,86c7ee88989c11df
data/private/sketchnet/paintings/konstantin-somov_grove-on-the-seashore-sillamyagi.jpg,painting,0,konstantin-somov,val,036ac3e400fb0409ba4ad83b667847b0d417e383bc6960b4860d063ad41bf140,a331c61bfa86536c
data/private/sketchnet/paintings/konstantin-somov_idyll.jpg,painting,0,konstantin-somov,val,6f677f8672cace85fe922104aa3b58d0257f23d6456a8276b322937377c732d4,c3f0f4cd382c65cc
data/private/sketchnet/paintings/konstantin-somov_in-love-on-the-stone-1906.jpg,painting,0,konstantin-somov,val,a0ea08eacbe4c7c0bf6e9b441093610032847c5f77b1921401a9f380a548fe34,b649c316cc3be466
data/private/sketchnet/paintings/konstantin-somov_in-love-with-harlequin.jpg,painting,0,konstantin-somov,val,91c477a86973f49f5a521ea9aa010fb26fc8bd92ab456d031b0955466f5234aa,992b26e4e10d9bf2
data/private/sketchnet/paintings/konstantin-somov_in-the-bosquet-1899.jpg,painting,0,konstantin-somov,val,2b8d3c98541af544444e932babbf4d81e4a2ae4edc1c6ec740e37e3c5e154a54,917e6e8d4e365a84
data/private/sketchnet/paintings/konstantin-somov_in-the-forrest-1.jpg,painting,0,konstantin-somov,val,1abb3824b5cbbe67b527f46acee61eb3807a11478dffa2dbdfc94dd96f8d6823,ddb3d1d23a3cc424
data/private/sketchnet/paintings/konstantin-somov_in-the-forrest.jpg,painting,0,konstantin-somov,val,60f38125f425227dc3cf6f8f703f797cbab364d31c1f44fb88b008a36544a197,dfad3c966a182546
data/private/sketchnet/paintings/konstantin-somov_in-the-park-of-versailles.jpg,painting,0,konstantin-somov,val,50ce844a8a6b450778c09a584c2c38ccee89361714b056f805fa32a9da234427,ebca9c999931a326
data/private/sketchnet/paintings/konstantin-somov_in-the-summer.jpg,painting,0,konstantin-somov,val,c74b953df5091f8e1cfa070e79505f08454eadb2e7c252ad7b26a161d2ab5aa7,8a9ade8b07319dd4
data/private/sketchnet/paintings/konstantin-somov_intimate-reflection-in-the-mirror-on-the-dressing-table.jpg,painting,0,konstantin-somov,val,e08a66484d2331c3b73c027a235f23f2b76e6a20f8feaa2e900934ed060c42ff,9264d29b692bd29d
data/private/sketchnet/paintings/konstantin-somov_island-of-love.jpg,painting,0,konstantin-somov,val,412cdfbafef5fbfec1f24dabe58d00e32e29f9fecb8a024364c631db02ef4beb,bae2496be4d0d652
data/private/sketchnet/paintings/konstantin-somov_italian-comedy-1.jpg,painting,0,konstantin-somov,val,5071b492194e1b529a1eb762f207665a346c5c766fd85f0b3e16b7fecdbb8d38,84323aad1bb84f5e
data/private/sketchnet/paintings/konstantin-somov_italian-comedy-2.jpg,painting,0,konstantin-somov,val,3dd408e3b397197ba0a278b4f78f5c866d2db6f2ef5bec654a282c3cc58c6c8d,84ba3acf0b28eee8
data/private/sketchnet/paintings/konstantin-somov_lady-and-harlequin.jpg,painting,0,konstantin-somov,val,1f7b6ef497eab6a72628ebf455abcde87e58a9820d38460277f9388311bd78e2,9bc462b33c393693
data/private/sketchnet/paintings/konstantin-somov_lady-and-pierrot-1910.jpg,painting,0,konstantin-somov,val,4d6a5027f42b8f28ddd2d50510b8f4ba08c2bc72c7c29065f36812e180275627,d2cc2d27fd3826c1
data/private/sketchnet/paintings/konstantin-somov_lady-at-the-mirror-1898.jpg,painting,0,konstantin-somov,val,e80a181d31d3ae625f5e9011755d41017b037f862dd4cc50069793323380a7e4,9b6dd4ea48eea013
data/private/sketchnet/paintings/konstantin-somov_lady-by-the-pool.jpg,painting,0,konstantin-somov,val,8de3c0ebedea839d0542833d2906638e83dfd6d3970d9be02dbb34fd3df21238,8084211f3e7bfb1b
data/private/sketchnet/paintings/konstantin-somov_lady-in-pink.jpg,painting,0,konstantin-somov,val,9f5a207fff68c512aef64b2d1c8777450b310d865deb270e384b0373d7539e2f,846e35453ad2a7cd
data/private/sketchnet/paintings/konstantin-somov_lady-taking-off-a-mask.jpg,painting,0,konstantin-somov,val,a5fc4f50eee5f8f335ab92a6376872af0fcabdfbc9a745951b9c0d7dfb4146e3,9b53266d650fb44a
data/private/sketchnet/paintings/konstantin-somov_landscape-in-the-evening-martyshkino.jpg,painting,0,konstantin-somov,val,99a5b9b385ea7285a7b86e24827b5dd01ac19c9e55ee1d0841f0981b05e9e315,89b2c1e4e6c9dad8
data/private/sketchnet/paintings/konstantin-somov_landscape-with-a-rainbow-1915.jpg,painting,0,konstantin-somov,val,fded735279c717fc435fc2d49e81e6c6a95ad75fbbd633406ea90838b506424a,81bf66b28f31498d
data/private/sketchnet/paintings/konstantin-somov_landscape-with-a-rainbow-1919.jpg,painting,0,konstantin-somov,val,038408d4be2e5a9027427d18dbe628dc371c7030712c08bf8f57a5cf0092433e,d9d6466d3986443d
data/private/sketchnet/paintings/konstantinos-parthenis_still-life-with-acropolis-in-the-background-1931.jpg,painting,0,konstantinos-parthenis,train,746a5cbbd9a7b54d65d3ff35cb4f22097f16958c89f182dc2464451c1560dab1,d27329732b4cc96c
data/private/sketchnet/paintings/konstantinos-parthenis_still-life.jpg,painting,0,konstantinos-parthenis,train,528b1fc968bc6a56b61d5d9dd029f10faaab7646a2f3af05922004e4c135a6b0,c0567e4a6b8b694b
data/private/sketchnet/paintings/lajos-tihanyi_still-life-with-pipe-1923.jpg,painting,0,lajos-tihanyi,train,3dd1a4e3e65dbd5fb7bd7620912a3e08f5c548e7b569118ef7ecc7f8f8bd9e78,d289053e32c93f67
data/private/sketchnet/paintings/lajos-tihanyi_three-trees-1922.jpg,painting,0,lajos-tihanyi,train,bf32ec8cc7edc51eb95f32c153b76f327f4de009212b82d2856bb010d27ea88f,e9faa494f285910f
data/private/sketchnet/paintings/larry-zox_rotation-b-1964.jpg,painting,0,larry-zox,train,55091cf24c0fc8db63dd4fd52b3287dd8c15a9a87f31b4781b122aec718362c3,9bea11e791e411ec
data/private/sketchnet/paintings/larry-zox_untitled-1964.jpg,painting,0,larry-zox,train,a5a4a113f39133e3147d1e17b33a41aa90efd0c6de138cf28a7c89b4d4ca3d27,fe6a229595662ea4
data/private/sketchnet/paintings/le-corbusier_le-modulor-1956.jpg,painting,0,le-corbusier,train,cf7567b812a9a0a0dbb4ab869ca417314d16e6a98e7c2f29da7e9ae220d283df,d01b6fe438e811b7
data/private/sketchnet/paintings/le-corbusier_madame-la-table-est-dress-e-1961.jpg,painting,0,le-corbusier,train,0f864a0bfe1d389440d48e7601ecf24e423c9c2d089b02b86b5eaacdf1efb4e6,ad7f58a80754baa2
data/private/sketchnet/paintings/le-corbusier_untitled-1932.jpg,painting,0,le-corbusier,train,1d91775ba3936e7f42bdd6117e426fbfe915d0272ad078d7a665626dacf114f2,f69a97d82ae6940a
data/private/sketchnet/paintings/leon-berkowitz_cathedral-11-1968.jpg,painting,0,leon-berkowitz,test,9a31107a3a77dc839d005b3c52ed6e61dc0aed7baa7255d82714c543bd1bc109,ff6f019323962295
data/private/sketchnet/paintings/leon-berkowitz_cathedral-16-1968.jpg,painting,0,leon-berkowitz,test,b3dd3a65ead6e39d9b7876aa3add772a08633047738aa9dd65aa57ddaf121baf,cb7944be153f0646
data/private/sketchnet/paintings/leon-berkowitz_innisphere-1978.jpg,painting,0,leon-berkowitz,test,12816a5e54da6e516c7a4c6d1f54b714e753a104f302db23738300ab57738549,f6c3457455c81ace
data/private/sketchnet/paintings/leon-berkowitz_oblique-7-1968.jpg,painting,0,leon-berkowitz,test,d3ecd1d915bd48763732632b34460eb13deb2f956a61c879e5c429c39b5a480c,912b7a522fd823dc
data/private/sketchnet/paintings/leon-berkowitz_untitled-1977(1).jpg,painting,0,leon-berkowitz,test,921b3929d369c0afe4acd16d25b88eebc1cf123a2c356c285f15193eea684e8a,ff5a9869253dd220
data/private/sketchnet/paintings/leon-berkowitz_up-green-1984.jpg,painting,0,leon-berkowitz,test,f14f7e9c30f45f81c4449b1de228faaa9b5578404161fdcc1a2fe1603fa2e193,aad56f32f434c0f0
data/private/sketchnet/paintings/leonardo-da-vinci_madonna-with-a-flower-madonna-benois.jpg,painting,0,leonardo-da-vinci,test,ade673f1a19f2c0ee5b9d31b4dfa360b30e150d87c7263b7e52fc1a8176adc1f,96b6ecf9e1e06184
data/private/sketchnet/paintings/leonardo-da-vinci_portrait-of-a-musician-1485.jpg,painting,0,leonardo-da-vinci,test,766b8eff5862b6b97820fbbb99a842881123bf325f180037ab64e3022d08d77a,955a9c65704be1b5
data/private/sketchnet/paintings/leonardo-da-vinci_portrait-of-ginevra-benci.jpg,painting,0,leonardo-da-vinci,test,c1161fbb86a30116081ab24d7abb2bc1de270f63ac36dd4cc31e1fb3adb11bd6,98aa766436dd2699
data/private/sketchnet/paintings/leonardo-da-vinci_st-jerome.jpg,painting,0,leonardo-da-vinci,test,1a3833b3e4e8b78ab1c3b6772628e7af0bea68dd6977e7ab059f4725aa78f2e1,cb63e16d56564a86
data/private/sketchnet/paintings/leonardo-da-vinci_the-adoration-of-the-magi-1480.jpg,painting,0,leonardo-da-vinci,test,c69142a3b5be2d142f5f0bbf9ed84eadc58809e50245434c256937e288370ddb,e0af64416ba74ad6
data/private/sketchnet/paintings/leonardo-da-vinci_the-baptism-of-christ.jpg,painting,0,leonardo-da-vinci,test,dd241c39347bb2bf04476af9b809d1b8d348e6894cc910294e615ccc1098370d,d5c27a3c3863e127
data/private/sketchnet/paintings/leonardo-da-vinci_the-madonna-of-the-carnation.jpg,painting,0,leonardo-da-vinci,test,49e664cde078869e7091a1e357a2583dea78d75659427bf2e594da7883f14875,c4843f7f184b1f38
data/private/sketchnet/paintings/leonardo-da-vinci_virgin-of-the-rocks.jpg,painting,0,leonardo-da-vinci,test,1f8af945bc3c0c698356175778d46e9c92a80eabf671b48a49334aa60f73fa96,baeefbb084d1e084
data/private/sketchnet/paintings/leopold-survage_31.jpg,painting,0,leopold-survage,val,5541d73f421aa5896c24d57d8d9c485050fc45ccbb9cc8c857a364f70fa1d5ad,f79f812718335c52
data/private/sketchnet/paintings/leopold-survage_l-oiseau-1915.jpg,painting,0,leopold-survage,val,9c2a5c0f8c1e3ddd02e3748993196839597099d7786f66edaad1671eafc21dd8,c16a4e9e1e3d2527
data/private/sketchnet/paintings/leopold-survage_la-ville-1911.jpg,painting,0,leopold-survage,val,505388a2efd8949f743cfb9a748c5a61aba8978530f3e3c72cf0b8f42f58af09,9be476157a904f13
data/private/sketchnet/paintings/leopold-survage_the-beauty-and-the-beast.jpg,painting,0,leopold-survage,val,7939d28e6e187dda7096770bf51d095fe7ec47c2bc3e5ad79a91ce7868fff543,bf9e7ce310a1189c
data/private/sketchnet/paintings/leopold-survage_untitled-1953.jpg,painting,0,leopold-survage,val,95eaa7c1c0802d08053e1afe1475bc0d280eb58028d2f429f450b33337094829,b0f92b5445d674e4
data/private/sketchnet/paintings/louis-cane_papier-d-coup-et-coll-1967-1.jpg,painting,0,louis-cane,val,24c479297d437e96d05b6da40c393270b5113ea6d70b23ffe794055101d2de07,9f207dc394adf01a
data/private/sketchnet/paintings/louis-cane_papier-d-coup-et-coll-1967.jpg,painting,0,louis-cane,val,ce9e8ff9266bc15f1592adec780de2b3884def858464b3fec90a74b01048a6d7,abb530c974aba4c9
data/private/sketchnet/paintings/louis-cane_toile-tamponn-e-1967-3.jpg,painting,0,louis-cane,val,861f46cc7b4f3d18cb1fb31caa31b7e352cf115b0008e52b6409c8838ca562cf,aa0dd3b59c87d099
data/private/sketchnet/paintings/louis-cane_toile-tamponn-e-1967.jpg,painting,0,louis-cane,val,01c06ff43649ecc330045700e552abbf235ec499ff23a74b4aeffea9a7fd7b29,ff14c223d159955a
data/private/sketchnet/paintings/louis-marcoussis_composition-au-coquillage-1940.jpg,painting,0,louis-marcoussis,train,ccea5fa2b994477310fd8d6408399debb6dfb87904de6c1d4f4cb7a65efb73b2,932d52bf6095678a
data/private/sketchnet/paintings/louis-marcoussis_composition-au-visage-et-au-coquillage-1939.jpg,painting,0,louis-marcoussis,train,9715b99dfe41f1d5a51ec233a6d845ee8dfa2c4c999ab889425097ae82f089b6,cc11f19e99dc0f70
data/private/sketchnet/paintings/louis-marcoussis_guitar-and-pomegranates-by-a-window-1921.jpg,painting,0,louis-marcoussis,train,e4dc7a7f0e7b8727d309dda73d027f8112ce3f58112625f5969e9f89849cf7d1,a3713ec3938da46a
data/private/sketchnet/paintings/louis-marcoussis_hy-res-i-1928.jpg,painting,0,louis-marcoussis,train,a15158c62787dcc16397adaba64461200bbeba37058ebd7969e2e803c197b690,b5eaf4cb2297d480
data/private/sketchnet/paintings/louis-marcoussis_lulli-1919.jpg,painting,0,louis-marcoussis,train,007ab18420fe1a38975d6a8628867562b6e4336a15f956dd6ecb68236a31873c,949219e6476f6a78
data/private/sketchnet/paintings/louis-marcoussis_musician-in-an-interior-1929.jpg,painting,0,louis-marcoussis,train,15c02cec22a2138147de3fe529b579d967859af207d7a8339789028f93d30d6b,b432be46e847c339
data/private/sketchnet/paintings/louis-marcoussis_portret-van-albert-flechteim-1914.jpg,painting,0,louis-marcoussis,train,63797559a09e121654bba71987db83ec40ae681ae1a21fc412aa3807d5570a02,bfd2e8898548996d
data/private/sketchnet/paintings/louis-marcoussis_rain-1929.jpg,painting,0,louis-marcoussis,train,d09ad73c220ca8f7b95aba6fad75ddde38caf889bfa2a65031baebc7318732c0,959e48633cc867f8
data/private/sketchnet/paintings/louis-marcoussis_still-life-with-envelope.jpg,painting,0,louis-marcoussis,train,43999ea4bdf9b28750c86dc2e30d1d8c53a99773fb2be2ab411cd2c333fd689a,c93a3ec9698f6036
data/private/sketchnet/paintings/louis-marcoussis_still-life-with-ephemeris-1914.jpg,painting,0,louis-marcoussis,train,d6d4acb3e54ec5eb51b09f32110cf6694e9bff1c7472bc432478ef22b376daba,da83715f07ca4c55
data/private/sketchnet/paintings/louis-marcoussis_the-open-door-1928.jpg,painting,0,louis-marcoussis,train,0e49908103283de0158ebbaec261a323415ff0d492b2b1af211805c065b5ac74,f8234f9c4b49257c
data/private/sketchnet/paintings/louis-marcoussis_the-red-fish-1921.jpg,painting,0,louis-marcoussis,train,b7289146becad114d569bd40684ba3c4030b2ec74b6bd07c689e1ac7fb2bb9a4,8709f4863a3ecba5
data/private/sketchnet/paintings/louis-schanker_abstract-composition-1938.jpg,painting,0,louis-schanker,val,4b395b4a370963d66bc4b77711fd9b4380c30bae526436cebcbbe680cd20606e,ed19d26098c6e9d9
data/private/sketchnet/paintings/louis-schanker_abstract-with-instruments-1932.jpg,painting,0,louis-schanker,val,f88a6c4fc76f3ddaa87434692c940c7107308e09977211caeddca83289d7a08b,94f85ae66795184d
data/private/sketchnet/paintings/louis-schanker_forms-in-action-1941.jpg,painting,0,louis-schanker,val,ab4472dacb05576319011e2bf77d4728fc776c4d76dd30385e089efcb07fd0e5,8b65ac5ad195e469
data/private/sketchnet/paintings/louis-schanker_polo-1937.jpg,painting,0,louis-schanker,val,0089627c0e655bd5497395e0ded0f34a84a5810040608a8f95a28125ee8287fe,bf1ced4ac0259536
data/private/sketchnet/paintings/luca-signorelli_adoration-of-the-magi.jpg,painting,0,luca-signorelli,val,8b0682bb32b9d71ff0b7389d64cf68586af6b8e999d602c75f3158eab89e24d6,af8dc57af030903b
data/private/sketchnet/paintings/luca-signorelli_adoration-of-the-shepherds.jpg,painting,0,luca-signorelli,val,e785bdd9b7a6b3ad8b737c0c6fd71a6c0b18417d128474b718b3540ca2f61a8f,fcfec0608756070f
data/private/sketchnet/paintings/luca-signorelli_annunciation-1.jpg,painting,0,luca-signorelli,val,5271477a3a05fe11b4f875ab53a4740a8d2e6333f36a5a6ba92d02c3518590fd,eaebaab1a494e194
data/private/sketchnet/paintings/luca-signorelli_annunciation.jpg,painting,0,luca-signorelli,val,da175908ec5fd6e9dd3f606b52f4c87ce726062b6cc6389f42cc5e4ef22a10e2,a6eba8a6fba4e090
data/private/sketchnet/paintings/luca-signorelli_christ-and-the-doubting-thomas-1482.jpg,painting,0,luca-signorelli,val,2eea2d6c006418026961a88fab05a3fb9d1e1e7dcfba314a0471aa8a709cf665,b364cd19cc3ee01b
data/private/sketchnet/paintings/luca-signorelli_crucifixion-of-st-sepulchre.jpg,painting,0,luca-signorelli,val,339fed6cbe67739e520872c95dbb42f67d5863d1bd78c7634bd5ebde6290c432,a292eb2d683a5cd3
data/private/sketchnet/paintings/luca-signorelli_madonna-and-child-with-saints-1.jpg,painting,0,luca-signorelli,val,8f6f8ed743a5171d367cd6f1b5547e0b61134c0f15d4f5c3aaf27c1a0e3aa2be,eeaaefe8a0f58480
data/private/sketchnet/paintings/luca-signorelli_madonna-and-child-with-saints-2.jpg,painting,0,luca-signorelli,val,dfb821100ae7a82996ce431fb1a750f10f5b03d14c7f901cbfeb2bbe1b29a194,febac941a666b841
data/private/sketchnet/paintings/luca-signorelli_madonna-and-child.jpg,painting,0,luca-signorelli,val,c94427b8563b06cbf1c1db15fb61ecc962ad128e8f565488d9ad71e8b34f56f1,abc64d7996453316
data/private/sketchnet/paintings/luca-signorelli_moses-s-testament-and-death-detail-1482-1.jpg,painting,0,luca-signorelli,val,41a4c54ce3daa547f81bee05f936492a09822abf932acb357f378b7688be591d,96ac3dd2c2293d3a
data/private/sketchnet/paintings/luca-signorelli_moses-s-testament-and-death-detail-1482-2.jpg,painting,0,luca-signorelli,val,61c8a3e7d20b9abc56fa03558abcddbba0900b54cbd859f0be4fa8867361f7f4,b487139a8f896a6e
data/private/sketchnet/paintings/luca-signorelli_moses-s-testament-and-death-detail-1482.jpg,painting,0,luca-signorelli,val,6b723e541ddb62e5efc3df8a7dda6a7db5501fdc63314e37fbb5471bf53bac9d,9a89c13273939ef8
data/private/sketchnet/paintings/luca-signorelli_pair-of-apostles-in-dispute-1482-1.jpg,painting,0,luca-signorelli,val,4b2eeccf35dd97c37f94e1db88ad49d9efe1b1265627c063732c61db50fc77f4,8ff1f338c466940e
data/private/sketchnet/paintings/luca-signorelli_pair-of-apostles-in-dispute-1482-2.jpg,painting,0,luca-signorelli,val,18fbb3b8393e1a4d59697142ea00ebdf280480859ec3717e96717358d87b53f3,d80b8674c5359d1f
data/private/sketchnet/paintings/lucian-freud_a-filly-1970.jpg,painting,0,lucian-freud,train,266ed29983a3e808fee64049a6cc9602ed33bf1258106373f6b54cf10cf01208,fbbc8ec1c4436368
data/private/sketchnet/paintings/lucian-freud_garden-notting-hill-gate.jpg,painting,0,lucian-freud,train,214ae8c90fbcfb1f0c0f71bc519298403a21c97c22f080e6d5b4cedcc75aaa66,db846f30a457b1d4
data/private/sketchnet/paintings/lyonel-feininger_church-of-the-minorities-ii.jpg,painting,0,lyonel-feininger,train,dc480de2cca07f00a350e9f85ff8e7242371ebc44289198b5f54d1d3523e2710,999c6629694b7a6a
data/private/sketchnet/paintings/lyonel-feininger_cyclists-1912.jpg,painting,0,lyonel-feininger,train,b3f0794e6576c9cbd33a9e37fae1673057500639865518620d7587e6bd5a644a,e86be594990b0b6b
data/private/sketchnet/paintings/lyonel-feininger_harbor-mole-1913.jpg,painting,0,lyonel-feininger,train,32fa19e82916a327a0471061bae3cd3e8de14b59b8298c90ae1caba925d10171,bc9e434b4aff1310
data/private/sketchnet/paintings/lyonel-feininger_hopfgarten-1920.jpg,painting,0,lyonel-feininger,train,d4244677997353b19f2d6b481edcc06d78395abe98c09229e06febf5fc65c7de,c44db9f0073937f0
data/private/sketchnet/paintings/lyonel-feininger_oberweimar-1921.jpg,painting,0,lyonel-feininger,train,05108c38ec5fe08176d92bd0529b0d4cd7a1bd0103adc6aac72b695295d71b68,8fc3d38d1c05acf2
data/private/sketchnet/paintings/lyonel-feininger_on-the-bridge-ober-weimar-1913.jpg,painting,0,lyonel-feininger,train,a39129415eb5d3f88674d3db4b5f0dcf50485b2b9b416f023096e30dc699b102,8a479ab9849bbd34
data/private/sketchnet/paintings/lyonel-feininger_the-dome-in-halle-1930.jpg,painting,0,lyonel-feininger,train,925f8f8429c219843d575cf133c03412ddc079f58ca2faee7c0dd6781f399505,a8b058dab53ac772
data/private/sketchnet/paintings/lyonel-feininger_the-green-bridge-ii-1916.jpg,painting,0,lyonel-feininger,train,8c543672672322b06a6a79182b56c4d36272a23dd2c125b4bc510415b0e82a15,bd96005b2e2e3976
data/private/sketchnet/paintings/lyubov-popova_cubist-landscape-city-1914.jpg,painting,0,lyubov-popova,test,9a29d9fc3754a805775ea065418d3c053841d886b525db86f40bc059d0903e08,c3d1345137cf4335
data/private/sketchnet/paintings/lyubov-popova_dramatic-architecture.jpg,painting,0,lyubov-popova,test,53b316995f0b3b399df90dd4cb8f188d1696b4a0518af8dee315ceb754db33ef,a16d1f966e9407b4
data/private/sketchnet/paintings/lyubov-popova_the-jug-on-the-table.jpg,painting,0,lyubov-popova,test,d5288289431ed0d427921c2c2687c74c263100765c31b606dc5695d35344215d,98aee0fd27841b72
data/private/sketchnet/paintings/lyubov-popova_the-pianist.jpg,painting,0,lyubov-popova,test,4785773c654acdd379e48a61b4d5475f9c7626a3d8b0d48c565937759a528c31,9bdc6b11b0983e33
data/private/sketchnet/paintings/m.-h.-maxy_ferma.jpg,painting,0,m.-h.-maxy,val,3e3fc9cb5bd11809072f21b53fbb29375f73a2da5f7219171bd0621a8fa30fd2,919393e19d4f6d44
data/private/sketchnet/paintings/m.-h.-maxy_human-construction-1926.jpg,painting,0,m.-h.-maxy,val,7aa90ef2843348438abbf14f465b0bd098de5f345ef74b0550581ef775bd0321,bb9e6432939e84e4
data/private/sketchnet/paintings/m.-h.-maxy_nude-on-green-sofa-1928.jpg,painting,0,m.-h.-maxy,val,28cf104736a416f854eb59e025edbfde62175a7f8dbd1b47c291c01cd96ddd93,c9d036678fd2314d
data/private/sketchnet/paintings/m.-h.-maxy_nude-with-idol-1924.jpg,painting,0,m.-h.-maxy,val,ce9b89e49684403449d8e9b293f3564eb598ae99a684ab9c66c761a36602ce72,cffd6030b06c39d2
data/private/sketchnet/paintings/m.-h.-maxy_still-life-with-a-celluloid-doll-and-iron-1926.jpg,painting,0,m.-h.-maxy,val,ccfdf0ba01b34ff55381351207aeefbfb6ac2dea79aa14b7607575946eaceabe,baa964d8d3661d89
data/private/sketchnet/paintings/m.-h.-maxy_still-life.jpg,painting,0,m.-h.-maxy,val,4b3811e95908b52ff5cbf7a4da3d720b8f7f6e086194bb926da5446f9be6e43d,d3da9ec480f650f1
data/private/sketchnet/paintings/m.c.-escher_not_detected_204650.jpg,painting,0,m.c.-escher,train,3967b05a465dc47c873b4460305d17bfc5bcb4bbc17f7fe3bdde8d647962151d,da973468c1b9c987
data/private/sketchnet/paintings/man-ray_landscape.jpg,painting,0,man-ray,train,711e123a603828d0c8ae06d30c5c6109b7bbd2416a3394f00a05a71548de92be,a2b61c917a3c374e
data/private/sketchnet/paintings/man-ray_orquesta-sinfonica-1916.jpg,painting,0,man-ray,train,a6f3ab7fa39a185e1040449acea41ae6df40a38c6e3c547c12719672ffe7918e,91b58339f1b2eb06
data/private/sketchnet/paintings/man-ray_untitled-2.jpg,painting,0,man-ray,train,c27f5917738915c6d7d73345e83125ca81a46a09d6418707a76110fec3fb63d8,a39abcda3ad99160
data/private/sketchnet/paintings/marc-chagall_barber-s-shop-uncle-zusman-1914.jpg,painting,0,marc-chagall,train,4ca29959661c5d61752ba6c2a8c8f27b2cf36b76da8cf0c8f5c48d6ef63a81cf,fc9ad1748c9a96c1
data/private/sketchnet/paintings/marc-chagall_bathing-of-a-baby.jpg,painting,0,marc-chagall,train,52ca7dda9cb356211c5e0cabf343fb8be7237e20a8c0af631ee6362ea9a7aa21,be9b1b14e46b2d03
data/private/sketchnet/paintings/marc-chagall_bathsheba-1963.jpg,painting,0,marc-chagall,train,ddf5f1ef317cd00db74bd8c6ed0c706fc0fb4ece0535fea3ff7d4fb61bf0d34b,96b54b5ae067c638
data/private/sketchnet/paintings/marc-chagall_being-asleep-in-the-desert-where-he-had-retired-to-wait-for-the-death-elijah-has-been-awakened.jpg,painting,0,marc-chagall,train,94e4390b7e41de2712f3199254abc603f550755edacac52e37b1f7fb9e8194a0,af87d28fc4649878
data/private/sketchnet/paintings/marc-chagall_bella-and-ida-by-the-window-1916.jpg,painting,0,marc-chagall,train,4a61ca80f726a314eeddda22670eeedc84b3d713887541b84b67db7690b06134,9499b1626e6a6b63
data/private/sketchnet/paintings/marc-chagall_biblical-subject-1983.jpg,painting,0,marc-chagall,train,908a0e1a96d8b05ed270ae062b2634a45da0980c8440fa14bf4ac2daee28704a,ebe69419896ea3a1
data/private/sketchnet/paintings/marc-chagall_blessing-of-ephraim-and-manasseh-1931.jpg,painting,0,marc-chagall,train,97ec2824deb688ea1b5eb21dba3963323abcbee6efa8fdcfd65a1b661a8b0486,ec358e438bc9f168
data/private/sketchnet/paintings/marc-chagall_blue-clown-1984.jpg,painting,0,marc-chagall,train,f729a7b992123ed4c6a1e65a3d3e0c3175602831064057e933a889875d3359ee,aa5298e6b19dc16e
data/private/sketchnet/paintings/marc-chagall_boaz-wakes-up-and-see-ruth-at-his-feet-1960.jpg,painting,0,marc-chagall,train,dc21675a5ee2688a2ce4278fa55c7695068feabe3e54a7a075c4563e75a65f7c,aeb587c3906cc92e
data/private/sketchnet/paintings/marc-chagall_bride-with-a-fan-1911.jpg,painting,0,marc-chagall,train,99357804de275b6a610eaa5dd2cd7cf095f20970919e7c27a73a6d35bc15e14a,cd1dec655b12864e
data/private/sketchnet/paintings/marc-chagall_burlesque-and-circus-1985.jpg,painting,0,marc-chagall,train,14b9c69464c383f6bec6a3d23027820870f4b15f5f5b5e070b100e74d09a503e,ba6b9595c44cc693
data/private/sketchnet/paintings/marc-chagall_cain-and-abel-1911.jpg,painting,0,marc-chagall,train,36481fc4e46466cf17970f8353d2f127f83cdf2b02b9efcd4eb367a0932db95e,acaae4ec595b5605
data/private/sketchnet/paintings/marc-chagall_cain-and-abel-1960.jpg,painting,0,marc-chagall,train,51c144192b2d8ed8d7d37853db59e08dd085dcf878a938c05bb25c4e4725c033,fa6ea53581d8d0e1
data/private/sketchnet/paintings/marc-chagall_ceiling-of-paris-opera-house-1964.jpg,painting,0,marc-chagall,train,a10f4034b846f5567a6080fb84f81937c2346e5876c2e44057df62cc6015d42a,c7c9719716614d5a
data/private/sketchnet/paintings/marc-chagall_chapel-du-saillant-1981.jpg,painting,0,marc-chagall,train,1fde5af52b54b5a32720566049dc52f9ab34d8de7cea169e324a6ec9a9c5a013,e9ce963149ce3899
data/private/sketchnet/paintings/marc-chagall_christ-as-a-clock-1957.jpg,painting,0,marc-chagall,train,6840b969338387bc2d0a43d1e11a311a5e01a11c1ec6c0c5dbabae2ef1b1caf8,bf7ac93e968dc080
data/private/sketchnet/paintings/marc-chagall_christ-study-to-vitrage-in-metz-cathedral-1964.jpg,painting,0,marc-chagall,train,730a4bc58524052865e83bf924ea531f4b7b6d870d31a86642d4bb4285a4f255,aa9f95a0968c9cb3
data/private/sketchnet/paintings/marc-chagall_circumcision-1909.jpg,painting,0,marc-chagall,train,fb27630c4fe9b153fc632e27e840a165fbfdd4fe41f7dc2825daf9a3885ac86d,b6d04baf8899bcc8
data/private/sketchnet/paintings/marc-chagall_circumcision-prescribed-by-god-to-abraham-genesis-xvii-10-1931.jpg,painting,0,marc-chagall,train,9e33810887190a4d4df659526c7567038a45faa1bc17c0e27dd9cd2743d2bb9c,e8843733d26361db
data/private/sketchnet/paintings/marc-chagall_circus-in-the-village-1969.jpg,painting,0,marc-chagall,train,493089cfe8baf94d336e7cdcd2147b58314815dee52a29152fddc54f6bffc2cf,f01d0f6874f165e1
data/private/sketchnet/paintings/marc-chagall_circus-woman-1960.jpg,painting,0,marc-chagall,train,09be223ebcb0d9335507e9da6d28bad168d479a33a04d5c5f357aae2d80da146,ee98b183b5479472
data/private/sketchnet/paintings/marc-chagall_circus.jpg,painting,0,marc-chagall,train,d38e1dd88a46b60fc7029cb9193c5bfe42d83d5ac3dd8c3a3763f81cba6301f5,96dc26c83dc2f943
data/private/sketchnet/paintings/marc-chagall_composition-with-goat-1917.jpg,painting,0,marc-chagall,train,5c7211d4ccc7e323f32eb074793b3374d071a72cc0240e6a4cf8a7f590ba9415,c9a9a25e9475ab52
data/private/sketchnet/paintings/marc-chagall_cows-over-vitebsk-1966.jpg,painting,0,marc-chagall,train,430e4a44756c105cecce5728a344a763b1a78391ab9eef62468f9c6786c7173f,879e18d0748dc36f
data/private/sketchnet/paintings/marc-chagall_homage-to-apollinaire-1912.jpg,painting,0,marc-chagall,train,9241f5e2adaa0ae08792d4827aff97c0e3fcdb19609ab59b95a3826714f00f98,8e2b490eb545be35
data/private/sketchnet/paintings/marc-chagall_homage-to-gogol-design-for-curtain-for-gogol-festival-1917.jpg,painting,0,marc-chagall,train,a788cfec6d2967250447239ec12a18a5d5354687fda9af627b3660ff9cdbb730,e43637b9f8c944c4
data/private/sketchnet/paintings/marc-chagall_lovers-in-pink-1916.jpg,painting,0,marc-chagall,train,a01783fb5576a428f709a647b49fd22494d33a00525b5764a4a346b8c12f0ce2,ffa1624bc795301a
data/private/sketchnet/paintings/marc-chagall_lovers-with-flowers-1927.jpg,painting,0,marc-chagall,train,999d2c8641572a982c780459e691b4796ea706a63c5362a05a55270c0dfbf8a9,92633f26c871a37c
data/private/sketchnet/paintings/marc-chagall_portrait-of-brother-david-with-mandolin-1914.jpg,painting,0,marc-chagall,train,e937f613c29e9199f376b543cc1a61b832852461e1fe58e937f7c62cc62c0d59,aca9755a8b9a21e5
data/private/sketchnet/paintings/marc-chagall_portrait-of-sister-maryasinka-1914.jpg,painting,0,marc-chagall,train,08e2edb9d1b23964477b2ba7d27d81c922dbd7f85614a74af02dff37150e4a68,9fb4bec24e19c483
data/private/sketchnet/paintings/marc-chagall_rahab-and-the-spies-of-jericho-1960.jpg,painting,0,marc-chagall,train,d30626136c0d8bfe036406d659d070c45d5711ebd1162bf84ec1f0d251b4e7c7,afbc906bd03385c5
data/private/sketchnet/paintings/marc-chagall_rainbow-in-the-sky-a-sign-of-covenant-between-god-and-earth-1931-1.jpg,painting,0,marc-chagall,train,76a192adc417b17b8534b45a354786150e3296296d55f9c564475a92ecf0ed3e,cc82675b3f68f062
data/private/sketchnet/paintings/marc-chagall_rainbow-in-the-sky-a-sign-of-covenant-between-god-and-earth-1931.jpg,painting,0,marc-chagall,train,a6af6648901f15eb6259a033d161c37852b6fa46e2bbcd6a9053e03f9b1b5176,db99277a6860a565
data/private/sketchnet/paintings/marc-chagall_rainbow-in-the-sky-a-sign-of-covenant-between-god-and-earth-genesis-ix-8-17.jpg,painting,0,marc-chagall,train,b0bdf511faa91101878e9b3e7e7bdbfea90cc149d1f6999eaab187e91f924439,fa93075ae860a1e7
data/private/sketchnet/paintings/marc-chagall_red-maternity.jpg,painting,0,marc-chagall,train,bb442bb0483067b679961c43ac4c0e744d0da84cfed368099807ede3ae45ed08,eba5857a803ff08a
data/private/sketchnet/paintings/marc-chagall_rest-1975.jpg,painting,0,marc-chagall,train,a3dc4bd7cdcd83c8b2e733c72ae02181e87780f6fd1c54a7e708eac841629ae6,dad0d83a0f0b8f2d
data/private/sketchnet/paintings/marc-chagall_return-from-the-synagogue.jpg,painting,0,marc-chagall,train,b89394992d1558f2e4068ae3bb9a0511c16c42ef58194b54f286b7cf368fdb86,bc41744f246b3e9c
data/private/sketchnet/paintings/marc-chagall_russian-village-1929.jpg,painting,0,marc-chagall,train,17820f5f5ee69534eb5c8419262da6ad88d29e9e0794155a490fe20552277878,9972927ce619b4a9
data/private/sketchnet/paintings/marc-chagall_ruth-gleaning-1960.jpg,painting,0,marc-chagall,train,582daed639d8f20ca492d53d89644d67c87c57ce53473d741ea2c987a5b78f46,bb2d941bc2c6c5e1
data/private/sketchnet/paintings/marc-chagall_saint-paul-de-vance-at-sunset-1977.jpg,painting,0,marc-chagall,train,eab315e4546fb2e50c15c6d935ec8bbf1eaf100066bc1db89301f2a9597e15bd,d473a19f9cea31c0
data/private/sketchnet/paintings/marc-chagall_sarah-and-abimelech-1960.jpg,painting,0,marc-chagall,train,096c3d03b787402b4d099515afde81ea17bb3c900033f4b81bba0b2272453f0e,ee6ab693c0b59099
data/private/sketchnet/paintings/marc-chagall_sarah-and-angels-1960.jpg,painting,0,marc-chagall,train,9a5c67f0c23aee6fd88d6aa195a1b0a2eb0be3dff794d9e84977b11024e7b106,bf2dc12e90c394f1
data/private/sketchnet/paintings/marc-chagall_self-portrait-1960.jpg,painting,0,marc-chagall,train,17d717db18436dd115d7eec0837263b08f280963cb5553d9bfc775c35d32ac36,b7726a30e4cf24c9
data/private/sketchnet/paintings/marc-chagall_self-portrait-in-profile-1914.jpg,painting,0,marc-chagall,train,2b5dc4cc711234e75e55e4c66fdb642ab07318443de08054d287b56279a2fbe5,e2c341793de50f92
data/private/sketchnet/paintings/marc-chagall_self-portrait-with-a-palette-1955.jpg,painting,0,marc-chagall,train,c24017d309949a9d226d3cad6c85214a560c3919c4561588732242ac4e7ec67a,fb25b466669017d8
data/private/sketchnet/paintings/marc-chagall_self-portrait-with-muse-dream-1918.jpg,painting,0,marc-chagall,train,87db81ecd547731d0aee20b9fcfd2d7566213964245103d71347497e86d62d2e,9d7ec100fd30bacc
data/private/sketchnet/paintings/marc-chagall_self-portrait-with-palette-1917.jpg,painting,0,marc-chagall,train,16abd43b5abf605580b71949a0ed06834891736ec5f0b3b91ce911a2aaf70588,b42d491f4bd27b48
data/private/sketchnet/paintings/marc-chagall_self-portrait.jpg,painting,0,marc-chagall,train,fc03d2c5597ebb7a6b6fdd6121e57585792ad17b578fd74986b04a39366322be,cab5b54952b66495
data/private/sketchnet/paintings/marc-chagall_the-cattle-dealer-1912.jpg,painting,0,marc-chagall,train,75a31d431fc6567a8f83ecaff1a31cbf075b5034e742ec51f4aca08b3ab9953e,c13c4a7cd317ab86
data/private/sketchnet/paintings/marc-chagall_the-drunkard-1912.jpg,painting,0,marc-chagall,train,93003c29d79eb19853f7a7141404ad7c0e7f9ca280bdf00a3b20c79713e4c98a,ccb9b3d0063d6b85
data/private/sketchnet/paintings/marc-chagall_the-pinch-of-snuff-1912.jpg,painting,0,marc-chagall,train,c29e18d5991f92aef3ba37ecc4e42315b595c32fd2bd0da640b7360d3162f054,ed68d00daae5c972
data/private/sketchnet/paintings/marc-chagall_the-poet-or-half-past-three-1912.jpg,painting,0,marc-chagall,train,9247461bd203f3327d9ac40aeb78079ac9954f96c9dd2b500c88dc3ef9694c38,f949e14b4d2e8935
data/private/sketchnet/paintings/marc-chagall_three-acrobates-1926.jpg,painting,0,marc-chagall,train,a1df58933cf08d5271e5d3d894f2023425bc89b8cb0085064bc1b2dada8477b6,db1a9e21b36c8c59
data/private/sketchnet/paintings/marc-chagall_to-russia-with-asses-and-others.jpg,painting,0,marc-chagall,train,e235498a9f8ebaf6aae9f4d635805da19f6c311bee20cb29cdb5803b180cc38b,a539ca44bd56cc1b
data/private/sketchnet/paintings/marcel-duchamp_chocolate-grinder-1914.jpg,painting,0,marcel-duchamp,train,f1827d7b1dc7adbf9a9d3e5cea3ee929ec67dbdaccae69059bdbc9afeb368936,d3c76f12362cb434
data/private/sketchnet/paintings/marcel-duchamp_king-and-queen-surrounded-by-swift-nudes-1912.jpg,painting,0,marcel-duchamp,train,292229ad9c5d750088c0b07be2b337f8d74e7599e172df162f0582ce46be8763,d1ea6ebb699494c0
data/private/sketchnet/paintings/marcel-duchamp_transition-of-virgin-into-a-bride-1912.jpg,painting,0,marcel-duchamp,train,c2c1ad74da296911d391a1d51b837fa7a35e520ff02c8e799e9094ff5803a93e,c1b35c8ab27d99e0
data/private/sketchnet/paintings/marcel-janco_abstract-construction.jpg,painting,0,marcel-janco,train,15be96012687231c29342ba07381cae137c49b32288bf93ef7341487090cdf27,d684b0392e9695b7
data/private/sketchnet/paintings/marevna-(marie-vorobieff)_athelhampton-garden.jpg,painting,0,marevna-(marie-vorobieff),train,e2d0db6f5c1b15dcefb07d22e2e3262921300d8ddd7100eade74cf32af19ceb0,dcf9838e9324ca27
data/private/sketchnet/paintings/marevna-(marie-vorobieff)_black-woman-with-peppers-1938.jpg,painting,0,marevna-(marie-vorobieff),train,42b467ad581bec5ffbcc7491dc4365734fa7bea2e9fb3c5ae00e7108a1b0a30b,bfc732999c31984c
data/private/sketchnet/paintings/marevna-(marie-vorobieff)_homage-to-friends-from-montparnasse-1962(1).jpg,painting,0,marevna-(marie-vorobieff),train,494132f7b69114aad5ac123cd08d24cf400f6421499a66686d326219c97903dd,80c68fe8709de9bc
data/private/sketchnet/paintings/marevna-(marie-vorobieff)_lady-and-the-animals-1966.jpg,painting,0,marevna-(marie-vorobieff),train,e5851e3456bfe42e8a2945a0d467ab58c4e562f188761b0d75c7c91db25fb560,b4dada904b0ff08d
data/private/sketchnet/paintings/marevna-(marie-vorobieff)_peasant-woman-with-chicken-1948.jpg,painting,0,marevna-(marie-vorobieff),train,1cd9e356b79c1a5344afa742f212b4d60886d13f0a8983160eb261d371d1b5d3,bae6479ed0236589
data/private/sketchnet/paintings/marevna-(marie-vorobieff)_port-of-stockholm-1962.jpg,painting,0,marevna-(marie-vorobieff),train,f6661a5d192a05caae409de1ede53f91093306c30f3a73f1716bdae7ff34a309,949eedc0273bc09e
data/private/sketchnet/paintings/marevna-(marie-vorobieff)_portrait-of-henri-matisse-1956.jpg,painting,0,marevna-(marie-vorobieff),train,8dfb3ec44bce5e42c2323acfe89ae94270f039dd5614054fda9712b5ebcfb0ec,85a7189e367a3173
data/private/sketchnet/paintings/marevna-(marie-vorobieff)_portrait-of-ilya-ehrenburg-1956.jpg,painting,0,marevna-(marie-vorobieff),train,6f172193a31f94e0eb667e8f2b74611ffa0b0b33e695f265bf6bde7224401d46,951327666acf7864
data/private/sketchnet/paintings/marevna-(marie-vorobieff)_self-portrait-with-still-life-1917.jpg,painting,0,marevna-(marie-vorobieff),train,1d1010352b99dffb6e534c0b542df7fe7a2a132e52b4a6bf4d48f6141c73f2fe,adf7818312954ddc
data/private/sketchnet/paintings/marevna-(marie-vorobieff)_self-portrait.jpg,painting,0,marevna-(marie-vorobieff),train,c948872b6a0dc0a997e8bc985424228ba0dee40e65bf28eea1dc22b6ff9e0591,9b6621d027b3469f
data/private/sketchnet/paintings/mario-cesariny_a-torre-de-pisa-vai-cair-1978.jpg,painting,0,mario-cesariny,val,2e14d4151a9a29de2c408156b56dbd235310cefe291ef5a2e30801964f014228,ffd4a11dc8829738
data/private/sketchnet/paintings/mario-cesariny_as-grandes-viagens.jpg,painting,0,mario-cesariny,val,3dd40474d8f67b8af1d8018cd823a1503b5c4ae73cd30f5d13573c31dbfccbe2,8e8778b7837887c1
data/private/sketchnet/paintings/mario-schifano_grande-angolo-1963.jpg,painting,0,mario-schifano,test,2672ebc0d9a2ce732112796d7354adc65564b32f687256ea100caeb9e399184b,cf90f30c3bf0803f
data/private/sketchnet/paintings/mario-schifano_interno-esterno-1976.jpg,painting,0,mario-schifano,test,617a3b4977a6b598fe48f4d98689228e77a01623cdb5534c3200c761e8b86941,b4067931695dca5d
data/private/sketchnet/paintings/mario-sironi_not-identified-1.jpg,painting,0,mario-sironi,train,7191f4416b8aff9e3018bc33310ec41e31bfb643a5b97e4d39eb0dd42c20aacc,b68ce4b2e10369fc
data/private/sketchnet/paintings/mario-sironi_saddled-horse.jpg,painting,0,mario-sironi,train,5ac31586478c75cdcb4a99ea18830f66e4487d33d3f356d26846ac8a99bc3417,82e1c5c5ae87c69d
data/private/sketchnet/paintings/mark-rothko_black-on-maroon-4.jpg,painting,0,mark-rothko,train,6194bd21464682ba48af16dea4e77c7483f796c4ff4e12db53fda40c5b900b7f,ce4a8c2d9d7895ac
data/private/sketchnet/paintings/mark-rothko_black-on-maroon.jpg,painting,0,mark-rothko,train,3d4af18ba54b8905acffe2747bcb32cbddddc50d41126cb626f25ba2d138c48f,8e8a31f675e23178
data/private/sketchnet/paintings/mark-rothko_green-and-maroon.jpg,painting,0,mark-rothko,train,23c00cf8d9e67c625f9f65aeaf176ec9d278bb99e16d530fdfe520cbe98c9b05,aaaae3b3b991c0c5
data/private/sketchnet/paintings/mark-rothko_green-and-tangerine-on-red.jpg,painting,0,mark-rothko,train,d67100b752884dbb6ac18f8a59faff9e3e2b02c89d8a5a6f6eb659ec33dd4b9a,aa2b95d5c4eb81c5
data/private/sketchnet/paintings/mark-rothko_no-20-1957.jpg,painting,0,mark-rothko,train,c63ad083c0cb4fd6b02b16ab029a512a754b411c1e6ea60bbbe7211f35de333f,aa95c56a662e956a
data/private/sketchnet/paintings/mark-rothko_no-24.jpg,painting,0,mark-rothko,train,c89c87cf6dd4454ccbc3647b452b1bc1ecf4959cf0cc9a3fc55f252184249955,fe1e959394c1916c
data/private/sketchnet/paintings/mark-rothko_no-7-dark-over-light-1954.jpg,painting,0,mark-rothko,train,187c0c6ff57bf9a4e0db76dab64d6cfb87c9348757a2db1f0c53e546013b075b,ff3e81842f856e05
data/private/sketchnet/paintings/mark-rothko_no-8-1952.jpg,painting,0,mark-rothko,train,f591f904274fad5c0cec9b11bfdd49f89ee69519568dad2b3f692c815fdacec1,ead5602b956a7b88
data/private/sketchnet/paintings/mark-rothko_not_detected_242131.jpg,painting,0,mark-rothko,train,290263c02586a478bdd7731a628247f438aaacc33a188a3727f8fcab98c25bdc,bdaa40956a366a9e
data/private/sketchnet/paintings/mark-rothko_not_detected_242132.jpg,painting,0,mark-rothko,train,ba463330edaf709d6c127193a0286e75975a115980448e8a010a3f20899226a0,80906a2b3b3f95bd
data/private/sketchnet/paintings/mark-rothko_orange-over-violet-1968.jpg,painting,0,mark-rothko,train,618b31be0a60bc5bcf82982daf3e6dba1a6c962067a2352d192b740fc98c6640,8100ff3f1f2a3f81
data/private/sketchnet/paintings/mark-rothko_orange-red-orange-1961.jpg,painting,0,mark-rothko,train,f6d7e7bc7e47e62544b172063856a02acf31e37662cfa2c1462e502517e3cc5a,fb20e8ffa020e4e5
data/private/sketchnet/paintings/mark-rothko_untitled-1955.jpg,painting,0,mark-rothko,train,4c4c662f4c1152ca720cc8311f2ba6d37e9e569a37c2ea0bea3abe74b1468771,816b6e9015c53a7f
data/private/sketchnet/paintings/mark-rothko_untitled-1959.jpg,painting,0,mark-rothko,train,b7992a5a11b26759e25de004e2f01ae78362edbff40ed542aa15c349f927079a,afff3aaa807590a0
data/private/sketchnet/paintings/mark-rothko_untitled-5.jpg,painting,0,mark-rothko,train,ba831464c701a3e132a8003ce371bd08cf3b7d06aaf5a5a5dd45b50e80c132f0,a07f7de0177036c2
data/private/sketchnet/paintings/mark-rothko_untitled-6(1).jpg,painting,0,mark-rothko,train,ceacda62b87d94b5835727923cb3e9db0e56f609b73fdde7bec0d4636f8b3109,ae2f05d4a96a6bc1
data/private/sketchnet/paintings/mark-rothko_untitled-green-on-blue-1968.jpg,painting,0,mark-rothko,train,19a2589468b047f5eddacbbe4436d7746b2649fe693dc24b85b1df2def367e37,aa6cc13bd5a2aed0
data/private/sketchnet/paintings/mark-rothko_untitled-mural-for-end-wall.jpg,painting,0,mark-rothko,train,9b4cdf0275f4c08b13dcefebdf51051ca7b4b4e781acb5940c0e0dc355e55788,fd0380d3c27ac36b
data/private/sketchnet/paintings/marsden-hartley_e-1915.jpg,painting,0,marsden-hartley,train,ebe7f3b6f9e1528a649e040d673afd7c1eac477bff5c8221221aac94046ad274,843752327f7a6b42
data/private/sketchnet/paintings/marsden-hartley_handsome-drinks-1916.jpg,painting,0,marsden-hartley,train,789d53c9a22c350f0469f9068a293f11e54939c9ab887036034e71a7f71926b9,f5f3004cfc984b1d
data/private/sketchnet/paintings/martiros-saryan_mules-laden-with-hay-1910.jpg,painting,0,martiros-saryan,val,bfd65923c6ad0acf995f45bebf88110120a47c71673270af357ab4b2ebb91ab9,db22e44d0733a8f9
data/private/sketchnet/paintings/martiros-saryan_persian-still-life-1913.jpg,painting,0,martiros-saryan,val,f08fe8d18fec9eb6d66a6eefc19275b5861a42f75fbccf44fe2af9b228572b0a,8f813a0cb6b49767
data/private/sketchnet/paintings/mary-fedden_bowl-of-eggs-1985.jpg,painting,0,mary-fedden,test,31c6946f3cb361280a54b8ecdabda10552706bbb5b6a342fbd6e4f1509b465c2,c5540a2b4f32b72f
data/private/sketchnet/paintings/mary-fedden_chinese-teapot-1989.jpg,painting,0,mary-fedden,test,b48027b9a0ff0edf457b0871e3abd9cfc24061d8fd34febc217777217c110ef2,c19e39cdb2649936
data/private/sketchnet/paintings/mary-fedden_leaves-1963.jpg,painting,0,mary-fedden,test,689ad9d8aae418d607f8aa10ffa440e06fd5f540ebe4d4a8a06d9821312765e3,c7be1c0d3c1d5455
data/private/sketchnet/paintings/mary-fedden_lunch-in-the-port-1964.jpg,painting,0,mary-fedden,test,25bd071406e68a99eb417f651df4dfb344575b048865733dbe1318de8d1b91ad,e592ae53986c516e
data/private/sketchnet/paintings/mary-fedden_red-table-brown-jug-2009.jpg,painting,0,mary-fedden,test,3cf39654513cadbe9e3b5516a78d437283af4be3f232530e02b8f5f44aeaea1e,ea4b9c1ce3639a1a
data/private/sketchnet/paintings/mary-fedden_still-life-1981.jpg,painting,0,mary-fedden,test,0f1db337fe7fa1adafa48b474cab1ed164b22130bdfe8807f535c120cf557f11,ee6c58d3b19cc162
data/private/sketchnet/paintings/mary-fedden_still-life-with-onions-1987.jpg,painting,0,mary-fedden,test,ea3d5233cb5e45be9364ea1ca474e0e2558f97de06b90cdd9e13789dd293803a,cb363b49b495c896
data/private/sketchnet/paintings/mary-fedden_still-life-with-pears-and-onions-1992.jpg,painting,0,mary-fedden,test,7460fb40777e0bec3a53a546fd9b95d284401213b4fff4f1c97a2446f67303f4,dbe0acc5915e6938
data/private/sketchnet/paintings/mary-fedden_the-oil-can-1971.jpg,painting,0,mary-fedden,test,2183031ccfcc1b0f93fe38dd3dca64031858fbd85a3a6e58a7150f6f20bf8d7c,c31b5ccc88e3b6e1
data/private/sketchnet/paintings/mary-fedden_the-teapot-1984.jpg,painting,0,mary-fedden,test,9cdd7017e54d3da7acf5c15d06d246ef54035287fad075bb8e7b120b8eff6081,8c67f0d60c7273e1
data/private/sketchnet/paintings/maurice-de-vlaminck_at-the-bar.jpg,painting,0,maurice-de-vlaminck,train,fad0a3b18837aefa9c19edeeb15e36b9b38bd158aab1b73ab4d5d77c13b16cfb,937c69a3345b229d
data/private/sketchnet/paintings/maurice-de-vlaminck_autumn-landscape-1905.jpg,painting,0,maurice-de-vlaminck,train,917daa7a588effc63bcec517bef398229308ee98c5284419a46dada830729439,87828ae2dbcab4ec
data/private/sketchnet/paintings/maurice-de-vlaminck_portrait-of-a-woman.jpg,painting,0,maurice-de-vlaminck,train,d12b317af96591a73905f08858abeadf96841eefac9dabf2d8fd3b9b2a0960ee,850878cf0ff8497d
data/private/sketchnet/paintings/maurice-de-vlaminck_portrait-of-derain-1905.jpg,painting,0,maurice-de-vlaminck,train,6c423b9d40c050c5f2063e1f5a59ba7c5aa8ab6764f47312675136c999f5cb72,eb791c3629f01f60
data/private/sketchnet/paintings/maurice-de-vlaminck_still-life-with-knife-1910.jpg,painting,0,maurice-de-vlaminck,train,7fd5928ebd0a1307a5ff2c5b85fd2300c8f7b4d9c6a204e8989918980889aa2a,9b3c6d6172233dc4
data/private/sketchnet/paintings/maurice-de-vlaminck_still-life-with-pears.jpg,painting,0,maurice-de-vlaminck,train,96fa6dd7ea473f9e929d7b0d91f40c838f19e06e051fdd4aec74cb3556534941,ac938b1fc6a3506d
data/private/sketchnet/paintings/maurice-de-vlaminck_the-bridge-at-chatou-1.jpg,painting,0,maurice-de-vlaminck,train,2188002198013c2edb7cb37213afe9e1a5ccc6ef13a448e82cb40cbe8a04dbbc,8bfdad8ba4e06660
data/private/sketchnet/paintings/maurice-de-vlaminck_the-chatou-bridge-1907.jpg,painting,0,maurice-de-vlaminck,train,4da2a87b4ec23829adc20fa9aba17c12dda31f70b3905717098777088274af38,dd5892a1e6983a73
data/private/sketchnet/paintings/maurice-de-vlaminck_the-weighing-place-at-longchamps-1905.jpg,painting,0,maurice-de-vlaminck,train,eb93816eaf0dc2b8726cca97da7eff5c3cbe39e253cdb8e4c082a5d6cc0c611a,d443fb542b6036e9
data/private/sketchnet/paintings/maurice-de-vlaminck_vase-of-flowers.jpg,painting,0,maurice-de-vlaminck,train,5f505bb8df9b631fad82bbbd60f2d8690c35fc0b03a63d0ba9f6ac465fe3aa2c,97c6c9d966921672
data/private/sketchnet/paintings/maurice-esteve_arizovert-1972-1.jpg,painting,0,maurice-esteve,train,3d907abd2186c9c54c4f76866f61d43943c34a884af158ec45ca04ab286871db,d221cefc619f0cac
data/private/sketchnet/paintings/maurice-esteve_assaba-1983-1.jpg,painting,0,maurice-esteve,train,2ed911c782e99d68b6a6b36d8d2428250783c2ef27762eaee52ad11bc26ffc10,b6704c83e136379b
data/private/sketchnet/paintings/maurice-esteve_trigourec-1972-1.jpg,painting,0,maurice-esteve,train,9c104ed8a09cad172f67cdf6652f37c3d2540109f2bcee0d54e17f369ad2c90b,98f73d6cce036514
data/private/sketchnet/paintings/maurice-esteve_vigorou.jpg,painting,0,maurice-esteve,train,99494b6b23174b1ddbd8ed33180e1de53b62ea971c9225755ca4c399c681a825,f2e059ad748a4f34
data/private/sketchnet/paintings/max-beckmann_the-iron-footbridge-1922.jpg,painting,0,max-beckmann,train,5eb89c0071c91830083df755cd980430ad255e9745309593b2f273e3475c33ae,bac4ecaff6406134
data/private/sketchnet/paintings/max-ernst_33-little-girls-chasing-butterflies-1958.jpg,painting,0,max-ernst,train,67542d04ee92f79fe1c92cfdcc2b8c61d63196cf8f3c920a2de047f5c3630e30,c2f72942330d3f0f
data/private/sketchnet/paintings/max-liebermann_villa.jpg,painting,0,max-liebermann,train,826cf6658fa69681ccb04fa89f4b2ac16b0f0217f55b8e07ad69e4aaf950b15d,93b72d4a5295c85d
data/private/sketchnet/paintings/max-liebermann_woman-with-goats.jpg,painting,0,max-liebermann,train,735b2ff846a224b7c6c6c92d39363dfa25ba8779b351fe59c18a300ca9d3f865,ece4925aa71b1897
data/private/sketchnet/paintings/max-liebermann_women-plucking-geese-1871.jpg,painting,0,max-liebermann,train,c26e4ceb7384eb03e145dfea9e919ddeae51cc6356d57d7abf022eeac5f6d650,807ecde19647b8ca
data/private/sketchnet/paintings/max-pechstein_dawn-1911.jpg,painting,0,max-pechstein,train,ffaa19329b50f17ec650ef26e5e64da000c91a1b0d738ef34e498faf44840ded,cfbcf8c19a21155c
data/private/sketchnet/paintings/max-pechstein_day-of-steel-1911.jpg,painting,0,max-pechstein,train,0b4b515f7b3927760b0ade833d5be7105e9a6108d732918b5a14d239238b80d5,988473e067c707af
data/private/sketchnet/paintings/max-pechstein_indian-and-woman-1910.jpg,painting,0,max-pechstein,train,5721930fe932194138d860fe219bc0964138009ed10bc51d6733d387def7454d,e9688c520fdb670e
data/private/sketchnet/paintings/max-pechstein_italian-church-convent-of-san-gimignano-1913.jpg,painting,0,max-pechstein,train,6db4c55bca0fef51a471366f5de207949cf596da54f63f5cf1ce366137db8a30,c0e1468f37ac3d99
data/private/sketchnet/paintings/max-pechstein_sunset-1921.jpg,painting,0,max-pechstein,train,19a86b7baebb8e34d91020eab56a5fa7ed549e21212ad06d5c2dc380cb3a22d8,8df168a799d3360a
data/private/sketchnet/paintings/max-pechstein_the-big-indian-1910.jpg,painting,0,max-pechstein,train,ad842774d3133a522b24415c97bfc90c8f16dac12dfdf036e487d2933149fa2e,f6d7574280b1584f
data/private/sketchnet/paintings/max-slevogt_don-juan-s-encounter-with-the-stony-gues.jpg,painting,0,max-slevogt,train,dd072ae963e75d91bffabae666093a87680d48bd8b029b0bc3845b96e3af3526,c8613983a71cfacd
data/private/sketchnet/paintings/max-slevogt_francisco-d-andrade-reading-a-newspaper.jpg,painting,0,max-slevogt,train,85b87c5854be402f376fc407c90a3a7811ec26044f5cae71f08bbdd8e4c8b307,bec95866b960c473
data/private/sketchnet/paintings/max-slevogt_girl-in-front-of-the-lion-cage-1901.jpg,painting,0,max-slevogt,train,d83fbbfa089b5886115abf6dd6ef52cc017468c0e57c88568f7579398c11a490,f7466d89619e4037
data/private/sketchnet/paintings/max-slevogt_lady-in-white-dress-on-horseback-riding.jpg,painting,0,max-slevogt,train,33181bee0f741b5f96de551ccfc6805dd054eb10e32e101438336a30debee68f,988d2773ec8c33b2
data/private/sketchnet/paintings/max-slevogt_magic-flute-scene.jpg,painting,0,max-slevogt,train,302d02f2c615ae017a9831a091a5a2f7555fd004301f876cb75ba30cca39dc80,fa6b853e82b19591
data/private/sketchnet/paintings/max-slevogt_portrait-of-julius-freund.jpg,painting,0,max-slevogt,train,36331af70242f61124c1eadbde617ec4f4fba24ef31c68d6910f90326fd32ced,ff8a947c0b189965
data/private/sketchnet/paintings/max-slevogt_portrait-of-nina-and-wolfgang-slevogt-children-in-the-forest.jpg,painting,0,max-slevogt,train,13eca3b3f904962195c6bad5bea3c21988a3c9f81369ac2ad22cb3a7d71aa20b,d33fecc2440cdc93
data/private/sketchnet/paintings/max-slevogt_slevogt-family-in-the-garden-of-godramstein.jpg,painting,0,max-slevogt,train,36b6370213068fe4576b787479af8a407c44166195c63cdad779b6f7d2e30228,a6455976da5a85cc
data/private/sketchnet/paintings/max-slevogt_summer-house-garden.jpg,painting,0,max-slevogt,train,3f7e1db5f6ddba3913f31497bac45f88fb2fc5790cc3ee177226524a2b132d6a,8d0fc48efc3078da
data/private/sketchnet/paintings/max-slevogt_the-circus.jpg,painting,0,max-slevogt,train,7bef4be9ab2a661c642a850d29e9653731123d12497c24935ef57f531e77e574,84d9f96617155c6a
data/private/sketchnet/paintings/max-slevogt_tiger-in-the-jungle-1917.jpg,painting,0,max-slevogt,train,df674142082408f0671d6a9f9d2c0a0d78ad07a0f987f749b3141c7879ff171f,878278bcd6535956
data/private/sketchnet/paintings/max-slevogt_under-an-arbour-1901.jpg,painting,0,max-slevogt,train,27ccb2100938a9fd193486818590ab74fd6adf99675af894173135312f824a1f,da291fd2e60f8961
data/private/sketchnet/paintings/max-slevogt_unter-den-linden.jpg,painting,0,max-slevogt,train,e3faf19b3c34e449988e8f1c052aa27f8b364ca2925cab69b7353a73fb11ba01,c595e23b620f790e
data/private/sketchnet/paintings/max-weber_burlesque.jpg,painting,0,max-weber,val,4b701c897314afc47b42f55d49203763b08f7d93acb84f6a70d22e3dbc5fa2f5,858c3bed26b52c87
data/private/sketchnet/paintings/max-weber_chinese-bowl.jpg,painting,0,max-weber,val,f79ac756886f19a77b76dcb8eae4ec54173522749d62b84315b43d39d5dbe279,84de251b7b6968c6
data/private/sketchnet/paintings/max-weber_composition-with-four-figures.jpg,painting,0,max-weber,val,0bc97f5a1054f616bf7c2d3458c97d3bd64aee4c523a4e6eabf402585423d304,feb2a56aa98d8381
data/private/sketchnet/paintings/max-weber_figures-in-a-landscape.jpg,painting,0,max-weber,val,c3f33b06cc3865389fa4e2ddbdbdbd8ab699f3c8bc569d413e0cf818c9fd6787,f3e2e812b51dcb14
data/private/sketchnet/paintings/max-weber_the-two-musicians.jpg,painting,0,max-weber,val,1096e74197731f8c7e9438b8910abdf7c657731d00186484fde9b88fc395dfd6,cc8c27e571132ef8
data/private/sketchnet/paintings/max-weber_the-visit.jpg,painting,0,max-weber,val,47d4adbe859c98f48e68b9c317127de3b4ea18392fb0a22ff4a79ca12cec7059,eab092cb91e7c525
data/private/sketchnet/paintings/maxime-maufra_a-cottage-with-thatched-roof-in-douarnenez-1898.jpg,painting,0,maxime-maufra,val,977662ecc7aec80dadec008a8cc18332bacd1a30fe0f978c46a8c36e335765e8,cfc91866e759e508
data/private/sketchnet/paintings/maxime-maufra_amont-prairie-1888.jpg,painting,0,maxime-maufra,val,5a776ce0d7f6c909e7b869ead118b2ef69e7ddd0414e86b6ddccc9bc7a5be141,ae4d90b363639cd8
data/private/sketchnet/paintings/maxime-maufra_cliffs-at-sunset.jpg,painting,0,maxime-maufra,val,8e8fa34c45766b66220a82705074e6828cadd815c47aba5fc94509dcab663c06,9d5a29b636e626a4
data/private/sketchnet/paintings/maxime-maufra_cornfield-in-the-valley-of-saint-jean-du-doigt.jpg,painting,0,maxime-maufra,val,c51f0e507b7067c4c4e9a61a07f16538e8419fb34cacb8ce640f64f49d600879,8e8ee5e563cac861
data/private/sketchnet/paintings/maxime-maufra_cottages-in-the-snow-1891-1.jpg,painting,0,maxime-maufra,val,154f821a5e47867bb22658beeb5345de3d6e8480f2bd8c129f6eae79e29a5c68,d472abce0cb26d29
data/private/sketchnet/paintings/maxime-maufra_cottages-in-the-snow-1891.jpg,painting,0,maxime-maufra,val,0cdcdcf38eb36ca7ef8578a0589a39b5c9c8aed4d19580e9c8959f6f997ede03,d019ad550693faea
data/private/sketchnet/paintings/maxime-maufra_domois-shore-belle-ile-en-mer.jpg,painting,0,maxime-maufra,val,1e9692e5a84c64b572e11b1d0464544d13ef9450877d6bb58363866f2b8997e0,dbe635da0d05331c
data/private/sketchnet/paintings/maxime-maufra_great-sea.jpg,painting,0,maxime-maufra,val,98b8a4a79971d235251bb39b1589efd8df76247167a9491bc3f8acbe4459bd2a,d4d66ac85cb12b96
data/private/sketchnet/paintings/maxime-maufra_in-front-of-the-isle-tudy.jpg,painting,0,maxime-maufra,val,2c5d215fdc487f461d6b1101c255b1fb8d3517364f335d86f78e6c80ed1f6457,86f8d9a6fc100f66
data/private/sketchnet/paintings/maxime-maufra_isle-of-brehat-1892.jpg,painting,0,maxime-maufra,val,236fca06394c877d4d816d997423b69d9975586ef35794b3ebaa2b4bf1adcecb,c095fb683f0fa1c8
data/private/sketchnet/paintings/maxime-maufra_landscape-near-douarnenez-1897.jpg,painting,0,maxime-maufra,val,2741cc149be81a6565a118b7d5977ced01f9ccd84f7c8f4a8e54045f8e1ae437,cb97b9a023641dda
data/private/sketchnet/paintings/maxime-maufra_landscape-with-mill.jpg,painting,0,maxime-maufra,val,9304d1a0703bebedff3721666714091c4ee13f277dc69a1054912bebd6197a7b,ace4f37324ecc941
data/private/sketchnet/paintings/maxime-maufra_the-cove-at-cape-suzon-1898.jpg,painting,0,maxime-maufra,val,2e8cd15ad0db155919fb7dc79de59e517d1070f10a11033780292c6d486111b8,d0af689db5c296e0
data/private/sketchnet/paintings/maxime-maufra_the-fishermen.jpg,painting,0,maxime-maufra,val,1e40a4c77fcc3d98b9b4ff294610dd48515164b30b851ee92f2667be4b8c7f15,a2d41d4733a4df68
data/private/sketchnet/paintings/maxime-maufra_the-high-island-1880.jpg,painting,0,maxime-maufra,val,030e4875cea8f53d99cf2cc3df04ddebb877a9c1f83682f8500b96106906d3b9,f2f1d10e0644cded
data/private/sketchnet/paintings/maxime-maufra_the-marais-salant.jpg,painting,0,maxime-maufra,val,4190eb30dbd3f519ade9887380822ea7735c2acf8691730b268b9c566b9dd2f4,b1c44bb1062fd9cb
data/private/sketchnet/paintings/maxime-maufra_the-marne-at-lagny.jpg,painting,0,maxime-maufra,val,0dab9615784854b9d78c5cfda84e1a37ebac3052c667dd0c4f8fe3b95cc2d676,dcf2274658cba5c4
data/private/sketchnet/paintings/medi-wechsler-dinu_balchik-caf.jpg,painting,0,medi-wechsler-dinu,val,7238b545ed6e3c5edc3c4798a38469244675aba5b31381317843b89e517a7256,e14c963dc9334e69
data/private/sketchnet/paintings/medi-wechsler-dinu_balchik-landscape.jpg,painting,0,medi-wechsler-dinu,val,09b94d24858c3456cf9f675ae9e638082fe6f259a0a5409287f06de937dfe9a8,94e9cfd96126660b
data/private/sketchnet/paintings/medi-wechsler-dinu_unknown-title-1982.jpg,painting,0,medi-wechsler-dinu,val,043d92a215a5c884a7e8d8ae497f3cdc0e859a1371e312c4ecb96bc754a7238d,c56ed33878857724
data/private/sketchnet/paintings/medi-wechsler-dinu_unknown-title.jpg,painting,0,medi-wechsler-dinu,val,3eb4e0173598215d3112ab01d8db2cefe756918f992fec3180700a6cbf20c567,fec0e35b9438c90d
data/private/sketchnet/paintings/micaela-eleutheriade_bog-ia-apelor.jpg,painting,0,micaela-eleutheriade,val,82dd1c5a2bac0928ba4fde7282240d1a7ec769055d8863821e5497ecbed5f8f3,81db8574f20dd971
data/private/sketchnet/paintings/micaela-eleutheriade_cules-de-vie.jpg,painting,0,micaela-eleutheriade,val,b2f99872f8700442ed32c9c53198ceca0115a1bb361768042c4f8fd51dd226d5,c9bcacf11ba7148c
data/private/sketchnet/paintings/michael-bell_the-n-and-the-r-2010.jpg,painting,0,michael-bell,test,0ea1e229fe8896cc621b02f5f589ad9626fd2f069ac5e744fbb9438d1cd84ad0,c0d91c783a673b59
data/private/sketchnet/paintings/michel-carrade_unknown-title-10.jpg,painting,0,michel-carrade,train,d748b20e8e672c9affa6b797ac095bcfaa8f57021b4ff4ffeec2d76b695d6bad,a9699669d629d629
data/private/sketchnet/paintings/michel-carrade_unknown-title-9.jpg,painting,0,michel-carrade,train,259d417cfc29506828325169f4a0a17452987763aeb6e24a40c3f0654b1279f2,ab8d5c96d496d494
data/private/sketchnet/paintings/mikhail-vrubel_mikula-selianinovich-and-volha-1899.jpg,painting,0,mikhail-vrubel,train,a432a9506c286860a6fbfc1bd0be9c059c4f43c16c1d7f8615283a7f965318d3,a5dc1a5649656759
data/private/sketchnet/paintings/mikhail-vrubel_mizgir.jpg,painting,0,mikhail-vrubel,train,84fc919b6b7a844d9640c9568c42b10d2be9852eff2234ea37bc586d998c7772,c14e3ea7c0d82d3d
data/private/sketchnet/paintings/mikhail-vrubel_morning-1897.jpg,painting,0,mikhail-vrubel,train,32dea8bb929f1e6821fcb7f101f3949f5833c798324f12167b1d6be136cb9c53,d4cc9c9c960f1d99
data/private/sketchnet/paintings/mikhail-vrubel_muse-1890.jpg,painting,0,mikhail-vrubel,train,24cfe3407543c4ffe820904b22b4bd1da24dc92ecf7ce312a940a72d959c8404,fcb0328cd9d8cac9
data/private/sketchnet/paintings/mikhail-vrubel_nadezhda-zabela-vrubel-as-princess-volkhova-1898.jpg,painting,0,mikhail-vrubel,train,6517a7cdd67c4a93aaf5cc1945fbacc21914e3340023a06a73970657554f5d3f,9ad86c5869efc0b4
data/private/sketchnet/paintings/mikhail-vrubel_orchid.jpg,painting,0,mikhail-vrubel,train,a61bffdc643b0de05abdf3777f1c756ab084eb22f089a2de090e22ca4693fb84,a31d7a67ac831e38
data/private/sketchnet/paintings/mikhail-vrubel_pan-1899.jpg,painting,0,mikhail-vrubel,train,433c118684cfc16edea386ad7afeebd92799ed84c4632c103cfb613e2c5c296b,95854d3ca29fb913
data/private/sketchnet/paintings/mikhail-vrubel_parting-of-the-sea-king-and-princess-volkhova-1898.jpg,painting,0,mikhail-vrubel,train,d88e3b644f2ee016e1b21ea061885695ecceab89ff650a44a3f979d4e95efd94,9bab33728ac8a666
data/private/sketchnet/paintings/mikhail-vrubel_pearl-oister-1904.jpg,painting,0,mikhail-vrubel,train,84b73466b2b483949be86e40911cec1bb4f4a9b9c2784af305dec3bfe16ed165,d79fd06968a0ad8c
data/private/sketchnet/paintings/mikhail-vrubel_piet-1887-1.jpg,painting,0,mikhail-vrubel,train,d03f092cb69722b33eeb2114de53c427e9d5263f37616206d1856dacb44f6cb5,c4de1b632a1e4fc1
data/private/sketchnet/paintings/mikhail-vrubel_piet-1887.jpg,painting,0,mikhail-vrubel,train,7a24299a619dd28e6f68c62ac5c381dc5abd4d19006c31c39d798782d855fdf6,9285bff8b9c6150a
data/private/sketchnet/paintings/mikhail-vrubel_playing-naiads-and-tritons.jpg,painting,0,mikhail-vrubel,train,9197f81e390cc0432413c925d1733fe6310209a4b590b9e1467bcfcfb123e463,f0686c9830a35fdd
data/private/sketchnet/paintings/mikhail-vrubel_portrait-of-a-girl-against-a-persian-carpet-1886.jpg,painting,0,mikhail-vrubel,train,970e1003f85f9fc913b700b30282ce4e4be203541c792469bb0907c9fca365ce,9d25768e6d916166
data/private/sketchnet/paintings/mikhail-vrubel_portrait-of-an-officer-pechorin-on-a-sofa-1889.jpg,painting,0,mikhail-vrubel,train,6145f2a43ee608bc3c8dc59e283ed3378389b3d5f2b686930b69530b4563ad85,a6b1c2d479793c2c
data/private/sketchnet/paintings/mikhail-vrubel_portrait-of-doctor-fiodor-usoltsev-with-an-icon-in-the-background.jpg,painting,0,mikhail-vrubel,train,76e564d5c98ad5a3180b0cfcf0388ab4505cf47997bb8a499bc7c79b80e804cd,ab62e4add38c78c4
data/private/sketchnet/paintings/mikhail-vrubel_portrait-of-m-v-yakunchikova.jpg,painting,0,mikhail-vrubel,train,cb185f1e508a2f8f7da3ff120ddd880b9d9a2c75bc61385ca43716b645005dde,baa54592d5c8bb70
data/private/sketchnet/paintings/mikhail-vrubel_portrait-of-nadezhda-zabela-vrubel.jpg,painting,0,mikhail-vrubel,train,16a59b079322774ffee679b5b4cd48694ffd1b7ac3eb2fa2f6dff8735c73d04a,d02377ce22944fdc
data/private/sketchnet/paintings/mikhail-vrubel_primavera-1894.jpg,painting,0,mikhail-vrubel,train,9b5b9d0366ed8f333c46cccb7d98e42a9f01d4095f022f018f43cd409356252c,9e87011a7ff24a65
data/private/sketchnet/paintings/mikhail-vrubel_princess-reverie-1896.jpg,painting,0,mikhail-vrubel,train,befd0998d2ef811f7ae2eea586cdadb4eada00dc93652d45d98454c6c7674bf0,adafb470a1e31386
data/private/sketchnet/paintings/mikhail-vrubel_princess-volhova-1900.jpg,painting,0,mikhail-vrubel,train,528d5f165987707f007bc263c104711119615457053bb3bbfb6f465d8dfbf16e,be378578c02dc92d
data/private/sketchnet/paintings/mikhail-vrubel_prophet-1898.jpg,painting,0,mikhail-vrubel,train,37d2a1ba23447b5925fb2c01b842930c02af708ad6cfd2076cf67aa103100767,eaedb1d4e4649186
data/private/sketchnet/paintings/mikhail-vrubel_resurrection-1887-1.jpg,painting,0,mikhail-vrubel,train,2f6e95272dc3a6c70356a3b9fa1e0597fcd9511cf9b6021d0076e21e7abc9c62,986f70e9b5616351
data/private/sketchnet/paintings/mikhail-vrubel_resurrection-1887.jpg,painting,0,mikhail-vrubel,train,f23d1ac929e90d25800abc3252e69f4496f4bffe8df503e9e89932666ccb44fb,d8f82703de7d2382
data/private/sketchnet/paintings/mikhail-vrubel_romeo-and-juliet.jpg,painting,0,mikhail-vrubel,train,52ac6283c3084b1e1e71bb3e0f1bbf6e1e9d969237995b1318ff0a5c7153459a,ebbd575a68054265
data/private/sketchnet/paintings/mikhail-vrubel_roses-and-orchids-1894.jpg,painting,0,mikhail-vrubel,train,19e50fa4689fcc876e53e8cfe196755b96ebfb573bbcf23cdca12bacaafcf299,eec1a51cf536d290
data/private/sketchnet/paintings/mikhail-vrubel_sadko-1899-1.jpg,painting,0,mikhail-vrubel,train,d36f36312ca456a51ae536278a427629450c15c0dcbc621a05bec234570c4cf4,ba39ad76b489c0c3
data/private/sketchnet/paintings/mikhail-vrubel_sadko-1899.jpg,painting,0,mikhail-vrubel,train,164344bd1b2a73d042ab4d2ae1c675a3c750f16b36ca5ab96df341a2da8cb4a6,f8cba7869c317065
data/private/sketchnet/paintings/mikhail-vrubel_sadko-1900.jpg,painting,0,mikhail-vrubel,train,ed90fdaa1d90a183d6d0c068e29589451dae46af52a9d90e55c61fcc93c1282f,c0e50fc33ec62b1e
data/private/sketchnet/paintings/mikhail-vrubel_sappho.jpg,painting,0,mikhail-vrubel,train,c68654519645dc7d9b7f2f63011d0db3090da946311518a7bceb92c926d8260f,86c1f4bc5d77a405
data/private/sketchnet/paintings/mikhail-vrubel_seated-demon-1890.jpg,painting,0,mikhail-vrubel,train,b817169490496c156687557b1e41647bc6aa8d63a9f0eaf28f39635fde67c36e,ed0716fc0855fd12
data/private/sketchnet/paintings/mikhail-vrubel_self-portrait-1905.jpg,painting,0,mikhail-vrubel,train,18c53551cbe8af6034081401297f33e0a2ef9b5551171da265ce314f666d9612,f980766622bf80fc
data/private/sketchnet/paintings/mikhail-vrubel_shadows-of-the-lagoons-and-naiades-1905.jpg,painting,0,mikhail-vrubel,train,fbf859774d977725511003a3fce522807816d7131aef9a63ef72b63d6142d97d,afdad0c007878f66
data/private/sketchnet/paintings/mikhail-vrubel_sitter-in-the-renaissance-setting-1883.jpg,painting,0,mikhail-vrubel,train,584082f8951c2c5334223ff2a5f0007683e0964c28dbac5cd54c24627c2b7fa2,fd826625163b9bc4
data/private/sketchnet/paintings/mikhail-vrubel_spain-1894.jpg,painting,0,mikhail-vrubel,train,2d0e6c582cdaf7c67fb2bcd8323390a8b2e62d9794d72d218efb2b67c1c21950,de0db0dbe024c7b2
data/private/sketchnet/paintings/mikhail-vrubel_swan-1901.jpg,painting,0,mikhail-vrubel,train,674333df986d02eb42f4e52f95abcbd02f0cb7ac60e2b953c8e9f6d53f32e91b,977c38e33494b1d2
data/private/sketchnet/paintings/mikhail-vrubel_tamara-and-demon-1891-1.jpg,painting,0,mikhail-vrubel,train,35b3b4d749f2e468abbc824c061b3f0159910aaa494f3c6c4d8ad2cef719c6b6,f8709327369386ba
data/private/sketchnet/paintings/mikhail-vrubel_tamara-dancing-1891.jpg,painting,0,mikhail-vrubel,train,b9fa93eddef5e48fe64cced822b01e5afe7fc3d39a81699d0cbef2f07d4945b9,b848939485cbb72f
data/private/sketchnet/paintings/mikhail-vrubel_tamara-lying-in-state-1891.jpg,painting,0,mikhail-vrubel,train,377e38e56ec26da6e08bac52e551422ed5855788f27eb95d6b1b72e390d5d1b0,bfe1a050fec41569
data/private/sketchnet/paintings/mikhail-vrubel_the-alexander-sloboda-1899.jpg,painting,0,mikhail-vrubel,train,81abe4087e9cfcb7f8206bb85a7597a3dea214c7641a00ab7901bd1fb04fbb90,9e29e572b01ca799
data/private/sketchnet/paintings/mikhail-vrubel_the-demon-1891.jpg,painting,0,mikhail-vrubel,train,8ac6d25338d920f6423e31635fb4b1ca9e73f7faa94e4d4018fde02dc5414cab,ab24bcb3d31a3e06
data/private/sketchnet/paintings/mikhail-vrubel_the-flying-demon-1899.jpg,painting,0,mikhail-vrubel,train,eab823a34a008c2557299e631da33734d4afc4f56e11b0fafffcf9cf416a7341,ef46a0ef1638304f
data/private/sketchnet/paintings/mikhail-vrubel_the-flying-demon.jpg,painting,0,mikhail-vrubel,train,94fe84444b8d2fbf2a34f1be4fa19e15cc9cd30b68339d24f3986cdcade2dbef,faa79498e14c8b66
data/private/sketchnet/paintings/milton-avery_autumn-1944.jpg,painting,0,milton-avery,train,c91bb0e36d15fd7c3da8f02d718414390c94542bc3c88762ed69965a9b272054,c7eff9d09e1e0081
data/private/sketchnet/paintings/milton-avery_cello-player-1944.jpg,painting,0,milton-avery,train,111bb061226eeb47d766e3df520100efdb15e1b3a5f7e7333e3322458b4717f2,eaca953da1640cf9
data/private/sketchnet/paintings/milton-avery_interlude-1960.jpg,painting,0,milton-avery,train,c10a8dcff863f6353a81496f892f096a755bd4d405a4db82df6037d23e58a01d,93dc37e3588f3181
data/private/sketchnet/paintings/milton-avery_nude-combing-hair-1954.jpg,painting,0,milton-avery,train,0e76ff451f72b0d06d6fd076f3746f833e9d859e98c49ea25a55ce39f5cb8463,87cb7895c3744999
data/private/sketchnet/paintings/milton-avery_two-women-1950.jpg,painting,0,milton-avery,train,174531c51b0b0417083bb9a85d38a0a84575422149f04f9b96194805d63c7e4e,c417398e7ce3e219
data/private/sketchnet/paintings/milton-avery_white-moon-1957.jpg,painting,0,milton-avery,train,8189d68cf04cafc773c216972c90b27b0a706b68aec388bdc380874a83d0b9f3,99eca699440ce677
data/private/sketchnet/paintings/miriam-schapiro_alexandra-exter-my-fan-is-half-a-circle-1994.jpg,painting,0,miriam-schapiro,train,bd958bf36822627257fd6af868fdf072fe7124037c37ef56b1e76bd12046d5b0,abe29293943bdaa4
data/private/sketchnet/paintings/miriam-schapiro_i-m-dancin-as-fast-as-i-can-1984.jpg,painting,0,miriam-schapiro,train,03e61257667fd36d15ea93fad68d677cf9ed1eb7dc2d64520cd79f1bed98dd39,9cd218613776472f
data/private/sketchnet/paintings/miriam-schapiro_stepanova-and-me-after-gulliver-1993.jpg,painting,0,miriam-schapiro,train,5f9e23459adb967cbd8cf4bf3560fb507169dfc3e5ffecf65ad416cc435a7c93,fc2487cc8673c9c9
data/private/sketchnet/paintings/miriam-schapiro_untitled-portfolio-cover-1992.jpg,painting,0,miriam-schapiro,train,37c1c0d5533a4ca43b46739a8d0b03129e24a520f896a4642a281adf6799e7d6,bf2dc0d0d20f0b9b
data/private/sketchnet/paintings/morris-louis_7-bronze-1958.jpg,painting,0,morris-louis,train,c73cb1b605c2d18baa535baa8e2df26b34cdc2c4868c5c152977f8f0714e5f83,ebd5cce2eac288c2
data/private/sketchnet/paintings/morris-louis_addition-v-1959.jpg,painting,0,morris-louis,train,d82cf8db650a9de31053f6ce0a271c8469344d0d89499b3e964fc169cb176d42,afd0e0c7a295a978
data/private/sketchnet/paintings/morris-louis_ambi-i-1960.jpg,painting,0,morris-louis,train,8f899462d0e2a028c7cbd205e7de7d1a43e4b478cd610db4b47c2216ece5a806,fb5147b5c092b46a
data/private/sketchnet/paintings/morris-louis_apogee-1962.jpg,painting,0,morris-louis,train,7e5ca5ded0ca1c38e07abe8dbbd3ec834ab62b109f7f19e2fb36cda1a697cafd,99f2e6a6a4a4e6a4
data/private/sketchnet/paintings/morris-louis_beth-rash-1959.jpg,painting,0,morris-louis,train,c067daa372cd50d700fbd7228d5d202cfa598290b00e59ca3314bc2f7d9512c1,af5294b48ab49eb4
data/private/sketchnet/paintings/morris-louis_beth-zayin-1959.jpg,painting,0,morris-louis,train,683a04e6fbfdabd505407179a2fa1bb1c8313b8bfed1c688d4aed97376e867eb,ab50ffbac0eba0a0
data/private/sketchnet/paintings/morris-louis_dalet-tet-1959.jpg,painting,0,morris-louis,train,608de35e94420606a70395a9048a82553f8c9de3e88771ea1cb311bea15264c6,aa547dd2978a9a92
data/private/sketchnet/paintings/morris-louis_dalet-zayin-1959.jpg,painting,0,morris-louis,train,04815d96f1aa2bb8f557144f6decf5954cbb72f602fbbb4ca593e852d118deb4,bf560529fc8ed488
data/private/sketchnet/paintings/morris-louis_gamma-omicron-1960.jpg,painting,0,morris-louis,train,0c83d4c50f0daf915d7ba13fea2ec7f33f9dec4a2ed95bc0250b860e2b5f27c0,81e0ffaf5455a807
data/private/sketchnet/paintings/morris-louis_gamma-ro-1960.jpg,painting,0,morris-louis,train,16a9c81d61b04acb75ebca62f81a4495c7fb87a237d3b0c7e9534a8a4e3dc3c7,85a0abca0df2aafa
data/private/sketchnet/paintings/morris-louis_janus-1960.jpg,painting,0,morris-louis,train,d5bae01ef62a8a58d304612b135cbe71056d4c7930581a01b073ca3599f0fe31,e63319591d6c6c6c
data/private/sketchnet/paintings/morris-louis_k-s-i-1959.jpg,painting,0,morris-louis,train,683d3d0e0fd7b62ec40f43a7b07a0d8de51ebebe68fc24bd0c578ef2e2ec528f,d0f5bfca7f20005a
data/private/sketchnet/paintings/morris-louis_number-39-1962.jpg,painting,0,morris-louis,train,3f25a5492a03eea2ad2348ce3b52ca5f78fcadec921151c7ca9f984e98a5cccf,ea2525a525b1b5b5
data/private/sketchnet/paintings/morris-louis_number-82-1961.jpg,painting,0,morris-louis,train,bb4c1e2520624c4557913ad936e4379a62a67d8033e5349b8cc1c504e0baf4b4,e66619c9261959dd
data/private/sketchnet/paintings/morris-louis_pillar-of-hope-1961.jpg,painting,0,morris-louis,train,4583652141ef7b35fda46adb41fb6d5c841173bf07647cbbc0b61e5cd24739ac,ee9a939393939191
data/private/sketchnet/paintings/morris-louis_point-of-tranquility-1960.jpg,painting,0,morris-louis,train,7ecaa317f366243fadfa9f161eef7f04b1360f1a656a3a3c8b956b29b87edecd,ea9790a794db8760
data/private/sketchnet/paintings/morris-louis_seal-1959.jpg,painting,0,morris-louis,train,d8c35ae6b29aabb2ccc3c16eee131e7ced960e3bc13290f3c52546d502debdcb,9749954d354ec996
data/private/sketchnet/paintings/morris-louis_spawn-1960.jpg,painting,0,morris-louis,train,89876f108a0932d6eb9b3c046c23858c3a879cda4d63ea2e9f7ad4fc2650da15,bdf3d23ccb088dc0
data/private/sketchnet/paintings/morris-louis_untitled-1960-2.jpg,painting,0,morris-louis,train,02b5936f594d4dca2fd302e9096f8f782cfa0dafcc5e13546c49bbe91ee4f043,be88abd8b25e5095
data/private/sketchnet/paintings/morris-louis_untitled-1960.jpg,painting,0,morris-louis,train,61054b7c6fe29f8436bfa9ad255324323355cc575024e27e1a0ea4c16a0a72ab,bac284e4a7e79515
data/private/sketchnet/paintings/mostafa-dashti_untitled-1989(1).jpg,painting,0,mostafa-dashti,train,d8a3c3074affcbaf37cba3157a0dc715e1a2ca80928b126f4ef960051f13492d,d564677b400e3d69
data/private/sketchnet/paintings/mostafa-dashti_untitled-2009(1).jpg,painting,0,mostafa-dashti,train,3dae80f878e67784dfbc3464d83e71eabb01f270e6ae47dfb6ee73451c541eb6,958501a1c9c8efdf
data/private/sketchnet/paintings/nassos-daphnis_hybrizidation-1947.jpg,painting,0,nassos-daphnis,train,11d9d33e68a23a03b104cac37bf069825d74b7cb6f80e95c7eebaea44680d554,d04682bb41738f7d
data/private/sketchnet/paintings/nassos-daphnis_icarus-1948.jpg,painting,0,nassos-daphnis,train,c79a4fee06faca2357448c8cb21a21b3b07fc4de8a345e3f64a579664589d3b5,9c9817e1c29dc967
data/private/sketchnet/paintings/natalia-goncharova_boy-with-rooster.jpg,painting,0,natalia-goncharova,val,b3a4fd20a6bebd002b220c822e9f1c81dfb4b0f5ca7b5ae6495aa051a4eef7cd,a99c3612d9e325ad
data/private/sketchnet/paintings/natalia-goncharova_elder-with-seven-stars.jpg,painting,0,natalia-goncharova,val,32e66509583b5190c95c6ed468911ef91540c07924bb63e05081207901de4359,8d6a768992239c7d
data/private/sketchnet/paintings/natalia-goncharova_fruit.jpg,painting,0,natalia-goncharova,val,0af5c3806bb4db2017abe4774701fc58c566423bc8dc86f0d84470695c535e2f,c70a782f3ad028df
data/private/sketchnet/paintings/natalia-goncharova_harvest.jpg,painting,0,natalia-goncharova,val,07d85699d529b0058d2baa8076b686c7ea5a96ae0c06e241944af875f66fde29,d71b38f0e6c43ca1
data/private/sketchnet/paintings/natalia-goncharova_haymaking.jpg,painting,0,natalia-goncharova,val,1e75bc1c384d7b848e33423de56f4d56f5bdbfbd20df0c3c31b193b9d3619017,e5c49809b92fcd87
data/private/sketchnet/paintings/natalia-goncharova_icon-painting-motifs.jpg,painting,0,natalia-goncharova,val,f6f4f30f779bf8b9090369b6c7fca1d4474e5c6a64953bfdb89f85b82dca1425,904cd9461c7aaebd
data/private/sketchnet/paintings/natalia-goncharova_landscape-at-ladyzhino.jpg,painting,0,natalia-goncharova,val,6b87259c060aa1785c020e9449ecbce2721257b61e5f26f576c9329557b4d702,e80f32391567a477
data/private/sketchnet/paintings/natalia-goncharova_linen.jpg,painting,0,natalia-goncharova,val,a281332c148a0394019db567ee601d689e047231e5b2f56179408e06a07e4a9b,b0b20bca17add25d
data/private/sketchnet/paintings/natalia-goncharova_liturgy-sketch-of-a-costume.jpg,painting,0,natalia-goncharova,val,ca76cab93683b056e5154b60eb0500f71772ce6c5b33c31a10e26264d2c28942,854e6a1cbe34ad71
data/private/sketchnet/paintings/natalia-goncharova_liturgy-st-andrew.jpg,painting,0,natalia-goncharova,val,2b7586babfb81caf2186e5299c6ec5a4338ddbde51c30596a79be05c32be398e,e6ce01b1563a1f8e
data/private/sketchnet/paintings/natalia-goncharova_mask.jpg,painting,0,natalia-goncharova,val,227c9f90a446f442d6fd9cf8faef533d7e312d4da4181bbc72f4cd6ab60979bb,eb58d2a38d8c9972
data/private/sketchnet/paintings/natalia-goncharova_moscow-street.jpg,painting,0,natalia-goncharova,val,c8602c226a28a80fa7bd1c3953312dd5a18ffc6ee67fea5f8c2dd6e072257d1c,a8ac74e79d159585
data/private/sketchnet/paintings/natalia-goncharova_nativity.jpg,painting,0,natalia-goncharova,val,08894e064c883aceaee48b55c3fe6b4e78ecfd4cd0f2aa718d3e33a7dd9adb7e,f803cc3be2278d78
data/private/sketchnet/paintings/natalia-goncharova_orange-vendor-spain.jpg,painting,0,natalia-goncharova,val,c62e7b41491a3d34724605a5ce470228ba2b1667f99e8b1733540b7ba19f718b,8b931cb46d52b6e1
data/private/sketchnet/paintings/natalia-goncharova_planting-potatoes-1909.jpg,painting,0,natalia-goncharova,val,c12b1937b0f07e864dbf397b7ecb5a34024a7166c4b2ece121a4c5d9b3e95efb,d3caead60c710e5a
data/private/sketchnet/paintings/natalia-goncharova_round-dance.jpg,painting,0,natalia-goncharova,val,9d1fb4d73245d9f288efc09375904c2219c3b21ff362180c3c2e0db1a82871a4,8bfc362a559670e8
data/private/sketchnet/paintings/natalia-goncharova_sabbath.jpg,painting,0,natalia-goncharova,val,b9fe8fde281bedb40363e1b3318393fb5a2543a8670f73b44abbb6ad2987e59d,b7938d6b6e22c348
data/private/sketchnet/paintings/natalia-goncharova_self-portrait-with-yellow-lilies.jpg,painting,0,natalia-goncharova,val,8d8208b0a15a49f496058a70a848679433e2d5741eb68bcf01a80009ddd0dd5f,e9305647745e64d9
data/private/sketchnet/paintings/natalia-goncharova_sheep-shearing.jpg,painting,0,natalia-goncharova,val,2c3b8da1fdafe411c44c8d69cc43d284a4ef8523cf5fd750e633a652701fec10,e2793cc713e816f0
data/private/sketchnet/paintings/natalia-goncharova_spanish-dancers.jpg,painting,0,natalia-goncharova,val,994f61dcc4e1cb8529c958fd30445fcc53ca9cce973d76144f26fc015c379114,c4f425bbb307474c
data/private/sketchnet/paintings/natalia-goncharova_still-life-with-a-tige.jpg,painting,0,natalia-goncharova,val,72c02065c22a8b5445b1f38b4161c58437ec1ecdc9c30231647f7e45e57dd042,c5311be4dec8b6c1
data/private/sketchnet/paintings/natalia-goncharova_still-life.jpg,painting,0,natalia-goncharova,val,8b5e3267120882cafe16fa802c6cb94e66dd9425631cf9384dca969e047f420f,99d2f20697076e5a
data/private/sketchnet/paintings/natalia-goncharova_the-ice-cutters.jpg,painting,0,natalia-goncharova,val,face05928dc249632b3f7b62880e488e20e88eab54fd1758d8b158f922319d11,da9eb90981217f17
data/private/sketchnet/paintings/neil-welliver_canadian-geese.jpg,painting,0,neil-welliver,val,c5c7c40ad0d2d2333e6ef6b9bca287d1200ba890c3acfeb3e0be5793eb78b28d,be3ea1c3d4949499
data/private/sketchnet/paintings/neil-welliver_high-water-mark.jpg,painting,0,neil-welliver,val,6b587d1800120044e8c3192bed79c04018ea637af90563726c05da61b2d26f53,e3b474a3ad411e55
data/private/sketchnet/paintings/neil-welliver_maine-woodland-png-1970.jpg,painting,0,neil-welliver,val,d643d4fa5c85a8c283fd0acf890dbee5d55c5b4bdb42aead61b47dc74034798e,939964dcd9137c92
data/private/sketchnet/paintings/neil-welliver_olivia-seated-1968.jpg,painting,0,neil-welliver,val,37a749253ec8ae770ca832e8ddf6e35c7e9d47965152421fa733002b28a3aca1,c93336e16ece181e
data/private/sketchnet/paintings/neil-welliver_shadow-on-brigg-s-meadow.jpg,painting,0,neil-welliver,val,c6fce9c439f977a34546401c3f97b892837854c71d4630cb4161432b3aab2dc0,cce6133636cd3307
data/private/sketchnet/paintings/neil-welliver_study-for-flat-boulder-reflected.jpg,painting,0,neil-welliver,val,da2985c50b02c1d05207049a4fbaf404f5484109f18d4313e1272d6d16480e52,bd1f03289e371956
data/private/sketchnet/paintings/neil-welliver_stumps-and-allagash.jpg,painting,0,neil-welliver,val,7623b0096a235ee4f787314d474c8ba149a4d715945b7b29571f6d75832d8a11,eeb2c13b998d61a4
data/private/sketchnet/paintings/neil-welliver_two-trout-reflection.jpg,painting,0,neil-welliver,val,286e4c726a8f2777d767e48cd95d5213dcb8220ac01184cc3e82e6ecaeb8bcc7,bada30efd284d4c2
data/private/sketchnet/paintings/nicholas-roerich_ledenets-palace-1919.jpg,painting,0,nicholas-roerich,train,7b2fcbc2ceee672618aa7769824ac184085a119aff1cd71dd2b37a5f0b6a557d,d06769c866dbd9c0
data/private/sketchnet/paintings/nicholas-roerich_ledenets-town-1919.jpg,painting,0,nicholas-roerich,train,8b0e13055c5377ce1c885f00167ba8949b67e5123ba95ee48f274d0c5dd8a01d,c5101367ac687e6f
data/private/sketchnet/paintings/nicholas-roerich_martyr-mercurius-of-smolensk-1918.jpg,painting,0,nicholas-roerich,train,3b339009748331e7424548345265cb014786140555a7ec330369b64ed2cc82a9,f9b6e6496264a1e4
data/private/sketchnet/paintings/nicholas-roerich_medieval-revel-1903.jpg,painting,0,nicholas-roerich,train,d81ed35024198fa54bab900b08226835ea86b55f6d83b0ac31d8bae652092901,87c7ac2cd853d2d2
data/private/sketchnet/paintings/nicholas-roerich_mekheski-moon-people-1915.jpg,painting,0,nicholas-roerich,train,b414ae3077b555720f11b9ab0271c8245f7ca2410bce1420aed4e6ae455ef01f,f07e730f5d501691
data/private/sketchnet/paintings/nicholas-roerich_mill-in-the-mountains-1912.jpg,painting,0,nicholas-roerich,train,bfaf0675a71bb14e114f03c0f53f279375d60c37965d53972f98c96233dc4778,93b0f8169531d4fc
data/private/sketchnet/paintings/nicholas-roerich_mill-in-the-mountains-1913.jpg,painting,0,nicholas-roerich,train,3b955316b2d0f4a8c4fd618ad3599d30a0e0ed34f719b0c3661d217dd416771d,93b0ba9685b1d8ec
data/private/sketchnet/paintings/nicholas-roerich_mist-in-the-forest-1907.jpg,painting,0,nicholas-roerich,train,bfbf283d510bbb97770b77bb0ad356a27901afa93a12b77f1d4aec52126108b1,c23756562f62a768
data/private/sketchnet/paintings/nicholas-roerich_morning-of-kiev-bogatyrs-1896.jpg,painting,0,nicholas-roerich,train,5cf4ec089faeb6439fa5f3f17aa9187c18f702ebf0ea12009bb723bb3b68034a,84d20b9bd40d6dfc
data/private/sketchnet/paintings/nicholas-roerich_moscow-view-of-kremlin-from-zamoskvorechie-1903.jpg,painting,0,nicholas-roerich,train,a6bde2b541b6da516c935a4e9e1ca7d2c8b6ac5a4687c24405c99f5bb8d67c48,c49d8ccc79a3b2b2
data/private/sketchnet/paintings/nicholas-roerich_northern-landscape-with-fortress.jpg,painting,0,nicholas-roerich,train,58fb6ad3656151ebb13bb98ce732ca717e1326a1e7226e51d525cd816abb424f,86baa9ebe09d8307
data/private/sketchnet/paintings/nicholas-roerich_nunnery-in-pskov.jpg,painting,0,nicholas-roerich,train,cbea10cd309bbd207f8e7fb6c8c4331bd14c58e6c2db2ca07319189b680ca5ad,dc8603b0816ca7ff
data/private/sketchnet/paintings/nicholas-roerich_old-arabian-1912.jpg,painting,0,nicholas-roerich,train,910105df89e84bfc8137030cde4671e0735f843af8c160635613eb13782ce203,a3e3319c26c233dd
data/private/sketchnet/paintings/nicholas-roerich_old-king-1910-1.jpg,painting,0,nicholas-roerich,train,4be2923cafe219a2c8a751b2b0284c0b518167f8418234640cfca1343f8a6aeb,d6d439210c71d7d5
data/private/sketchnet/paintings/nicholas-roerich_old-man-1930.jpg,painting,0,nicholas-roerich,train,9bc890fb2c51f50cbe59fca12374831808537840e02edb98bcec156dbba30e6a,c8f830c3271e9d37
data/private/sketchnet/paintings/nicholas-roerich_old-pskov-1904.jpg,painting,0,nicholas-roerich,train,000feb2b4302dc3829e4b343e4109e3b847e2961bd200c4b52f9954b1c5d8e97,bdc6a5c0c2c6db23
data/private/sketchnet/paintings/nicholas-roerich_old-riga-1903.jpg,painting,0,nicholas-roerich,train,0fd69bed8534a410b8448e244ca47c6571b0719a4a892b353d8b94407fe55300,b89cf96c06298bab
data/private/sketchnet/paintings/nicholas-roerich_ominous-1901-1.jpg,painting,0,nicholas-roerich,train,d15a5ea7cd961fd9b29fab6a9d035d6d1b5c9f29aca5240613c457553fe2febd,adbd907e9d948780
data/private/sketchnet/paintings/nicholas-roerich_ominous-1901-2.jpg,painting,0,nicholas-roerich,train,09abc5dcbb856775b028f5697b0ca4a659d5d2d0a2df260a37a6d3e794dfff12,839295c9d6d6d0ce
data/private/sketchnet/paintings/nicholas-roerich_ominous-1901.jpg,painting,0,nicholas-roerich,train,e1ce0ba7b49f6f37e942098e8eca5289565e98c87d8bcd2e29a48673cbc60ede,bb77cc118796c249
data/private/sketchnet/paintings/nicholas-roerich_ostrovenka-suburbs-1903.jpg,painting,0,nicholas-roerich,train,2d0190befdb21c86dcaed3702472be4960718852df8cc9ff5e6eb63fdd5f463b,d1d1b226622f5f4a
data/private/sketchnet/paintings/nicholas-roerich_oze-1914.jpg,painting,0,nicholas-roerich,train,b2a79798ead6c4d9174895be521f7b7cc7ac57c263b3c68beeadddac42d7d876,c281636966e3f636
data/private/sketchnet/paintings/nicholas-roerich_oze-s-death-1912-1.jpg,painting,0,nicholas-roerich,train,2a21122923eb0993c0dc46be912857c107f9a4159626bea38771a6edf4efd4fa,af6d046e4ba35331
data/private/sketchnet/paintings/nicholas-roerich_oze-s-hut-1912.jpg,painting,0,nicholas-roerich,train,42447bd65a91583fa66dfb3222aeebcb4f8361472828b4ae446e4fcb9dfc5552,cd6212b966b91bcc
data/private/sketchnet/paintings/nicholas-roerich_pantokrator-1909.jpg,painting,0,nicholas-roerich,train,fa9d05fe742c7d0669caec583024de91914351693c08417e8353b637d3529f8a,987b6594625bdb50
data/private/sketchnet/paintings/nicholas-roerich_parting-century.jpg,painting,0,nicholas-roerich,train,659229efda2474defa94bc5b833066026df758eb4128fedf5ed5042ee5a73c97,9fd86493237f0e50
data/private/sketchnet/paintings/nicholas-roerich_pater-devil-1912.jpg,painting,0,nicholas-roerich,train,2ac5d0883f0dca4c4001065aa8cf32e58521dd9067c5551480bc48eb110ce43d,e69393f19c68a54a
data/private/sketchnet/paintings/nicholas-roerich_pechora-a-large-belfry-1903(2).jpg,painting,0,nicholas-roerich,train,cfe8f5f2a83f01ad9e6523a6373e3bacbbd96d628ae9c7471e2c6ed993875c32,d4df1ff487903103
data/private/sketchnet/paintings/nicholas-roerich_pechora-general-view-of-the-courtyard-1903.jpg,painting,0,nicholas-roerich,train,666c612f751cb3c601395021389d4939423412a7a5d7b9b69adf2c4d36b00ee2,ee36d484ae84ae95
data/private/sketchnet/paintings/nicholas-roerich_pechora-monastery-walls-and-towers-1903-1.jpg,painting,0,nicholas-roerich,train,37c9461ebc44528947d68ea1558a18b916759a4df3316367353f9ccea3fba541,81a03e3ed868bfc3
data/private/sketchnet/paintings/nicholas-roerich_pechora-monastery-walls-and-towers-1903.jpg,painting,0,nicholas-roerich,train,c6e0489daafd589f288a43de561916954683dc357f6426f870092d10fbe4b6b9,d0e96ad2c1d19d1e
data/private/sketchnet/paintings/nicholas-roerich_servant-1912-1.jpg,painting,0,nicholas-roerich,train,5f4ce0f3c121b0e740f65c3ca274f0a79c14cbbc97c368959dc6f80500c7fd87,e5c69e969a67c821
data/private/sketchnet/paintings/nicholas-roerich_servant-1912.jpg,painting,0,nicholas-roerich,train,6710cf1411ad1b96e524bfe108bdf0d09ee35469b0c178bdb3f8411251f094a0,e7d45ac666851999
data/private/sketchnet/paintings/nicholas-roerich_shchegolikha-1912-1.jpg,painting,0,nicholas-roerich,train,33a21b388701599a28d9f8e5ba85627a6aa32274ed55a14231b17ee9455c164e,e0a7d6961a99499d
data/private/sketchnet/paintings/nicholas-roerich_shchegolikha-1912.jpg,painting,0,nicholas-roerich,train,73314a20170df99244db2112e21f68c696703b545b5cac48d382080ddb560df2,a79d9ac36dd470a0
data/private/sketchnet/paintings/nicholas-roerich_sign-1915.jpg,painting,0,nicholas-roerich,train,a6f4e818be2cfe0bab7ec57b9a6280ecbecff5d8d014186067537cb8ea6ad33a,d18b24e60bf1d49e
data/private/sketchnet/paintings/nikos-hadjikyriakos-ghikas_rainy-landscape-ii-1977.jpg,painting,0,nikos-hadjikyriakos-ghikas,val,57deb16d65ca8e206071671051d49f5556c7862f1909c1667d7be380988525d7,eec7b5f0352c0c85
data/private/sketchnet/paintings/nikos-hadjikyriakos-ghikas_stage-design-for-don-juan-by-andr-obey-1939.jpg,painting,0,nikos-hadjikyriakos-ghikas,val,727153c91ea2457c413a8ebfe936f82f87d5b64f9d7e577e9dfa1b52ffaea917,e080cd7623c95d77
data/private/sketchnet/paintings/nikos-hadjikyriakos-ghikas_washing-line-1930.jpg,painting,0,nikos-hadjikyriakos-ghikas,val,cedd9284c7cd63056d22ca849e7f66de311182ad9159440c9e133964fba62398,ee3f39d1a0c88c27
data/private/sketchnet/paintings/nikos-hadjikyriakos-ghikas_waving-leaves-ii-1981.jpg,painting,0,nikos-hadjikyriakos-ghikas,val,2dc8e8fdd834faaebec4137c76e9870474359b604e0b7b9b7e191d3468690d24,fbd6842938e29c1e
data/private/sketchnet/paintings/norman-bluhm_aritic-1959.jpg,painting,0,norman-bluhm,test,36f848f574d3e4f3f4088e63fddad88c077fe26fb434eb4dafddba48b0e361f4,f1e32f900e4fc19a
data/private/sketchnet/paintings/norman-bluhm_mathematics-1962.jpg,painting,0,norman-bluhm,test,225aa716a4c44ffdb0e792d0fdb05718d765c714581c1da02746cf1ae4dd35e4,8ae0d79d346a62da
data/private/sketchnet/paintings/norman-bluhm_untitled-1957.jpg,painting,0,norman-bluhm,test,42eae382e98d38aa78780e9fc4491db6bb5875a5b1856f3a0c79a3d22637cd42,aef3d570e5a2e048
data/private/sketchnet/paintings/norman-bluhm_untitled-1959.jpg,painting,0,norman-bluhm,test,d6af5459b23215c2770ea9c30297a4f6d8f1a7a396efbd9a46577a07cb60883c,8b86b41aed254f36
data/private/sketchnet/paintings/norman-bluhm_untitled-1960.jpg,painting,0,norman-bluhm,test,8e2fa53db575f3785b57593b4682c1eb2e1339f3acf3a5fc7e152aae8b65997e,ba81d08c733f2736
data/private/sketchnet/paintings/norman-bluhm_untitled-1962.jpg,painting,0,norman-bluhm,test,3e48384db5ebb92877cefde50c5bf0e30ecdc675ad1e8ec5ffc85c7d3c94f7ce,bb43b46cc7e4c289
data/private/sketchnet/paintings/nzante-spee_music-on-the-move-1995.jpg,painting,0,nzante-spee,train,75951a71985769945f4ebc94fec30090299fdbbe43d17db327b5335af6f576ac,ff81d0d1d09794c6
data/private/sketchnet/paintings/nzante-spee_music-trio-band-1995.jpg,painting,0,nzante-spee,train,8abfb3e3e668010f8a8db14038d6ff681b52fdc9be2b390cba73ce8a5eb29e94,8147137d5b551b69
data/private/sketchnet/paintings/nzante-spee_the-woodcutter-1995.jpg,painting,0,nzante-spee,train,27609c9b5d1e4ae6c86ccd49e79a433bb24bfbe681b8d414286a2f2c3c0f7df1,ed8106df621ead98
data/private/sketchnet/paintings/nzante-spee_unknown-title.jpg,painting,0,nzante-spee,train,a889d6165ef1a9ad1cfb148cbd27aad6513339ea71d84b02f779fd2ae4b1e568,dd4318b28ab3acf1
data/private/sketchnet/paintings/olexandr-archipenko_composition-1920.jpg,painting,0,olexandr-archipenko,train,f50ab0e81b3b683a8af6fd3ba079501333224dae0064cc615728dba934833fd1,b6e2c32fc232c64e
data/private/sketchnet/paintings/olexandr-archipenko_coquette-1950.jpg,painting,0,olexandr-archipenko,train,6bd8f2422d8be9dc1a065cf79c3c1b9862a591ad833682430a8e8364fe0e2ccb,d0963e4f3a68c789
data/private/sketchnet/paintings/olga-rozanova_four-aces-simultaneous-composition-1916.jpg,painting,0,olga-rozanova,test,1d32ca65f44322ecf2b7f983ad0af1c592c50f87bd9241b44de731f1ca6ca913,a9597beca2c49cb0
data/private/sketchnet/paintings/olga-rozanova_jack-of-clubs-1916.jpg,painting,0,olga-rozanova,test,d2e7ed2220721712391e5bad0698b2bf1d0d4e4306a813c17f0ec18352f72746,96b53e16d7b0a88c
data/private/sketchnet/paintings/olga-rozanova_queen-of-spades.jpg,painting,0,olga-rozanova,test,ad1cd8131014d9234e276fae07c0de55ac4f975944c7372f78673a0b6917e426,fa865c790bc0a3ba
data/private/sketchnet/paintings/olga-rozanova_room.jpg,painting,0,olga-rozanova,test,470383bb9c3c2263f3f2b649eda0abc128b9015ca786e8849172e308d675b698,a5dac5078fa1e60b
data/private/sketchnet/paintings/olga-rozanova_the-barbershop-1915.jpg,painting,0,olga-rozanova,test,14e92ad41a05d4ac0cd136a4b4fe95ff5b98c6d9b9c65e6a865b473a5928db9c,b935ee9ea0d0a40f
data/private/sketchnet/paintings/olga-rozanova_the-portrait-of-a-rozanov-1912.jpg,painting,0,olga-rozanova,test,f1413fc97c83edfa911e6b04692aa1b84218a8f91c2d737dca021ebaafa9308d,9eb16cf73166c320
data/private/sketchnet/paintings/olivier-debre_bleu.jpg,painting,0,olivier-debre,val,72c3ae389a963ea5a238942b31b0d19d197f7ae978ca0b9cad5190a45e49c6d7,947d9a00efde928c
data/private/sketchnet/paintings/olivier-debre_composition-abstraite-1978.jpg,painting,0,olivier-debre,val,8d4fe056c26c53fa93cd3db55cf477ca7aa8e88dad3cbd276e3ffa1922d35652,8ed58220636eddf4
data/private/sketchnet/paintings/olivier-debre_ocre-rose-la-trace-bleu-p-le.jpg,painting,0,olivier-debre,val,1ced5050225295e1a81068bf2af507374a39c15e5bf820840e43b8b42604c913,9c3e1cbdd1d1c1c1
data/private/sketchnet/paintings/olivier-debre_pale-jaune.jpg,painting,0,olivier-debre,val,fe8d850c7cc94c8056c9ad76203ef88cd6cfce09f2e7c31f12321fc6ae3ccf9f,d5af7e5422423647
data/private/sketchnet/paintings/olivier-debre_touraine-automne-jaune-rose.jpg,painting,0,olivier-debre,val,484219e98fd2732d7baded435a3c7307fe75ed92e05eb4498dccc54e8cf58fc6,84ab74aa7e54abd0
data/private/sketchnet/paintings/olivier-debre_tout-vert-1966.jpg,painting,0,olivier-debre,val,9a73f1bc5ddafd36f980c65ccf3156d0cb1469ac198e02770e8fe9e0e0c7ea08,b1858f9883b8a3be
data/private/sketchnet/paintings/oscar-dominguez_femme-l-ecritoire-1943.jpg,painting,0,oscar-dominguez,train,e433bc9f7d12d15fd37c9c5e18b27f9a2b2397b343c9b259c6f8b9a8119e2bba,efc8c41735862e33
data/private/sketchnet/paintings/oscar-dominguez_femme-sur-divan-1942.jpg,painting,0,oscar-dominguez,train,d259796d82f45845eee02b658294b657cf6fa800047dd7663f1b906748be716e,d8b7468679412f36
data/private/sketchnet/paintings/oscar-dominguez_silent-listener-1943.jpg,painting,0,oscar-dominguez,train,9602f0f1bd4414ffd0ffc12b929017d61e2577f3a2f4b07ab1d1926335047d54,8b89f565a84dc1b6
data/private/sketchnet/paintings/oscar-dominguez_tauromaquia-1943.jpg,painting,0,oscar-dominguez,train,75092b72211ca7ac6fa92f335a0a9b0e6059dc87cfc295dac82bf6c1960c0101,86f2d3da68854e95
data/private/sketchnet/paintings/ossip-zadkine_the-dream.jpg,painting,0,ossip-zadkine,train,bf337991b8f95a274a3360bc1fbce9e6eea1c4cf1440e58fe284198df2e5a447,bf70c20bf89eb062
data/private/sketchnet/paintings/ossip-zadkine_the-messengers-of-the-day.jpg,painting,0,ossip-zadkine,train,c605a31a3198a115c60ad8477bf7153f3e254950108ab2e7921a8138b1cecfe0,ea9b871fa4669162
data/private/sketchnet/paintings/othon-friesz_la-ciotat-1907-1.jpg,painting,0,othon-friesz,train,f404e7f1fd4b877a74e4d397c0d94657e335f60dcac2479e00ecd0f127349602,d0d31cad2f934539
data/private/sketchnet/paintings/othon-friesz_la-ciotat-1907.jpg,painting,0,othon-friesz,train,e548bf25f0760223be59ab92dd5073435f671a200318ed2c202bbe171462eca5,8dec87c3bc1a1cc5
data/private/sketchnet/paintings/othon-friesz_the-pont-de-grenelle-paris-1901.jpg,painting,0,othon-friesz,train,ab5121a7d006cd62206b8fe658db15cd66283435646078fe00eb5329c7352aab,81d2ed97986b314e
data/private/sketchnet/paintings/othon-friesz_the-port-of-anvers-1906.jpg,painting,0,othon-friesz,train,ed35eac22727cbdcb52cb22b6724b82cdff8cc43457bfa22fe8975c5324487c9,81de9e61533d14e3
data/private/sketchnet/paintings/otto-dix_warrior-with-a-pipe.jpg,painting,0,otto-dix,val,b0514d685dd756a9d6340049957291872595830e06e0bebbed9efb2d074ccf73,bfa1105ade031a6f
data/private/sketchnet/paintings/otto-gustav-carlsund_composition-g-om-trique-1925.jpg,painting,0,otto-gustav-carlsund,val,b430bb8ef9caa8c25374a744e85100d7c9ff195a108d670490940351a784fede,ab9d1dc8f0e0e4e4
data/private/sketchnet/paintings/otto-gustav-carlsund_katakombbruden-1934.jpg,painting,0,otto-gustav-carlsund,val,55bd252145339a6a11cca761c5c080ab6f18c6819d5ea5be9528c92501e9724e,ef2ed0a595c2c4d4
data/private/sketchnet/paintings/otto-gustav-carlsund_playing-cards.jpg,painting,0,otto-gustav-carlsund,val,96efe2633219f6e2b34fbfd5b05655ca5a4c37723b95a9adac815064b37680c7,82323f25479a68df
data/private/sketchnet/paintings/otto-gustav-carlsund_spik-och-hammare-1934.jpg,painting,0,otto-gustav-carlsund,val,dc16fde56c9233506850088cd20af6613f2f340abdd237206a28ebcb0dac25d9,834d3d9268ad56ae
data/private/sketchnet/paintings/otto-gustav-carlsund_staden-p-berget-1947.jpg,painting,0,otto-gustav-carlsund,val,b0e4b7af93e824fd6c1f7283444de35736834eb440660f063dae388461f9fb9b,a190d3ddea9fa061
data/private/sketchnet/paintings/pablo-picasso_a-bank-of-canal-1905.jpg,painting,0,pablo-picasso,test,e5f04400d13161e433c935d1b2dfab6c9cd36cafe8eca44a61eee67d7a5ff167,abc9dc32b408cf33
data/private/sketchnet/paintings/pablo-picasso_a-girl-from-avignon-1907.jpg,painting,0,pablo-picasso,test,7fdbd464dca4a65e75fe87649754358764ffd05a88701ce647b644aebe787f20,be32949c1bc6d998
data/private/sketchnet/paintings/pablo-picasso_a-glass-1911.jpg,painting,0,pablo-picasso,test,2f48f8b01544def5e84f02ba240758f9408b7993a9fc8d3b0b4a70fe37c2f19e,e96a86a89995b3b1
data/private/sketchnet/paintings/pablo-picasso_a-horsewoman-1905.jpg,painting,0,pablo-picasso,test,ba3fa6799e186e038fd18e88ce332d0d9a6c7dd49d957f51691514bc594170e3,ae8e799736499464
data/private/sketchnet/paintings/pablo-picasso_a-muse-1935.jpg,painting,0,pablo-picasso,test,52326c07363fa54e629613171474d4e38bf59f88998c11e32e9450add084e7de,b9d2d4b907b94394
data/private/sketchnet/paintings/pablo-picasso_a-parody-of-manet-s-olympia-with-junyer-and-picasso.jpg,painting,0,pablo-picasso,test,986555b2086c48d3acfd1e31123a1b5873521930e89b5dc0ddf162dde0f4dfdc,b751983ee4896356
data/private/sketchnet/paintings/pablo-picasso_a-reclining-female-nude-1936.jpg,painting,0,pablo-picasso,test,824b7bae25c717658ef3cfb71c76ff3e0bbf17c681fa9e4766e98e70948b3fe3,9a7e14e147856c9d
data/private/sketchnet/paintings/pablo-picasso_a-rooster-1938-1.jpg,painting,0,pablo-picasso,test,ddea1e9a39fe07846f3255f35c63596a3693c901ccfd611e42aa0c010bcfc8fa,f05a97ad3c8d28ca
data/private/sketchnet/paintings/pablo-picasso_au-bon-marche-1913.jpg,painting,0,pablo-picasso,test,c413e3cc1b2b5655873f1d5c2f95b626f32b1bb66be07d61842d27eaa0b02a40,bde47a4b8b5aa418
data/private/sketchnet/paintings/pablo-picasso_bathers-drying-themselves-1909.jpg,painting,0,pablo-picasso,test,ce457359190e22feec8fc039bf474666715d134966a51f322ed00c3be239df91,95b5bda995378441
data/private/sketchnet/paintings/pablo-picasso_bathers-in-the-forest-1908.jpg,painting,0,pablo-picasso,test,3fa759129ffaf6c679b30d4760fd2e141cd07ac5731cbbf10df73885e6fa8c7a,c87407d2179bc2be
data/private/sketchnet/paintings/pablo-picasso_bathing-1908.jpg,painting,0,pablo-picasso,test,af4da651b8552be4bacecd5e293dbbe598afdaccefe8ea9bc0c6d2beadcfb87b,a16b0ac96e99f2a5
data/private/sketchnet/paintings/pablo-picasso_bowl-of-fruit-and-guitar-1920.jpg,painting,0,pablo-picasso,test,6253a3add9f9d09d0ca2df3acee19361d8ba1d012d962a316b39f2d2424d63a1,fae491938669627a
data/private/sketchnet/paintings/pablo-picasso_bread-and-dish-with-fruits-on-the-table.jpg,painting,0,pablo-picasso,test,76bfdae57120f9a26732c663e3b57da71dd05bd059cf6f450a211e7d4941e60c,8a652dcd3c4ec738
data/private/sketchnet/paintings/pablo-picasso_breakfast-1953.jpg,painting,0,pablo-picasso,test,d68a52cfc417b57184d37a99f3ec6208be872f9dc1e9be0066b084f6deca9789,8ea9ab70c0a5b5cb
data/private/sketchnet/paintings/pablo-picasso_bust-of-woman-1906.jpg,painting,0,pablo-picasso,test,be8afa213069832d5c0965af33adc3474de73ed6e9fe30f3dac088bf75d446c8,d0d5275a16bc6b8a
data/private/sketchnet/paintings/pablo-picasso_bust-of-woman-1907.jpg,painting,0,pablo-picasso,test,33bc0f7efefa54a8a8c5feb7e11ff4eca8725537db1a1ea701508bc28843ebab,ad2dc3c62cc9833d
data/private/sketchnet/paintings/pablo-picasso_bust-of-woman-1965.jpg,painting,0,pablo-picasso,test,bcbdff8abc79f5e7f1bf636f2434b7c88afee13665ba8092daa694ac3aadce77,ebe936246764a513
data/private/sketchnet/paintings/pablo-picasso_bust-of-young-woman-from-avignon-1907.jpg,painting,0,pablo-picasso,test,afc0f718e309c6c41d70c3a6e400d2538b912a47ec7e40fe3a6b62bbb5e71489,ce7c265b9941f309
data/private/sketchnet/paintings/pablo-picasso_buste-of-young-woman-marie-therese-walter-1926.jpg,painting,0,pablo-picasso,test,12976fcd63587bbf294d66d89169565e8b41d86bfc3b0f5d127aa96167bd24b0,e7f698a078c7c138
data/private/sketchnet/paintings/pablo-picasso_clarinet-1911.jpg,painting,0,pablo-picasso,test,daefe2ec6838e8d916eba972cc5cfe37fb31275b4e063c77a2fe3a82f7429701,e4eb53c55896c0d6
data/private/sketchnet/paintings/pablo-picasso_clarinet-bottle-of-bass-newspaper-ace-of-clubs-1913.jpg,painting,0,pablo-picasso,test,227add1943e73192fc73f879c2c23b083e7ba4c5a659dfe674a2e156f0b35dc1,cec0e99ea59514f2
data/private/sketchnet/paintings/pablo-picasso_clarinetist.jpg,painting,0,pablo-picasso,test,fe4dba9e9014c921f0d4eb5ffd7f6fbdd9b63401de9d8e9c9740219b242a1685,ffcc3a88198d0eb2
data/private/sketchnet/paintings/pablo-picasso_composition-with-skull-1908.jpg,painting,0,pablo-picasso,test,246bf336087bd0b44f79487bbfb48009532c76a585b268929fdeadd6e11e040e,fe177516610a93f0
data/private/sketchnet/paintings/pablo-picasso_composition-with-skull-study.jpg,painting,0,pablo-picasso,test,f01c9a756e1109fdf87b770df3f0deb1626e5a34733e4f7058fa27cbe27400e2,ad3a65d2b51a39c2
data/private/sketchnet/paintings/pablo-picasso_couple-of-dancers-1915.jpg,painting,0,pablo-picasso,test,0bfa499338db285ad02c42784437b8f02479e82211210ebabfac91247b96a88e,9389e97436da58a6
data/private/sketchnet/paintings/pablo-picasso_crying-woman-1937.jpg,painting,0,pablo-picasso,test,e462a6e2900a681d1e0d28cb09c6fb62136ccdb9c82d4e9714d186a5d082ae0e,936b6cd31a6829d6
data/private/sketchnet/paintings/pablo-picasso_dance-of-the-veils-1907.jpg,painting,0,pablo-picasso,test,c5d50e22745e3edbde6964c7a787a157cb0e552d83712ab3b1d8a55ea0caa766,da255b91bc3e2349
data/private/sketchnet/paintings/pablo-picasso_dinner-time-evocation-of-horta-d-ebre-1903.jpg,painting,0,pablo-picasso,test,86795eb6d4e7931c6982cb206d9de799571a55bbfbf352711d729081b158050c,beda3d348507f260
data/private/sketchnet/paintings/pablo-picasso_farm-woman-1908.jpg,painting,0,pablo-picasso,test,40c245297ee3e15f04c30bc90f05d5982265649ff3fb3f8253c25c8d04b18680,da5827f760065b6a
data/private/sketchnet/paintings/pablo-picasso_farmer-s-wife-on-a-stepladder-1933.jpg,painting,0,pablo-picasso,test,d40260f6171ba476a3b89c73cb0f0dff70b437e40e13c81ef4a28ede83ba305f,ac1813b7f30d923b
data/private/sketchnet/paintings/pablo-picasso_female-nude.jpg,painting,0,pablo-picasso,test,f6c859afba64e67fa6e24a82cc9a8bbe96ce4365e25007f60f6d41150762fc06,802b8be4c73b17da
data/private/sketchnet/paintings/pablo-picasso_figure-with-fruit-dish.jpg,painting,0,pablo-picasso,test,94fbebb4533f0a3ac2fda638b9d5777cb7bece9ac9f13e7493e6e35690b48068,f36cc2b649321d47
data/private/sketchnet/paintings/pablo-picasso_flowers-in-a-grey-jar-1908.jpg,painting,0,pablo-picasso,test,d842fb8e6b9eb2e2e0b69db0988cbfccd67a4da54fcc81ba78ed4dc58d90d369,af5942fb4344a64e
data/private/sketchnet/paintings/pablo-picasso_friendship-1908.jpg,painting,0,pablo-picasso,test,45067c18bd439e7a810b0f8766e30ced4dde8b5d0aa9aae6903f533737a0a85e,c55f021699678f5c
data/private/sketchnet/paintings/pablo-picasso_girl-with-mandolin-fanny-tellier-1910.jpg,painting,0,pablo-picasso,test,036b878babd8774a48c309aa1f668bea489774f88973a38b303303d69037cf14,dac53709568e196d
data/private/sketchnet/paintings/pablo-picasso_glass-and-bottle-of-straw-rum-1914.jpg,painting,0,pablo-picasso,test,fd8b6c9d1a02e0c4ebb22dcf99555b86000ef2f5975bb8e4a989e1994dde5507,87b2794963743cc5
data/private/sketchnet/paintings/pablo-picasso_glass-and-bottle-of-suze-1912.jpg,painting,0,pablo-picasso,test,843b5963a8f89c530a77b888435c94ccc2e762e45cd75394af6e00ee89574980,f81967e79c069998
data/private/sketchnet/paintings/pablo-picasso_glass-and-pitcher-1944.jpg,painting,0,pablo-picasso,test,aeabfbc255f37ce13701a02739a076805ca181b0209dc87c7a6bbf3fdd9b0b47,e5e35a0c33639837
data/private/sketchnet/paintings/pablo-picasso_glass-bottle-packet-of-tobacco-1922.jpg,painting,0,pablo-picasso,test,4dfad3b46660b28f121076922a80ff4e1bfd083198eab8deb798076620351ef1,eef03881c7569a39
data/private/sketchnet/paintings/pablo-picasso_guitar-and-bottle-1913.jpg,painting,0,pablo-picasso,test,86e224eb21de4d81e0eded989e077fe2c0467f0bc06cd065b13dcfd0980dfb39,898d6d4dc632393d
data/private/sketchnet/paintings/pablo-picasso_guitar-and-jug-on-a-table-1918.jpg,painting,0,pablo-picasso,test,6916caea9a054888d552087b4e3e264976fe3a6e1cf8b334a4efb9bcf5ae9d9e,d0832f6c3e3b634c
data/private/sketchnet/paintings/pablo-picasso_guitar-and-violin.jpg,painting,0,pablo-picasso,test,f589943033684431ad6c5ede5d74846836ed2f9f6086daafe95dc66e9ab56846,9a46ec32e3631667
data/private/sketchnet/paintings/pablo-picasso_guitar-on-pedestal-1920.jpg,painting,0,pablo-picasso,test,f1577436458b3bf2909c9e8db84d1d54ae9bc6e97d6ce5d1626c72dbb40be9b9,adb4d6489c1f9319
data/private/sketchnet/paintings/pablo-picasso_guitar-player-1910.jpg,painting,0,pablo-picasso,test,03b714e56497ad95cffc5ee7d156c979f5406e3a3f251f8725b73b2185e7bab1,ee6c249b8987da38
data/private/sketchnet/paintings/pablo-picasso_harlequin-1918.jpg,painting,0,pablo-picasso,test,310e93a0d92de630a8566df2ee57515a018a62015de329ae4f73bf17308f49b9,baa19766897394c5
data/private/sketchnet/paintings/pablo-picasso_harlequin-leaning-1909.jpg,painting,0,pablo-picasso,test,4b3a66ff5c2d496d7ccb7655c72019810848838ccb48d94afc15c10cf1423054,c88d323d4de81f99
data/private/sketchnet/paintings/pablo-picasso_harlequin-s-family-1908.jpg,painting,0,pablo-picasso,test,88ec8eff2a67f5d191c1a059eae618d5cdddd043e9c38155ea1ea8c81786f333,aeea6db1a1c49c1c
data/private/sketchnet/paintings/pablo-picasso_harlequinesque-personage-1913.jpg,painting,0,pablo-picasso,test,5b1043e30bdd2a7350eea3bbc8a6614e53f1df022229b003ea1a5c6be0fae5af,e9e3062cf23c25e3
data/private/sketchnet/paintings/pablo-picasso_head-of-a-man-1.jpg,painting,0,pablo-picasso,test,aaa76f68eec2d65603ce27cec610307a9be3dad2c712fb202639848f2cd65ad5,c6ef5a2d7848415e
data/private/sketchnet/paintings/pablo-picasso_head-of-a-man-1913.jpg,painting,0,pablo-picasso,test,d85de09d9d32b2ae8bcd4f998852bd0c14d0e5fe49d711b359c31ca5d28188da,f0348359cde7b318
data/private/sketchnet/paintings/pablo-picasso_head.jpg,painting,0,pablo-picasso,test,3f53f7f402432020db86ef6ad49ee6e4d8855031ecb485b966eee576f399b22f,bf5ba16d89732460
data/private/sketchnet/paintings/pablo-picasso_house-in-a-garden-1908.jpg,painting,0,pablo-picasso,test,9b6d321c89f483e335c2488da20fc93f011b0915e05f304a75a3fd9b4dc219d9,ca7aa320ce3763a5
data/private/sketchnet/paintings/pablo-picasso_houses-on-the-hill-1909.jpg,painting,0,pablo-picasso,test,f8692c4f8f033d3b1a570ce2e3b986f61f09213547d181b5b4a4cb65e0f3aac4,ba34c3b8a196dc4d
data/private/sketchnet/paintings/pablo-picasso_jug-and-fruit-dish-1908.jpg,painting,0,pablo-picasso,test,b7a82ca887894a37f968572276b863d06b578c00a892aa63a88d85cab363c1e7,b2aeeb80445fc36a
data/private/sketchnet/paintings/pablo-picasso_jug-candle-and-enamel-pan-1945.jpg,painting,0,pablo-picasso,test,b045ebcf9c6f820455ebeea49be634fcca9f1be5e97b80db6ec747b474c806a7,e09f0dd09fc0783d
data/private/sketchnet/paintings/pablo-picasso_landscape-of-juan-les-pins-1920.jpg,painting,0,pablo-picasso,test,4ff9db1d21ce0516601de61df7b51f097cce916ec9647adc9ac8558c7dd5fb1e,9ba445dbe64ce069
data/private/sketchnet/paintings/pablo-picasso_landscape-with-posters-1912.jpg,painting,0,pablo-picasso,test,ccac44d6031bc0693042009c8d4fdde494397a138268df2f0b35fea6ef096b3e,edc156a389ab6e81
data/private/sketchnet/paintings/pablo-picasso_man-and-woman-1958.jpg,painting,0,pablo-picasso,test,68c9811cb6c1e249d10e1c1b7c82bb85144b4299963d0d5615e66bc8080b0091,c16774046fb5b2d4
data/private/sketchnet/paintings/pablo-picasso_man-with-a-guitar-1911-1.jpg,painting,0,pablo-picasso,test,92134975e9e7bb88fbe27a4301c979f6079e65c25d640573f21168fd952830f6,9e723e896d88bb06
data/private/sketchnet/paintings/pablo-picasso_man-with-a-guitar-1911.jpg,painting,0,pablo-picasso,test,aed7b0ffebfa6d14a0ae05351ff35d4ca0e61a5a0364307fa77b077b8a786d96,aeb03ae1b7429b52
data/private/sketchnet/paintings/pablo-picasso_man-with-guitar-1912.jpg,painting,0,pablo-picasso,test,20548c69cb64e8d53e8ad1ef66adfe00d60d1c084cdf2ea3639d222a2f8b1075,eff9b528c060b0e5
data/private/sketchnet/paintings/pablo-picasso_man-with-mandolin-1920-1.jpg,painting,0,pablo-picasso,test,24e126e56565c864b5ca3aac9e725aa48142d106da3ead2c7a5080198fc6f376,9a4ae133c799393c
data/private/sketchnet/paintings/pablo-picasso_musical-instruments-1912.jpg,painting,0,pablo-picasso,test,faaa93f555651482ce9c3b42053d0dadce508510c9a859309955461b0e0a24da,eb9bf0c0952b8669
data/private/sketchnet/paintings/pablo-picasso_musicians-with-masks-1921-1.jpg,painting,0,pablo-picasso,test,317a3d92aa8d795f7e05611fabbea9bbd52a574e09ced5fba8cbfb9cf4c534df,c9782725605e356f
data/private/sketchnet/paintings/pablo-picasso_my-beautiful-woman-with-guitar-1912.jpg,painting,0,pablo-picasso,test,e896ffb49c552252e4af523b4894ba8949de97d2540b4fcfdf4df80ac1ec6530,8b39da11b5c93547
data/private/sketchnet/paintings/pablo-picasso_nude-figure.jpg,painting,0,pablo-picasso,test,ae142ea9f323932ee8dddb3f11c2b87e138f2725b365c40160d528c8b41abb26,8df333c3c9a6918c
data/private/sketchnet/paintings/pablo-picasso_nude-with-raised-arms-the-avignon-dancer-1907.jpg,painting,0,pablo-picasso,test,5b9905df94c249cfb21f18e35a849b9c6aea316fa22e23b393a6e51f0ba41d80,8ac327f14d58f346
data/private/sketchnet/paintings/pablo-picasso_nude-with-towel-1907.jpg,painting,0,pablo-picasso,test,ee3f803f38ebd4125c1d525c61d4dfb3e70b188d4eb3164b3208b0df332a4903,856a1e69dab22d66
data/private/sketchnet/paintings/pablo-picasso_painter-and-his-model-1963.jpg,painting,0,pablo-picasso,test,9e31ce629237580d4edd460ff65cf239a039dbafc47abb24fdb61d1b52f28523,bd47471e31799870
data/private/sketchnet/paintings/pablo-picasso_paternity-1971.jpg,painting,0,pablo-picasso,test,716059183898cc649ae94134fcfca3173fe8d6afd12cb8823aa8da156edb3b72,aeec6030af9cd8c6
data/private/sketchnet/paintings/pablo-picasso_pipe-and-card-1914.jpg,painting,0,pablo-picasso,test,dec9222e4009821d8fac31264d1e1c1a81837d82754cbc581cc0065b5dc31ad1,b064c79b9b6d8863
data/private/sketchnet/paintings/pablo-picasso_playing-card-and-glass-1914.jpg,painting,0,pablo-picasso,test,a80a69ea5cc345e777d1f82c034b469f9eb68b66a904fc293a428242181107c0,a596d3d9c21d9263
data/private/sketchnet/paintings/pablo-picasso_poet-1911.jpg,painting,0,pablo-picasso,test,687b44324b4b4a2c412c196b6b2611ab7208946cc0daebfe721c4c6f5e6e1ac6,acf47a526bd1086d
data/private/sketchnet/paintings/pablo-picasso_portrait-of-ambroise-vollard-1910.jpg,painting,0,pablo-picasso,test,983a2b458663973e6579ad13ac61cbcbfa4d66e11abd78ee3bda167d1e039946,c87ce4353125bb71
data/private/sketchnet/paintings/pablo-picasso_portrait-of-daniel-henry-kahnweiler-1910.jpg,painting,0,pablo-picasso,test,211b108f162624538f0bbe7d1576123e9dc9d77e1dbe2ffdd73e00840f3d69b1,dd700e65f0876347
data/private/sketchnet/paintings/pablo-picasso_portrait-of-manuel-pallares-1909.jpg,painting,0,pablo-picasso,test,8cb354258302fbcdb85065be19825f45a634455ad1b3174b7e2008217d359ad0,e98d16d683d3c12d
data/private/sketchnet/paintings/pablo-picasso_portrait-of-sylvette-david-1954.jpg,painting,0,pablo-picasso,test,a8d1c30eba951c9fff9ee8e1dd658ea963d8fc7ef720ced4171feec1934e037a,efe810871ed15399
data/private/sketchnet/paintings/pablo-picasso_reclining-nude-1908.jpg,painting,0,pablo-picasso,test,c802fd38e1e3b7b3c231c03b44681d006b518fe484cafbddb6e83e6416e1c6ea,c3496d36b478bc07
data/private/sketchnet/paintings/pablo-picasso_seated-female-nude-1910.jpg,painting,0,pablo-picasso,test,004e57bda69538a0b00aa331d51bef699322923d9339c169a28e777836090d25,c627b960c233597d
data/private/sketchnet/paintings/pablo-picasso_seated-woman-1939.jpg,painting,0,pablo-picasso,test,5a2d58e0e151a3bee1609bc4adc16c60bc5857298213ead7792e52f06a92e56c,dcb281cb25cb70ce
data/private/sketchnet/paintings/pablo-picasso_seated-woman-1953.jpg,painting,0,pablo-picasso,test,bbb37166759ca7bafa71468cb83319e2e8e7a301a3bf8e15fc011fbfc422018a,c82e3f4d32d30f38
data/private/sketchnet/paintings/pablo-picasso_souvenir-from-havre-1912.jpg,painting,0,pablo-picasso,test,73bbb12032de36fb6b23f057d74e61692890a2f6edae55365a163450f40e531b,bfc3e01e913cc661
data/private/sketchnet/paintings/pablo-picasso_spanish-still-life-1912.jpg,painting,0,pablo-picasso,test,d2972888979c41399efa66772d6d691130d1e02835e46acf297713d4340d2624,aec7e16bc0309769
data/private/sketchnet/paintings/pablo-picasso_standing-woman-1946.jpg,painting,0,pablo-picasso,test,6ce61317b60e134ef081830b35c6925d7e66d2ed689eb8657569f93537c2a02e,ad70115e87cf616c
data/private/sketchnet/paintings/pablo-picasso_still-life-1914.jpg,painting,0,pablo-picasso,test,74f6ed3519a68d3d8e1d7c8544481020174d455f7a6e99c8d194f74832b50ade,e98dc560933b1ee1
data/private/sketchnet/paintings/pablo-picasso_still-life-on-the-piano-cort-1911.jpg,painting,0,pablo-picasso,test,eeaca63344ce1f69a075837bd8a398132d23340fa11fa4104120c732e41943d3,eb5a8269c57891e3
data/private/sketchnet/paintings/pablo-picasso_still-life-with-antique-bust-1925.jpg,painting,0,pablo-picasso,test,373d8f9c207ccef4f5b27bd2310e7e51522e85d37055d0e2c9d4b69dc3fd95f8,cd0fd2d816e63e42
data/private/sketchnet/paintings/pablo-picasso_still-life-with-bottle-of-anis-del-mono-1909.jpg,painting,0,pablo-picasso,test,8607cfd94c40096f3e51b2dc7c46217861f96e398f9a0a2abfdc8a51ad887c1e,afaf02ee03b36588
data/private/sketchnet/paintings/pablo-picasso_still-life-with-bottle-of-rum-1911.jpg,painting,0,pablo-picasso,test,5a47a5c6b0898afd94b06b92634609c7a9af9738cd90840a0713853ab92cc715,ec2d08ec54cdfa38
data/private/sketchnet/paintings/pablo-picasso_still-life-with-bull-s-skull-1939.jpg,painting,0,pablo-picasso,test,5165f361545569d7ffa017f8da0f1d1853f0fbba9740985b51cb81cce2a9c470,f98512f00e70f9da
data/private/sketchnet/paintings/pablo-picasso_still-life-with-skull-of-ox-1942.jpg,painting,0,pablo-picasso,test,b38636b621f46e7f33f07757aa838de4b2af0576fb61025be9bba47b790c7250,da1a33b183a4ba9d
data/private/sketchnet/paintings/pablo-picasso_still-life-with-skull-on-an-armchair-1946.jpg,painting,0,pablo-picasso,test,d898cfb76b0b74143301cccd0e50954a0276e5d81d8594981cdf79a8c9e4e815,eb9285ec982f961a
data/private/sketchnet/paintings/pablo-picasso_still-life-with-the-caned-chair-1912.jpg,painting,0,pablo-picasso,test,b615092641e72f776187ae693ac9521545d2a0717947f695903f26565e241950,bfc9e13695618634
data/private/sketchnet/paintings/pablo-picasso_table-in-a-cafe-bottle-of-pernod-1912.jpg,painting,0,pablo-picasso,test,709a090b31782c1346e4295b21b14409b5da39617b1c358708d073a9df2d7ede,c2eae51689a3750f
data/private/sketchnet/paintings/pablo-picasso_the-aficionado-the-torero-1912.jpg,painting,0,pablo-picasso,test,5ca758527b2f53b6aea211b537559881291912eca78fe804ffa1567149bc0ceb,baa86253974d03fc
data/private/sketchnet/paintings/pablo-picasso_the-chess-1911.jpg,painting,0,pablo-picasso,test,75597d190a715b008cf1307f057e4fc910ab7d27c54cf4671775e1b3481a87a2,aa8927f33a273b44
data/private/sketchnet/paintings/pablo-picasso_the-girls-of-avignon-1907.jpg,painting,0,pablo-picasso,test,e5703cc94530fe9e1c532af1b0bd700b8c4e3fb2bebd7cb4ba24415ebf2536e7,8c55368efaa0b1ad
data/private/sketchnet/paintings/pablo-picasso_the-guitar-1913.jpg,painting,0,pablo-picasso,test,353ccf3164161b94c93e43af0c797f132c6d794e91d2d71f2e28376f6fb06efc,c9c1712f96e4b3d0
data/private/sketchnet/paintings/pablo-picasso_the-guitar-1916.jpg,painting,0,pablo-picasso,test,501e27a708639af3d5714c1c9096a5939282fa7e96e464096f5c0b54ae618243,bf6ec0f4c3b19230
data/private/sketchnet/paintings/pablo-picasso_the-mandolinist-1911.jpg,painting,0,pablo-picasso,test,2d799437be1fbb278b0b417db5109c9cbe3d4af0f0c6f5edc9ff17d093700135,bec2ad4cb283ca74
data/private/sketchnet/paintings/pablo-picasso_the-piano-accordionist-1911.jpg,painting,0,pablo-picasso,test,c30e4133296fb6e9c606d494c02a4256d6abf8d3d6b9b6e7b770a856e1686418,aa622c72f4bbf144
data/private/sketchnet/paintings/pablo-picasso_the-pigeon-pea-1912.jpg,painting,0,pablo-picasso,test,9b827a3ddea45da256951f395a2d7907f4ed46b637e410ecd4fa223744b3dd57,f81fac2b15726465
data/private/sketchnet/paintings/pablo-picasso_the-shell-saint-jacques-our-future-is-in-the-air-1912.jpg,painting,0,pablo-picasso,test,51ebd00e52830f49e95e4afbf637f91164cb4185fa0544da388e98a79fca0c0d,ffd8e00d94659632
data/private/sketchnet/paintings/pablo-picasso_two-seated-women-1958.jpg,painting,0,pablo-picasso,test,58b29c9299ab4daf9e9c9eb05020ec57bd4fd9ac712aba9a63192fcdf880a3f3,bada63f0c5bc0097
data/private/sketchnet/paintings/pablo-picasso_untitled-1939.jpg,painting,0,pablo-picasso,test,f03a299de6720a512fce4d265af4a1c331b9a6ae782f4cc27cc6de139ba0aae2,9ce965916326ce3c
data/private/sketchnet/paintings/pablo-picasso_vase-with-flowers-1943.jpg,painting,0,pablo-picasso,test,a68c6b47ffe3e15ca2691c0ad923e4928d0627bc15640c72b0b56db1a5fe414a,83eb4f076870361f
data/private/sketchnet/paintings/pablo-picasso_violin-glass-pipe-and-inkwell-1912.jpg,painting,0,pablo-picasso,test,acc2fa7ef53c5ad27730cf92b90f84baad9aea68b0f083c3559db929c1ee94db,aed0b06bc13dc374
data/private/sketchnet/paintings/pablo-picasso_william-uhde-1910.jpg,painting,0,pablo-picasso,test,54cde40cb1b26374d6b2e85ea77194caa7514e236450eb8d1b56d56ccec2d825,a4f07b2b10d5cea6
data/private/sketchnet/paintings/pablo-picasso_woman-with-a-shirt-sitting-in-a-chair-1913.jpg,painting,0,pablo-picasso,test,0dc1fe17563f7b1125a39e9bb6704ef10392e1baa04d8c0f2d69ec62a6c66fd6,d63f33686a81e147
data/private/sketchnet/paintings/pablo-picasso_woman-with-guitar-1913.jpg,painting,0,pablo-picasso,test,3f1cf470dec1b4be0016a829099eb2b3ce9d8fd35ed8c91821ebf026cc318a82,afad851ab87a9423
data/private/sketchnet/paintings/patrick-caulfield_two-fish-on-a-plate-1999.jpg,painting,0,patrick-caulfield,test,deebd8e5b62d28211fe07d35b751f7f45c54dd7a0cd91638eb7eff1322183ea1,beb4c1c8962dda34
data/private/sketchnet/paintings/patrick-caulfield_vessel-1987.jpg,painting,0,patrick-caulfield,test,5fbd2fb7d3e4fdd6215b5620c66dc89e4ad74bfc88192daad44cc4927eb76126,bb9bc4649193966c
data/private/sketchnet/paintings/paul-cezanne_bibemus-quarry-1898.jpg,painting,0,paul-cezanne,train,790cac88aae2bd6422f14eca56550816f005ce4257ca2cfbebfe6bd2e48b031b,91d3e758ec3c6c44
data/private/sketchnet/paintings/paul-cezanne_bibemus-quarry.jpg,painting,0,paul-cezanne,train,002f0481268a45d753173722d7f909359ba1b7b5e1da8baadc0610e73b037323,b5d0e8d1f4aaba0a
data/private/sketchnet/paintings/paul-cezanne_corner-of-quarry.jpg,painting,0,paul-cezanne,train,21c8101df68cab8a6a0e8b983be76f341e421e31402d9bd20e32df8d2bdd6b90,be0da12cf1e29a99
data/private/sketchnet/paintings/paul-cezanne_farm-at-montgeroult-1898.jpg,painting,0,paul-cezanne,train,386f5c730182e7009c17e225893880e57b34a12ca8821df41ee11427a2670363,9bc0c5f0721e079f
data/private/sketchnet/paintings/paul-cezanne_in-the-woods-1898.jpg,painting,0,paul-cezanne,train,b2257bcf3797b11b67aec3c83a11d90c8341dc29ff4cc7694952e98901c8dedf,ea48c1f6d18cacba
data/private/sketchnet/paintings/paul-cezanne_jourdan-s-cottage-1906-1.jpg,painting,0,paul-cezanne,train,1bf97809a3ee912fa9f63283c1cb3a4b6f23664601ce457cc14b5ede8c86594b,d6459bd58e78484b
data/private/sketchnet/paintings/paul-cezanne_mont-sainte-victoire-6.jpg,painting,0,paul-cezanne,train,2444cc30094f0140d956ea005eafd44c1ef53d182031e57c6557748c0d27960c,fe939b400d4e9374
data/private/sketchnet/paintings/paul-cezanne_mont-sainte-victoire-7.jpg,painting,0,paul-cezanne,train,636a8a2b42914e06cb9ccb19e2429df57885f74260466e62cfacf5db8a50706b,b8be50a74d04b8b7
data/private/sketchnet/paintings/paul-cezanne_montagne-sainte-victoire-and-the-black-chateau.jpg,painting,0,paul-cezanne,train,25ec819cbc838c6183cd389745b86478623a4cbf10de1cd59f6f7afa72e142ea,dbc17a6a37b42407
data/private/sketchnet/paintings/paul-cezanne_montagne-sainte-victoire-from-lauves.jpg,painting,0,paul-cezanne,train,b1d8a8561023a5c5194ee920901e1305de401855b1e02e933c573ab53692f95a,cf9cf043784c86d3
data/private/sketchnet/paintings/paul-cezanne_still-life-with-three-skulls.jpg,painting,0,paul-cezanne,train,10898bd0c5665038a4314564eecbdc200d02ed1cea13db6aee83744a2ebc759d,8bd4b4039b31f36c
data/private/sketchnet/paintings/paul-cezanne_study-of-bathers-1.jpg,painting,0,paul-cezanne,train,b2f13c63970360d6961a57a759a04c661113d4052c0bd473db147b510d589564,d46a6bef434cc059
data/private/sketchnet/paintings/paul-cezanne_the-abandoned-house-1879.jpg,painting,0,paul-cezanne,train,cf4f1913ed954c0df78a0218142654cd6d4bfbacba7012c597ab54ae230f622c,949dcb7261d19c5c
data/private/sketchnet/paintings/paul-cezanne_the-alley-at-chantilly-1888-1.jpg,painting,0,paul-cezanne,train,ed659a4a9db1d7ec38790e8d807efbd7fc0cb65a3363e65f79949279d8c68184,b472c208e37d2ceb
data/private/sketchnet/paintings/paul-cezanne_the-alley-at-chantilly-1888-2.jpg,painting,0,paul-cezanne,train,7246be1da427aeeb52d47bc2905428f335ffc4c5f3b9049717a0eb5910952971,ebbfc3185a211e8c
data/private/sketchnet/paintings/paul-cezanne_the-alley-at-chantilly-1888.jpg,painting,0,paul-cezanne,train,022c2e9c4a61b22a755a5a8e7b792e32adefc673ce7cb20162783ba8dc2dcb5f,8cecd83866c337c9
data/private/sketchnet/paintings/paul-cezanne_the-aqueduct-and-lock.jpg,painting,0,paul-cezanne,train,21beeb3db0b74d73676e5b64c69560edfb08569813ee346d38d7ecfd941b33e1,bba9f484366013f5
data/private/sketchnet/paintings/paul-cezanne_the-arc-valley-1888.jpg,painting,0,paul-cezanne,train,cc29910509265e7901d07138a156b1a515ac4001d3a6ca5c5292706eb6e9ab4e,805e70b01f9b4b9f
data/private/sketchnet/paintings/paul-cezanne_the-banks-of-the-marne-1888-1.jpg,painting,0,paul-cezanne,train,b3c47b8a7f8ac95fbf6d1aac55e3f9ec119bcd334d4abbb4d00b7f4c9fe4d9bf,9a86cb6dd076b03c
data/private/sketchnet/paintings/paul-cezanne_the-battle-of-love-1880.jpg,painting,0,paul-cezanne,train,dc9e1077f5c274cc156815159ec468262af3e8ac0ea82edb0c20a18f19ddbc5b,969e183da4ea0d3e
data/private/sketchnet/paintings/paul-cezanne_the-bay-of-l-estaque-from-the-east.jpg,painting,0,paul-cezanne,train,164501f67b32203cc24fb86dc396ebb7dddf843f71d15f715ca46d67d431900d,c4d9b6a8e2b87e42
data/private/sketchnet/paintings/paul-cezanne_the-brook-1900.jpg,painting,0,paul-cezanne,train,1c40dd48d9d03388a8c892e9f289cde3499572eb371a4067fdec5a8e2b0eeda9,94f94a39a348af1e
data/private/sketchnet/paintings/paul-cezanne_the-card-players-1892.jpg,painting,0,paul-cezanne,train,de20888d5193f4a081428315c4b5e36bc98d63c3b7fbff2535f718c09d784b1d,dbfef20021d33631
data/private/sketchnet/paintings/paul-cezanne_the-card-players-1893-1.jpg,painting,0,paul-cezanne,train,d70afaf38ec67eed3fd81d751383aa739566338e4f6451fd0fab148df9698ed7,b5724b9a25e592ca
data/private/sketchnet/paintings/paul-cezanne_the-card-players-1893.jpg,painting,0,paul-cezanne,train,c3d94f2396646e107034bfeafa7c091678467548a5aa1adac8609e8fc334f494,daf8e1cd66c24c61
data/private/sketchnet/paintings/paul-cezanne_the-card-players-1896.jpg,painting,0,paul-cezanne,train,336d69f5c7e4d85b142fe6847863d1b5c0c184c4129fe9ba2f8f3513a1f6411b,a8354bda6d28c7b1
data/private/sketchnet/paintings/paul-cezanne_the-chateau-de-medan.jpg,painting,0,paul-cezanne,train,a959f436b85d38964aa8fddda0a214693198f6f798033535467a80696a75163f,c1e185c5f0fd1275
data/private/sketchnet/paintings/paul-cezanne_the-drinker-1891.jpg,painting,0,paul-cezanne,train,b04092dd23b8cf7d0ee8471fb9fa9916603f63578342d86db65f06286ca4ab87,ea988de2f007d179
data/private/sketchnet/paintings/paul-cezanne_the-farm-of-bellevue-1892(1).jpg,painting,0,paul-cezanne,train,6015242ef8fd6f2f0f858ee78a3bcbfaed466fdcb8c5020075976680f9460cda,ea8d0558fa9b2387
data/private/sketchnet/paintings/paul-cezanne_the-farm-of-bellevue.jpg,painting,0,paul-cezanne,train,1d8c692617457b34d33e3a75a7837017ab65207207e56da815d0f2c99dac5a54,baa08797c35ee262
data/private/sketchnet/paintings/paul-cezanne_the-great-pine-1889.jpg,painting,0,paul-cezanne,train,267db59602ca6c9e4a89737d93cac8c81eb729a8e51a0d5b726bfeedc1dceabd,b6e93152847ac3ad
data/private/sketchnet/paintings/paul-cezanne_the-gulf-of-marseille-seen-from-l-estaque-1.jpg,painting,0,paul-cezanne,train,165eace4f5024126c49c93a06f3d65226576e5981556769b721d6b6eb5a6fd1f,eb8ab16d23414af6
data/private/sketchnet/paintings/paul-cezanne_the-gulf-of-marseille-seen-from-l-estaque.jpg,painting,0,paul-cezanne,train,cf8b8403e4e95b079ed9bbd2a48b4d58b018fa9a2db5ac613f7f9aee4f24029c,a18aff9853702be4
data/private/sketchnet/paintings/paul-cezanne_the-house-with-cracked-walls.jpg,painting,0,paul-cezanne,train,fb107ae798f1232d5ba0ccf6310580c45cc45ea78622a38210b6d3f553368097,d05a46a5afb95ca1
data/private/sketchnet/paintings/paul-cezanne_the-lac-d-annecy-1896.jpg,painting,0,paul-cezanne,train,34809e48b3bef605c38ab052c4b094d426f65225db16727d6687ac7047c22c7f,8f0792e4667aa26b
data/private/sketchnet/paintings/paul-cezanne_the-pigeon-tower-at-bellevue.jpg,painting,0,paul-cezanne,train,15a6190145e3f8a41c5416141195ca7529372d349edda2cbd65b9eb343197e9f,8ee7b11c46e53986
data/private/sketchnet/paintings/paul-cezanne_the-roofs.jpg,painting,0,paul-cezanne,train,3f4a4e911d8112cf2d4b982d21aa0abfe64f4e3b2434f91be4758b892157ba33,c28fbd78c370ac31
data/private/sketchnet/paintings/paul-cezanne_the-sailor.jpg,painting,0,paul-cezanne,train,e470cb984577dc83343ae11fab88812a8547707836b5519791eb15acf66f70e8,bfacd453d3259122
data/private/sketchnet/paintings/paul-cezanne_the-smoker-1890.jpg,painting,0,paul-cezanne,train,c82fb86b5b190126ac0bcfae0696df6eebe01c9ec37da6d4ba881f03817abe88,b389d4f2dfc1c184
data/private/sketchnet/paintings/paul-cezanne_the-three-skulls.jpg,painting,0,paul-cezanne,train,348f6a79fbb30b69313cf6fef0844a005e94498006887ac9e40b1506f5204bec,807f9b3b6b90309d
data/private/sketchnet/paintings/paul-cezanne_the-trees-of-jas-de-bouffan-in-spring.jpg,painting,0,paul-cezanne,train,d29a3076a6c07bf067be3381e3e5397a127097d03ea41dde4833158e8037bff8,8b9bfd60c03a817d
data/private/sketchnet/paintings/paul-cezanne_turning-road-at-montgeroult-1899.jpg,painting,0,paul-cezanne,train,56fb479faebaa8f7e5098c06df3c8cefeae8cebc279df14b4239af216077a3c2,d78f4bc4a0a5d638
data/private/sketchnet/paintings/paul-feeley_alioth-1964.jpg,painting,0,paul-feeley,test,9cdb6ce414617f8f20a86b59a32ab671dadbe7adda33be1323aec76aabb14eab,d140764a4b732fec
data/private/sketchnet/paintings/paul-feeley_alnium-1964.jpg,painting,0,paul-feeley,test,36b49a272c4ba31f9383c3f55ac224f07836a42828c3d00e55353fd0de3df783,fccad3ac48b634b0
data/private/sketchnet/paintings/paul-feeley_denib-el-delphini-1965.jpg,painting,0,paul-feeley,test,451e630891aeedc63ac5a7a85492f3f0070a070cc41c9a3159ec4c1ed9c5902b,ecd89b8566c36938
data/private/sketchnet/paintings/paul-feeley_el-24-1965.jpg,painting,0,paul-feeley,test,0978eeeacedef0d5a5b58ded4a411016c9596550d32902d339bc58d40e054dba,fa8e912c95f0968b
data/private/sketchnet/paintings/paul-feeley_remus-1960.jpg,painting,0,paul-feeley,test,efb015e555045ee125f6e4c90e080410946a711448b0aeabd3e5b8363eeb36a6,a66ce6aec4f21859
data/private/sketchnet/paintings/paul-feeley_rijo-1963.jpg,painting,0,paul-feeley,test,433cc396cda3700a2002aba881328ec29869df5ce8a7e116c54eda6f917446bb,ba978049d5f3d8c8
data/private/sketchnet/paintings/paul-feeley_thruway-1958.jpg,painting,0,paul-feeley,test,d6da5419282d8e96d013f4fb6bf2f8bf00e083bfd186042b18f574c25714c56b,c2f0f02d93837cd3
data/private/sketchnet/paintings/paul-feeley_trajan-1960.jpg,painting,0,paul-feeley,test,e551cda631c75930c87d699469892ace339a8a50265a9a2182cfb345f43b8c19,e2455c110fbcc6ee
data/private/sketchnet/paintings/paul-feeley_untitled-watercolor-4-1964.jpg,painting,0,paul-feeley,test,95b28c6129c8a16e765551e78b788120c2eac997bc7e432e58568b1a1550724f,b4cccbb22ccd32e4
data/private/sketchnet/paintings/paul-feeley_untitled.jpg,painting,0,paul-feeley,test,c1e4bb11aff351938c78dca96c7e0c159d96391b6e265594c77fe27ca70b2595,b58bccb2936c324d
data/private/sketchnet/paintings/paul-jenkins_phenomena-pointed-eas.jpg,painting,0,paul-jenkins,train,73faf6d1d9d00d7d4d31f2f3a31cd6e15022fa82799776d9109a573149c8dd76,8962790ce778cec3
data/private/sketchnet/paintings/paul-jenkins_phenomena-solstice-encounter.jpg,painting,0,paul-jenkins,train,9fd87177bcd4e0b265cec1b67c950d429ed485ffb682d390bf21b6b7d3599742,d4da7923368ccd31
data/private/sketchnet/paintings/paul-klee_hammamet-with-mosque-1914(1).jpg,painting,0,paul-klee,val,01cb03a1bae0f29609559ed58c564373b9a6e16528ef94ae1995b9dbacc2693c,b2da359e5c140b7a
data/private/sketchnet/paintings/paul-klee_harbour-with-sailing-ships-1937(1).jpg,painting,0,paul-klee,val,1e17e11a520eec04d3dc4c93bc7ce94a043b9720221497577af870be68cc1729,abd13e2e62878347
data/private/sketchnet/paintings/paul-klee_red-balloon-1922(1).jpg,painting,0,paul-klee,val,0b5b83816ffe6b1c6e506fa02cad4c70b794f501bc4dba444101e8e5e3d9997e,93d6259946397a87
data/private/sketchnet/paintings/paul-klee_revolving-house-1921(1).jpg,painting,0,paul-klee,val,e87acab026ffee34cd4c2c4322362ad8e294741a283848617c8dd94bfeb77710,c03952320f636f7d
data/private/sketchnet/paintings/paul-klee_the-mask-with-the-little-flag-1925(1).jpg,painting,0,paul-klee,val,226f4cf6ef33ee0ba98803f9b721b10afa4133eed16061e672384ca9d9214678,ba3cad3594789a62
data/private/sketchnet/paintings/paul-klee_untitled-still-life-1940(1).jpg,painting,0,paul-klee,val,5cd37176a99033b685ad17078970c3c5e2c1b9e37cf31359c8a5de8b2c149ec2,a37fcc1879816636
data/private/sketchnet/paintings/paul-reed_draa-1988.jpg,painting,0,paul-reed,val,f19a3d697b3fe34bd8f8375458c6270c78646fe75c522b6ff47b6705b5aefc4b,b3c8909a96aa8bf6
data/private/sketchnet/paintings/paul-reed_gilport-d-lxii-1972.jpg,painting,0,paul-reed,val,b245f51b82e9fd1ace8652927d2488657957832576c18d2a37d282becf95e539,f9b2e01ae45e8749
data/private/sketchnet/paintings/paul-signac_comblat-castle-the-pre-1886(1).jpg,painting,0,paul-signac,val,e58ce39a193b888f787197e748498f384eec7b1f3f84ca4c8ea47a38b8a3ee2d,99bb66620cdc4e47
data/private/sketchnet/paintings/paul-signac_concarneau-opus-221-adagio-1891.jpg,painting,0,paul-signac,val,70367333b59471b2e64e36b6597b6926dfa77f2c8629d144c4d1334bfc5c661f,959557e25f00a4dd
data/private/sketchnet/paintings/paul-signac_dutch-mill-at-edam.jpg,painting,0,paul-signac,val,f92ec26e7c7d8fda1864d041bfe3209af2c8b4ddd612ec52360af7cb89341beb,84f01d553bda658e
data/private/sketchnet/paintings/paul-signac_le-clipper-asnieres-1887.jpg,painting,0,paul-signac,val,f45205039dec594842c1068496f46b733cc39baed21ade4a105ca2c07880d38d,d2d596b585252d8e
data/private/sketchnet/paintings/paul-signac_le-corne-d-or-le-pont-1907.jpg,painting,0,paul-signac,val,e4b8e6c20a3f88a7b7f74937a626725967f0258885aa04844fd2582a53e3fb02,ff884e1cc0b6619d
data/private/sketchnet/paintings/paul-signac_lighthouse-at-groix.jpg,painting,0,paul-signac,val,53567dfc44a9c8bd6f1b35504754c7c3084fe87f00c62e9b5f9b5bc5f60f4180,95a661f536f32a05
data/private/sketchnet/paintings/paul-signac_samois-study-nr-8-1899.jpg,painting,0,paul-signac,val,2fc94f64a85b92b2370305475ecc00fbda5c32c93afc480cc86c4e37b652ea2d,82aff05a44b870ef
data/private/sketchnet/paintings/paul-signac_sunday.jpg,painting,0,paul-signac,val,bba39f832daabc8df7078eeb953d46ef22b6e67f003af69a29358f1cb61b3776,ee6447213bf2f046
data/private/sketchnet/paintings/paul-signac_the-bay-1906.jpg,painting,0,paul-signac,val,4458fc2dea6d16dd14dc3cce8e2a856fccbaa113b6a67f1a7ce9af544dbb340a,c5c95b9336a692b2
data/private/sketchnet/paintings/paul-signac_the-pine-tree-at-st-tropez-1909.jpg,painting,0,paul-signac,val,a935961d6359f336d01e8ffcf837a546dea8d3d64cf4c58a8548bd3956fbdb32,b92ed419ca670d1e
data/private/sketchnet/paintings/paul-signac_the-port-at-vlissingen-boats-and-lighthouses-1896.jpg,painting,0,paul-signac,val,4224e0167925f38ae64e00fb13f0cb8e0992d8813c7f75c054d297faa53f6f0b,d0e757384738a857
data/private/sketchnet/paintings/paul-signac_the-port-of-la-rochelle-1915.jpg,painting,0,paul-signac,val,3641c54a488d5c8f591e4955a2bcdf3b71c887297842f8fd742211f7eb8531d1,84bb7f0542eb5d90
data/private/sketchnet/paintings/paul-signac_woman-at-her-toilette-wearing-a-purple-corset-1893.jpg,painting,0,paul-signac,val,181a8c187661c508e2cbf1018fb815e2ce8f01aeabe5d382ece0039b9ca35c12,ac912dd2934763e5
data/private/sketchnet/paintings/paul-signac_woman-by-a-lamp-1890.jpg,painting,0,paul-signac,val,9c4dafab7bc12c77383a50e1b10ebf1e9bff960b2f087e2d4beedf5de64df748,95645a5ae794754c
data/private/sketchnet/paintings/paul-signac_young-women-of-provence-at-the-well-1892.jpg,painting,0,paul-signac,val,bbd65db474a229a85839fae864b43421e09f2f0d453a8844ff77cdc304a54576,fbe644590fad6114
data/private/sketchnet/paintings/pedro-calapez_composi-o-04-2004.jpg,painting,0,pedro-calapez,test,59c084e6299819c57a5be4e32dcf5395781ae715246903f60ea7ed15ff1dd7c1,d4c119967e51897e
data/private/sketchnet/paintings/pedro-calapez_escala-de-cor-04-2009.jpg,painting,0,pedro-calapez,test,a18662ca7862c1473e4472d4c772857644712f0e831251e63cefc9f5b0299c6c,fab1578585c485bc
data/private/sketchnet/paintings/pedro-calapez_lugar-19-ou-lugar-dos-pequenos-lugares-2003.jpg,painting,0,pedro-calapez,test,1d9fb31a366ce9a58d1b695ab082da099d199f6f9fbf418f9448b2fa3c378397,fead89c09517e0b1
data/private/sketchnet/paintings/pedro-calapez_paisagem-mayor-2009.jpg,painting,0,pedro-calapez,test,7bb881d5ebe40abd49ee45e24a6713b74664757dee59b8595578c5a333e58e9b,8a8d70518ff29c37
data/private/sketchnet/paintings/perle-fine_cool-series-no-12-fiercely-remote-1963.jpg,painting,0,perle-fine,train,11362064b48dfe034bf369e76336cc10e437290acc25e681d21dda64765fe83e,ffeea82857846868
data/private/sketchnet/paintings/perle-fine_cool-series-no-9-gibraltar-1963.jpg,painting,0,perle-fine,train,03fcd66f3fa398151937d61d284949cd9e3de60c8abd1361ec5de74ef75ca6d6,c0c0ab6b6aa72e6e
data/private/sketchnet/paintings/peter-blake_the-fine-art-bit-1959.jpg,painting,0,peter-blake,train,c4d7531a6bcc98beddb0eb13c05d10a07c3079ce864af2f1e6ad3c281dbe5b36,d4feded462c121c1
data/private/sketchnet/paintings/peter-blake_tuesday-1961.jpg,painting,0,peter-blake,train,84da5d0ea73a7bb54691182f3b048cd11d90306b119669251b3a9baa40ba8c69,c4cc4ccc6b3b9137
data/private/sketchnet/paintings/philip-pearlstein_lying-female-nude-on-purple-drape-1968.jpg,painting,0,philip-pearlstein,test,19a300fbb49299e26164617fcaf2792e2166e7e92b96ce683f2ac83d01837cf8,95c37984279d7472
data/private/sketchnet/paintings/philip-pearlstein_swan-accordion-and-mercury-1994.jpg,painting,0,philip-pearlstein,test,9c181008d0dac3a2438e2ebdb2fc1f2fa7af044de54d45fa9def0d414fa5dd6b,bfb3a6c5c3509229
data/private/sketchnet/paintings/piero-dorazio_munich-olympic-games-poster-1972.jpg,painting,0,piero-dorazio,test,e0ff09e2072a3888c47c2b3e530efbb4ca566ea3b882a41dfaecf142f5953d58,ca6f155f72608716
data/private/sketchnet/paintings/piero-dorazio_rosso-perugino-1979.jpg,painting,0,piero-dorazio,test,f04f76a7781acd0770c081418c5ec39448088b5abe6a3f3887afe89ee72b3394,817cf178e494bce1
data/private/sketchnet/paintings/pierre-auguste-renoir_woman-s-head-1905.jpg,painting,0,pierre-auguste-renoir,train,452658155d7c8217ff8855e8f67949f5abe5cc037bd012346b35550e38cad616,ac6fb1a1998ce61c
data/private/sketchnet/paintings/pierre-auguste-renoir_woman-s-head-1919.jpg,painting,0,pierre-auguste-renoir,train,b5ec0836e9cc1ff32e4f6d7ac183e0d6a142a4730f4c10adde49717c6a7b430e,be3ca6d3518283ce
data/private/sketchnet/paintings/pierre-auguste-renoir_woman-s-head-jeanne-samary-1877.jpg,painting,0,pierre-auguste-renoir,train,9145bf9fe2dfa22e53a7e5ccfe4a3776d117492892609fe76d7e02a3a3b96ea8,afb4f22bd048c5e2
data/private/sketchnet/paintings/pierre-auguste-renoir_woman-s-head-the-thinker.jpg,painting,0,pierre-auguste-renoir,train,4aa4aaf362d39f10c169d8609df24f5d4219bb6c128122232d481c78c7f80a5a,8d0ff0e60fbc9027
data/private/sketchnet/paintings/pierre-auguste-renoir_woman-under-a-tree-1883.jpg,painting,0,pierre-auguste-renoir,train,492b723d29324b12950ffdc917c081f623683e3d116de06c14f425a49a517461,9bbbe0c665d824d1
data/private/sketchnet/paintings/pierre-auguste-renoir_woman-wearing-a-corset.jpg,painting,0,pierre-auguste-renoir,train,4f8e71c47ad8894d74ff967d21781bd505df948a69f63861cf63a53022c8abc8,c01e6fc3257c9935
data/private/sketchnet/paintings/pierre-auguste-renoir_woman-wearing-a-hat-1889.jpg,painting,0,pierre-auguste-renoir,train,d95a9f9e06f52b6291141118dc679d88bf3c7b7fe0178797b80bfa70ed3502e8,aecd12b5cc3734d0
data/private/sketchnet/paintings/pierre-auguste-renoir_woman-wearing-a-hat-in-a-landscape.jpg,painting,0,pierre-auguste-renoir,train,2a4296ffd6ed68e9149a6ac28b0a387115568ee34a01fd9ad6c38e5d12b735a7,bb7bb42448c9f10d
data/private/sketchnet/paintings/pierre-auguste-renoir_woman-with-a-fan-1906.jpg,painting,0,pierre-auguste-renoir,train,6be8d3799a0e3aa05ffa812b0e4c73a1d24786bd9e75d3c6075f46d9f62bb491,dcbd3133c326c0bc
data/private/sketchnet/paintings/pierre-auguste-renoir_woman-with-a-fan.jpg,painting,0,pierre-auguste-renoir,train,b588bffabde17f945d0a85a196e4959534b202a9d00e07d1cebb5417a0982832,c92978a7c6ce9e48
data/private/sketchnet/paintings/pierre-auguste-renoir_woman-with-a-guitar-1897-1.jpg,painting,0,pierre-auguste-renoir,train,cc9b27fcd97746d22edcfe78550b80b4b18e98e621aa07f84ac374b46c0210fe,8f3ce80671c3de31
data/private/sketchnet/paintings/pierre-auguste-renoir_woman-with-a-guitar-1897.jpg,painting,0,pierre-auguste-renoir,train,3639338f561cf2dba90287b4b85c5545b56f8093bf95f2ce6eb27509f7cd2570,c1393e8d71c34a97
data/private/sketchnet/paintings/pierre-auguste-renoir_woman-with-a-straw-hat-1880.jpg,painting,0,pierre-auguste-renoir,train,d0ad012843b28b607aebb613e43a07adc1b7e3014db484fce773455373a08afd,f89f6cc24e36384c
data/private/sketchnet/paintings/pierre-auguste-renoir_woman-with-a-white-jabot-1880.jpg,painting,0,pierre-auguste-renoir,train,28972c0e9101a0b2f78f707b2accaf1c0ca987456c19353ee7da13a76cf4eb94,cdb072c5938e8dc9
data/private/sketchnet/paintings/pierre-auguste-renoir_woman-with-a-yellow-turban-1917.jpg,painting,0,pierre-auguste-renoir,train,ca400900fc4abe9beef731b850091bf3babc250d308556deb1268ae5102136ad,e93c79b1e7067288
data/private/sketchnet/paintings/pierre-auguste-renoir_woman-with-bag-1906.jpg,painting,0,pierre-auguste-renoir,train,34119e8e20eef6b1eb6d531be03c1eca0641afd6b737cb3e7b4c60753a556974,bf90d28ec9cdc4c4
data/private/sketchnet/paintings/pierre-auguste-renoir_young-blond-woman-1886.jpg,painting,0,pierre-auguste-renoir,train,6cd59d379c533a688c2b87b525b48b84c76a5a3c4be411e3341c845c2ed0e14b,c1563fd0648ddb45
data/private/sketchnet/paintings/pierre-auguste-renoir_young-boy-by-the-river-1890.jpg,painting,0,pierre-auguste-renoir,train,91ee763486b68f17806debb169881ad21185b1c98526cc4fc8a608164c16db06,ed71e3c899e80cc5
data/private/sketchnet/paintings/pierre-auguste-renoir_young-boy-with-a-cat-1869.jpg,painting,0,pierre-auguste-renoir,train,4781ad2026b4f55168c8382c0ea96a27f39304296a69f0fb6cd216cdfbc2e2d3,d61b686c353732d4
data/private/sketchnet/paintings/pierre-auguste-renoir_young-girl-1905.jpg,painting,0,pierre-auguste-renoir,train,e1c891c56a3d58b950fdb111b044303998ec11f2819a1b885c07902e5bc2e7e2,bae8a5a79296868b
data/private/sketchnet/paintings/pierre-auguste-renoir_young-girl-in-a-hat-decorated-with-wildflowers-1880.jpg,painting,0,pierre-auguste-renoir,train,97d723582ba8bf2abd36c735dccbb63e145e5e37e56f56064bd275a9245b15ec,9c733ee868266639
data/private/sketchnet/paintings/pierre-auguste-renoir_young-girl-in-a-hat.jpg,painting,0,pierre-auguste-renoir,train,f465636c45a051e499ea51b42776b0c2bd270b9d109709e2fdd79c1877a63370,f1176fd112b8f064
data/private/sketchnet/paintings/pierre-auguste-renoir_young-girl-in-a-red-hat-1899.jpg,painting,0,pierre-auguste-renoir,train,ec95af03e60392e58a8f8af6b148af06df5589f67345a743808dded65906bd79,8c9834e78e3636e3
data/private/sketchnet/paintings/pierre-auguste-renoir_young-girl-in-a-straw-hat-1890.jpg,painting,0,pierre-auguste-renoir,train,09c2ec1cd00346385f8ecb86e569925672df4d0ff5017c7a211570f482fcf488,972c3528e5e48fcc
data/private/sketchnet/paintings/pierre-auguste-renoir_young-girl-reading-1888.jpg,painting,0,pierre-auguste-renoir,train,f083135e7ef9e2569903d7d01f268c02e09ae13350c59e71738c29faf9986445,d46ae597d2ca093c
data/private/sketchnet/paintings/pierre-auguste-renoir_young-girl-reading-1895.jpg,painting,0,pierre-auguste-renoir,train,a83fe885c32d1a1bb81d2de1e5b2e51d0921abe0d019b1dbce2505d4d18f6897,da2d4596d01be9e1
data/private/sketchnet/paintings/pierre-auguste-renoir_young-girl-reading-1904.jpg,painting,0,pierre-auguste-renoir,train,45ad1e2415bdcc07a846d9d1c1a394a6c621ca35e90d5cadcf39997c661cdf36,a1b637c99dcc4c2c
data/private/sketchnet/paintings/pierre-auguste-renoir_young-girl-seated-in-a-garden.jpg,painting,0,pierre-auguste-renoir,train,3d9ca8927e95a623d6b50f0ac6ba1e9ae202c96d4b1ecbcdce424dfdc89b3284,fa2eaeb0907c05ce
data/private/sketchnet/paintings/pierre-tal-coat_untitled(1).jpg,painting,0,pierre-tal-coat,train,c95e1f7030e5e2e368af86940351e29833fef6bb3acefb29149f835161759181,ae69dd9857347c08
data/private/sketchnet/paintings/piet-mondrian_evolution-1911.jpg,painting,0,piet-mondrian,val,124d085a5324c998f51d19cb55f5246036fc3e3696db6122661fa901989b93ff,888ecee1f5b5a0a6
data/private/sketchnet/paintings/piet-mondrian_mill-in-sunlight-the-winkel-mill-1908.jpg,painting,0,piet-mondrian,val,37d22bebb134ce75ddf394145882961b91737a8c395bed57d73eb9655fd06ccf,b6f0c00fcfa1c1ad
data/private/sketchnet/paintings/piet-mondrian_not-identified.jpg,painting,0,piet-mondrian,val,3dadf342e69286d5fdec78c671a996d94ad20f351877121427d3ccb5c369e413,fc9493c71297433a
data/private/sketchnet/paintings/pyotr-konchalovsky_bakhchisaray-1930.jpg,painting,0,pyotr-konchalovsky,train,aad6ffe6bef1936a8cdc1cc9da0b413bb5ee18f8e70dba946fde44b43fc06568,ea36314ee28d3da4
data/private/sketchnet/paintings/pyotr-konchalovsky_balaklava-fishing-nets-1929-1.jpg,painting,0,pyotr-konchalovsky,train,da06bec8acac3eb5de1511331f5aafe761e87c3e855f10874d96f1b49259ae92,8f20bc329237639f
data/private/sketchnet/paintings/pyotr-konchalovsky_bridge-in-nara-the-wind-1918.jpg,painting,0,pyotr-konchalovsky,train,0ee9a6316a8b1eb778befe27bbc186e4a34b9208b9dfa3804ddb186c89aa7040,84925b77216b7355
data/private/sketchnet/paintings/pyotr-konchalovsky_cassis-1913-1.jpg,painting,0,pyotr-konchalovsky,train,9d9374785ba58f78048382ef345e828ebb2fc086c745a831a9fdce23305de4f9,e75cfb12d0c48791
data/private/sketchnet/paintings/pyotr-konchalovsky_cassis-the-view-from-the-window-1913.jpg,painting,0,pyotr-konchalovsky,train,9147456fe05e21c4396b52ea5557536142fe461200823baa52dbce0e853bcfe1,c4d48a4b81e5ff8c
data/private/sketchnet/paintings/pyotr-konchalovsky_city-1912.jpg,painting,0,pyotr-konchalovsky,train,963559aa38392c9935093f89034dab48fc0a6ada63e7cb9a8a566d15cefb8d3f,c3f43f496466c1f0
data/private/sketchnet/paintings/pyotr-konchalovsky_kuntsevo-cottage-1919.jpg,painting,0,pyotr-konchalovsky,train,21bcf11acfedead3bf131eb9cfebe5ff6b82df26333000994cff699652c32b16,cfec80b8e58a70e5
data/private/sketchnet/paintings/pyotr-konchalovsky_kuntsevo-yellow-cottage-1919.jpg,painting,0,pyotr-konchalovsky,train,40596f4fd632961a5a2d93aba2fe173ab23940207807e02aeac7f958fa2dcce7,d919d2a6366626da
data/private/sketchnet/paintings/pyotr-konchalovsky_lilacs-in-braids-1952.jpg,painting,0,pyotr-konchalovsky,train,7fdbd7f229f77e2987d570e77eef6b0f7b65b9f3bda7e479614f6cbcce53f150,eac613b510fae58c
data/private/sketchnet/paintings/pyotr-konchalovsky_matador-manuel-gartha-1910-1.jpg,painting,0,pyotr-konchalovsky,train,4b77c0fde7266b62571482c4356e812a4ab282d3b6ec59bd5afc6040be41e7a1,9964339c6693ce9a
data/private/sketchnet/paintings/pyotr-konchalovsky_nude-on-a-background-of-green-sketch-for-painting-woman-at-the-creek-1928.jpg,painting,0,pyotr-konchalovsky,train,5ac136c4ccb9bb55eec89f59fbd0d1713b3ab366d8cc8ae98488108ddcb010e1,ad427b312961f31e
data/private/sketchnet/paintings/pyotr-konchalovsky_nude-on-a-green-background-1928.jpg,painting,0,pyotr-konchalovsky,train,f0dae3d1bcc6c47964ea77993106fc8d79d3df207e69525a190b9c7953902c03,9eea675b2094be0c
data/private/sketchnet/paintings/pyotr-konchalovsky_portrait-of-a-historian-v-s-protopopov-1911.jpg,painting,0,pyotr-konchalovsky,train,ad8ec7f24f2c9cb83ae1db644e3470599178ca656ef97ae486781741dc54f687,c562d3895f3c2c5a
data/private/sketchnet/paintings/pyotr-konchalovsky_portrait-of-a-son.jpg,painting,0,pyotr-konchalovsky,train,38a5dcfb48cd71aa54d985c319e3d1cd1b7a1380e4d5d396234a4341b62fd48d,d86b89ceb930e538
data/private/sketchnet/paintings/pyotr-konchalovsky_portrait-of-a-violinist-grigory-fedorovich-romashkov-1918.jpg,painting,0,pyotr-konchalovsky,train,3d4a273fdcbc5ff3565edf7d39ed3463a55d70c731aaf456d64328abaed4bf2c,c8dd5959b4b43166
data/private/sketchnet/paintings/pyotr-konchalovsky_portrait-of-dmitry-petrovich-konchalovsky-historian-brother-of-the-artist-1909.jpg,painting,0,pyotr-konchalovsky,train,bec7436f061f3d8d658019ae7618bf39459105d0573ff374a9728e90074b7cf9,e3871e78431b9b91
data/private/sketchnet/paintings/pyotr-konchalovsky_portrait-of-m-p-konchalovsky-in-naval-uniform-1910.jpg,painting,0,pyotr-konchalovsky,train,df9ed00e9cffd01644b4cdcdd9a41e71133528791c9efc6fa87358c573f48aef,a5b7dc181b4a4b4b
data/private/sketchnet/paintings/pyotr-konchalovsky_portrait-of-the-artist-alexander-leonidovich-vishnevsky-1920.jpg,painting,0,pyotr-konchalovsky,train,6b0b0bf5bf371735e5e3d3b6a35590b22b41c3ea83c1a74db1e7126768aaf59d,d8961c4d161debd2
data/private/sketchnet/paintings/pyotr-konchalovsky_portrait-of-the-painter-g-b-yakulov-1910.jpg,painting,0,pyotr-konchalovsky,train,c21b1e7d245395052913578830b0145915285f74928961a49885749471da0710,8e2e31f5514f126e
data/private/sketchnet/paintings/pyotr-konchalovsky_portrait-of-the-sculptor-p-bromirsky-1919.jpg,painting,0,pyotr-konchalovsky,train,c2a4ed0d6cc8c9236e69edd2de6f856c50cb98f1bbf18ad651fb92a803d3db52,f8f96132697c9a60
data/private/sketchnet/paintings/pyotr-konchalovsky_self-portrait-in-gray-1911.jpg,painting,0,pyotr-konchalovsky,train,841c694c2e3832ec14fc7b8381d362a6771e9e7ba9dbf31e6ca51199ceacfb4e,a2d8597016b7bc9a
data/private/sketchnet/paintings/pyotr-konchalovsky_siena-1912.jpg,painting,0,pyotr-konchalovsky,train,62270e632b65e9159d7a7ba988b555e4afefde101084b0777e4374ef1057b525,8f58d4f2b90c385b
data/private/sketchnet/paintings/pyotr-konchalovsky_sketch-of-portrait-of-vsevolod-meyerhold-1938.jpg,painting,0,pyotr-konchalovsky,train,9ef4095ecad69007eb113320c3565531092d634b9b28d1d424617cab3fda4a46,8000c76b3db5fa6e
data/private/sketchnet/paintings/pyotr-konchalovsky_still-life-beer-and-roach-1912.jpg,painting,0,pyotr-konchalovsky,train,a87f431d2fdb55a94ac012622b01be27f487c92bb85734c301315b24ab651555,cb1e96603ce27d83
data/private/sketchnet/paintings/pyotr-konchalovsky_still-life-begonias-1911.jpg,painting,0,pyotr-konchalovsky,train,ad23df440a69e461ecf084e5e629ae551b4dadcf7682be1d3ab5aed4ea67047a,e7c7c50c98f0d865
data/private/sketchnet/paintings/pyotr-konchalovsky_still-life-cancers-1916.jpg,painting,0,pyotr-konchalovsky,train,3ad35e3a91bb02d5d844759221dcc620b194dfb97f7af4445cabc7eb28cd6a97,927eed48b20bc91d
data/private/sketchnet/paintings/pyotr-konchalovsky_still-life-checkers-and-oranges-1916.jpg,painting,0,pyotr-konchalovsky,train,d64ff08d737ef4ae2b3af9c8776bca0aa12f19004fa44b84bf0337948704e298,db63756b09b432c2
data/private/sketchnet/paintings/pyotr-konchalovsky_still-life-table-with-the-dishes-1919.jpg,painting,0,pyotr-konchalovsky,train,db5b3c2c157c8d84339ff201b7e6f76e5bd59c9e5c859559cc9bed7a105ef34d,f3d04aa9b1b23ed0
data/private/sketchnet/paintings/pyotr-konchalovsky_still-life-the-guitar-1917.jpg,painting,0,pyotr-konchalovsky,train,28e58a37a0999b7f7e05c1b199768716e4ede0af70d2d440ad5c54bf8f22f945,9639e414db1fc893
data/private/sketchnet/paintings/pyotr-konchalovsky_still-life-tray-and-vegetables-1910.jpg,painting,0,pyotr-konchalovsky,train,34a6ecb9594ea3236564dfc4502f1a735606c2a2c6871f538b40047042c42a98,930cfee3185ea718
data/private/sketchnet/paintings/pyotr-konchalovsky_still-life-with-a-coffeepot-1919.jpg,painting,0,pyotr-konchalovsky,train,d51f24b48fba5507c09dc7ce4857aaa4c4b3bb5c0fcb3a7f3a65c52002496d24,d2d2ad45ca3e48ec
data/private/sketchnet/paintings/pyotr-konchalovsky_sudak-mulberry-1917.jpg,painting,0,pyotr-konchalovsky,train,13455f6d4348fd9dd6ec1ca60611cd4c552399d9eb0eef903528461079216ffa,e2621a0fe1a77d19
data/private/sketchnet/paintings/pyotr-konchalovsky_tea-time-1939.jpg,painting,0,pyotr-konchalovsky,train,3524dfe86a396288847dfe718dc277f60249f1bb7d780d259f622559ecdbf625,b47c69ebe23985c0
data/private/sketchnet/paintings/pyotr-konchalovsky_the-model-on-the-carpet-1919.jpg,painting,0,pyotr-konchalovsky,train,05b9f27fa1711f22788df88065789ef0dcc1a247c08a71863199d65e395d49c4,aa6ab4d9c9a9aab0
data/private/sketchnet/paintings/pyotr-konchalovsky_trees-1919.jpg,painting,0,pyotr-konchalovsky,train,feb7a69e7b11d25c16082504f60d4c61ba465702f43285c47d2660465efb005b,82315761de26d92f
data/private/sketchnet/paintings/rafael-zabaleta_painters-and-model-1954.jpg,painting,0,rafael-zabaleta,val,3fb81b89deaf89b54bac79c06fc83d3a36c5296f6cc293f3f5e738c3ac846fab,8ca3f27f06e112ea
data/private/sketchnet/paintings/rafael-zabaleta_peasants-1952.jpg,painting,0,rafael-zabaleta,val,64f28dc27e6f9448dd4fc982bb22907f5583aaf25346936770a79eae1aa90149,fa817d46325b6a15
data/private/sketchnet/paintings/ralph-hotere_kei-muri-i-te-awe-kapara-shadowed-behind-the-tattooed-face-1972.jpg,painting,0,ralph-hotere,train,b3677ac81c79c2b7a8892aede976495f536a16080b9f0f6ced7a8b70e6a1eb17,ab9f87b2b800bd89
data/private/sketchnet/paintings/ralph-hotere_mural-in-the-founders-foyer-in-hamilton.jpg,painting,0,ralph-hotere,train,40609fe537fafca19e443a38d848ecaae833ddf7fb5646e995b0bf1ffa40e10e,be7f18a851a1f0e8
data/private/sketchnet/paintings/ramon-oviedo_the-title-of-this-painting-is-a-question-mark-1994.jpg,painting,0,ramon-oviedo,train,66501d988534fce67b7d218f22eb6200708fdf0c54ca2ce8f9a5d58c3ee6ab44,c0e160c6c73d9e9e
data/private/sketchnet/paintings/raoul-dufy_arcades-at-l-estaque-1908.jpg,painting,0,raoul-dufy,test,3489b725d594bfa4851077ef2a003715ae02c1a74d34c730244c71d4ae762e27,be81c97c2732582f
data/private/sketchnet/paintings/raoul-dufy_boats-at-martigues-1908.jpg,painting,0,raoul-dufy,test,4a5b3d16bf8a791b687a3699c83fdc4db741ccf089c6a1eb725882e26dedd386,bac42959f2e607c9
data/private/sketchnet/paintings/raoul-dufy_boats-in-marseille-1908.jpg,painting,0,raoul-dufy,test,26fc79a2b11242ee516e2c8f10a05f7a3a5bd222d55ef532feec1c5f3749d00f,fe84a1b58eb0170f
data/private/sketchnet/paintings/raoul-dufy_hommage-to-mozart-1915.jpg,painting,0,raoul-dufy,test,47de9ceee07cb7b2af13dc83c4175eedde852f498565f23966e6083ec6d26325,90315e266b6e6d6c
data/private/sketchnet/paintings/raoul-dufy_houses-in-munich-1909.jpg,painting,0,raoul-dufy,test,cb7e5181a3629629b8d22651dd0c680466369bef5ebead0c9f03c9635da542e4,dbd0246dcb8c119f
data/private/sketchnet/paintings/raoul-dufy_seated-nude.jpg,painting,0,raoul-dufy,test,8a962fbfe48ef1c0d1b7e3bfcea301e6fcb51aea506b6f362dbb00e1252293e3,82b47ef36b095e21
data/private/sketchnet/paintings/raoul-dufy_still-life-with-bananas-1909.jpg,painting,0,raoul-dufy,test,ac86db24eefc539704c283962458647641af7b7d48aa633d60a64aac94c1636d,eb1f387c5063a433
data/private/sketchnet/paintings/raoul-dufy_the-studio-on-seguier-street-1909.jpg,painting,0,raoul-dufy,test,3c42a95af924ddc73a36ec503ff77111f0d10054b298c314afc7080a463f98cc,f4c78af8153664e4
data/private/sketchnet/paintings/raphael-kirchner_to-the-right-and-freedom.jpg,painting,0,raphael-kirchner,test,8912d904bed183b734dc727d523388993f066b8108ee074eb222a2d7a8c88990,e71999e6982cc699
data/private/sketchnet/paintings/raphael-kirchner_two-in-a-car-1916.jpg,painting,0,raphael-kirchner,test,0e4c9fc7461f8c31f4ce13a84756fd18cec757c8aa988ce15726fd29595af051,d0268d59b89cc2f7
data/private/sketchnet/paintings/raphael-kirchner_unknown-1916-1.jpg,painting,0,raphael-kirchner,test,df44979892defecb143fd9c4372185b62047ac773b2785ff5b31919f7be8db23,e5d99636c98e3186
data/private/sketchnet/paintings/raphael-kirchner_unknown-1916-4.jpg,painting,0,raphael-kirchner,test,5278d95acf95ae2f2897c9ab34e2d5365109d1b3e565917a10526ea81075759b,ed929369b49a68e4
data/private/sketchnet/paintings/raphael-kirchner_unknown-3.jpg,painting,0,raphael-kirchner,test,8a27c72ea7886bf60730b853c0c3273b9d73419f3e13465a4ae844d9ec0d64dc,e66666c39b999918
data/private/sketchnet/paintings/raphael-kirchner_unknown-4.jpg,painting,0,raphael-kirchner,test,7c87c672d4f7a326d20a122a194ffccf9a094e71101333f19d7abb93722cec7c,903c63c7cecc383d
data/private/sketchnet/paintings/raphael-kirchner_unknown-6.jpg,painting,0,raphael-kirchner,test,a06405fc73f4c8cadb5fb25575824372afc2d49cb72ac95e6621d379220c2272,80a3d91c664f1b7b
data/private/sketchnet/paintings/raphael-kirchner_unknown-8.jpg,painting,0,raphael-kirchner,test,d5cf78b30692d87a52c9e1a9e25c1efe62a414b0012cbf715da01e3b898513e5,82394fb033cf7c34
data/private/sketchnet/paintings/raphael-kirchner_unknown-9.jpg,painting,0,raphael-kirchner,test,e4e86dcbead01ad7df92355345936b06cfa698e1de3648bdcc3f74ff01524a0f,a733c9cc3ac0e539
data/private/sketchnet/paintings/raphael-kirchner_victory.jpg,painting,0,raphael-kirchner,test,ea842802684206942d2a8a529a7d5dc14492d4f576848d930bdc2ee5c77974ee,b6c8d133ce267331
data/private/sketchnet/paintings/raphael-kirchner_vivienne-segal-1.jpg,painting,0,raphael-kirchner,test,f5a7802e8cf6d5ee457ba00253440afc16c7902326868f2f44cec37a742d3ba9,c8d93774d3930c5c
data/private/sketchnet/paintings/raphael-kirchner_wed-fleurie.jpg,painting,0,raphael-kirchner,test,9ab39762820e57b7d91a3ea187906a68fc0174e147ff28ff58379d43614ed41b,e96792936b498dc4
data/private/sketchnet/paintings/raphael-kirchner_women-dominating-landscapes-1903-1.jpg,painting,0,raphael-kirchner,test,344f58449364fb9c1f6f5914a6be778bdaaa4f3dc5f74866ef70e72cca98ca2b,fb91c20e64529b7c
data/private/sketchnet/paintings/raphael-kirchner_women-dominating-landscapes-1903-2.jpg,painting,0,raphael-kirchner,test,40e1c6f630f959da5d3554d3d48ca5c2a631f5befecd4b2babb98c4a433411b1,8edcd972c48c0cfc
data/private/sketchnet/paintings/raphael-kirchner_women-dominating-landscapes-1903.jpg,painting,0,raphael-kirchner,test,70fa4e04689500978d063739c19fe0f6f6c3a403342d1124d75317fd7c481705,94ad7993134a6cec
data/private/sketchnet/paintings/raphael-kirchner_zeppelins-in-paris.jpg,painting,0,raphael-kirchner,test,104af0e282bafcbc8cb2524c64ebc9da0f8bc58638f12f5a6b8ae4d69f7d80de,ef93b04c916e8639
data/private/sketchnet/paintings/raphael-kirchner_ziegfeld-beauty.jpg,painting,0,raphael-kirchner,test,346f42924c07677e69235f825a49dc83150e925a791ed554e37778f48a07f8a7,c72fff00b0e4a2d2
data/private/sketchnet/paintings/raphael_terranuova-madonna.jpg,painting,0,raphael,train,bb1b36485b3c981f05b0ed7a24f50e04ba73189ac8403d14b524c77c1e2c442a,ead6b1b9442cb34a
data/private/sketchnet/paintings/raphael_the-adoration-of-the-magi-1503.jpg,painting,0,raphael,train,bef46bd2de27aeaaf926bdc64e5aca81524eb999ee81b4d4615d7a80f1677d46,dacc0c33b86adb19
data/private/sketchnet/paintings/raphael_the-alba-madonna-1.jpg,painting,0,raphael,train,8518b620121680c78f12756c1a07162a2180a4ae871ed39076177eab29f9a875,ee97b14aa05b459c
data/private/sketchnet/paintings/raphael_the-alba-madonna.jpg,painting,0,raphael,train,0e4305478135c12c80077c4cf55c70b82f39c51f3d773a317f8b09bcc0cec232,ea97b54ad45904bc
data/private/sketchnet/paintings/raphael_the-aldobrandini-madonna-or-the-garvagh-madonna-1510.jpg,painting,0,raphael,train,1fc2706d81edfdf3dd0de4642bc8a295ac3d0f9ef1f27844f99ab6df99e07149,c4ac7c24279b5373
data/private/sketchnet/paintings/raphael_the-annunciation-1503.jpg,painting,0,raphael,train,ebf030040c6bc0843f3eba86a681e6d080aa46b603765407fef38679d267df71,cd32ed32360bf04e
data/private/sketchnet/paintings/raphael_the-baptism-of-constantine.jpg,painting,0,raphael,train,407b66e54e73f33f39ad8bb4c39e88ed37cbb53b2aee0314c324e6d331470842,ca2f50bb37e00fa4
data/private/sketchnet/paintings/raphael_the-battle-at-pons-milvius.jpg,painting,0,raphael,train,43a4d2dec95955e84dfc3d7761fc8292cfb39605e2a8243eff97f3ca4001f3b9,95916a676f0d5386
data/private/sketchnet/paintings/raphael_the-battle-of-ostia-1514.jpg,painting,0,raphael,train,3d6f3ad521ba1c754371a33326fe205ab0979f4b019c5f14d65d0b64b6ed1e09,861f7b7a2c60c59a
data/private/sketchnet/paintings/raphael_the-blessing-christ.jpg,painting,0,raphael,train,d0b55296a461397d69b46b804838b4a387597347c6729a57977f31cc4ae5b955,9ce0471dfa8331e9
data/private/sketchnet/paintings/raphael_the-blinding-of-elymas-cartoon-for-the-sistine-chapel.jpg,painting,0,raphael,train,dc353a9f8be52997baf37cf7bd87f9578f45ab4eac6f4864f0d8e5919aaf7894,dbe90367cc660c96
data/private/sketchnet/paintings/raphael_the-coronation-of-charlemagne-1514.jpg,painting,0,raphael,train,637326f32c2a70b1b9087a81495a626ea3043acd271c495700a4df30bf2a394d,83d8510f0ffe2d34
data/private/sketchnet/paintings/raphael_the-creation-of-the-animals-1519.jpg,painting,0,raphael,train,f9631ca790e891b3f81898153212b018d3eb1a06b15bba86d23e3374dff0bca0,93b36c3ccce42479
data/private/sketchnet/paintings/raphael_the-crowning-of-the-virgin-1503.jpg,painting,0,raphael,train,7a2884000ae004a93dfb13c666c9399f73c65b75cf4b8747ed58950d30db1d1b,e8a61bcfb7996410
data/private/sketchnet/paintings/raphael_the-death-of-ananias-cartoon-for-the-sistine-chapel.jpg,painting,0,raphael,train,a0f6f66b0831b2035697e54f18fe74a0d7cef2382e849a7faf35022b93ad4e6f,a921ec0aa33dd379
data/private/sketchnet/paintings/raphael_the-deposition-1507-1.jpg,painting,0,raphael,train,aeb433860aa311df3c64e0764afc99d643286be7391f26dec7998c85b9d528f0,c183a2c1ef307b6e
data/private/sketchnet/paintings/raphael_the-deposition-1507.jpg,painting,0,raphael,train,573272f12707e01b63f26f9086f8ab11788a801b18a426814cb275352f67cae0,c183a2c1ef307b6e
data/private/sketchnet/paintings/raphael_the-disputation-of-the-holy-sacrament-1511.jpg,painting,0,raphael,train,7b9b454d90574f03445683acd34b58063cc9a74a1ab48b481de5dc0e82b33155,d52316e8691b9765
data/private/sketchnet/paintings/raphael_the-esterhazy-madonna-1508.jpg,painting,0,raphael,train,f45813364750647e7c043abb0ae13506dca6c067de03b499c6e59a46c7daa2a0,a49e49651e485ff1
data/private/sketchnet/paintings/raphael_the-expulsion-of-heliodorus-from-the-temple-1512.jpg,painting,0,raphael,train,11dda21d35bd349e39d731be3676e49c819bc02fdd3ba75a096e331e8f0f2170,833e08df31dc0f71
data/private/sketchnet/paintings/ray-parker_untitled-1959-1.jpg,painting,0,ray-parker,train,298b9f7a824e5a6ff96adaaa986df4b5f2eea83aeb82a0ec7e24608d934374d8,bef09440cd1bcb8d
data/private/sketchnet/paintings/ray-parker_untitled-1959.jpg,painting,0,ray-parker,train,cd49c32bb55c8f6350b65de4addc4568440bb1f8882f9cab29d98959bb14c602,bf5ac4a5d0c9c217
data/private/sketchnet/paintings/ray-parker_untitled-1967-2.jpg,painting,0,ray-parker,train,d1d9e9fe56eab73539ed07856d9016ac7b5c99fdb4e4e4ce4a1be0227f5eb389,ea48d593b3387465
data/private/sketchnet/paintings/ray-parker_untitled-1967.jpg,painting,0,ray-parker,train,c6da04052a72f6ca9c41caba9b2b8aeb219cd6bfe44dd74c9f0a6268dedd83af,a3a3c3994fe1b44a
data/private/sketchnet/paintings/rembrandt_portrait-of-joris-de-caullery-1632.jpg,painting,0,rembrandt,val,0abe3eb5a726d6e54ac4e7e70a25e72a5c57bd489ce03ee69fcc2e13c7258645,848b792de3933b4c
data/private/sketchnet/paintings/rembrandt_portrait-of-maerten-soolmans-1634.jpg,painting,0,rembrandt,val,3f0bde3ac51e5889189ab756ee0afcc114091e0480bd628d721545296e946a1e,c126c9393c19be5b
data/private/sketchnet/paintings/rembrandt_portrait-of-maertgen-van-bilderbeecq-1633.jpg,painting,0,rembrandt,val,c8425a6413855564459a6c2fc412f08f7b865a7f947423cdd6e2cea4edd22bd6,afbc78c3a52cc292
data/private/sketchnet/paintings/rembrandt_portrait-of-margeretha-de-geer-1661.jpg,painting,0,rembrandt,val,accee71e7ac80c9c0fe8f6bcb2236ba6a0b753b6e48976fad9b62061f2d00714,8cb073ca963569cb
data/private/sketchnet/paintings/rembrandt_portrait-of-margheride-geer-wife-of-jacob-trip.jpg,painting,0,rembrandt,val,da6eea9a34f460dfd4734456cac40684fee87a43023cabdc4fc9a90800d7506d,ce9833675bc98631
data/private/sketchnet/paintings/rembrandt_portrait-of-nicolas-bruyningh.jpg,painting,0,rembrandt,val,bfe0164ab7792d01686e76277a0e6cd373e30c8da10e2b7db4d3b75bdf71b0b5,c4c6c3bb39393839
data/private/sketchnet/paintings/rembrandt_portrait-of-nicolas-van-bambeeck-1641.jpg,painting,0,rembrandt,val,aed3820f4a9285077f093b0a9e41f72b9ba43e974fd14aea759709d9348ff5cf,e6d03947ce383cc3
data/private/sketchnet/paintings/rembrandt_portrait-of-oopjen-coppit-1634.jpg,painting,0,rembrandt,val,edb2911f9c3f9e724be1b84c1c4e0149024e935928f394801c2bb8e5936a033a,d90ce436e367c638
data/private/sketchnet/paintings/rembrandt_portrait-of-philips-lucasz-1635.jpg,painting,0,rembrandt,val,738a42c19c378d3c76b031261f533b62590478179d792b9935b3a2d45b395c20,ee9cb1e3c43ec2c0
data/private/sketchnet/paintings/rembrandt_portrait-of-princess-amalia-van-solms-1632.jpg,painting,0,rembrandt,val,e057dfa12f9ff7d868a8859a2bfbedc2ab23715b86a860f93d628a2c7e0172b8,98ad6793336d8c92
data/private/sketchnet/paintings/rembrandt_portrait-of-rembrandt-s-brother-andrien-van-rijn.jpg,painting,0,rembrandt,val,e7262dfbe5e8dcf5db5cdb5aeab6358689b592fb26e405455fa62199ec0c2166,a9a4d576728594d9
data/private/sketchnet/paintings/rembrandt_self-portrait-with-shaded-eyes-1634.jpg,painting,0,rembrandt,val,34cc7656556482b69dde105a148ce4e43d3b92b56d15fd0883ede6326ba0af82,fed00b8f8c3c31b2
data/private/sketchnet/paintings/rembrandt_simeon-with-the-christ-child-in-the-temple.jpg,painting,0,rembrandt,val,640a16fcc144d9dbd3a22e5c3f6a7915be85a157047887a4a3c0c2bb84d3dd2d,c7472fba306c9931
data/private/sketchnet/paintings/rembrandt_the-conspiration-of-the-bataves-1662.jpg,painting,0,rembrandt,val,097f4d78f9fba6c8476e5b57d1a86ce49cc503c45af1b35afb02f3acacb22c45,e1dd5f6aa8905a26
data/private/sketchnet/paintings/rembrandt_the-entombment-1635.jpg,painting,0,rembrandt,val,76a094395f7aa62af5ba7c8b3894b2b5ec7c2a4261e907c572a98306abba26c6,c4e23f8f39846639
data/private/sketchnet/paintings/rene-magritte_georgette-at-the-piano-1923(1).jpg,painting,0,rene-magritte,val,b9afc02ea20847d039b67c65081cc8715fe87925c0fdcf7b058e6d217b5797f2,c39629794d7409dd
data/private/sketchnet/paintings/rene-magritte_landscape-1920(1).jpg,painting,0,rene-magritte,val,b36cc4ff39c8714d0bb2a1b1205233251ef22299eccbf7a64c595826dc1d257b,c0f865b591d04fec
data/private/sketchnet/paintings/rene-magritte_three-nudes-in-an-interior-1923(1).jpg,painting,0,rene-magritte,val,35f9a4b7821ed8c43241121e53a37fbc4e5a61b1ab6e14b292e99d86789539e0,d40c19fb36a34b95
data/private/sketchnet/paintings/rene-magritte_youth-1924(1).jpg,painting,0,rene-magritte,val,bd9383054832dac840490491c1dbdae7b79251a2f53a89e1f3368193b5fd9224,91cf45871d17a7c4
data/private/sketchnet/paintings/richard-diebenkorn_ocean-park-no-19.jpg,painting,0,richard-diebenkorn,train,9e66f64e0ccb4bbff0607f52f16659a57ea2e6ef4a41e27390d2177d47485d98,ea9226ec9997a529
data/private/sketchnet/paintings/richard-diebenkorn_ocean-park-no-21.jpg,painting,0,richard-diebenkorn,train,5123473e8e095db7593eb556d86b7e2577af38c95debaf708ea4f1cc9139b252,804e2f780c7377ce
data/private/sketchnet/paintings/richard-diebenkorn_ocean-park-no-46-1971.jpg,painting,0,richard-diebenkorn,train,67166d9c2e86f06430340c83454acd1ddbee1d1840f35b825a0f8063bd98896f,a03c662232b6f3db
data/private/sketchnet/paintings/richard-diebenkorn_ocean-park-no-49.jpg,painting,0,richard-diebenkorn,train,ac4207a24167bd15b59819fddd0da79f953bb4c379ab9ec184a3427574e4acc6,d563636171687978
data/private/sketchnet/paintings/richard-gerstl_alois-gerstl-brother-1907.jpg,painting,0,richard-gerstl,train,2bc0cff00ded392d22f895604a3de50bc58cd8dad14cc98bc02ed01390057e4b,c59193665ee1199d
data/private/sketchnet/paintings/richard-gerstl_anna-baumer-1905.jpg,painting,0,richard-gerstl,train,ad39974e78ccad16bf85d8347d803abc30c4702161737f0ef89d678f86dda66d,9b18e4671cf68b0d
data/private/sketchnet/paintings/richard-gerstl_die-s-ngerin-oberl-nder-spring-1907-1907.jpg,painting,0,richard-gerstl,train,271e83013b0054133e632983f957acd17051306d92ef12088d40dfaca8260816,e9a4a6d3367a9819
data/private/sketchnet/paintings/richard-gerstl_double-portrait-of-matilda-and-gertrude-schonberg-1906.jpg,painting,0,richard-gerstl,train,59315dc55ee82f053db20e87550d00c2dd7a11764df32b2ce924798f7cce65d9,aa9dcb4ad2b6a425
data/private/sketchnet/paintings/richard-gerstl_half-length-portrait-of-mathilde-schoenberg-1908.jpg,painting,0,richard-gerstl,train,67681763ca52135191e6cd482f040a5f24c403deb09ee2a22483f65f9d705b6c,ed8d7a3b91682534
data/private/sketchnet/paintings/richard-gerstl_self-portrait-with-blue-spotted-background-1907.jpg,painting,0,richard-gerstl,train,995dc69f31ba53cabcb3d3f4b4b98bf942f3d9b51f7cb64446378f3831b6b52f,a8dff1733b212807
data/private/sketchnet/paintings/richard-gerstl_tree-with-ladder-1907.jpg,painting,0,richard-gerstl,train,d525a80105453367a1dbdeb857ae1be32187081c78b748dd6e3a7d8ef05b66b0,ff5fd07024c298e4
data/private/sketchnet/paintings/richard-pousette-dart_bird-in-the-wind-1942.jpg,painting,0,richard-pousette-dart,train,44877a3527fc4170940d775438fb598acb3f419efb2a4e3320a19c556ac7aaa5,d5307a0f6e412fa5
data/private/sketchnet/paintings/richard-pousette-dart_blood-wedding-1958.jpg,painting,0,richard-pousette-dart,train,0a81c92bbc1100c731ee2f7a3b0e9b5ece229bb65a71f7507fb6b873d1fc2d18,b3075ca42e688ff2
data/private/sketchnet/paintings/richard-pousette-dart_blue-prescence-1970.jpg,painting,0,richard-pousette-dart,train,84f2fee57ebb0a1f5c00e31e1508f0021e95d1fae0a1c68457927f81bbddad9d,dbf634c3d20a8b23
data/private/sketchnet/paintings/richard-pousette-dart_by-the-sea.jpg,painting,0,richard-pousette-dart,train,248f1fcce3ee23c8957b0028eb8215160ee2614f583fe873b97be7de29028480,fa2aa5a9991ea4e1
data/private/sketchnet/paintings/richard-pousette-dart_cascella-ii-1952.jpg,painting,0,richard-pousette-dart,train,36c45a0dd5ee69bd36d02c0068d1ba21c57ecf88945f807602767ca93da064fb,90c26c8f7b8837b6
data/private/sketchnet/paintings/richard-pousette-dart_celebration-birth-1976.jpg,painting,0,richard-pousette-dart,train,44527758b3516969a3a2e6595910bf0f14fce8be0534233aec3435ad19892ec9,958126633ec51d9f
data/private/sketchnet/paintings/richard-whitney_burst-of-autumn.jpg,painting,0,richard-whitney,train,57e7621794c2be8d374c6f72fc1561df05e4f1bb9c0a3a22210945432a204048,c606c3e3678964e7
data/private/sketchnet/paintings/richard-whitney_gathering-flowers.jpg,painting,0,richard-whitney,train,24fcaab32b95b543c2b97b3a107ca7249908a678dc525f0b2c1d2411d58485ff,de287e86c62205f7
data/private/sketchnet/paintings/richard-whitney_leticia.jpg,painting,0,richard-whitney,train,624f7907a63b6e8a348f9f36129951eaa50661ed7d57fa1379449e016068efeb,8dc8319be7139cc6
data/private/sketchnet/paintings/richard-whitney_robert-reich.jpg,painting,0,richard-whitney,train,3672c2b70c750bd97d620a5f405b75261f89c6315ade260256da69646ff0a51d,93fce8a1430f916e
data/private/sketchnet/paintings/rik-wouters_baby-with-blue-cap-1911.jpg,painting,0,rik-wouters,val,5abfc7bcb3deb2394679bb70245dc3a1f17bbb821494ff1c0a47bbcaa1cb2533,8f6d72a71b255017
data/private/sketchnet/paintings/rik-wouters_crazy-violence-1912.jpg,painting,0,rik-wouters,val,20a9ef2e7191c5fd4697051a3686bf7814bdf18131fd6ab4c2fcec56cc20f5fc,879ab3c9e2259764
data/private/sketchnet/paintings/rik-wouters_portrait-of-mrs-giroux-1913.jpg,painting,0,rik-wouters,val,a93a299dccab6712c16ecc6322fa325ef606cc0d4aae6e898e0c6a673e6beca6,80cc674a7459b7b6
data/private/sketchnet/paintings/rik-wouters_reading-girl-1915.jpg,painting,0,rik-wouters,val,3a03f2acbf468e5efba266137b84256bd9fd67002ab245e037050230f9492369,bed0c949f43c1935
data/private/sketchnet/paintings/rik-wouters_still-life-1912.jpg,painting,0,rik-wouters,val,1a0243ebfe620b4b5deebb65f63e06cc12c7bd852ecb9451a57c862edc2733a7,e4bfc38378b00d4b
data/private/sketchnet/paintings/rik-wouters_the-flute-player-1914.jpg,painting,0,rik-wouters,val,4df85c7c307236a9aea777e4893fac183bca82da987c4b5b707a45a4292b5719,865d79bfc1c28c91
data/private/sketchnet/paintings/robert-campin_portrait-of-a-woman.jpg,painting,0,robert-campin,train,ebc90241f0cd3c084ccb545127f4ea7dda3c9e4dd1e0343ae27a4f95ec1ab8c8,95935ef80a3de129
data/private/sketchnet/paintings/robert-campin_saint-john-the-baptist-1415.jpg,painting,0,robert-campin,train,b6d155771eb35fa477940731e55b451200d297c147554641aac7c49b5c5512d0,9662c9dd2e6cb231
data/private/sketchnet/paintings/robert-campin_saint-veronica-displaying-the-sudarium.jpg,painting,0,robert-campin,train,8e87a89a4ef3d94f7b915be42a327b469cd1d0bab67bf06f3bec758e801093d5,bbc8d4db0b082f3c
data/private/sketchnet/paintings/robert-campin_the-nuptials-of-the-virgin-1420.jpg,painting,0,robert-campin,train,cc2a9ceb7b6dbe1e33b37a145cbb6c739c22128a0d2ffef5061575ada9a2cf91,8992b5c622e53757
data/private/sketchnet/paintings/robert-campin_the-nuptials-of-the-virgin-st-james-the-great-and-st-clare-1420.jpg,painting,0,robert-campin,train,6e5e65d1aa6c638f1a857a393b320e19c5dee1b65b1f9dee1ebc35896c240c99,dfd8597c220b2536
data/private/sketchnet/paintings/roger-de-la-fresnaye_castor-and-pollux-1922.jpg,painting,0,roger-de-la-fresnaye,train,e964634d7c1b0af0199b9c0afa6e247cc42fa4deac5c345556a6b5279a772450,c774fa5ad1438986
data/private/sketchnet/paintings/roger-de-la-fresnaye_diabolo.jpg,painting,0,roger-de-la-fresnaye,train,f795bde0338f0fbf0a3b3566f1a080bfba2b3a60d52de0468a7b340ea44388cd,d3070b39675acc65
data/private/sketchnet/paintings/roger-de-la-fresnaye_seated-nude.jpg,painting,0,roger-de-la-fresnaye,train,efa3ebcdf2f7a0df255ed084862ea26faed41566c8a65ceecc30c3fe7a2c559d,954e5b93cc321b1d
data/private/sketchnet/paintings/roger-de-la-fresnaye_smoking-in-the-shelter-1918.jpg,painting,0,roger-de-la-fresnaye,train,dcf8124d4f0ba9fadfe7274fb2ac4b6996d8d0a7c6c854aeb16e3a52d72d09b5,8b256e95d2b02df2
data/private/sketchnet/paintings/roger-de-la-fresnaye_the-factory-chimney-meulan-landscape-1912.jpg,painting,0,roger-de-la-fresnaye,train,eb369c949e8fd87f0c143f317b7e0a9cee4550c90859c40a27ece61dabbd52a9,eed09c4f50d9b1a4
data/private/sketchnet/paintings/roger-de-la-fresnaye_the-fourteenth-of-july-1914.jpg,painting,0,roger-de-la-fresnaye,train,fa4656313b933e864749d28c85395c8fd93dc5b575937637d4c865357f43db30,b9e56f1cad41d209
data/private/sketchnet/paintings/rogier-van-der-weyden_abegg-triptych.jpg,painting,0,rogier-van-der-weyden,train,ab87a1b763ad2c69b1dd42603f419a612a59c2909dd29fbca5cf9886eab1d3a9,b78d253a6870d6d4
data/private/sketchnet/paintings/rogier-van-der-weyden_braque-family-triptych-1450(1).jpg,painting,0,rogier-van-der-weyden,train,5b3883d5c0f6edab2fcc6428f070daf7fddeaad4e9b0c3ec61a1f4909f4ebd4a,a78f387c1b529561
data/private/sketchnet/paintings/rogier-van-der-weyden_deposition-1435.jpg,painting,0,rogier-van-der-weyden,train,cd716f1e5b85ff08f33555a4828318842f995b926519bdd0da80cda9296c0361,b3e3e6a6890d7152
data/private/sketchnet/paintings/rogier-van-der-weyden_diptych-of-jeanne-of-france.jpg,painting,0,rogier-van-der-weyden,train,eb3bf6196d6188bf4ff8875a614654759d95a68fcec8473b04df403a04c49b01,8fd9fc8a9034e646
data/private/sketchnet/paintings/rogier-van-der-weyden_lamentation-1.jpg,painting,0,rogier-van-der-weyden,train,18f731f9c8c33fc8507d348a5a0a8dac342c1b328eb7bfd87c49066ec8b971a3,c43bd9673d0c2d4c
data/private/sketchnet/paintings/rogier-van-der-weyden_lamentation-2.jpg,painting,0,rogier-van-der-weyden,train,c480fb2b081a22b571c853e752b9401063b8c3a2cabbe55a9365a0f274022e50,8696554b3b79712c
data/private/sketchnet/paintings/rogier-van-der-weyden_madonna-and-child-6.jpg,painting,0,rogier-van-der-weyden,train,a38049053f4672241524ffe60b81b20d69703c717906c041cc8122204e5ca7fa,adce9338986cc627
data/private/sketchnet/paintings/rogier-van-der-weyden_madonna-and-child.jpg,painting,0,rogier-van-der-weyden,train,336a49cc6cf1142fb0b7d1246ff988c5a44e1125ea5bc50e50cd3072a80f9463,cd4c3ba3628c2d73
data/private/sketchnet/paintings/rogier-van-der-weyden_madonna-with-the-saints.jpg,painting,0,rogier-van-der-weyden,train,9a96e7f1805f48d9dcd1699a475a30613f6928e38d02e8424538ddd4a304124b,eaaab6cba18da944
data/private/sketchnet/paintings/rogier-van-der-weyden_portrait-of-a-man.jpg,painting,0,rogier-van-der-weyden,train,908b7150842162dc125d8a12fe07646581665bb4b0c7d32736895bf59b0aa32a,c81b76268037df9a
data/private/sketchnet/paintings/rogier-van-der-weyden_portrait-of-a-woman-1464.jpg,painting,0,rogier-van-der-weyden,train,b412bf112ca868a3e88a3209b6bdb8b25bffb343a187392d67254f1fd0811ca3,85957e1ae0699ba3
data/private/sketchnet/paintings/rogier-van-der-weyden_portrait-of-jean-le-belliqueux-1451.jpg,painting,0,rogier-van-der-weyden,train,872edd907e85c26481923b1fd564d06400f00268529c40c8f9cc2e4d378832ce,cc8d63701ff3801f
data/private/sketchnet/paintings/rogier-van-der-weyden_portrait-of-laurent-froimont.jpg,painting,0,rogier-van-der-weyden,train,91d604c46c9c49965ec3e1852db17d07b0e18e473d79c634fae568038041dd47,c99d66663cc3d09c
data/private/sketchnet/paintings/rogier-van-der-weyden_portrait-of-philippe-de-croy-1460.jpg,painting,0,rogier-van-der-weyden,train,261e4906af8cf216beb50109a899e08c90e815d5c389b8c37a496f7498d325fa,c88f27723399e80f
data/private/sketchnet/paintings/rogier-van-der-weyden_saint-ivo-1450.jpg,painting,0,rogier-van-der-weyden,train,988a329c185b70bc7028c80b7de1e3bd631ba5618231cd63702c49a5fd42974c,90e4c8b15e97275e
data/private/sketchnet/paintings/rogier-van-der-weyden_saint-jerome-and-the-lion-1450.jpg,painting,0,rogier-van-der-weyden,train,977f0ea726d4b687e14d8c78619873b1fdd4379e1447d987eb7c0784a2aa95ce,cd613563471f1ae4
data/private/sketchnet/paintings/rogier-van-der-weyden_saint-john-altarpiece-1460.jpg,painting,0,rogier-van-der-weyden,train,7bd42f2d8c975427123da692b217a0639b346321f86d8600ede51017668ca20f,83cab7b4b1cc98ac
data/private/sketchnet/paintings/rogier-van-der-weyden_the-annunciation-1440.jpg,painting,0,rogier-van-der-weyden,train,3857762c9280ac3e4c7f0d50e7585f46793bb1adf06bb807fb7d2342c2dfd47d,e4a1751a5b3b031f
data/private/sketchnet/paintings/rogier-van-der-weyden_the-annunciation-2.jpg,painting,0,rogier-van-der-weyden,train,443cb603861103fca0386b0c6ac6217412c4faa7c76f08f9938f28aafc04adb1,e11e3efab0a08fe0
data/private/sketchnet/paintings/rogier-van-der-weyden_the-annunciation.jpg,painting,0,rogier-van-der-weyden,train,41496904b83f484dddab83eb8389e2b706c07d38e450b3f88f1ef7c915ca4740,e33e3c4794628d3c
data/private/sketchnet/paintings/rogier-van-der-weyden_virgin-and-child-1.jpg,painting,0,rogier-van-der-weyden,train,033169d125b5b017c8614617db08ec6f650d03894772a8582c601549222b0768,9b4d6c3131346b67
data/private/sketchnet/paintings/rogier-van-der-weyden_virgin-and-child-2.jpg,painting,0,rogier-van-der-weyden,train,f0168b1a9490d5ae0711776d9bb2d4a10deb01b40bda7757f00ed971328eb016,cb3db4c20fcc9913
data/private/sketchnet/paintings/rogier-van-der-weyden_virgin-and-child-3.jpg,painting,0,rogier-van-der-weyden,train,dcf524cd7a1bbf15a673e35eecb6ecf8b4e95c3efa7046247119daab1405a148,ccb133476c98e19b
data/private/sketchnet/paintings/romare-bearden_golgotha.jpg,painting,0,romare-bearden,train,fcfb94ec05bf69f3b35c6bd63baf2fd5ec9e8b0afbe4cc6388e151f99030c491,ef179129c7e79090
data/private/sketchnet/paintings/romare-bearden_morning.jpg,painting,0,romare-bearden,train,e9516ae9d5e8a9bc24fafc2512fe9341506d52538ccefaefb726908827dae3cc,d0e5e3d033e226d9
data/private/sketchnet/paintings/ron-gorchov_baton-1986.jpg,painting,0,ron-gorchov,train,3ee49358c19660988086b3689a1a27ed7ddb361c53f8c836f749801bf10a61fe,ea96cd9990c396c6
data/private/sketchnet/paintings/ron-gorchov_chase-street-lounge-2011.jpg,painting,0,ron-gorchov,train,0b467c58d6bbf08a5cbc8ca6b56d4be6046d6157656078f66e3782e6d61cc9c2,ec83939e3cc1e698
data/private/sketchnet/paintings/ron-gorchov_thersites-chastened-2012.jpg,painting,0,ron-gorchov,train,1db670dbfc834f82be40adbc1405bbb7770097429e54aef7cf4a191f4d859076,ee859192c46d9b3a
data/private/sketchnet/paintings/ron-gorchov_timandra-2007.jpg,painting,0,ron-gorchov,train,5585cc9716deff77c2589a103e03a678a6acd2335f309f94bee251b22ebb8a34,ba9867c73890e3c6
data/private/sketchnet/paintings/ronnie-landfield_arielle-1978.jpg,painting,0,ronnie-landfield,train,25ce1a66945915eaee3b197c5f985a4af39c30cb376c9d9803e6cde41aca1094,8b9814e7719caa6b
data/private/sketchnet/paintings/ronnie-landfield_blue-line-painting-1969.jpg,painting,0,ronnie-landfield,train,cc1764e17468448af2347a63f4a77ee42837b3e0304179924cf972eeea49d66f,816b017b23f31fb4
data/private/sketchnet/paintings/ronnie-landfield_green-mountain-man-1975.jpg,painting,0,ronnie-landfield,train,159cbaad7e064eaf1a154386bba6358c21e4ca9fe621361b43b471320fe44ffc,808e53cad5e3c5d3
data/private/sketchnet/paintings/ronnie-landfield_jacob-in-the-wilderness-1986.jpg,painting,0,ronnie-landfield,train,e45c759de128d552908ef56d55ec682ff1939505b33646cf5a9ed5cc43764d87,d794969407676363
data/private/sketchnet/paintings/ronnie-landfield_pink-flower-painting-1973.jpg,painting,0,ronnie-landfield,train,4ead1952855ce7e78a7562c405e1e0462ff85855e25e9ac850b3ba69be0f6b71,8cd26e29711ea379
data/private/sketchnet/paintings/ronnie-landfield_series-painting-2-1966.jpg,painting,0,ronnie-landfield,train,8aecf85e249f13a44631ebe301fef15acf10aacd658d2548ae42c0b5d4825f84,c42e7a2a2f7a3b90
data/private/sketchnet/paintings/ronnie-landfield_series-painting-5-1966.jpg,painting,0,ronnie-landfield,train,9ea33d8f385d633ba9dc675a3df55d83013f92c7c6f1de4608821229b9c3cf5e,bfb5c07ac14bd04a
data/private/sketchnet/paintings/ronnie-landfield_uriel-1978.jpg,painting,0,ronnie-landfield,train,625b2d2de83a6fd0f2d8b4f288dcf33e5fc57cb2d9113ff7404ddb39b4afd15a,83dc5ce35e0c2679
data/private/sketchnet/paintings/ronnie-landfield_village-in-the-moon-1985.jpg,painting,0,ronnie-landfield,train,33726c462a8e85c8d0b312b688532d1b7e893c846e2452663886f4fe11c05a30,abb5d44a85363ac9
data/private/sketchnet/paintings/ronnie-landfield_yellow-flower-painting-1973.jpg,painting,0,ronnie-landfield,train,6f498b0675885ffaa754e3d67c36ff7f13cec863ae26f835aff70666c8c2a111,91cd3bb4369ec2c2
data/private/sketchnet/paintings/roy-lichtenstein_still-life-after-picasso-1964.jpg,painting,0,roy-lichtenstein,test,e7cb108f648820bbed59ab26d6f43a9c7f9cfefe644408d7eb8a3f7305ff2300,86bf23d0241ff839
data/private/sketchnet/paintings/roy-lichtenstein_the-red-horseman-1974.jpg,painting,0,roy-lichtenstein,test,202de5e828607feb9f9fc86c2c35f16f6ea07906f0d9262d170a9b18706fa107,b554d679d183ac98
data/private/sketchnet/paintings/rufino-tamayo_woman-with-pineapple-1941.jpg,painting,0,rufino-tamayo,test,917e9de2eff267ada0cec826a334d08d92dd1bce4218d5c0d6bbad62c7b9731e,c41b6d7807f5226e
data/private/sketchnet/paintings/sa-nogueira_jardim-suspenso-i-1961.jpg,painting,0,sa-nogueira,test,9693f189e29cae3f2901defc87fc95032c0296dd4ca2840519c1901c59b536f6,abe6b1cc442bec2a
data/private/sketchnet/paintings/salvador-dali_cubist-self-portrait.jpg,painting,0,salvador-dali,train,94f91d9eaf5bdd6619611fe20fb70b74808083fe89eb8dcec6e9abe2ee8887f4,dc0023ad2deb5a67
data/private/sketchnet/paintings/salvador-dali_figure-on-the-rocks.jpg,painting,0,salvador-dali,train,2291c31cab04d69b7ee1ae07f38cd6debf00c8416d07c40b8d5dd9c597d2da34,d9e5605a968dce83
data/private/sketchnet/paintings/salvador-dali_landscape-of-cadaques.jpg,painting,0,salvador-dali,train,79b2233a5506a7e4031f86da0eb24717fefe3ca58259dabaecf9a2d3ff44f3ea,cbb03cc7611837e5
data/private/sketchnet/paintings/salvador-dali_late-night-dreams.jpg,painting,0,salvador-dali,train,889625268a94a883dcafeb5a0991bee493571d0ca9559839cf6e041cefdefb6d,aa8ae121add5db1a
data/private/sketchnet/paintings/salvador-dali_self-portrait-being-duplicated-into-three-1927.jpg,painting,0,salvador-dali,train,67677a629a4acb51ec269e8abde1fc008bd14d5fa4bc0492a3fd8f00db7fd734,d1b62e0fc3f03465
data/private/sketchnet/paintings/salvador-dali_siphon-and-small-bottle-of-rum.jpg,painting,0,salvador-dali,train,0c2552b8e938de5711955b6855af0cf44dfe7b528f807e64f88d825d2fd5fe7b,cabc95c37ad02ab4
data/private/sketchnet/paintings/salvador-dali_still-life-by-moonlight.jpg,painting,0,salvador-dali,train,797784a8cb0b65f01c3b1c636f0d92f96ec2a8a805a21dc1895dfd08f6198834,c14c2f339549fa66
data/private/sketchnet/paintings/salvador-dali_still-life-watermelon.jpg,painting,0,salvador-dali,train,7a9b2f6549d57388e29f3798231881c41048e4e4fafd595dd4cdd5917875373b,a955f5c80662db4b
data/private/sketchnet/paintings/salvador-dali_untitled-landscape-near-madrid.jpg,painting,0,salvador-dali,train,225401113362fdcfbffe08a1e4866edfc7cc95043765cb291fe194ed5419534a,81b26a9265abadad
data/private/sketchnet/paintings/salvador-dali_venus-and-sailor-1.jpg,painting,0,salvador-dali,train,a8afff22b4075c8ddae1ea74dc7eabfc2c7b23216eff065b6e3a4c7b78ddfe45,f2a0f50a8dd2cb1e
data/private/sketchnet/paintings/salvador-dali_venus-and-sailor-homage-to-salvat-papasseit-1925.jpg,painting,0,salvador-dali,train,65f78ea7e5175a15f209d0aee133417e70085065442754e629ecc6e6a3a15897,d0f43bd20f31cd98
data/private/sketchnet/paintings/sam-francis_back-off-1966.jpg,painting,0,sam-francis,train,4b4eeb5e7c651d3a8383dd1989e4542b3f7304ae61d5b03eaa046eb1123137bf,817f02aaaa577f60
data/private/sketchnet/paintings/sam-francis_big-red-1953.jpg,painting,0,sam-francis,train,5a4bda1d510a81b91e52188b7516ace85a022ba7dc92562d490bcc4ae2bca1e7,afa0be20bcb5a49a
data/private/sketchnet/paintings/sam-francis_mantis-1962.jpg,painting,0,sam-francis,train,ac5423b8869f29713a1ee3b75952f0b0fc32c4fbe783e863354318d490207fae,d41f2df1f01a9a13
data/private/sketchnet/paintings/sam-francis_red-and-pink-1951.jpg,painting,0,sam-francis,train,82460d854d558c2fa8dc4b579c29ddb34208b838f9939f6571c3cc0dc0951baa,846204dd85ff2f53
data/private/sketchnet/paintings/sam-francis_untitled-1959-1.jpg,painting,0,sam-francis,train,d110bddd4009477d07aa16e5819c773eb66d193d298683a15d9112d104377f61,d50b02002efb2ffd
data/private/sketchnet/paintings/sam-francis_untitled-1959-2.jpg,painting,0,sam-francis,train,15f1eba2e3302e2fab52e60eb835045a6e1405d03f42bfc1b2909e7c116dba10,aec4959195a6c1b7
data/private/sketchnet/paintings/sam-francis_untitled-1966(1).jpg,painting,0,sam-francis,train,15743761d3de3a9fc8b97f5c266bb4332f9fd978426c9169ecc6f6fe45151965,d2b62d2b2d292d2b
data/private/sketchnet/paintings/sam-francis_untitled-1966.jpg,painting,0,sam-francis,train,bd442e38c28a1b747fa0bd19c13fe981218f4c4f44e2ac6975448fe688b084ff,d5457f2b2a3f2a02
data/private/sketchnet/paintings/sam-francis_untitled-1985-1.jpg,painting,0,sam-francis,train,12015a075168c079007758046b09401f221d35464831a248ffa1f0c536163c22,d229747a391ccae5
data/private/sketchnet/paintings/sam-francis_untitled-1985-2.jpg,painting,0,sam-francis,train,2377ade97148365b1e86c0fe7bd2f65df41baaba60829a40c54f0d0235afd7f1,be624f89ada524c5
data/private/sketchnet/paintings/sam-francis_untitled-edge-1966.jpg,painting,0,sam-francis,train,2242f35c2a36e56dc48bc681a020ee6a0de9cd7e63e52d5af374d7783947bf2f,c0907f4b38272d3f
data/private/sketchnet/paintings/sam-francis_untitled-from-pasadena-box-1963-2.jpg,painting,0,sam-francis,train,bcda58153f00008240f8fe674d956bae77c95180a95d0315dc782ddbcd3e53d4,bf62c09eb3b4a429
data/private/sketchnet/paintings/sam-francis_untitled-sf78-233-1978.jpg,painting,0,sam-francis,train,90a7eb2aff83c75584bc9c08892557e69939f92675e41554cff1f276ea38a9c4,a89b8e6dbc667112
data/private/sketchnet/paintings/sam-francis_untitled-sf78-235-1978.jpg,painting,0,sam-francis,train,16559bfec64d4d6d036a52ffbb372c4d70e4213574f69187f6eefe0e8b929cf4,afa1c11fc127929d
data/private/sketchnet/paintings/sam-gilliam_blue-line-2004.jpg,painting,0,sam-gilliam,train,55a8cbb4c67cf7730d883c6ed5402ef71598b2262b64dee613999b60c90e39d1,fe5ec461b4e18127
data/private/sketchnet/paintings/sam-gilliam_bowling-2001.jpg,painting,0,sam-gilliam,train,dae5fb4bd9d7f18209765cb0b9ae818848c2f159857ab94ba34a8612fbe465d4,af73d4acd025d0a9
data/private/sketchnet/paintings/samuel-mutzner_c-pi-la-giverny-1908.jpg,painting,0,samuel-mutzner,train,25b27f5b29eefb195c7817260f62ea2327c67f7a35a0b4f3a94fc70a17317650,bbf8c026c7875d30
data/private/sketchnet/paintings/samuel-mutzner_peisaj-din-giverny-1908.jpg,painting,0,samuel-mutzner,train,c8ed4cf590a64b5f5cda4fa800fcf3f62300c23bfa5775addc67fe21b5e9ace0,d5a8aa8fe4d77081
data/private/sketchnet/paintings/sandro-botticelli_the-madonna-of-the-roses(1).jpg,painting,0,sandro-botticelli,val,d2c63ff0d2f81d2b38d2468ae5a7972f21e4e71c4c69a033be3455c37f3aa427,b8ebe3a4b4b46451
data/private/sketchnet/paintings/sandro-botticelli_the-miracle-of-st-eligius-predella-panel-from-the-altarpiece-of-st-mark-1492(1).jpg,painting,0,sandro-botticelli,val,09bdc8f46061cf49dc313576af0136d249c6c62ef4b9ae1476951324eba68636,bfa5176027e16943
data/private/sketchnet/paintings/sandro-botticelli_the-mystical-nativity(1).jpg,painting,0,sandro-botticelli,val,2924dc84688784a05fb6dfd04931ed627a0bf15ceaf3bde1d44bed8130d6f078,cea3def92084d5b0
data/private/sketchnet/paintings/sandro-botticelli_the-outcast(1).jpg,painting,0,sandro-botticelli,val,8521a823478a4317384fc87165b209f37b7f30c490800841f33b73cba8c37538,ade412995b9f198c
data/private/sketchnet/paintings/sandro-botticelli_the-punishment-of-korah-dathan-and-abiram-1481(1).jpg,painting,0,sandro-botticelli,val,df3722237bfdba1e6ed04486be52a5e44dda523a7a9b9f203a95e3d2f8be74c9,d583a161da58dde8
data/private/sketchnet/paintings/sandro-botticelli_the-resurrection(1).jpg,painting,0,sandro-botticelli,val,cc0aeedfa64a3132089dd0ab847ecd2a190ca5541eed141681cdfd1493f3e320,df53b17af7250804
data/private/sketchnet/paintings/sandro-botticelli_the-return-of-judith-to-bethulia-1473(1).jpg,painting,0,sandro-botticelli,val,255905f62a9edfb6336bb230481581a2389dc0c0687bb7287df82c4794ed7d0a,dcfeda484865ec84
data/private/sketchnet/paintings/sandro-botticelli_the-story-of-lucretia-1504(1).jpg,painting,0,sandro-botticelli,val,c518e67bd642bd5d84f6b6aae5ee6d6d38c99b3151925941947da86fa655e299,b4d77c04ab6cc670
data/private/sketchnet/paintings/sandro-botticelli_the-story-of-nastagio(1).jpg,painting,0,sandro-botticelli,val,f2f7c57d62ff7a94b904506b8b7e56cff523c174172a04ff2c1895abedcd0731,9d1d6262cec9959c
data/private/sketchnet/paintings/sandro-botticelli_the-story-of-nastagio-degli-onesti-1483(1).jpg,painting,0,sandro-botticelli,val,7065becd8d7c61235dc47f3cece307cd0a3b44a2f390cef8c85265077fdfedb2,ebef0141fdd30807
data/private/sketchnet/paintings/sandro-botticelli_the-story-of-nastagio-degli-onesti-i-from-the-decameron-by-boccaccio-1483(1).jpg,painting,0,sandro-botticelli,val,03ff4f513d6f78f8c2bc08c24a3d60765d22f09fa8310f283411d54cb1245aa6,990d66a694db7b0c
data/private/sketchnet/paintings/sandro-botticelli_the-story-of-nastagio-degli-onesti-the-banquet-in-the-pine-forest-1483(1).jpg,painting,0,sandro-botticelli,val,0456693f6dde13bc94a94b988391d5e566f4e198e3bdf4df04b8a84cb2b0db3f,d90d4f701ec889cf
data/private/sketchnet/paintings/sandro-botticelli_the-story-of-virginia-1504(1).jpg,painting,0,sandro-botticelli,val,4312ad42c7ec355399164d9668bc0efb57cc749fd5122c51c86970abff4df98f,bfbaa4ec8a6dc804
data/private/sketchnet/paintings/sandro-botticelli_the-temptation-of-christ-1482(1).jpg,painting,0,sandro-botticelli,val,9dc41ba7857e707050cb945515fefaebd2c3472f0a4a4558af7729f1cebf92d2,95962d2d7e133683
data/private/sketchnet/paintings/sandro-botticelli_the-triumph-of-mordecai-from-the-story-of-esther-1480(1).jpg,painting,0,sandro-botticelli,val,b9b178291987b7c4663d6d6774c43ddb8823b90d646d657974d5ddf6f181f6ee,b2d5c1291f344ece
data/private/sketchnet/paintings/sandro-botticelli_the-virgin-adoring-the-child(1).jpg,painting,0,sandro-botticelli,val,0e152c16243f4054d88ea5573ff1387b0c56eee351f54a4d7dbde932a6941583,ae94e96bb194869a
data/private/sketchnet/paintings/sandro-botticelli_the-virgin-adoring-the-child-1(1).jpg,painting,0,sandro-botticelli,val,0171832c1df1fc20276eb087b6c9bd6bb1f0730dc02b2b01096cc6025d5549f3,ae94e16bb19c869a
data/private/sketchnet/paintings/sandro-botticelli_the-virgin-adoring-the-child-1490(1).jpg,painting,0,sandro-botticelli,val,62575decb2b3ae059ee9f9b62cc89fadd9b72f8f0c78e5fbc1c00cc0483c8120,eb96a05995ec8639
data/private/sketchnet/paintings/sandro-botticelli_the-virgin-and-child-enthroned-1484(1).jpg,painting,0,sandro-botticelli,val,7dd147a3963652947cb710435ddad5dbb5bb732f9cba1f505b5acad90d8f8d77,df0b9247e393a44c
data/private/sketchnet/paintings/sandro-botticelli_the-virgin-and-child-surrounded-by-five-angels(1).jpg,painting,0,sandro-botticelli,val,85fb3b125ace5f9c0a610285d635bc5c3c146a50b3bfc088b11a34beab6af23c,db9918600b5e27f9
data/private/sketchnet/paintings/sandro-botticelli_the-virgin-and-child-with-the-infant-st-john(1).jpg,painting,0,sandro-botticelli,val,592ae1fa73c1ce1937abd1602a7da35186a52112e87b5f0e97fb47ce687c9424,c4b03cf6165acb1b
data/private/sketchnet/paintings/sandro-botticelli_the-virgin-and-child-with-two-angels-and-st-john-the-baptist(1).jpg,painting,0,sandro-botticelli,val,c1728ce41cf778f95a71d6f3baa61c8e4a0e9fbbbe768aa144f4a0f73e1e7fec,c99716c823cba337
data/private/sketchnet/paintings/sandro-botticelli_the-vision-of-st-augustine-from-the-altarpiece-of-st-barnabas(1).jpg,painting,0,sandro-botticelli,val,05f18a07592ebe9c702ad20ed99b6d3f20855ecc83a981dbd81f93b272b3ef4f,a4a65b19435b8cf3
data/private/sketchnet/paintings/sandro-botticelli_the-youth-moses-1482(1).jpg,painting,0,sandro-botticelli,val,36730b107d3420e1543253a8cda9ede781babb8a9d8d1bf1a4bcbd057336654c,84707c5a5b8eb50f
data/private/sketchnet/paintings/sandro-botticelli_the-youth-moses-detail-1482(1).jpg,painting,0,sandro-botticelli,val,8970020024c7d1cb88fbe51a3ab8ad281d0891a9b61e1542d453633e8391d4a0,c44a3cb9637b6325
data/private/sketchnet/paintings/sandro-botticelli_three-angels-1480(1).jpg,painting,0,sandro-botticelli,val,9457cd3943482062cd8f268cb1f9357ed34c3168de7ba41ce5da6512c0425a73,bbe48493c6c792ca
data/private/sketchnet/paintings/sandro-botticelli_three-miracles-of-st-zenobius-1505(1).jpg,painting,0,sandro-botticelli,val,3e3baee50b9b383eb691e3b584816df2fd2a81c20fa843977940146d00ac0ff3,ac8d1994362edb2d
data/private/sketchnet/paintings/sandro-botticelli_three-miracles-of-st-zenobius-1505-1(1).jpg,painting,0,sandro-botticelli,val,4f466652871073207db5dafffebb80cd0624c0932f2c02bf070d61e20dbdb6a2,d270910f3d17e475
data/private/sketchnet/paintings/sandro-botticelli_three-scenes-from-the-story-of-esther(1).jpg,painting,0,sandro-botticelli,val,0961465ebf27d0c8edb6c06f1957e00d237a86dc0738939bdc632998124ce736,c2609d1b9c6dd0bb
data/private/sketchnet/paintings/sandro-botticelli_transfiguration-st-jerome-st-augustine-1500(1).jpg,painting,0,sandro-botticelli,val,a47569591b06039c19f3cc7ac12b6bdd027cd6f79b948f3cc288aabbd2fb5d04,8e8a4d23f18657cd
data/private/sketchnet/paintings/sandro-botticelli_trinity(1).jpg,painting,0,sandro-botticelli,val,4bdd525e9ae4e62c9d35e3e4dbe8b1b3980d3bc613835d439baeddd4441fb14f,85a1aa9679d8745d
data/private/sketchnet/paintings/sandro-botticelli_venus-and-mars(1).jpg,painting,0,sandro-botticelli,val,8481d81baa5691385ecd070725ef36c40be90bb5bf1e54a821a01f3eaa82ee2c,d01c4ede3c694747
data/private/sketchnet/paintings/sandro-botticelli_venus-and-the-graces-offering-gifts-to-a-young-girl-1486(1).jpg,painting,0,sandro-botticelli,val,d6cff9eb2cc729f94aa3076c86044bfdd7766f65101ec0149f7d98f8b2309a2c,c9955662992dc63d
data/private/sketchnet/paintings/sandro-botticelli_virgin-and-child-with-saints-from-the-altarpiece-of-san-barnabas-1488(1).jpg,painting,0,sandro-botticelli,val,f5e9d2384d178409da94155f7e4cc58886a79ef75fefbe6c618efab6964642c5,d3ac0e6314fba662
data/private/sketchnet/paintings/sandro-botticelli_virgin-and-child-with-the-infant-st-john-the-baptistbetween-1500(1).jpg,painting,0,sandro-botticelli,val,8006a2ca9d217b58f04c94bc8919690156fddc3b523014dd173327d7f537f049,ea8db44ad178c333
data/private/sketchnet/paintings/sandro-botticelli_virgin-and-child-with-two-angels-1469(1).jpg,painting,0,sandro-botticelli,val,bb64c01033022188f0b68e7609248f3ebd7e3785eab4bb6e465974c9bc3e8622,96866917330fe4ec
data/private/sketchnet/paintings/sandro-botticelli_woman-with-attributes-of-saint-catherine-so-called-catherina-sforza-sandro-botticelli-1475(1).jpg,painting,0,sandro-botticelli,val,2599f1271d5723c378c794a6fe23e12f536c25630b3c98ec158bc0e15360dd5c,bbb4c06bd173a44c
data/private/sketchnet/paintings/sandro-botticelli_workshop-of-esther-at-the-palace-gate-1480(1).jpg,painting,0,sandro-botticelli,val,8ff1f7f7d74562cf2dbe78d5034f0f138ea6d1561151b5cad3d80157e3fb9a61,aad2d53d936d8701
data/private/sketchnet/paintings/sandro-botticelli_young-man-greeted-by-seven-liberal-arts-1490(1).jpg,painting,0,sandro-botticelli,val,a26b8bde08bda9d4bcc617430e10947da8d890cde1dc0b0cb5eebf2e6f9c7154,c240396fe7f260c7
data/private/sketchnet/paintings/saul-steinberg_las-vegas-1985.jpg,painting,0,saul-steinberg,train,ec8e9edd9937fc2ce114717869a35483a33c3461c9163e14b18f23c3ff5cba4c,89b6362df605c63c
data/private/sketchnet/paintings/saul-steinberg_six-sunsets-1971.jpg,painting,0,saul-steinberg,train,4c0759595d10190475999e7756fd85f1797d735d8596cb4e2cf42ef8c312fd3d,dfb133e407ce0d84
data/private/sketchnet/paintings/saul-steinberg_the-paris-review-1967.jpg,painting,0,saul-steinberg,train,e8975607aa942377e808235a8a9314f109da52abb59d0cfb52254bd83788eb80,ea95946a9bca6525
data/private/sketchnet/paintings/sean-scully_bridge-1991.jpg,painting,0,sean-scully,train,8030ffa8e7005adf259a4ddea60bb3b8b515e2d7df762a17271aa0d30df06734,fa8d8c66d162857a
data/private/sketchnet/paintings/sean-scully_coloured-wall-2003.jpg,painting,0,sean-scully,train,c7b3e8bc4126b7278c3529511c749fc1b0c3040f7fad80656dff92d51d27adcd,bd3b91e4926ac4c5
data/private/sketchnet/paintings/sean-scully_yellow-figure-2002.jpg,painting,0,sean-scully,train,8655e14c17280f89cc916d9aee93ab163f9e7aafc7c9108ffe980a3c73c802bb,d638296c6cc7b839
data/private/sketchnet/paintings/sean-scully_yellow-red-1994.jpg,painting,0,sean-scully,train,00b86de11e75a4a6d8244b1564e0fc14748ef1148cbef8f40be21c4214a95ffb,eb3b941b91e4c691
data/private/sketchnet/paintings/serge-charchoune_nature-morte-la-pipe-1943.jpg,painting,0,serge-charchoune,test,15c9da8105e14b88063a57c20c86539756b639cb4d6d883d97d798002cb35d8c,ad933362ac7c9a49
data/private/sketchnet/paintings/serge-charchoune_red-still-life-n2-1926.jpg,painting,0,serge-charchoune,test,d997c8e649ea3170cb56bae3d22c32b3a0caa889bfbc10f696ea865b3e81ae88,946c4f6b39583b58
data/private/sketchnet/paintings/sonia-delaunay_philomene.jpg,painting,0,sonia-delaunay,train,6718eb329d763351fea91ee57a7171db714072de9ce587f63f61d93db65eacb6,aaa464923693b7c7
data/private/sketchnet/paintings/sonia-delaunay_portrait-of-philomene.jpg,painting,0,sonia-delaunay,train,5d0b6b86f0d932b50f18d88d2cc807148a01bfaabc19225306317bc0dc6afb51,fa2cb781a392acca
data/private/sketchnet/paintings/stanley-pinker_his-and-hers.jpg,painting,0,stanley-pinker,train,dc5ef2e8c3181ce193ea76cdc7f137cfea2282a0223f62014e9c4127ee7299e8,c691936e6d66341b
data/private/sketchnet/paintings/stanley-pinker_nude-under-a-bridge.jpg,painting,0,stanley-pinker,train,3f2cf26a7f121891e15c88cd390a9aefb0744f9210357e936d1581886bfa497b,9c13b5015fa700ff
data/private/sketchnet/paintings/stanley-pinker_the-welder-1974.jpg,painting,0,stanley-pinker,train,d5cf099e89a1b9f3d5f56490ad96a2d247489d942b44369318cd201e9d4fed3c,e3b1c75a4c8d51b2
data/private/sketchnet/paintings/stuart-davis_egg-beater-no-4-1928.jpg,painting,0,stuart-davis,val,7ebd785b152af1eea401cc908551d5a5e7f0598f9f934421642e32ee7a67ca45,e663c51d8a163d99
data/private/sketchnet/paintings/stuart-davis_g-w-1944.jpg,painting,0,stuart-davis,val,657e4a3e8dded7754c76b08ba0722fa8130a6e0147be91e9b5e82084e8c4e7be,ee07900bd151cf7c
data/private/sketchnet/paintings/stuart-davis_report-from-rockport-1940.jpg,painting,0,stuart-davis,val,49231259605f5773cd0603a15e051ea7480180e20ed4f35b55498533b6149c7c,833fc45abc40c9db
data/private/sketchnet/paintings/sven-lukin_san-diego-1966.jpg,painting,0,sven-lukin,test,927d37d8a0efb49af7b887b4e9e4e1a27c5efe9142dcd371a3301bcc88e1eaef,b092cf3b904f3e61
data/private/sketchnet/paintings/sven-lukin_snug-2010.jpg,painting,0,sven-lukin,test,d5a5174fa7fd7b9f2871fe4d23a36eeec30c5f61cd5e9389c94962e8a132b3ef,bf9f40e437c86492
data/private/sketchnet/paintings/tano-festa_da-michelangelo-trittico-1978.jpg,painting,0,tano-festa,val,a6a7736148b2e819842b78b7f3f92a8707fa201447b53d18be606cabffd4f66c,ef9595181039f0ee
data/private/sketchnet/paintings/tano-festa_persiana-senza-battente-1979.jpg,painting,0,tano-festa,val,1f4f656b2bd91d86dc50de869b104a3ebedfb02c5d549d4c817e6610fa08a224,bd29c26dd278c0da
data/private/sketchnet/paintings/tarsila-do-amaral_a-caipirinha.jpg,painting,0,tarsila-do-amaral,test,80fee86c63320a1268e67428a0bf1685b5e366474828359f4d45b0a0cc764145,ed535909cc6f24d8
data/private/sketchnet/paintings/tarsila-do-amaral_a-gare.jpg,painting,0,tarsila-do-amaral,test,6699b160fb3aa3867184612713ce54a8236b6ec0bc6c4f8cc1a55d639e3d6f10,bb6e5034c2999567
data/private/sketchnet/paintings/terry-frost_colour-on-the-side-1969.jpg,painting,0,terry-frost,val,04c241565ce15f6ddaacdb54d3fe32038eafaf283a134d456fa1dbcf873922fe,af88d097d5f8d403
data/private/sketchnet/paintings/terry-frost_may-1962-stays-1962.jpg,painting,0,terry-frost,val,f4e5ae2c2a898e65cf1bb1aabd572402c617385ed2ea34b451d48c36c2108029,a86868683b979797
data/private/sketchnet/paintings/theo-van-doesburg_composition-i-still-life-1916.jpg,painting,0,theo-van-doesburg,train,4270dae7739182961cc55474275f743a7f2336067c02be2c3a07f1e6f3c9bb44,b5e6c61bb578904c
data/private/sketchnet/paintings/theo-van-doesburg_composition-ii-still-life-1916.jpg,painting,0,theo-van-doesburg,train,86a850aab36cc71169820aded7aa8cc4b48a82eb331d40074704ddf9be423b9b,eb4a94cc9035cbb3
data/private/sketchnet/paintings/theo-van-doesburg_tree-1916.jpg,painting,0,theo-van-doesburg,train,594cb79fddf5fcbbf2c29d0637b75d716b67176a3a5a972cdf69f2d035088191,efa48258db7093b1
data/private/sketchnet/paintings/theo-van-rysselberghe_channel-coast-1892.jpg,painting,0,theo-van-rysselberghe,val,a2d7760dcaff9168b3b1b277f386a0318593fecaa3b214112776b0a77a357250,c5b12b8d34cb6a56
data/private/sketchnet/paintings/theo-van-rysselberghe_cows-in-a-landscape-1899.jpg,painting,0,theo-van-rysselberghe,val,8dd5273a2bd35ae85ee4e1f11e483edf92353d0130a2e1f805f49e4c5a7ebe16,98d3613bc46e3693
data/private/sketchnet/paintings/theo-van-rysselberghe_denise-marechal-1892.jpg,painting,0,theo-van-rysselberghe,val,b57b837fa8e89b1b48587b393dfd8cdb8505cbdd1f2e249c0c60510d86b613d6,cec77198b34c8c33
data/private/sketchnet/paintings/theo-van-rysselberghe_il-mediterraneo-presso-le-lavandou.jpg,painting,0,theo-van-rysselberghe,val,8fcfad0d6e3efcbaa8fca7dde257a515d7fbf7ba9d0ea84cdc65118000718f42,9b7e4c492fac6096
data/private/sketchnet/paintings/theo-van-rysselberghe_in-the-shade-of-the-pines-study-1905.jpg,painting,0,theo-van-rysselberghe,val,2ad17ee97c1d603e2907f98a49497a6b894913c2e4ebf03a6bdb57c7d1d789e9,98e6c454b12bcf6c
data/private/sketchnet/paintings/theo-van-rysselberghe_large-tree-near-the-sea-1919.jpg,painting,0,theo-van-rysselberghe,val,f22b84dc8b63e5ce594f062606b604002e3b30991d81f2dcb8c82c983ec115f2,8c8767f1fc503c4c
data/private/sketchnet/paintings/theo-van-rysselberghe_maroccan-market-1887.jpg,painting,0,theo-van-rysselberghe,val,096818428cd92db8e79cc4ea33f3ef2f3dd0aa6917adb5884fdc0b7904a5e625,d7a0e0db33203a7d
data/private/sketchnet/paintings/theo-van-rysselberghe_midi-landscape.jpg,painting,0,theo-van-rysselberghe,val,da7b8f549ac6d3c2de19c3f2808b220e747b865e78d6f232eab17d0a1e9d00aa,d0fd623561c75946
data/private/sketchnet/paintings/theo-van-rysselberghe_moonlight-night-in-boulogne.jpg,painting,0,theo-van-rysselberghe,val,49142b275cb14b1929858dc650f9e0596b999211a21463897e7da81d36c59891,9d86e09964b38e75
data/private/sketchnet/paintings/theo-van-rysselberghe_port-entrance-at-volendam-1896.jpg,painting,0,theo-van-rysselberghe,val,b49e208fcc50a5fd8694106b1dc11a491e4d71118ae64bb7283b887d2395227b,ff8c98600fba8678
data/private/sketchnet/paintings/theo-van-rysselberghe_portrait-of-a-woman-in-black.jpg,painting,0,theo-van-rysselberghe,val,ea75736dbe95dfd4e38b5bf9a39c681ddf39a94b3982b89a5cb5e6418cd54352,e63871332299d9cd
data/private/sketchnet/paintings/theo-van-rysselberghe_portrait-of-alice-sethe-1888.jpg,painting,0,theo-van-rysselberghe,val,c8e252272bb8aa8263ce9a611e0a5896677490bfde180ec43447390c1364366e,c8613d8533d6433f
data/private/sketchnet/paintings/theo-van-rysselberghe_portrait-of-madame-van-rysselberghe-1891.jpg,painting,0,theo-van-rysselberghe,val,84eb5ceb7d223cd6e91b1345e6c75a9556226a3ace1c0f1561303bee2d5bccc4,80e076cd7c5a29de
data/private/sketchnet/paintings/theo-van-rysselberghe_portrait-of-mathilde-vereeken-1891.jpg,painting,0,theo-van-rysselberghe,val,37fc586cc13edc5c374d828f9c17055d3cbe13297648979622a0ff964b8d83a5,c81f5379273a70e1
data/private/sketchnet/paintings/theo-van-rysselberghe_portrait-of-michel-van-mos-1892.jpg,painting,0,theo-van-rysselberghe,val,5d62edd040917f3c2f3c49329eca12ff17717d2ecfc13c87186a4fdc6f32ce16,a1991cd65ae62667
data/private/sketchnet/paintings/theo-van-rysselberghe_sunset-at-ambletsuse-1899.jpg,painting,0,theo-van-rysselberghe,val,4baa5b3f115f0b07da45fe52ec7de38f597b26d56a11a5a9e54418ca276c6268,95cb20164f27d1fc
data/private/sketchnet/paintings/theo-van-rysselberghe_the-beach-at-ambleteuse-at-low-tide-1900.jpg,painting,0,theo-van-rysselberghe,val,15aa32314005c4c4be70e6a8493d8b420bcf1ce72a83c2c3c65f121c148b97cb,cb813a47d01784ff
data/private/sketchnet/paintings/theo-van-rysselberghe_the-burning-time-1897.jpg,painting,0,theo-van-rysselberghe,val,b318b1ab15bff541ff0b933a0c0207cff7e687a16afc96120c001ff9231d6fb8,dde415e54ab46c64
data/private/sketchnet/paintings/theo-van-rysselberghe_the-pointe-de-per-kiridec-at-roscoff.jpg,painting,0,theo-van-rysselberghe,val,abf73c3f3dd9c70277cd5baa9ac7623f7d872a66b02e7cf4cdba9dbf95b5629e,f881b794768569a5
data/private/sketchnet/paintings/theo-van-rysselberghe_the-pointe-st-pierre-at-st-tropez-1896.jpg,painting,0,theo-van-rysselberghe,val,0e13180b4331b736ba574be7b3f3a1fe4d08a27b6c87f79698d366dc51263fe9,cfc5286b42e09eb6
data/private/sketchnet/paintings/theo-van-rysselberghe_the-promenade-1901.jpg,painting,0,theo-van-rysselberghe,val,995dd415f06587ff429a7e4af6e5b32c40e2bb13f252ff3a8a57beef0dd4576e,84ff4217f5013ea5
data/private/sketchnet/paintings/theo-van-rysselberghe_the-violinist-1903.jpg,painting,0,theo-van-rysselberghe,val,997543dd057abd395da740292a0b7b6d96ec54fdb333c458ac7e0a4cfd4199e6,b459074c6d933376
data/private/sketchnet/paintings/theo-van-rysselberghe_three-children-in-blue-1901.jpg,painting,0,theo-van-rysselberghe,val,9637fe373f763b25932030b9b1dfbd0aeefdffbd507b5719e0708173f12d89ca,f7814ab2c9779168
data/private/sketchnet/paintings/theo-van-rysselberghe_view-of-meknes.jpg,painting,0,theo-van-rysselberghe,val,76a44056127a8627eb47199c7a0e80af751d683fea4f1182ec464622d05a343e,90bd8cc7637a84bc
data/private/sketchnet/paintings/theodoros-stamos_delphic-sun-box-2-1968.jpg,painting,0,theodoros-stamos,train,327d64f0d4963b9f5c6371de031fa8be8b470d6fb2784105b392ba7eb2ff3545,b08a4dce32f14fcc
data/private/sketchnet/paintings/theodoros-stamos_deseret-1959.jpg,painting,0,theodoros-stamos,train,cb3cc11b7b9b0a116d1325ce85ea90257564a5d44d8a0dc7237c6473ab71d03b,9634e13e431d0b7e
data/private/sketchnet/paintings/theodoros-stamos_infinity-field-creten-series-rizitika-4-1983.jpg,painting,0,theodoros-stamos,train,e95ffd7b1388ce996c0e89e4048f31e48c3594a4cba66a1da569afbd3e67b0e0,f8a32e3e0f47151c
data/private/sketchnet/paintings/theodoros-stamos_infinity-field-lefkada-series-11-1978.jpg,painting,0,theodoros-stamos,train,f33124b03c489bd35edf4a25912a0584b02c517e9ebccfcfa8a0ba857c3d0da5,e897c29661693e2d
data/private/sketchnet/paintings/theodoros-stamos_infinity-field-lefkada-series-1980(1).jpg,painting,0,theodoros-stamos,train,af3fdba7fff3ffd280e284b6844fbdade0c3d5384e0dffc900b0ad316c4968b2,aab2a518ed9a72a5
data/private/sketchnet/paintings/theodoros-stamos_infinity-field-lefkada-series-1981.jpg,painting,0,theodoros-stamos,train,8fa8a9269c3884a929a0e900fb645ae485c4143aa2485afb898bef292eb71f6b,c1d47ac57aa08b7c
data/private/sketchnet/paintings/theodoros-stamos_infinity-field-lefkada-series-i-1980.jpg,painting,0,theodoros-stamos,train,aae089abd6a77ca5cd76cf8e80983d98e65192cddfd82eeae00842897f3856f4,853d95f585c11fc1
data/private/sketchnet/paintings/theodoros-stamos_infinity-field-lefkada-series-ix.jpg,painting,0,theodoros-stamos,train,ea73ab3ec2b1dffb8eec31d65817324b03d6d418a6c98fd102bacd7083d59c49,f42bd2792ad02fd0
data/private/sketchnet/paintings/theodoros-stamos_low-white-sun-box-1965.jpg,painting,0,theodoros-stamos,train,1beecd5af18b7ec130c1408913950a8240bfae2ca95e3727f686cb2c7855b057,9583323ada4d65a7
data/private/sketchnet/paintings/theodoros-stamos_morning-24c-1979.jpg,painting,0,theodoros-stamos,train,b5ed789db99fb786eeb286491d63668624860b830db474a4121aa4ca710935d2,853c7ab581c0977e
data/private/sketchnet/paintings/theodoros-stamos_untitled-1959.jpg,painting,0,theodoros-stamos,train,20f57ed992ae5375571ae798bc5b63b55587735eace481e4f0a15dd49361e872,c797248b68c974f4
data/private/sketchnet/paintings/theodoros-stamos_untitled-1967.jpg,painting,0,theodoros-stamos,train,ef9da30c3c4cf75d9017451e998c4e01b7a28810103e005ebd061132f60e4931,eaaa805895fd39d2
data/private/sketchnet/paintings/tintoretto_the-resurrection-of-christ-1581.jpg,painting,0,tintoretto,train,dcf36fc298ea7584f31bb230d9e05462939d26ee773ea8edcb87a0b5d8a2d6d9,d8de0e07c1e9fc06
data/private/sketchnet/paintings/tintoretto_the-sacrifice-of-isaac-1578.jpg,painting,0,tintoretto,train,13951cc4560261c08a4fc400c1654ddbd2520d75c12a53aed26ec42408061eac,fa99a95c941ad263
data/private/sketchnet/paintings/tintoretto_the-vision-of-ezekiel-1578.jpg,painting,0,tintoretto,train,0881f32e4e5c668f458c37400f41643b8ac5d4aa7eaa6a87a2ed9560c8614801,fe31a85ae5d8c426
data/private/sketchnet/paintings/tintoretto_the-vision-of-st-peter.jpg,painting,0,tintoretto,train,385ceecc4c3cbd6d68d79d2e6779a36f95c69ce80e1c8876f5cc9b34f4480811,e7ec0bd820b11f63
data/private/sketchnet/paintings/tintoretto_virgin-and-child-with-saint-catherine-saint-augustine-saint-marc-and-saint-john-the-baptist-1550.jpg,painting,0,tintoretto,train,5552e784ae496b38f47821ced14b47c03cf5a544ef93dda22a185ea3c5da9568,e5fc5a1391181b76
data/private/sketchnet/paintings/tintoretto_visitation.jpg,painting,0,tintoretto,train,4b8b0cfa336dcd0888b8c5dab36b7c5501708dd1414071a120db2c19d6d993d1,d49e2f2cf862c683
data/private/sketchnet/paintings/titian_allegory-of-time-governed-by-prudence.jpg,painting,0,titian,val,f367248d6d8bf31d43968b99d29de9f4076bde2e5a34a915d77ef89184a88673,90926d6f66945ad9
data/private/sketchnet/paintings/titian_angel-of-the-annunciation.jpg,painting,0,titian,val,10f236243293326518994b8440590de362c458679bc6a832e71f6d45ec759d72,afd8d8a1e6b2c194
data/private/sketchnet/paintings/titian_christ-and-the-good-thief.jpg,painting,0,titian,val,8b5ccd7dac54ab0db1761287cb52ba2c6dbff3985a62780cc45a4668d1d8b72c,9b906c6d261669db
data/private/sketchnet/paintings/titian_christ-carrying-the-cross-1575.jpg,painting,0,titian,val,6af4352fcb5c38b7a0ac17cb652a84bfef4bafc1d9fbf4e6a0f11257cd6040cb,997045996296f16f
data/private/sketchnet/paintings/titian_danae-1554-1.jpg,painting,0,titian,val,a647c9a68b6e100f82520fcdd30ee30133ed13c4a302399ab576564f11cda253,c03d8fc8f132d9b4
data/private/sketchnet/paintings/titian_danae-1554.jpg,painting,0,titian,val,bf3a46528995a1664ff1cc073bf12869df4295016aa1dca504bdc95e8dbbe194,913a9dc8e1259e79
data/private/sketchnet/paintings/titian_ecce-homo-1560.jpg,painting,0,titian,val,f8f8ca30e9ad7a1665600ea96490ec746e573ca3b2736f935c7be5d8f05d14f6,d03b6bc987206fc6
data/private/sketchnet/paintings/titian_emperor-charles-1548-1.jpg,painting,0,titian,val,a1feff9ea9fd6ea69d802875dec293f789ddf7960b69dc15241ee840f242ecf3,898e56d7e12c9ed0
data/private/sketchnet/paintings/titian_madonna-and-child-in-an-evening-landscape-1565.jpg,painting,0,titian,val,d73746b234cb5bd7e2c98bd0e9f5b87625232e6f54d9fff6e0a59c74b7d35432,83263c4fa4b14fce
data/private/sketchnet/paintings/titian_madonna-and-child-with-mary-magdalene.jpg,painting,0,titian,val,1730892ca7a1d02b326350ec79291e1ef487777ba6b57091df976a620a3b3de5,941f6b6425b2f30d
data/private/sketchnet/paintings/titian_not_detected_224924-1542.jpg,painting,0,titian,val,a5a4252221df0165a5ea6677ccbdf40cc624e0f0a407a6168a2cff20d8492f35,8d9c636139c33ce3
data/private/sketchnet/paintings/titian_not_detected_224925.jpg,painting,0,titian,val,8c4c1be579deda2fb3ca2de4225b0acb8a2198dedae2ad1d64a3fbc2bc4d4b36,cc1e7cc162793572
data/private/sketchnet/paintings/titian_pieta-1576.jpg,painting,0,titian,val,b6845459468696c3eebafa1884c97279367cb523317b8437f847a33c171d3c01,aec31119748edb65
data/private/sketchnet/paintings/titian_pope-paul-iii-1546.jpg,painting,0,titian,val,db67ac1af089e1ce06d88aca4c3f46b24157cb4a0b8bc8f65a3a67fc5cab467f,8d738ce32e35c2a5
data/private/sketchnet/paintings/titian_portrait-of-antonio-anselmi.jpg,painting,0,titian,val,898756a09c485be744ebebc52fca2440af7864d66aa12897668e8687d8222a30,cccccc7133333363
data/private/sketchnet/paintings/titian_portrait-of-cardinal-alessandro-farnese-1546.jpg,painting,0,titian,val,e542aff8564d4ea81e62d4418a316bef3362d4feeb4a69acd6e30fe9c4962abc,c9399df022c736c6
data/private/sketchnet/paintings/titian_portrait-of-lavinia-his-daughter-1561.jpg,painting,0,titian,val,753aa330bc86175eb1f8e29efad31b5002022670b71e16488bd9726c9085b7c8,9c9934636692b973
data/private/sketchnet/paintings/titian_portrait-of-ludovico-beccadelli-1552.jpg,painting,0,titian,val,8a74f9cc1fea96e4bbfe49f803cdd53fd6588c83c32f26054d26a7cd5781a6b5,946b9c6339d2e11e
data/private/sketchnet/paintings/titian_portrait-of-pope-paul-iii-cardinal-alessandro-farnese-and-duke-ottavio-farnese-1546.jpg,painting,0,titian,val,fa06ca0987f33926f6232a25a6703c5ea8f6b155cacf4df4116932c0806de2dd,c532278d1ecc749b
data/private/sketchnet/paintings/titian_portrait-of-ranuccio-farnese-1542.jpg,painting,0,titian,val,4cd0ca4c71cd40cb228c906de6fb5bd92de4e9493bf027980213c4d09d155382,ccce3338c3637331
data/private/sketchnet/paintings/titian_shepherd-and-nymph-1576.jpg,painting,0,titian,val,5ccda162c688ba7c18d6b9f8aeec9ad8bc2881e842f5e337cc80478dd66869df,9f10319b4e67998e
data/private/sketchnet/paintings/titian_sisyphus-1549.jpg,painting,0,titian,val,143ecfa16d91b394ddcbd72300caf5a814e752c4322700aae3f0707af8ca77e5,8f9c307363674c59
data/private/sketchnet/paintings/titian_st-john-the-almsgiver-1550.jpg,painting,0,titian,val,fce6d8e1dafe119941c3c3e238a95b845bc8ce04d7c9ed3f3ab03296c98e45e0,9d6622d9c5629f94
data/private/sketchnet/paintings/titian_st-john-the-baptist.jpg,painting,0,titian,val,245d79a845a496528fffe7d39f39aae89ab40aa10c78fe160bce19ac62d8f45a,9ca75c1a3b0c96e9
data/private/sketchnet/paintings/titian_the-annunciation-1.jpg,painting,0,titian,val,b42e2908ee28b0539321e95bc5cca2f3ec64088bb1958614cc26abb00fc5bba2,de8999b6027be621
data/private/sketchnet/paintings/titian_the-doge-niccolo-marcello-1542.jpg,painting,0,titian,val,75e2ad546bfb9b41dd67fff211cb297e2f99f8e5ace1b1316b7ee2b51f34b744,99d84b2536762b4d
data/private/sketchnet/paintings/titian_the-scourging-of-christ.jpg,painting,0,titian,val,80a00e685fcdfb83d02e0361660b852fc0c1bd13f51f62c53f660204e331600c,946269758abb9d16
data/private/sketchnet/paintings/titian_the-tribute-money-1568.jpg,painting,0,titian,val,2f17c4a0c233825095d97f60952f13bcfeb998c039ccd5d032445b5f1e18f9c8,d1d04dc336e6c92d
data/private/sketchnet/paintings/titian_venus-and-an-organist-and-a-little-dog.jpg,painting,0,titian,val,ab7dc3de1efe2c29cc57bd41174b77bea763b103573d9f17fa5087a5f27cd7c9,aa6d4a92e50df171
data/private/sketchnet/paintings/titian_venus-and-cupid-with-an-organist-1549.jpg,painting,0,titian,val,ea88f2caabb9147309e18cdd5f509072c36f47d82040745fbe91053d8c6d65c4,8fcd489a24ce758b
data/private/sketchnet/paintings/titian_youth-with-dogs-1576.jpg,painting,0,titian,val,875aba88e63cd77a4a946da5f094a0835874a9b630a03a5c114de0bfa62568be,b3b2444419abafb9
data/private/sketchnet/paintings/tsuguharu-foujita_angels-and-sirens-1918.jpg,painting,0,tsuguharu-foujita,train,f6a1e636c5a2c2bb46200c83aa5d1527b5625ce9c571cd4d31c2563bcfb7986e,d71c425223be7e70
data/private/sketchnet/paintings/tsuguharu-foujita_birth-of-jesus-christ.jpg,painting,0,tsuguharu-foujita,train,2125f3cce7d4dd31bcc674b90882896901b2d26292e25450df4b442197bab8ea,d9b71cc823c91b1b
data/private/sketchnet/paintings/tsuguharu-foujita_dancers-1920.jpg,painting,0,tsuguharu-foujita,train,3133da9f35b1e0789b07556f7168d4835927ce98ad37fb5aeb77351e51f4add3,832c3d53961f6ec4
data/private/sketchnet/paintings/tsuguharu-foujita_famille.jpg,painting,0,tsuguharu-foujita,train,1e7eb6312507d5fba4a6798cf011dd2b9e97948e57825249726b834494f321d5,ecb1456893969ed4
data/private/sketchnet/paintings/tsuguharu-foujita_friends.jpg,painting,0,tsuguharu-foujita,train,8672e6ffbad46eb47766a3f5cd3a52315cbe1f97c98438dca68d0a995f3328d6,834b25a178963d7e
data/private/sketchnet/paintings/tsuguharu-foujita_harlem-cotton-club.jpg,painting,0,tsuguharu-foujita,train,84f3b22bfa4a28cc71aded8d4a1bf907061b105467901207e116eb08888cce41,ba1b47e4b4b0f0b4
data/private/sketchnet/paintings/tsuruko-yamazaki_peace-1968.jpg,painting,0,tsuruko-yamazaki,test,356fa40b7a9611ce72f3f90b4e68ccee91c26ab5a672d44f9dddddb1869ebef6,b89818983be3e763
data/private/sketchnet/paintings/tsuruko-yamazaki_work-1957.jpg,painting,0,tsuruko-yamazaki,test,202e1261c79078e11df1c2440a580b56a4035c763c963e0f47c94083e6c8d8b2,f3d89664c87b6390
data/private/sketchnet/paintings/umberto-boccioni_antigraceful-1913.jpg,painting,0,umberto-boccioni,train,9e52f0e546dc8f41676b6ec0bbf2304e84cb076ddb4ae7faf4c1799779a54197,8d2cd26cc33ccb33
data/private/sketchnet/paintings/umberto-boccioni_study-for-sculpture-empty-and-full-abstracts-of-a-head-1912.jpg,painting,0,umberto-boccioni,train,1a89c14d9895dd457db36103d682c76563db50264b95ff6dedacc1b6bcd17eb0,f52f92f48b9340c9
data/private/sketchnet/paintings/utagawa-kuniyoshi_the-ghosts-of-togo-and-his-wife.jpg,painting,0,utagawa-kuniyoshi,train,5e875af136342ec4b13c7701d5ee65ab2c9f59d025d2825a4a96a4140e115de3,ba1e0d3b846cc7ca
data/private/sketchnet/paintings/utagawa-kuniyoshi_the-moonlight-fight-between-yoshitsune-and-benkei-on-the-gojobashi.jpg,painting,0,utagawa-kuniyoshi,train,bb91538685ddd0af69a3b6ad299bebbe8c0067bea519eea971f5fba2afcb0737,e7e2b8075cbc25e0
data/private/sketchnet/paintings/utagawa-kuniyoshi_the-station-kambara.jpg,painting,0,utagawa-kuniyoshi,train,4fdeecde69fe7a4d704895437b66047319e394cff4a4719aa42fa2fb97f74d2f,dbd1495006aedd96
data/private/sketchnet/paintings/utagawa-kuniyoshi_toki-jurozaemon-mitsuchika.jpg,painting,0,utagawa-kuniyoshi,train,a9ad77ae0bff3272e2b64f00cd1ec4c38f8b6b481815e67384563c9f3aa55b07,89e2943d29c6da3e
data/private/sketchnet/paintings/utagawa-kuniyoshi_turtle-and-crab.jpg,painting,0,utagawa-kuniyoshi,train,97ce964e79736d6fb8692dc42e4ab8443312d87fd2f4ce17ca1f55892ee56137,ad2dc2be1dc252b1
data/private/sketchnet/paintings/utagawa-kuniyoshi_vesper-bell-at-todaiji.jpg,painting,0,utagawa-kuniyoshi,train,df325d7859f3af9da0e7d58301079fad6bc6d284517ec4982bd1dbdbcfd13700,eef537205a1a31c9
data/private/sketchnet/paintings/utagawa-kuniyoshi_woman-seated-under-a-cherry-blossoms.jpg,painting,0,utagawa-kuniyoshi,train,dc1d303fa8da3c1688d83d2553f14fef758eabbf88e8f1cfbae64c0e4c306f53,aa9d946ade14e1c6
data/private/sketchnet/paintings/utagawa-kuniyoshi_women-11.jpg,painting,0,utagawa-kuniyoshi,train,560fdd74f4fa96ac357a53e9ee5ad2e7ee6f9b947a0c9f947135b0ade234d9a9,c345c9735c586c73
data/private/sketchnet/paintings/utagawa-kuniyoshi_women-19.jpg,painting,0,utagawa-kuniyoshi,train,a06c0069da32c5515b5814928b2c75f7dac3dc513573cfec5e476c60878840a6,95954ddcf88b2662
data/private/sketchnet/paintings/utagawa-kuniyoshi_women-27.jpg,painting,0,utagawa-kuniyoshi,train,4f7c617b8108b0d8819bad0ef36181223287e90d99bfe5e0a1e84680612713ce,cceaff9d41201327
data/private/sketchnet/paintings/utagawa-kuniyoshi_women-3.jpg,painting,0,utagawa-kuniyoshi,train,b5cae47e6893fdb91e6682ca7ac74ddc91cb114855ec2733319f88a1807c19cc,f89547ee89913e42
data/private/sketchnet/paintings/utagawa-kuniyoshi_yamamoto-kansuke.jpg,painting,0,utagawa-kuniyoshi,train,53ada7c657b549a6af262e3774287f02540d56ee82ea47e492f44038a047c7a3,dbdab1e83c1b3230
data/private/sketchnet/paintings/utagawa-sadatora_chinzei-hachiro-tametomo-firing-an-arrow.jpg,painting,0,utagawa-sadatora,val,8a0384b7df34385d819f89ef92766a8a6e1dd1e10b8193b99d8a0289676b44f2,bea791878b1ac478
data/private/sketchnet/paintings/utagawa-sadatora_overview-of-the-kabuki-play-yoshitsune-senbon-zakura-yoshitsune-and-the-thousand-cherry-trees.jpg,painting,0,utagawa-sadatora,val,be5b635f6f150942ec92e3be053d8ea6b14cff57302ee90cf657b9d09d476f25,f566d8619133cc99
data/private/sketchnet/paintings/utagawa-toyokuni-ii_courtesan.jpg,painting,0,utagawa-toyokuni-ii,test,10a650eef100a1e1bd964f37a16a8d300785b1ac4e7a3cd8f71d20d5ade5adb4,a70398cecb358c4f
data/private/sketchnet/paintings/utagawa-toyokuni-ii_segawa-kiku-no-jo-okiwa-1825.jpg,painting,0,utagawa-toyokuni-ii,test,c2cbc634f172eb694ff664aa199b7d0cd7df1c4825a8bb8cb92f3dcf4a78d82f,e9b69e698572891c
data/private/sketchnet/paintings/utagawa-toyokuni-ii_view-of-mountains-of-awa-province-from-tsurugaoka-near-kamakura.jpg,painting,0,utagawa-toyokuni-ii,test,00e00d3af54bb925b34ca250e41e76273795c24d6a84fd70623a78a9fede8118,fb80dc0f933b80f8
data/private/sketchnet/paintings/utagawa-toyokuni_actor-bando-mitsugoro-iii-as-seigen-1814.jpg,painting,0,utagawa-toyokuni,train,ebd2cfda531e2c7ad850db4a04799a1f90852a6bc2d7e2be7cef1d6ddc8e3c26,c959fd293bce008b
data/private/sketchnet/paintings/utagawa-toyokuni_ishikawa-goemon-pulling-a-painting-of-himself-out-of-a-lidded-jar.jpg,painting,0,utagawa-toyokuni,train,cc61be71a5c7bb976e7a6e09e1fbe4bdd5be506ebc787859642100f5312671b3,f5a4968f6b19e058
data/private/sketchnet/paintings/utagawa-toyokuni_the-actor-otani-monzo-in-the-role-of-igarashi-tenzen.jpg,painting,0,utagawa-toyokuni,train,4304fbb9c1c6d0f5a082e74de2156729dfbed72bb8002ce82ac3d67ae50b1299,b0cd8f91c13ac976
data/private/sketchnet/paintings/vajda-lajos_spotty-house-1936.jpg,painting,0,vajda-lajos,train,fae93b980be7b430459907f8e4042a20e094d57a508b0c1daa2373361641eccc,e30e9ce1cc954ed1
data/private/sketchnet/paintings/valerio-adami_blue-danube-1984.jpg,painting,0,valerio-adami,test,6ced4a260eb1be07a160ef35ab1637ba94b3b0411558bcb51f706ae40042817c,989137654eee6949
data/private/sketchnet/paintings/valerio-adami_spettacolo-all-aperto-1967.jpg,painting,0,valerio-adami,test,58ba49ec5edcca56f78f3dcc49cb1d842d19e8b1ea02969aabcf0c141d568529,ccc6239c6e33896e
data/private/sketchnet/paintings/vicente-manansala_candle-vendors-1976.jpg,painting,0,vicente-manansala,train,e7ea397dec9c4b67ae9d10a69d825336d83d5b32b80bc3c797ff6606d0c2ec1b,91f7170af0cd0eb2
data/private/sketchnet/paintings/vicente-manansala_community.jpg,painting,0,vicente-manansala,train,7ced419021804fafe8748e519f80b18c49465f9ef3eedfc198d63e212f671e41,c56d339a6f813b30
data/private/sketchnet/paintings/vicente-manansala_mother-and-child-1981.jpg,painting,0,vicente-manansala,train,7cf41701b37acb397726feb9233808e91f81cb642a5873f85f01186ce592afde,f5a3630c66469ce6
data/private/sketchnet/paintings/vicente-manansala_philippines-mother-and-child-1965.jpg,painting,0,vicente-manansala,train,c068eefd7e17f8a537b92525a37fbbf4ade812f01ca66121e932358fff86a600,e114126b8f4d9bce
data/private/sketchnet/paintings/vicente-manansala_untitled-landscape-1966.jpg,painting,0,vicente-manansala,train,12f6013e43ff2f7232b8ff0fca33b38d4e96d981ef36d99842b82e3896ad42e8,c6e3afa5c16e8446
data/private/sketchnet/paintings/victor-pasmore_square-motif-in-white-and-indian-red-1960.jpg,painting,0,victor-pasmore,train,a283abc076c50d363827287042e69e3f3de5a33ea5b58f57c6389db1ea8b658b,a07f80a87f1380ff
data/private/sketchnet/paintings/victor-pasmore_the-green-earth-1980.jpg,painting,0,victor-pasmore,train,c5478d04616c47c8916ac447408c9661cb440a2550e8caa8932901b85b183172,fa24f06cfc2483d6
data/private/sketchnet/paintings/vieira-portuense_leda-e-o-cisne-1798.jpg,painting,0,vieira-portuense,train,012c7a3519c3ffb0ad370748bd9cdba7ead881944d1939a115783fed24b61217,e7e2911cceb5189c
data/private/sketchnet/paintings/vieira-portuense_retrato-de-uma-mulher-1800.jpg,painting,0,vieira-portuense,train,9398b2396b20dd1e2029d2284a05231fabdbc57cdc8a9047a464e5e2c3751540,ae92f864946bd067
data/private/sketchnet/paintings/vieira-portuense_s-plica-de-in-s-de-castro.jpg,painting,0,vieira-portuense,train,2a869d6c741646db0b881d4185ab3942804017a674d9f828b11d68f9ee6f501f,c2f83f073cc10ff0
data/private/sketchnet/paintings/vieira-portuense_santa-maria-de-cortona.jpg,painting,0,vieira-portuense,train,cfc0904a5a25b5e1b1b15c655c95ba66d29f83c465733fe6b9a3ff0ea61a9560,80be56c5ed68c336
data/private/sketchnet/paintings/vincent-van-gogh_pasture-in-bloom-1887.jpg,painting,0,vincent-van-gogh,test,c2ebc2f81d46d1ec60c59df188adcc25062e86028828132dd7dc7ca7b8cd2cb9,cdb1c6907496cc9b
data/private/sketchnet/paintings/vincent-van-gogh_path-in-the-park-at-arles-1888.jpg,painting,0,vincent-van-gogh,test,1bff18e0b8389f3132fdfd15301957aada5e814d7d0ec408de1f31f7ba5fe27d,967291254eb50f79
data/private/sketchnet/paintings/vincent-van-gogh_path-in-the-woods-1887.jpg,painting,0,vincent-van-gogh,test,4436f6231c9fb0c4ea5ec3cfe2243b0c988e84ea7ed754eae7c80ee3a6064829,a06fd2a5cb31ca93
data/private/sketchnet/paintings/vincent-van-gogh_path-through-a-field-with-willows-1888.jpg,painting,0,vincent-van-gogh,test,4be529c8c3bedcf50eac68200c6cc03fdc15a9d027490d1393aba4b5bbb7670b,d9c392ce4c183b73
data/private/sketchnet/paintings/vincent-van-gogh_paul-gauguin-s-armchair-1888.jpg,painting,0,vincent-van-gogh,test,ae8ea04e3adcb433097800b46ba9cd6d31f85c527c5e9f357b821dd7affca9e9,c2e63841e77839e3
data/private/sketchnet/paintings/vincent-van-gogh_peach-tree-in-bloom-in-memory-of-mauve-1888.jpg,painting,0,vincent-van-gogh,test,2640bfdd3c2cdad930631ad4d3fce668984b15df3d3bb9d3e96e051744637bda,abaf15c35ccc491c
data/private/sketchnet/paintings/vincent-van-gogh_peach-trees-in-blossom-1888.jpg,painting,0,vincent-van-gogh,test,2223d431c90acc71c09cff4bf64f522a113e3db5881fda39a7eb8b81c5f9e184,d1a99c48fcae692c
data/private/sketchnet/paintings/vincent-van-gogh_peach-trees-in-blossom-1889.jpg,painting,0,vincent-van-gogh,test,aaa93d6cedac462596eececc9c7daec98505db14c32579ddece00121036475bb,cbd0a2d7096a96ea
data/private/sketchnet/paintings/vincent-van-gogh_pear-tree-in-blossom-1888.jpg,painting,0,vincent-van-gogh,test,6711d972c509a07c86a3a340e10e32b4676ce610a6ee41d5cbbfd7dbeac510e5,94151cf1e7c5e564
data/private/sketchnet/paintings/vincent-van-gogh_peasant-woman-binding-sheaves-after-millet-1889.jpg,painting,0,vincent-van-gogh,test,2e2fd39dfa557e8f187e9673a69120fee92c90fb7157af122bca0abd343e1237,e4cf996697601c4d
data/private/sketchnet/paintings/vincent-van-gogh_peasant-woman-with-a-rake-after-millet-1889.jpg,painting,0,vincent-van-gogh,test,4d84f0cef3eca2ab82420e5c93c9c6211ebc1bcfc71c3f2a842c6fe0a311bdd1,e68a19873bc4317b
data/private/sketchnet/paintings/vincent-van-gogh_peasants-lifting-potatoes-1890.jpg,painting,0,vincent-van-gogh,test,506c569c7a264fd258a42c66c4ad9bbc7282f41aa1565af566370cf491165d1b,8bb4c46ab1b2dc0f
data/private/sketchnet/paintings/vincent-van-gogh_pieta-1889.jpg,painting,0,vincent-van-gogh,test,3e23a8288cae1939c9513042f0c10acfc42e597226b7f4523b8bbcfc98a90261,d6bbe0494e21476d
data/private/sketchnet/paintings/vincent-van-gogh_pine-trees-against-a-red-sky-with-setting-sun-1889.jpg,painting,0,vincent-van-gogh,test,77b966dae9bbd16014dd460e763378695b011e1fb0cc750138a4435b1250aca6,bbca4d27b3588385
data/private/sketchnet/paintings/vincent-van-gogh_pine-trees-with-figure-in-the-garden-of-saint-paul-hospital-1889.jpg,painting,0,vincent-van-gogh,test,614ff2516ced126c03e43f502c5123d85887e995ad0b535942411a07a7a23c47,be904a1fdd0e43c3
data/private/sketchnet/paintings/vincent-van-gogh_pink-peach-trees-1888.jpg,painting,0,vincent-van-gogh,test,0a93212c7d2c42284318075c3ab39024aea8458848f8abe2544186b6a2b8121f,d387457d1e02336d
data/private/sketchnet/paintings/vincent-van-gogh_plain-near-auvers-1890.jpg,painting,0,vincent-van-gogh,test,94144c4d90ce0e436511479edd0a67d3ae962aa1a080aaf94f1bea562447b963,96e391991f166372
data/private/sketchnet/paintings/vincent-van-gogh_plaster-statuette-of-a-female-torso-1886-1.jpg,painting,0,vincent-van-gogh,test,2e3935edbe0edf31e2a5880de8edd4a61ca8269ff1ba8abbc9d12fdf445530af,9ea1651e30326fe3
data/private/sketchnet/paintings/vincent-van-gogh_plaster-statuette-of-a-female-torso-1886-2.jpg,painting,0,vincent-van-gogh,test,e1a7386e1832b9a9597ead6902f866328549e5c76c3f99f95a4461080a48b9e5,cf993066f93c22c9
data/private/sketchnet/paintings/vincent-van-gogh_plaster-statuette-of-a-female-torso-1886-3.jpg,painting,0,vincent-van-gogh,test,f8a146cda78424b71542c6abd90bdd9b0fb36333b1f21643474ec086b29a52d7,9b61266e6d6c7194
data/private/sketchnet/paintings/vincent-van-gogh_plaster-statuette-of-a-female-torso-1886-4.jpg,painting,0,vincent-van-gogh,test,db215edaa39c3a35aaa8faf1f1b7f0239e6f8538f4be59f49be5e1c255bc6bdc,9e21651e307376e6
data/private/sketchnet/paintings/vincent-van-gogh_plaster-statuette-of-a-female-torso-1886-5.jpg,painting,0,vincent-van-gogh,test,dda4e09bcdca62eacfcb21316afc5080b13bc00c4f9f969636ef1af02c106d17,99ec1e6633631371
data/private/sketchnet/paintings/vincent-van-gogh_plaster-statuette-of-a-female-torso-1886.jpg,painting,0,vincent-van-gogh,test,87ec63e4afeab9dfc9a0209d62881fd66693aa98d7e69a59c7c00c50a8db4058,c73e3931603327da
data/private/sketchnet/paintings/vincent-van-gogh_plaster-statuette-of-a-female-torso-1887.jpg,painting,0,vincent-van-gogh,test,400fcfae5570008d3197a36146fcea5cee0aae8aa3c00f5d2fa5bae534611afc,de29573e4a353065
data/private/sketchnet/paintings/vincent-van-gogh_plaster-statuette-of-a-female-torso.jpg,painting,0,vincent-van-gogh,test,84038e1db6162ee39d90f8c3f88f60b4ac49cdd1caa8a7b5bb9c7d77104c0876,9ab867263a1971c7
data/private/sketchnet/paintings/vincent-van-gogh_plaster-statuette-of-a-horse-1886.jpg,painting,0,vincent-van-gogh,test,add65ed127acebe79af1c1f3dcef377778486190ab62a3a18a1a9d0da11e3a2e,c74761349e9c7263
data/private/sketchnet/paintings/vincent-van-gogh_plaster-statuette-of-a-kneeling-man-1886.jpg,painting,0,vincent-van-gogh,test,199496c066bf009cc644a8ac8ad3c2ed3cc7e5abe8f4cabeb6853cb2d63f6546,cb6f3464700b16ee
data/private/sketchnet/paintings/vincent-van-gogh_ploughman-in-the-fields-near-arles-1888.jpg,painting,0,vincent-van-gogh,test,f6e20699f5f229a8db310023ab4f0bdf89c7e07d01f7898baaec361d8b5084d1,cbcb9034764ac735
data/private/sketchnet/paintings/vincent-van-gogh_pollard-willows-1889.jpg,painting,0,vincent-van-gogh,test,c4e79b84dffa7fba6eba2e410a2c70ca78d0a8d71ecf010f80e005483b729a3b,d23464ce98b7849f
data/private/sketchnet/paintings/vincent-van-gogh_pollard-willows-and-setting-sun-1888.jpg,painting,0,vincent-van-gogh,test,2e8d9577c402dfda03aea806e292c2f6810633e49df123c92108da6c3d043eaa,d2f3d4c4211b6e36
data/private/sketchnet/paintings/vincent-van-gogh_poppies-and-butterflies-1890.jpg,painting,0,vincent-van-gogh,test,de7119dff26381a7468229c0256caa07128c8bb0715a3de20913b0181a7176c8,ff9da5d0c16d6012
data/private/sketchnet/paintings/viorel-marginean_bulls-1.jpg,painting,0,viorel-marginean,train,eb86ad7e6e6dab21106319beee1503c5bb29874f36e15bb338de115cfca9e44f,e7b03361c4a3961f
data/private/sketchnet/paintings/viorel-marginean_bulls.jpg,painting,0,viorel-marginean,train,5a37ddd36468eeb9290a53a2a0f88a71a50b8f3dc00fc6119912aed6f6258faa,9a35deb421b187ca
data/private/sketchnet/paintings/viorel-marginean_unknown-title-4.jpg,painting,0,viorel-marginean,train,5f5d92bdb8f5a0ee390a7ce9fad204efa3400edf60ead44efa1822a7d0a23be9,8bb39c996280e775
data/private/sketchnet/paintings/viorel-marginean_unknown-title-5.jpg,painting,0,viorel-marginean,train,a3fbd642acd26268e1c340dcf236bbb7a58032b72fab5396943a276ff16f517c,8795ca4b1c2cf38b
data/private/sketchnet/paintings/vittore-carpaccio_st-george-baptising-the-gentile-1507.jpg,painting,0,vittore-carpaccio,test,2db002a2208e4da5aecdcfb856a7966575e469241f3c7cb5f9af37e994e439ed,97cc90eaca924f33
data/private/sketchnet/paintings/vittore-carpaccio_st-george-killing-the-dragon-1507.jpg,painting,0,vittore-carpaccio,test,003e88e378dc40e14919465347c547723e04ba70931b0a8e281aa174070f4f31,9ded925a4b246c1d
data/private/sketchnet/paintings/vittore-carpaccio_st-jerome-and-lion-in-the-monastery-1509.jpg,painting,0,vittore-carpaccio,test,e4eddc599a8db88b3757434f4a2830c999d6f5672fea913622893d84da1e5de6,f5e631327e9c488c
data/private/sketchnet/paintings/vittore-carpaccio_st-stephen-is-consecrated-deacon.jpg,painting,0,vittore-carpaccio,test,ee41ef764f65030167c8c14e7878d70b5977d7d39e391596c8f8e5677b8a2ee1,af85ab61c3549cc5
data/private/sketchnet/paintings/vittore-carpaccio_st-stephen-preaching-1514.jpg,painting,0,vittore-carpaccio,test,f8d16f66083e22e6956a055041a8908ab5bc7a54d2ef9b2b078828c743e8ae54,c1ac93d1acca6d66
data/private/sketchnet/paintings/vittore-carpaccio_st-thomas-in-glory-between-st-mark-and-st-louis-of-toulouse-1507.jpg,painting,0,vittore-carpaccio,test,65e3f6b21dd8dfa3ca51e7a9fb0f0ac0c4d77281b97a19d4d19e45c3a95af444,bec1413e61661d79
data/private/sketchnet/paintings/vittore-carpaccio_the-agony-in-the-garden-1502.jpg,painting,0,vittore-carpaccio,test,97545db687a3323eb7edcce493dc6a6d2dab692f1cdb3adfcbd66058331e923e,906ce25f0fc437e1
data/private/sketchnet/paintings/vittore-carpaccio_the-calling-of-st-matthew-1507.jpg,painting,0,vittore-carpaccio,test,d767fd7e9a5719eb76662a4847c2b4045e5aac5251df5391cf1602b9b432dc3e,80db9e78c7648f61
data/private/sketchnet/paintings/vittore-carpaccio_the-crucifixion-and-the-glorification-the-ten-thousand-martyrs-on-mount-ararat-1515.jpg,painting,0,vittore-carpaccio,test,710e45a2813cdf62b40e92ca1b777e983f3025c56bc53421f14b74d9f1d9c227,abaef8ede0e0b090
data/private/sketchnet/paintings/vittore-carpaccio_the-dead-christ-supported-by-angels.jpg,painting,0,vittore-carpaccio,test,1225f429e5b2d5d812cc56eec2449305838e15172c0029ef028df66e5e4f17c8,cf3cf530685f2851
data/private/sketchnet/paintings/vittore-carpaccio_the-departure-of-the-english-ambassadors-1498.jpg,painting,0,vittore-carpaccio,test,a5f8f026ed5b99eb189c40e0af36b3b8e0b1af54a97ec3f8fa476424a8d9c7c6,bbb54204bd576352
data/private/sketchnet/paintings/vittore-carpaccio_the-flight-into-egypt-1500.jpg,painting,0,vittore-carpaccio,test,40ca09afe9ae5fcc50e303a800448010e3c8e9928578247a3e2c78638a31250e,c298c427a6771b6e
data/private/sketchnet/paintings/vittore-carpaccio_the-glory-of-st-vidal-1514.jpg,painting,0,vittore-carpaccio,test,e474f9f79d893475576e9ee75f32fa050391b4c33a3b48d4bd23e05a6e751fba,9d3e0d44934d7c1b
data/private/sketchnet/paintings/vittore-carpaccio_the-lion-of-st-mark-1516.jpg,painting,0,vittore-carpaccio,test,ffca09dde1cd45b5a75f6a44af7cc032de195b16e6fce97ecb111f2b27c4f0c4,a7a1c8ce58d69eb0
data/private/sketchnet/paintings/vittore-carpaccio_the-miracle-of-st-tryphonius-1507.jpg,painting,0,vittore-carpaccio,test,8a00aa1db16c2ce98fedb3d2d419e4509eac2f910393d70b0d90e4aeb421b95a,93ef8d51d6917086
data/private/sketchnet/paintings/vittore-carpaccio_the-miracle-of-the-relic-of-the-true-cross-on-the-rialto-bridge-1494.jpg,painting,0,vittore-carpaccio,test,8850a75e743cafd9a1587ea0b4541b1982145fae60b94a362be085ad0531c8e0,8f9d7b6263d1f080
data/private/sketchnet/paintings/vittore-carpaccio_the-pilgrims-meet-pope-cyriac-before-the-walls-of-rome-1493.jpg,painting,0,vittore-carpaccio,test,4e91b4731fbdab5b03de46a123f55848ded66d2e3c52a69cff861ee3b93fffee,ccef85a9135b3614
data/private/sketchnet/paintings/vittore-carpaccio_the-repatriation-of-the-english-ambassadors-1500.jpg,painting,0,vittore-carpaccio,test,bc3abab758217c300d31a69ffffec20b61561fc129027899aced547372e22b2a,d6c79619cb594994
data/private/sketchnet/paintings/vittore-carpaccio_the-stoning-of-st-stephen-1520.jpg,painting,0,vittore-carpaccio,test,313bcd1f0dcac75291639bb171d8db9a4929e02fae92d0b36b74dc8cb5552465,929487a7e1717c36
data/private/sketchnet/paintings/vittore-carpaccio_the-triumph-of-st-george-1507.jpg,painting,0,vittore-carpaccio,test,9cdabfc4350838844aa15998a4e1bc1355966dfb905287e1b0c4839b5bb18394,96e8863b6c1a393e
data/private/sketchnet/paintings/vladimir-borovikovsky_alexander-fedoseevich-bestuzhev.jpg,painting,0,vladimir-borovikovsky,train,0f1e35703ce42775aff784ce0099e943ca2ce2c975756950faf40e4f3da4d669,b99bf2666424674c
data/private/sketchnet/paintings/vladimir-borovikovsky_alexander-i.jpg,painting,0,vladimir-borovikovsky,train,8b42dc0f8060246ac4a2d8463262af71c5892b674b1e5cd0e954a469578ec585,d9f2168df2668c98
data/private/sketchnet/paintings/vladimir-borovikovsky_andrew-samborski-afanasyevich-1790.jpg,painting,0,vladimir-borovikovsky,train,ee824da668ccf5152a4e367590195eb1382af9b40a054650a0f8008b8898fc37,8e997073306c7376
data/private/sketchnet/paintings/vladimir-borovikovsky_anna-s-bezobrazova.jpg,painting,0,vladimir-borovikovsky,train,59cbaf4d06bc5ef6478f1f089542921cd062f818a126764f338aec22ed8490d6,d1d92c36e6cc3364
data/private/sketchnet/paintings/vladimir-borovikovsky_archangel-gavriil.jpg,painting,0,vladimir-borovikovsky,train,3e67b0cbf41d316476ce9930fdd9931f33fbc48a91247c6a995cbe851d29a53d,9b8c4c97d5c26b85
data/private/sketchnet/paintings/vladimir-borovikovsky_carenkov-masukov.jpg,painting,0,vladimir-borovikovsky,train,5000b4544a4c702d6de69c4f9d3bbf34932214270ed4eb0045c2d40bbfd4aa26,80ecf2632f85178f
data/private/sketchnet/paintings/vladimir-borovikovsky_catherine-gavrilovna-gagarina.jpg,painting,0,vladimir-borovikovsky,train,9b2be0cd951a155b1b0126943744b8b22626b47de2b40cba21979e17a0b23277,cd7067db4c15098f
data/private/sketchnet/paintings/vladimir-borovikovsky_children-with-a-lamb.jpg,painting,0,vladimir-borovikovsky,train,5a6b9c540adacdad937b2a535924b5f6a3fe5b42132d807058c09b4d8aa626da,847879c63e34d34e
data/private/sketchnet/paintings/vladimir-borovikovsky_christina-the-peasant-woman-from-torzhok.jpg,painting,0,vladimir-borovikovsky,train,ddce4c5ff472a4eb4a2a92fb08883f257d06b6358b5b61e5984095616de5b8bc,ea1cb4f3e5709065
data/private/sketchnet/paintings/vladimir-borovikovsky_cleopatra-ilinichna-lobanova-rostovskaya.jpg,painting,0,vladimir-borovikovsky,train,b2ca2d654c6ec95f90c9ae6ce022a2d143b93a5b06614e249751e2f70ca98dae,c02e7a85d75a29d9
data/private/sketchnet/paintings/vladimir-borovikovsky_countess-ekaterina-riboper.jpg,painting,0,vladimir-borovikovsky,train,f343b13f91b095792e83df55aeef2b1af15c1438741a3a3f341f8097da67cd94,eb3cb4c3857091cb
data/private/sketchnet/paintings/vladimir-borovikovsky_countess-vera-zavadovskaya.jpg,painting,0,vladimir-borovikovsky,train,8f66a3e97a76519914dfcbd3799bb890c7589f766da608da101af8138069023a,9ce473138c3e9966
data/private/sketchnet/paintings/vladimir-borovikovsky_ekaterina-davydova-1796.jpg,painting,0,vladimir-borovikovsky,train,875e557ed967d08a56682915c9be4fbd7320e4e557a8b2a1dd20348d8e5a0c59,c93c26c69b3ccc8b
data/private/sketchnet/paintings/vladimir-borovikovsky_elisabeth-alexeievna-tsarina-of-russia-1814.jpg,painting,0,vladimir-borovikovsky,train,c595dd902d638e0e9a07ba1b7b53ad874cc6494b99c832e7e635b0d81df1d242,ae6ce1b39131c6c6
data/private/sketchnet/paintings/vladimir-borovikovsky_grand-duchess-elena-pavlovna-of-russia-1799.jpg,painting,0,vladimir-borovikovsky,train,ccfeb8a54717ce58e23a5e4eafb3e47278f48cb53b4829117ea95e4b8a16e958,8d3956627335c999
data/private/sketchnet/paintings/vladimir-borovikovsky_intercession-of-the-blessed-virgin-mary.jpg,painting,0,vladimir-borovikovsky,train,2591ed1d99a4e1f4e818f21d9aeeb131582393e1d16dd0865ba54054bfef0def,93c3f2f16aac285a
data/private/sketchnet/paintings/vladimir-borovikovsky_ivan-dunin-1801.jpg,painting,0,vladimir-borovikovsky,train,8c8316626e2c60be4992fafb7eec8c4b66329049ac747fd53caa0456197f9e07,dc2d4b36664336cc
data/private/sketchnet/paintings/vladimir-borovikovsky_ivan-mikhailovich-yakovlev-1.jpg,painting,0,vladimir-borovikovsky,train,df2983cdf7a9024fdbb2fb260bba8f1ce896c0b744907e94f279174506a0a56e,b4c94f2732b66e24
data/private/sketchnet/paintings/vladimir-borovikovsky_ivan-mikhailovich-yakovlev.jpg,painting,0,vladimir-borovikovsky,train,e2719efe159649d9e540ca39e47dedc545897df482bc439639eec43962798ee5,9cd9632336ceccd0
data/private/sketchnet/paintings/vladimir-tatlin_portrait-of-the-artist.jpg,painting,0,vladimir-tatlin,train,8ce20fb1535a4b4fb337238370674a2ef816c6616c1f392bb66052e45cf1508b,faab0f9fc0831748
data/private/sketchnet/paintings/vladimir-tatlin_relief.jpg,painting,0,vladimir-tatlin,train,e764efc0cc28b3ce0d10068eb6c360f3b0481f7e9940b18e69f06b715b1a5538,bff726068ac89b21
data/private/sketchnet/paintings/walasse-ting_four-nudes.jpg,painting,0,walasse-ting,train,d875373130d8528cfc30d09ca184e02cb3626a7da09bd7a3e8e2cc618d39e183,8539325a46a6377b
data/private/sketchnet/paintings/walasse-ting_gauguin-ting-1976.jpg,painting,0,walasse-ting,train,605b51895b67d6ac66bb3bd906101638542f96aa6946e1c79fed89ddf5b38e6c,91d216be26056fad
data/private/sketchnet/paintings/walasse-ting_goya-s-lover-1977.jpg,painting,0,walasse-ting,train,3866bc00dd546fd8bd12ead79e9900d5faf34d01aa739bf956256420a2d03946,ca2f478d1aa75e90
data/private/sketchnet/paintings/walasse-ting_i-love-chrysanthemums-2000.jpg,painting,0,walasse-ting,train,1eb9194af49034ea500ae736aa30af60e9a85fb22d04c5f6bc3b00aa58fd1401,b056dd3486b6634d
data/private/sketchnet/paintings/walasse-ting_it-is-very-hot-here-1986.jpg,painting,0,walasse-ting,train,591b78e89345a899633f561831040579d6d7de133eca5109c0afa06fdeac09bf,d19d0b3c66616e4b
data/private/sketchnet/paintings/walasse-ting_many-parrots.jpg,painting,0,walasse-ting,train,e9bded9b71022a9880ccff416c5980dd89eaa1693c4aff1f50b931627bc816c3,cbedc083bc90f2b4
data/private/sketchnet/paintings/walasse-ting_nude-blue-table-and-flowers.jpg,painting,0,walasse-ting,train,1cd92969727d9cc6b56f73d8e67d5431a0ef17108a770d2252f24c5b86c09e29,d3366bca52062f69
data/private/sketchnet/paintings/walasse-ting_poppies.jpg,painting,0,walasse-ting,train,4c74c828ad9df7e11e250346b6cf05f99db038cd6cf570186f2d5254625bf0ff,972ce4c690f2cbcc
data/private/sketchnet/paintings/walasse-ting_red-parrot-green-parrot.jpg,painting,0,walasse-ting,train,7b303e01f94b5efd5287dda1225cb11c338ec8537b341593f15a466ff49f5ddd,96b2c24bb58769a5
data/private/sketchnet/paintings/walasse-ting_three-ladies-and-parrots.jpg,painting,0,walasse-ting,train,4ec5f9ed29d683a02b179bb75eb277407b5bd67b20a98e94654ece9c771a0772,95ac687865e2e25e
data/private/sketchnet/paintings/walasse-ting_three-parrots-1981.jpg,painting,0,walasse-ting,train,cc678e3a8f77c3801f4e7e1fc2b0eea7c4980d1f1da6489388d8fe7f2040a72d,8a0e7a83b532dbe1
data/private/sketchnet/paintings/walasse-ting_venus-1980.jpg,painting,0,walasse-ting,train,db13c749a2f98c6e0799aad047c19412c9ee20c5e69d43250b23584e1b4169fe,9e607217b78dc8d8
data/private/sketchnet/paintings/walasse-ting_women-in-robe-1988.jpg,painting,0,walasse-ting,train,f9271c433c6af3e06507887571455fcf09805649e4e02b6357f170bbe8b166b2,b34a8983cf1f8c1e
data/private/sketchnet/paintings/walasse-ting_women-with-flowers-1988.jpg,painting,0,walasse-ting,train,63af2cd2dac0034f8dde887b44c4e467032ad797f86df1e245952096f95823b1,ed2dba92c14ab2ca
data/private/sketchnet/paintings/walter-battiss_birds-and-buck.jpg,painting,0,walter-battiss,train,0405105fefe12ddd769ae273b4f90597b9467939739dd7bc5b9e75055f3fe37d,ce69a71b9726e141
data/private/sketchnet/paintings/walter-battiss_green-beach.jpg,painting,0,walter-battiss,train,416600b17737b402f02576ffccf6e048f50e03aa559567b977e5bd3e429c708f,a2db29c64bb8e08f
data/private/sketchnet/paintings/walter-battiss_multi-legged-man.jpg,painting,0,walter-battiss,train,d79b3244c0d881b4bf361f22c4e9b986b6286f240c35c9f3e64af2e0be953089,eddb929392a49724
data/private/sketchnet/paintings/walter-battiss_the-apple.jpg,painting,0,walter-battiss,train,544eaffbca14f42188093d7ee2d0db454c9f97e538c3c401213476587f8fab9d,f999c069e134867e
data/private/sketchnet/paintings/walter-darby-bannard_yellow-rose-1-1963.jpg,painting,0,walter-darby-bannard,test,f65dcf153b3f11e8c150ae6663d0e223c4c109cf979b46b5780184d10792687d,80807ff01ff837d2
data/private/sketchnet/paintings/wifredo-lam_le-repos-du-mod-le-1938.jpg,painting,0,wifredo-lam,val,44bc4c08dd0bb95ebabbd0a33e23e939b30f1ac5f029bb284b37184bae5dea30,972d8855c758ad9c
data/private/sketchnet/paintings/wifredo-lam_madame-lumumba-1938.jpg,painting,0,wifredo-lam,val,cb56d5a7ec70d6e5cb29de06f791cbe19d51210f7ac1fadf434416df30db2ce8,a6e90d9c36c53993
data/private/sketchnet/paintings/willi-baumeister_chess-1925.jpg,painting,0,willi-baumeister,train,ef754c0a20bb5b1d7465ea8a931bfa950fff0c60ce19a1c4a8b989e2eac2f2a0,ec9264b31b4cb4ec
data/private/sketchnet/paintings/willi-baumeister_chess-players-iii-1924.jpg,painting,0,willi-baumeister,train,f17be1a0a267500760e09a4bd311e2c8c2a33a111731ba5a4bff6ff5cab52e1b,b3f1a5ca94b54a62
data/private/sketchnet/paintings/willi-baumeister_seated-figure-abstracted-1926.jpg,painting,0,willi-baumeister,train,96504c65bd6f2ca5c5338ae193291ecd76d18b8f529798c3cc80b6e4df03bf59,ac32c39b92c63c6d
data/private/sketchnet/paintings/willi-baumeister_swimmers-on-the-ladder-1929.jpg,painting,0,willi-baumeister,train,92162d0128738023e1ec319be3f1a6d72809fa1b1ddf69df521b72d9bd614dc9,a77a9286e4771199
data/private/sketchnet/paintings/william-h.-johnson_harlem-street-1941(1).jpg,painting,0,william-h.-johnson,train,25ca38fd3427d73617bf28915c05356a77b62d3306765e55a515ba1941388dd2,878f9fc4ac4cc871
data/private/sketchnet/paintings/william-h.-johnson_jitterbugs-iv-1941(1).jpg,painting,0,william-h.-johnson,train,ffd6c35cd8a9eb173c6e5ceaa9c2bb419c0e5b15de69ebf890e2f4b36dc8e4f1,eaf59516cac99b20
data/private/sketchnet/paintings/william-h.-johnson_little-sweet-1944(1).jpg,painting,0,william-h.-johnson,train,e00c9ab91122e96cd7fa9297894e2615e0814aafeea701139879df9145672ae1,bcb850e5c7c7c720
data/private/sketchnet/paintings/william-h.-johnson_still-life-chair-and-flowers-1945.jpg,painting,0,william-h.-johnson,train,f70ebf5c534ae43f2f4a73b66d8a41fd748074b15942573f95174c7c9a79a471,d66d853238c77985
data/private/sketchnet/paintings/william-h.-johnson_still-life-fruit-bottles-1939.jpg,painting,0,william-h.-johnson,train,f81adf18e310d2fe3827c2765339ea24da0099d8467ef47f171d2aa97b193ab9,aeb680e61d91f18e
data/private/sketchnet/paintings/william-hogarth_scene-in-a-tavern-1735.jpg,painting,0,william-hogarth,train,1c410ae1f7b7a7cf8a30e1150d584ed85939ea9a63a056523158356b9ca12f6e,c41f6be096ce3c31
data/private/sketchnet/paintings/william-james-glackens_christmas-shoppers-1912.jpg,painting,0,william-james-glackens,train,cc9a1be90ae48ce8a34e92318a7c02d2750fd63bb2afbee1548192035cf9971f,a1e3fa0d9e1d3093
data/private/sketchnet/paintings/william-james-glackens_merry-christmas-1910.jpg,painting,0,william-james-glackens,train,366577bf9751f0ecf906f6ec77412529d35f3d195048a26baec0fc467a8cea9f,dbd0b545868e8f26
data/private/sketchnet/paintings/william-james-glackens_tugboat-and-lighter-1905.jpg,painting,0,william-james-glackens,train,5ac0c1b3b5544a69b381d81b892253967cf9decd794a35a5a09be0c20ed96a34,84d927c6506fc13f
data/private/sketchnet/paintings/william-scott_berlin-blues-4-1965.jpg,painting,0,william-scott,train,54d900b5f136a2bed9c5c09fd311a91fd84e13949c893542926d8c0ad21b4349,cf710bb006cfe1a5
data/private/sketchnet/paintings/wu-guanzhong_unknown-title-2.jpg,painting,0,wu-guanzhong,test,cb36d0989667cd09eb9431d49553239110a1495841c4d1c9e497c10f009590ee,aef88e91c0e790e5
data/private/sketchnet/paintings/yayoi-kusama_flowers-1983.jpg,painting,0,yayoi-kusama,test,fc2896ee22b38d899bdf91fc947ecfbed8b2c92d4ebd9ba9b6a7b7b7a2ff6119,d143e64bca7c0f34
data/private/sketchnet/paintings/yiannis-moralis_girl-untying-her-sandal-1973.jpg,painting,0,yiannis-moralis,test,650babc1def51a29ff7fe62609eb03bc8712c9a920a22c8ad41940f320546e6a,81076a7c6534af5b
data/private/sketchnet/paintings/yiannis-moralis_reclining-nude-1.jpg,painting,0,yiannis-moralis,test,e4cfb44a7518b2acce6b7e135a696bd7755a980ffc464a328dcb154be09d0152,e0773f80b887271b
data/private/sketchnet/paintings/yiannis-moralis_woman.jpg,painting,0,yiannis-moralis,test,c7eebfaa260c38d0c3e33114dabed67e19ee00de8de01e16c237d978cf6a6c70,dcc57f5f242a2a12
data/private/sketchnet/paintings/yiannis-tsaroychis_dominic-as-summer-1975.jpg,painting,0,yiannis-tsaroychis,test,cf88eb126e97ab784595c849a8572a055682a33e789e91c6ca36202feabacb27,fe0e807f815b817c
data/private/sketchnet/paintings/yov-kondzelevych_christ-s-baptism-1696.jpg,painting,0,yov-kondzelevych,val,49f295a629fd91631355849d625f2e28954c0d61bb7d836982c1bd4d34b56dc7,9acdc1d25b3125ec
data/private/sketchnet/paintings/yov-kondzelevych_icon-spas-nerukotvornyi-savior-not-made-by-hands-from-the-maniava-hermitage-iconostasis-1705.jpg,painting,0,yov-kondzelevych,val,dde583d20982d11a2f368eb9cf882cc18d0ae95dbd169d0367ea94d446701205,ae86b99da598e560
data/private/sketchnet/paintings/yves-gaucher_ocres-jaune-et-vert.jpg,painting,0,yves-gaucher,train,ff7db80892028b07c8782bb19fbb4887aa972977ab346d286358ec871906d6cf,d1ae91c0e4c9d47b
data/private/sketchnet/paintings/yves-gaucher_signal-1991.jpg,painting,0,yves-gaucher,train,464f28587070f4ef7081e00ee9118cc82e410f2226578147704061dbe971592f,ef80806f95c06b3f
data/private/sketchnet/paintings/yves-gaucher_square-dance-blues-for-green-1964.jpg,painting,0,yves-gaucher,train,b299ad6ed15807f22b70df9759fb9aac33816c650033d81d5c2acbee572abb3b,d3f4534353c343c3
data/private/sketchnet/paintings/yves-gaucher_study-for-six-squares-1966.jpg,painting,0,yves-gaucher,train,2bf3afb4f1dc6e1502a6d292ed29e83660fe24f30b4643424ca5f2c5bb92f94c,f0a5a0d382d3f4da
data/private/sketchnet/paintings/yves-gaucher_t-d-s-1988.jpg,painting,0,yves-gaucher,train,21c57b2d706fe6e1551e5affc94d58361f0136d9dc50526f884806298995b94c,8cd9591419963f97
data/private/sketchnet/paintings/yves-gaucher_untitled-1981.jpg,painting,0,yves-gaucher,train,4f06f6f8e7ac69ab65d92d7400edf60fdc10ca986913de6ff1319f05c3d6b9b0,bf756a55409521c7
data/private/sketchnet/paintings/yves-gaucher_untitled-2000.jpg,painting,0,yves-gaucher,train,5104e67bb0c204f05131b4948a6d648b5a1176d4879b1816e65e32e79bcddc69,c0dd04fa85fa3ac5
data/private/sketchnet/paintings/yves-gaucher_untitled-9-1-a-17-1990.jpg,painting,0,yves-gaucher,train,acad33a68b5b0d8eb31ed17b640c2a6e09d528ed47c0e4d410f2614e6dd0040f,e66e999966262666
data/private/sketchnet/paintings/yves-gaucher_untitled-yellow-1966.jpg,painting,0,yves-gaucher,train,b0ccb2141cd6ef2055bf69dc02d9b3b2da0567b1f4c158a01690a0bfc4c0b5a9,85a16da96dbb6017
data/private/sketchnet/paintings/yves-klein_untitled-blue-monochrome-1956-1.jpg,painting,0,yves-klein,test,16727195184a930329dc17482ae98618834628b110f9e6cb4568fab881e37072,fbbaaa0aaa0aff00
data/private/sketchnet/paintings/yves-klein_untitled-blue-monochrome-1956.jpg,painting,0,yves-klein,test,61db135db5a9eecb93dad160a9a615895627d947dd267a5a618f317774d8d656,b39b998e8ccc8ccc
data/private/sketchnet/paintings/yves-klein_untitled-blue-monochrome-1957-1.jpg,painting,0,yves-klein,test,83501877394533c5c1160312edb1d91f557fe043af7e9e4d33ee2ad7373dcaa5,ae0fcc0adf03f702
data/private/sketchnet/paintings/yves-klein_untitled-blue-monochrome-1957-2.jpg,painting,0,yves-klein,test,ebb455f2aa0e0a5c42e7109d80a3780210763ec43545a4a08f585525cad2c841,aaeaeaa2eaa2ea82
data/private/sketchnet/paintings/yves-klein_untitled-green-monochrome-1955.jpg,painting,0,yves-klein,test,2d59b047914824b03d0af6b44a4219fd8b2fb73ec664af95e380bb229b94245a,8aa481be919f87bc
data/private/sketchnet/paintings/yves-klein_untitled-green-monochrome-1956.jpg,painting,0,yves-klein,test,34a67784e6fa2903d5c208e1c8e8b4e401c9d39c1375247bf9f47cab9adc1002,e666999899cc99cc
data/private/sketchnet/paintings/yves-klein_untitled-orange-monochrome-1956.jpg,painting,0,yves-klein,test,1216fcf4c6a9a308c3c3492c8b3e30a29874e8ed0218b9e622a88547356e46d0,efb57f9168006a0d
data/private/sketchnet/paintings/yves-klein_untitled-pink-monochrome-1955.jpg,painting,0,yves-klein,test,ff7a1ed6d784a6ad9faa3ea5cbf77aeec59c30b80ec83f21f867f0edd81fa330,c2de5a5a12d87bc2
data/private/sketchnet/paintings/yves-klein_untitled-white-monochrome-1957.jpg,painting,0,yves-klein,test,29d8b80f0ee22730cd0552f4835f0bb54d68948364789bea2209de9df9e970ac,8a0b3f65147cb297
data/private/sketchnet/paintings/yves-klein_untitled-yellow-monochrome-1956.jpg,painting,0,yves-klein,test,ea165401cb8b81035ebf1d3e87139392b299ec41b350b19e06da34f97e371f56,d2c6bbc58becaa80
data/private/sketchnet/paintings/yves-klein_untitled-yellow-pink-monochrome-1955.jpg,painting,0,yves-klein,test,2df3abd9110e60c93092052e593066c400dfeb9a06ef160dbbd28071cc00b2cd,ca553a9d0a3ede0c
data/private/sketchnet/sketches/aladar-korosfoi-kriesch_memory-1905.jpg,sketch,1,aladar-korosfoi-kriesch,train,c982918ad514bf2cffdeedfee83ff844a56a2a8caa4b312e3d54bb9d913e7d99,c622b95fbc66c14a
data/private/sketchnet/sketches/albrecht-durer_bagpipes-players-1514.jpg,sketch,1,albrecht-durer,train,8e217663094d414bea49d18fe0db6a9c1fa495b8df7c9d314a90f59c57a5f256,edc9c3c40fa63871
data/private/sketchnet/sketches/albrecht-durer_bath-of-men.jpg,sketch,1,albrecht-durer,train,4dc5ffbae44f31ac0cc8b3be48b4fb5844ffcf11f224b861154c795c7440899f,bf6593523864364d
data/private/sketchnet/sketches/albrecht-durer_bauer-goose-with-a-fountain-figure.jpg,sketch,1,albrecht-durer,train,da98246c4067082af54519426d5e8dfd89848d0dacc91237afb483377401ade6,a6919e9c9361cd66
data/private/sketchnet/sketches/albrecht-durer_bearded-man.jpg,sketch,1,albrecht-durer,train,a71d46dc2115e13e3a1b15b21ad914cc684cd8858d4dad3f3e98070431d7f142,eea596d398929156
data/private/sketchnet/sketches/albrecht-durer_bearing-of-the-cross-1512.jpg,sketch,1,albrecht-durer,train,66ab6a75c439f56a6b9c091cc4365c1b8087b78b62648613b669741c5fc3f2cc,f28a4bb22d4bacb1
data/private/sketchnet/sketches/albrecht-durer_betrayal-of-christ-1508.jpg,sketch,1,albrecht-durer,train,cd352d39457317538ea54bc4c0c8f6927d6b744d5a3714b639af272f3f348338,d987837e0885b967
data/private/sketchnet/sketches/albrecht-durer_birth-of-christ.jpg,sketch,1,albrecht-durer,train,bcb803b7b2769d57ca2b33548d8baf4060c927a18a13e2f8690f1e8fab047cc0,b7a38697ce08d1f0
data/private/sketchnet/sketches/albrecht-durer_birth-of-mary.jpg,sketch,1,albrecht-durer,train,e24718a7c42c2f670a38cda54d60178b50ea1ec67e79b964495c1eb355358b4e,b1c7cc732798c073
data/private/sketchnet/sketches/albrecht-durer_blessing-savior.jpg,sketch,1,albrecht-durer,train,d6d77dadc837f04399ff79dcc3ed355836c8efd8c3e627929c1868fd96854a7b,f496c3ce9c199949
data/private/sketchnet/sketches/albrecht-durer_butter-cups-red-clover-and-plantain-1526.jpg,sketch,1,albrecht-durer,train,0483d9a83fa9dbaa631cda60fc5180369ca474f8e8e21bf495f0c67d1d7b3397,ea9668939f649362
data/private/sketchnet/sketches/albrecht-durer_calvary.jpg,sketch,1,albrecht-durer,train,773bac1b009663f4d73a1f2ba299a7b65d28851546a5f665977ea042afc5ba00,ffb2808de758b02a
data/private/sketchnet/sketches/albrecht-durer_cardinal-albrecht-of-brandenburg-1523.jpg,sketch,1,albrecht-durer,train,6dfa6b5ed1648fba5cb8ee2a77fecb3d0597a4511bd5426685c25f94cd431ab1,8978f6c6e41279a5
data/private/sketchnet/sketches/albrecht-durer_cardinal-albrecht-of-brandenburg-the-small-cardina-1519.jpg,sketch,1,albrecht-durer,train,93fdfebf6ee4e670309603ff3a6d59091fe41bbf1905b8aaf5119fc60c59d7e9,b57bce0c7a81e131
data/private/sketchnet/sketches/albrecht-durer_cardinal-albrecht-von-brandenburg.jpg,sketch,1,albrecht-durer,train,f64b29725ff8b91f29adb56f1fa4ddb5a27700144a3950440840e2771dd168e3,e5259a9b6b641678
data/private/sketchnet/sketches/albrecht-durer_caricature-of-lazarus-spengler.jpg,sketch,1,albrecht-durer,train,80b1a0b84a49aea3485a4c2df74b818c05828a374102bf8d3a2488dbdce63674,8618f8b862ff1f22
data/private/sketchnet/sketches/albrecht-durer_chest.jpg,sketch,1,albrecht-durer,train,07d5296d53ed7af38ff97f1782aaff0588c81049fcc2d06703f5a72ae46fb0de,c024f7c887d83c7b
data/private/sketchnet/sketches/albrecht-durer_child-s-head.jpg,sketch,1,albrecht-durer,train,5447ffbe11bf32353778c8064ca8bb5c2ffa2e8bef4d9603fd0c8f73532a0512,9b9ee03986029fec
data/private/sketchnet/sketches/albrecht-durer_christ-1.jpg,sketch,1,albrecht-durer,train,513bf59bf1ec4a4a048014a55b952a54f6c611156ffe29cc72d8b18582bcd954,cbb89325b86ef428
data/private/sketchnet/sketches/albrecht-durer_christ-2.jpg,sketch,1,albrecht-durer,train,2a50bc713bbc672e45048defa4a5897184f72981fdfbb646c7d0c04eee09e9be,faa4a456dc99a2a5
data/private/sketchnet/sketches/albrecht-durer_christ-among-the-doctors-in-the-temple-1503.jpg,sketch,1,albrecht-durer,train,37fec8ea9e1921a366dc8706326e8066ed2b6d32432625daa11645192df3c832,ebeca5b0a5159632
data/private/sketchnet/sketches/albrecht-durer_christ-and-mary-magdalene.jpg,sketch,1,albrecht-durer,train,5d1dabc419dca6b2734f9c8c694d34814e57d7b9ec11446e6f9dd8dc909f0268,c713a47ae860f4ec
data/private/sketchnet/sketches/albrecht-durer_christ-and-the-disciples-at-emmaus-1511.jpg,sketch,1,albrecht-durer,train,d14a47041c76f0ffe1fbaf6d87b9ac5c371bb9bfe69baeafb4cf573a1a1865db,ec2e2ffdb4708031
data/private/sketchnet/sketches/albrecht-durer_christ-appears-to-his-mother-1511.jpg,sketch,1,albrecht-durer,train,28b21529f9e86b6b6cba693f7e7d04f7c86f99b4f636713d95647322145e1a89,f278ee6041c44f6d
data/private/sketchnet/sketches/albrecht-durer_christ-appears-to-mary-magdalene-1511.jpg,sketch,1,albrecht-durer,train,7824f0c2b28a5df15f106b54332810be5a8153bbdaeeebe7c0af1f6416a288b8,a3bc5847ae774609
data/private/sketchnet/sketches/albrecht-durer_christ-bearing-the-cross-1498.jpg,sketch,1,albrecht-durer,train,48994799f5fd8be5419cf0d39c7ae121bda5302e715edb30f0c223e820a346b9,a89e96999962db2c
data/private/sketchnet/sketches/albrecht-durer_christ-bearing-the-cross-1509.jpg,sketch,1,albrecht-durer,train,a19c1a3ded8f628005df6788c9efe75ae278d753d7206415712993b958a4e21f,b13db8c2b4909a77
data/private/sketchnet/sketches/albrecht-durer_christ-before-annas-1511.jpg,sketch,1,albrecht-durer,train,b85e6b077dadbbe9cc09c99a92625ca35f53cfd64849a8bbc2f2cd4841dc45d8,e64e0f4fe060a1ee
data/private/sketchnet/sketches/albrecht-durer_christ-before-caiaphas-1504.jpg,sketch,1,albrecht-durer,train,4c328680ecb6dd4122a464eac57d05b4dd3fea7be3d445203a9659b5939cd510,a708383dddc2e751
data/private/sketchnet/sketches/albrecht-durer_christ-before-caiaphas-1512.jpg,sketch,1,albrecht-durer,train,b9c5152834dc4444340fcbfa68d8b59105d91e3cc38224786ee7fd2d5e1f41d2,b3254a36ae19f43c
data/private/sketchnet/sketches/albrecht-durer_christ-before-caiaphas.jpg,sketch,1,albrecht-durer,train,4434fae0cae3ac542df188aeb40082e2b16181eb7325371888583692f930c947,8348d9133fa3dc3c
data/private/sketchnet/sketches/albrecht-durer_christ-before-herod-1509.jpg,sketch,1,albrecht-durer,train,9981a5a1ab9c1884921e655fbb8eabf65d56619b8db8505331abf4847af539a4,ef1e4813dcb1c398
data/private/sketchnet/sketches/albrecht-durer_christ-before-pilate-1.jpg,sketch,1,albrecht-durer,train,2a9559a67fafeb258eabcf7198e227d0fe69a5dd680a81d8f68a6ec046845176,d7a0ae536886f199
data/private/sketchnet/sketches/albrecht-durer_christ-before-pilate-1512.jpg,sketch,1,albrecht-durer,train,8f867c96cfc90310f94663db64a12315a8fff8431681253710c008146fec7200,c55852073e34be79
data/private/sketchnet/sketches/albrecht-durer_christ-before-pilate.jpg,sketch,1,albrecht-durer,train,68fb045c36c7af122e16782695731fbdd55ec61b4a4e9c3e56e1a69b28882184,90887e7375be901e
data/private/sketchnet/sketches/albrecht-durer_christ-being-crowned-with-thorns-1510.jpg,sketch,1,albrecht-durer,train,57a4e549f2c8858e30bfe96346460fb4756f130ef3aa627366a5a2289b4061f6,c666b393fc8385a8
data/private/sketchnet/sketches/albrecht-durer_christ-being-nailed-to-the-cross-1511.jpg,sketch,1,albrecht-durer,train,25cef44ef4e5cebdc880015220bd23d02b6bd44e059bfb122ddb8cfc6be711e0,bb43d660d0f0c78d
data/private/sketchnet/sketches/albrecht-durer_christ-boy.jpg,sketch,1,albrecht-durer,train,3a135ad3c86f88602de3aa0a5cd263b12bfb1e47c832af60e0995ffefa42488c,ba938c4ce3b6b4c8
data/private/sketchnet/sketches/albrecht-durer_christ-crowned-with-thorns-1512.jpg,sketch,1,albrecht-durer,train,ae6ecc385747d9a96395376c0aa77a0ce8e5d400922190ca772c414219d5ea91,e66979907c2a9a33
data/private/sketchnet/sketches/albrecht-durer_christ-crowned-with-thorns.jpg,sketch,1,albrecht-durer,train,27dc66170249111ee1a119df83045d100080b703aa7e25adc3872d0dbab5a7bc,cf56b820ce99b16a
data/private/sketchnet/sketches/albrecht-durer_christ-driving-the-merchants-from-the-temple-1511.jpg,sketch,1,albrecht-durer,train,b3e4c63c0b94fdc05eccbfcdceb34c5629eed6a3e03e1873b518080c3ab813ee,e79252a7a998cc33
data/private/sketchnet/sketches/albrecht-durer_christ-in-limbo-1511.jpg,sketch,1,albrecht-durer,train,3a4ff8adddae45799d0533a96393a81c221a7a01d832efc9ef35e6f6dfaff285,bb34ab4b4449be32
data/private/sketchnet/sketches/albrecht-durer_christ-on-the-cross-1511.jpg,sketch,1,albrecht-durer,train,a219cc1b42964cbe692017a9adda248c38a0ffd853269b59f0c868a30ce3fda9,ef1514d293e8c6b1
data/private/sketchnet/sketches/albrecht-durer_christ-on-the-cross-with-the-virgin-and-st-john-1510.jpg,sketch,1,albrecht-durer,train,e34ebc47ab64805a993620864fc2c233363b29f33e0bfcd464f73a530d4f38e9,b4cbefb34a92081d
data/private/sketchnet/sketches/albrecht-durer_christ-on-the-cross-with-three-angels-1525.jpg,sketch,1,albrecht-durer,train,99f9d70f1a2507e52e02e3e157675bb67c264091404d89bd617531bcc80345f8,935b63b0aec3f08c
data/private/sketchnet/sketches/albrecht-durer_christ-on-the-cross.jpg,sketch,1,albrecht-durer,train,9a24ea9b8639b9965d2d5f3030acd93f55b27e98ba201325700c8a0117ee14a9,a626059359d9c5d7
data/private/sketchnet/sketches/albrecht-durer_christ-on-the-mount-of-olives-1.jpg,sketch,1,albrecht-durer,train,2c602e75e9fd77fcc00a0e575374d89112cc89961cff3ced6db4081e32e21c56,be81cae33d03f80e
data/private/sketchnet/sketches/albrecht-durer_christ-on-the-mount-of-olives-2.jpg,sketch,1,albrecht-durer,train,b2c6ef89ccedd72f048465263af1cc5e2f514e3360aba27fb4e2a65e333024e4,af6a949dd99d0780
data/private/sketchnet/sketches/albrecht-durer_christ-on-the-mount-of-olives-3.jpg,sketch,1,albrecht-durer,train,7790a5ae613c082b618a4d685baf592352f4a2c12b18ce306fe69e1ba5371311,d61df26549712a66
data/private/sketchnet/sketches/albrecht-durer_christ-on-the-mount-of-olives-4.jpg,sketch,1,albrecht-durer,train,5fe462c4d9fe289bdf3a2233a98ac9e01fc16641fbcf1bb9d2e90b095052a9c2,9be134531ccd4e9c
data/private/sketchnet/sketches/albrecht-durer_the-choir-of-the-groote-kerk-in-bergen-op-zoon.jpg,sketch,1,albrecht-durer,train,e6a8b5b210645b661e30b5e893644b006aa9cba38e4b72a909b043248fa5dfe8,a5a3f3e06fa8550c
data/private/sketchnet/sketches/albrecht-durer_the-circumcision-of-christ-1505.jpg,sketch,1,albrecht-durer,train,f85a307c63d149b2c75d043bf192415edc9fdbd9cf5f7d6995354f5d4fb8bd88,ea70d718e531cc27
data/private/sketchnet/sketches/albrecht-durer_the-citadel-of-arco-in-the-south-tyrol.jpg,sketch,1,albrecht-durer,train,b9245a2d27d8930709999599db6b777ac301ce3f94a56db210b315141cfa89b9,a2b6c0c96f8e37e0
data/private/sketchnet/sketches/albrecht-durer_the-coat-of-arms-with-the-skull-1507.jpg,sketch,1,albrecht-durer,train,5282d9865e0c31ca4c1925c015e3ebda1ee60ccd5b0e7d801900455132ab96b2,afec90ca6233d839
data/private/sketchnet/sketches/albrecht-durer_the-congress-and-double-betrothal-at-vienna-from-the-triumphal-arch-of-maximilian-i.jpg,sketch,1,albrecht-durer,train,fdb8530739b49b4d67dc038e7e74af7212fe77101ce73a1738411412a5f4ff11,9bb79538e84346ac
data/private/sketchnet/sketches/albrecht-durer_the-cross-of-christ-1.jpg,sketch,1,albrecht-durer,train,f091b0716628cc68b93be9ae5873f8c6acbcd48415432eaedb1f355715dd6537,a0e89c0fcc5e8bd6
data/private/sketchnet/sketches/albrecht-durer_the-cross-of-christ-2.jpg,sketch,1,albrecht-durer,train,009c87e91b3983189924af512ea55be7d580f1176b041ea2c51a0e100d2fb5e4,94f396528969dc9c
data/private/sketchnet/sketches/albrecht-durer_the-cross-of-christ-3.jpg,sketch,1,albrecht-durer,train,a5db800009013dd099182d152c068688378d35a0f6816b4bc624ed297e7712a6,ae29e966da42d139
data/private/sketchnet/sketches/albrecht-durer_the-cross-of-christ-4.jpg,sketch,1,albrecht-durer,train,2907fb609e6710e2c029448f56a77155600790bbc2bbd7ed5c1812a51f3cf868,970a8bac2c52f6f2
data/private/sketchnet/sketches/albrecht-durer_the-cross-of-christ-with-saint-veronica.jpg,sketch,1,albrecht-durer,train,970afdfbf31b90305e2c67c41a405ba78cee38f48f76792c44a9072a84d15179,d7b3d34c6c15294a
data/private/sketchnet/sketches/albrecht-durer_the-cross-of-christ.jpg,sketch,1,albrecht-durer,train,f99acd25c4e08105b8f1144e36bd2518410b8119f6882642d914ed795c67e890,bf98c00fc6713963
data/private/sketchnet/sketches/albrecht-durer_the-descent-of-the-holy-spirit-1511.jpg,sketch,1,albrecht-durer,train,b29cc1b35786940649c3efd5cf489fa47f52dbb891fab4943775aeb4e5063ac1,da0589db88f2cf68
data/private/sketchnet/sketches/albrecht-durer_the-desperate-man-1515.jpg,sketch,1,albrecht-durer,train,59e9f9d0ed4f87e6437cc7140e9b29b513ffdd198c62dfa2dc737981031b1a23,af9a93e4a413c39c
data/private/sketchnet/sketches/albrecht-durer_the-entombment-1511.jpg,sketch,1,albrecht-durer,train,b4b6669c4b0062409b8d06accdb7c37eb675e70af7449b7e33dbce0b6f5156ac,fc79e0a6a48cb171
data/private/sketchnet/sketches/albrecht-durer_the-entombment.jpg,sketch,1,albrecht-durer,train,52495863e9f9c70587990b5269838d589b52ada487b3df4e59bb865eb02a5522,c8d0beba962d3316
data/private/sketchnet/sketches/albrecht-durer_the-four-horsemen-of-the-apocalypse-death-famine-pestilence-and-war-1498.jpg,sketch,1,albrecht-durer,train,24eb57142307d10009758eb9bb07a495bf68a25a6da5a402018fed9c02516647,afa1816658789e1f
data/private/sketchnet/sketches/albrecht-durer_the-four-witches-1497.jpg,sketch,1,albrecht-durer,train,d814e200234df9bb2c438e7c8fb029c79dbcdd90f277a00ecf41a324ffaf48e0,d5107b27ce3cd06a
data/private/sketchnet/sketches/albrecht-durer_the-great-triumphal-car-1519.jpg,sketch,1,albrecht-durer,train,858c5f2e6c5c1d0f03a62e1626695c76d5be2bf6fe3278798762ea77f093e69d,ebe5c0546963a55c
data/private/sketchnet/sketches/albrecht-durer_the-harrowing-of-hell-or-christ-in-limbo-from-the-large-passion-1510.jpg,sketch,1,albrecht-durer,train,4cd0f06558b23adfa114ec2a8f7dcff60f5306f34af50340bc9d1321ec8af04e,d16eae31b295c531
data/private/sketchnet/sketches/albrecht-durer_the-hermits-st-anthony-and-st-paul-1504.jpg,sketch,1,albrecht-durer,train,edcfa95f98f726f11e473bae6ab33692a56db60005c38b0e533778bdc41dadbe,f0ec7d146e1b3740
data/private/sketchnet/sketches/albrecht-durer_the-holy-family-in-a-hall.jpg,sketch,1,albrecht-durer,train,bc7ef3aa147565a4eb7aea9f901e3cbe44fe5750f1e499381578146a6910d105,a8330108e6ef33ef
data/private/sketchnet/sketches/albrecht-durer_the-holy-family-in-a-room.jpg,sketch,1,albrecht-durer,train,59defbf9f8921906835d057b89190b4283a910e30374d84c464b1789d922c52e,d05e5d3162d95d62
data/private/sketchnet/sketches/albrecht-durer_the-holy-family-in-the-arbor.jpg,sketch,1,albrecht-durer,train,decaf416a23f879818a7be83976d850ddde5ca045a82f45894a26362991d4757,fe9b814ca3379861
data/private/sketchnet/sketches/albrecht-durer_the-holy-family-with-the-dragon-fly.jpg,sketch,1,albrecht-durer,train,24e0189d66c2fa07138544b56056adc2fffa7a516a1277cd1418fba859d461cb,bbc6e439ec138a1c
data/private/sketchnet/sketches/albrecht-durer_the-holy-family.jpg,sketch,1,albrecht-durer,train,e9c9c716fc7eed7ccf76c15eb61a9d99a5f61aac2196635159d388bc42239960,8ce4e7cfc6111c39
data/private/sketchnet/sketches/albrecht-durer_the-holy-georg.jpg,sketch,1,albrecht-durer,train,9bc49c867e6538f3f95f1afc79138d6f5d5650e78b4f2701b4e77d676d819f79,fae1e40f871ad066
data/private/sketchnet/sketches/albrecht-durer_the-holy-kinship-and-two-musical-angels.jpg,sketch,1,albrecht-durer,train,28acdca923ced3f3ef466e60123f95882717888200e1690d60b0841210359920,9afb8780a3ce9217
data/private/sketchnet/sketches/albrecht-durer_the-holy-trinity-1511.jpg,sketch,1,albrecht-durer,train,e2926e2cf658d63f8bd63c1aa740d1095447c1e9530f5252a6f915472ff9c461,8e17994e8de336c8
data/private/sketchnet/sketches/albrecht-durer_the-holy-trinity.jpg,sketch,1,albrecht-durer,train,696b730ce46306be412f7908db89d6e2e6190f9a985f0fbea83b4d163dc756e6,e6b3d9d6216c06b2
data/private/sketchnet/sketches/albrecht-durer_the-justice-of-trajan.jpg,sketch,1,albrecht-durer,train,4ed9e7a7da670758bb5919c1ff5a2f2385046d278c0d4a0c624f366a2b68fc37,93734e5c9c88d5b1
data/private/sketchnet/sketches/albrecht-durer_the-knight-and-the-landsknecht.jpg,sketch,1,albrecht-durer,train,54ce6dfe2e44b27bcc9afc8583c583dd0e2672dc573e7935eb0f5b4989af239f,9f94a40fe12e86b9
data/private/sketchnet/sketches/albrecht-durer_the-knight-death-and-the-devil-1513.jpg,sketch,1,albrecht-durer,train,67075182501d0bcbf83c6ce918d41dd62e68bcd683f1e65e1421fe55a0b08dd9,edbaba968441c696
data/private/sketchnet/sketches/albrecht-durer_the-last-judgment-1511.jpg,sketch,1,albrecht-durer,train,c5f6b38ebba2869607ec86fe8b29be3d92ae7e32ee9c7dce6a54f8e258364fcd,fc2e4b1e186a89b9
data/private/sketchnet/sketches/albrecht-durer_the-last-supper-1511.jpg,sketch,1,albrecht-durer,train,f70b96ef157bea988e05faefaf2ff2aa54e64b1e56ec223b0e29e25030a1af35,f82ea1d2c6ccd4d1
data/private/sketchnet/sketches/albrecht-durer_the-last-supper-1523.jpg,sketch,1,albrecht-durer,train,38268230301a70f714f2073beff3867b3980dc3f3780b18c38240aab4af9a9f2,c2f4de0b9d7820c7
data/private/sketchnet/sketches/albrecht-durer_the-last-supper.jpg,sketch,1,albrecht-durer,train,5b8a982f0b4574ff3a440a00d772b87a21dcdb6edea82d8d0c7dc7e8814550ce,ba2dc930f67e7480
data/private/sketchnet/sketches/alexander-calder_comb.jpg,sketch,1,alexander-calder,train,e42a2c91434935742fa723dcc950d14f88ec77e655142289ce8935ec8c23bc34,e3139cdce4a51b0b
data/private/sketchnet/sketches/alexander-calder_cow-1926.jpg,sketch,1,alexander-calder,train,ec21ae93aa9c6060aea23652c3541aa293c0befb5c567f8b7017c5b04ecb0d76,bcd283a552787a87
data/private/sketchnet/sketches/alexander-calder_helen-wills-1927.jpg,sketch,1,alexander-calder,train,299c6bb841befb44a014f776bc8cefb154b28fba3d4b5702980de40f0797413e,e79864669a639a65
data/private/sketchnet/sketches/alexander-calder_portrait-of-a-man-1929.jpg,sketch,1,alexander-calder,train,0b555c48991566040d2ea8cf1765fa48d9e37e85b2247bcd28250d3760e42f89,ab13b56e1a79a582
data/private/sketchnet/sketches/alexander-calder_romulus-and-remus-1928.jpg,sketch,1,alexander-calder,train,20b2334e307df7547555402cd1172c427b40389c2b67e5d4c0fd77c420a98144,c175c736d1875698
data/private/sketchnet/sketches/alexander-calder_spring-1928.jpg,sketch,1,alexander-calder,train,c6756e900bf02930e7083086a6446504fe143e0d119075d33dab5af5f034ec99,e616e915b85b9c68
data/private/sketchnet/sketches/alexander-calder_the-circus-1932.jpg,sketch,1,alexander-calder,train,4a85c024f5d83263754a0dab3c360c71bb6c3e6dd86e1ba261763dafa8336615,82a535ca653f4937
data/private/sketchnet/sketches/alighiero-boetti_autodisporsi-1975.jpg,sketch,1,alighiero-boetti,train,1b81be9ca744a7091496a931e19aef860be96bc60198bfc9a8ac815576dac1d7,b801c33138ccfef6
data/private/sketchnet/sketches/alphonse-mucha_calendar-of-cherry-blossom-1898.jpg,sketch,1,alphonse-mucha,train,5be0a85a95f5cebcc52c53897a30b4eb218f2c2d1a2990408b5d0315874d0ec7,d01bcbe5654319f4
data/private/sketchnet/sketches/alphonse-mucha_carnation-1.jpg,sketch,1,alphonse-mucha,train,c00bf4e735000ad8456a3f077c457f4780459f371484456a044fe05a7ddf5832,af95901a9e8ec45b
data/private/sketchnet/sketches/alphonse-mucha_carnation.jpg,sketch,1,alphonse-mucha,train,866c3dc5122713a91724e49bf4cfa2d2dfc66ca3ceed32b4751188f621977319,a36cbc12c29a8fd9
data/private/sketchnet/sketches/alphonse-mucha_champagne-printer-publisher-1897.jpg,sketch,1,alphonse-mucha,train,37497281a4db625bf27bb840586a17eeacee53b86eeb37820a3e143828b6885d,8b3a6887ae93d934
data/private/sketchnet/sketches/alphonse-mucha_chandon-cremant-imperial-1899.jpg,sketch,1,alphonse-mucha,train,d010494e8f0004550c51a79b9795cfa3087d6907bff88253b84ec44a5ee48514,ff4b6815c4c4d09e
data/private/sketchnet/sketches/alphonse-mucha_cover-for-the-book-s-timeless-songs-of-paul-redonnel-1899.jpg,sketch,1,alphonse-mucha,train,45a8dfd329bfed78502bb1991ac3eb0bb40b3e7070f08127f3291b68000456d4,8d6c2679d393949c
data/private/sketchnet/sketches/alphonse-mucha_coverage-for-the-volume-s-grandmothers-songs-1897.jpg,sketch,1,alphonse-mucha,train,12d4a1f8bb76dbda4f82a8527830b1d42512227479bf0381999469bc0edb14cf,b85be417475a8d68
data/private/sketchnet/sketches/alphonse-mucha_general-german-poster-exhibition-for-trade-industry-and-agriculture.jpg,sketch,1,alphonse-mucha,train,9471893b6470c2193901ce79b4aadd35be8a9eb33399d4991ccd6ecebb1300f5,c343ad94f8d09b8b
data/private/sketchnet/sketches/alphonse-mucha_iris.jpg,sketch,1,alphonse-mucha,train,7847af6ce38701cbac6a31a0fe65d4fbd5604107bdaa52e7155a9f90a907813c,ff41640dcacdd0e2
data/private/sketchnet/sketches/alphonse-mucha_not_detected_227761.jpg,sketch,1,alphonse-mucha,train,f76cc78e7a7247e7bd640794484926644c249ce6ebef9d7340159c1333ab743e,f858ce6983398637
data/private/sketchnet/sketches/amadeo-de-souza-cardoso_dancer-1910.jpg,sketch,1,amadeo-de-souza-cardoso,val,54bfa3941679fe7c7368161cd716b53a29ade0ca80d59bfe5051a47c7790c502,b3cc93668793c632
data/private/sketchnet/sketches/amedeo-modigliani_anna-akhmatova-1911-1(1).jpg,sketch,1,amedeo-modigliani,train,09685c75d62c36b09cbbf909f77938ffaa04cad3de00b12915187d5b4afce3d4,ec6c646d6d687289
data/private/sketchnet/sketches/amedeo-modigliani_anna-akhmatova-1911.jpg,sketch,1,amedeo-modigliani,train,c94f7a6c24fa584d21a105b301dce11d22ab0c80db93d36d77316147bc3cd8c5,f62323268edccc99
data/private/sketchnet/sketches/amedeo-modigliani_caryatid-1.jpg,sketch,1,amedeo-modigliani,train,74912ee092182cac2fc19f92d1729d84d27dcdf160075f9a9b07a0c604e3e8c3,b33198b97366c698
data/private/sketchnet/sketches/anders-zorn_bust-1916.jpg,sketch,1,anders-zorn,train,a9013db9a875a55851510661abae72f2bf0ab767ff3b17fda0d587419dbc33b2,ea62b51786a99cc3
data/private/sketchnet/sketches/anders-zorn_cabin-1917.jpg,sketch,1,anders-zorn,train,5b076c703e351b0a6d869278acc7b2d084f7bc4fe215ca65516917fe32f85754,ee789167911bc5d0
data/private/sketchnet/sketches/anders-zorn_carl-snoilsky.jpg,sketch,1,anders-zorn,train,164ab583a70937a3c9d5b3c8bc3e42cbe94cb58ab97f51730479a22d452098d1,ed12926936cdc966
data/private/sketchnet/sketches/anders-zorn_guitar-player-1900.jpg,sketch,1,anders-zorn,train,0750a5c8eacc652abce71589326fdd74976ea78871faaea3692305ba324ddf8d,aee9d016d1791bc1
data/private/sketchnet/sketches/anna-ostroumova-lebedeva_neva-through-the-columns-of-the-exchange-1908.jpg,sketch,1,anna-ostroumova-lebedeva,train,012f171f91159fd3d4ae80793c72cc754d94c14cd8e3ce310da61e7978e40b11,bea59dc230d86395
data/private/sketchnet/sketches/anna-ostroumova-lebedeva_night-1923.jpg,sketch,1,anna-ostroumova-lebedeva,train,b4c596161e30126d41cb918ff1ca2ec3b74f29aff36553c7f666889779f05b34,fbd8d474a50ec189
data/private/sketchnet/sketches/anna-ostroumova-lebedeva_perspective-of-the-constantine-palace-1923.jpg,sketch,1,anna-ostroumova-lebedeva,train,db548a9f564c0cb213aff37a571e0d52cd35e9e3d8fa95710df94b891b74cabe,fef2f121a644a02f
data/private/sketchnet/sketches/anna-ostroumova-lebedeva_petersburg-kryukov-canal-1910.jpg,sketch,1,anna-ostroumova-lebedeva,train,643362396d0b8733fb780508c151aaac13db0a638de7be98904ef9c68c31f9e8,8ee1b1be2d0bcb44
data/private/sketchnet/sketches/anna-ostroumova-lebedeva_petersburg-new-holland-1901.jpg,sketch,1,anna-ostroumova-lebedeva,train,461cd320573236db49299cfe741bc2e78f0d9529423f166536f952e9115f2472,ec1fb1638cc413ec
data/private/sketchnet/sketches/anna-ostroumova-lebedeva_pine-tree-1902.jpg,sketch,1,anna-ostroumova-lebedeva,train,c3af67fa1be0b15463f3dd04908fb006fe849a84944cdf96a41d6472531e4598,b2e4c21be44dcd9a
data/private/sketchnet/sketches/anna-ostroumova-lebedeva_portrait-of-leo-tolstoy-1929.jpg,sketch,1,anna-ostroumova-lebedeva,train,7243f7ea56938745f71e378ac274d0fa7eee67ae46828cec9548474e52735686,97786e817a2c25b5
data/private/sketchnet/sketches/anna-ostroumova-lebedeva_rainbow-1923.jpg,sketch,1,anna-ostroumova-lebedeva,train,6864a01a5d82e6d1f199148df9704ef0940ff6f7ca069700df6f005f1bb8734d,ae63a54a9f1ad02d
data/private/sketchnet/sketches/anna-ostroumova-lebedeva_road-to-the-white-birch-1923.jpg,sketch,1,anna-ostroumova-lebedeva,train,0436836fc4fa566fa00d1daeaa9313c544e9301bdab798ce94cea4c81954a483,e696cb29903ba92e
data/private/sketchnet/sketches/anna-ostroumova-lebedeva_rostral-column-1912.jpg,sketch,1,anna-ostroumova-lebedeva,train,494f9c35344326e11ca397da31f8403125229c13a2805335e490e617e43977be,fba79c68a51c6198
data/private/sketchnet/sketches/anna-ostroumova-lebedeva_round-pond-1923.jpg,sketch,1,anna-ostroumova-lebedeva,train,a6fc6a08c8768bb3324d9ea06367463a460960720af9f35fcc4610e4b2b403e5,9f95af43e02ae468
data/private/sketchnet/sketches/anna-ostroumova-lebedeva_sea-stones-1902.jpg,sketch,1,anna-ostroumova-lebedeva,train,2d96a2be5b6626c471c26218afd96b1751cd0b01bbd650ffc62c207706b981d3,ca216bd69d8e9607
data/private/sketchnet/sketches/anna-ostroumova-lebedeva_spring-snow-1902.jpg,sketch,1,anna-ostroumova-lebedeva,train,401bc795054ae793f65b5b0310faffac3af75a596f6d885eaba2b44f19a54d09,ea3cd087dc4b274a
data/private/sketchnet/sketches/anna-ostroumova-lebedeva_st-isaac-s-cathedral-in-a-foggy-day-1922.jpg,sketch,1,anna-ostroumova-lebedeva,train,371118d2f3bab889a13071e21f6460700f746f1d930eba0ef9eb1d68aca2ab4f,fad1856ed0956ec0
data/private/sketchnet/sketches/anna-ostroumova-lebedeva_the-gate-and-the-road-to-etyup-1923.jpg,sketch,1,anna-ostroumova-lebedeva,train,e89c9b18c8ba52aa1c8f179fdf83d1a81822b7e253799df0512863c900d3be87,da998527a77223f0
data/private/sketchnet/sketches/anna-ostroumova-lebedeva_the-lion-and-the-fortress-woodcut-for-the-magazine-world.jpg,sketch,1,anna-ostroumova-lebedeva,train,5ea4ded3ac25a0f3aa49e8a0c982c74c3b44a9de4a544a84a72097f131e004d1,b68b4cb0433ed2cb
data/private/sketchnet/sketches/anna-ostroumova-lebedeva_the-monument-to-peter-i-1942.jpg,sketch,1,anna-ostroumova-lebedeva,train,61465532518050e745f8dffcece1f78f443319412ec4e5fda67fb0649b5f6345,b2e30dd8a653b986
data/private/sketchnet/sketches/anna-ostroumova-lebedeva_the-valley-of-the-river-slavyanka-1923.jpg,sketch,1,anna-ostroumova-lebedeva,train,7d649842ffa42e741f177bdee64935a0dc73b8ebec4332fd72ccd22f5b6d46c6,cb03c0f03f8db45b
data/private/sketchnet/sketches/anna-ostroumova-lebedeva_trees-near-the-apollo-colonnade-1923.jpg,sketch,1,anna-ostroumova-lebedeva,train,66fe7450892a231154193b72dafe9f7d22ba69a2808247a25b5ea56a4c98d1ef,bbc8c432c22fcc3e
data/private/sketchnet/sketches/anna-ostroumova-lebedeva_venice-1916.jpg,sketch,1,anna-ostroumova-lebedeva,train,efdc1deb440895fa8356db987c2784658f3f3a7053dc1bf518f85f02721c5d72,85c3900e61dfef31
data/private/sketchnet/sketches/anna-ostroumova-lebedeva_view-from-the-tuchkov-bridge-1922.jpg,sketch,1,anna-ostroumova-lebedeva,train,30d39d6231c714bc3811bd7d28887c1ccdc8c82b6c9476a8ccb64805eb75d09d,fec0c11e3cc13a3d
data/private/sketchnet/sketches/anna-ostroumova-lebedeva_view-of-the-palace-rain.jpg,sketch,1,anna-ostroumova-lebedeva,train,682a66a5ac6560301a97e811d9d701af191e0ea73f25843cd066e44607cc043e,bab09f8ca50fc178
data/private/sketchnet/sketches/anna-ostroumova-lebedeva_willows-near-novosilviysky-bridge-1923.jpg,sketch,1,anna-ostroumova-lebedeva,train,a45ade80718fe6f92b75765c7a31d2456bbbacb2101a425e95c7aaacd90f0477,ba32e499cbc5464e
data/private/sketchnet/sketches/anna-ostroumova-lebedeva_willows-near-the-palace-1923.jpg,sketch,1,anna-ostroumova-lebedeva,train,d5855e54579daf8872fd6dc0ab11a89473fbe0fe99ba4ed5ac4e031827a70adb,bb99845c90277be2
data/private/sketchnet/sketches/anna-ostroumova-lebedeva_winter-1902.jpg,sketch,1,anna-ostroumova-lebedeva,train,b1cd6e5909c9b56aa61e7222f96842c73bcac073391351f98015f71fc4ddbca3,caca95256a8e9bf0
data/private/sketchnet/sketches/arthur-segal_vom-strande-cover-1913.jpg,sketch,1,arthur-segal,train,ffdc461947549bf1b5c9ab8293c51990d9bcc1013e45f8982a2e55820b7ba0e3,b43ccbc392346d69
data/private/sketchnet/sketches/arthur-segal_vom-strande-page-1-1913.jpg,sketch,1,arthur-segal,train,8b7148b4e97c604091576d7d9d6ec683cae40a6770b99ef6f33dc7b8afdf8ed2,ad68d2d095973663
data/private/sketchnet/sketches/arthur-segal_vom-strande-page-11-1913.jpg,sketch,1,arthur-segal,train,e91697690f5a90b399a7bdb848a5c3b1c518defad01d6498c60226dac290f604,ee3ed1c094c1653e
data/private/sketchnet/sketches/arthur-segal_vom-strande-page-13-1913.jpg,sketch,1,arthur-segal,train,f3ebcb247d3333dcd5cb69f6c754d4c890e69f289b67b593963794c5c3e0c264,a82c969343cf3c3d
data/private/sketchnet/sketches/arthur-segal_vom-strande-page-3-1913.jpg,sketch,1,arthur-segal,train,f9f1886391b025a07d8b243a4017421184e713ac389d551a4bee01bafedb953a,e81a9666999d4e95
data/private/sketchnet/sketches/arthur-segal_vom-strande-page-5-1913.jpg,sketch,1,arthur-segal,train,968c1ea82bd943fed319bafa31835f35728d711c9fdb9e903a49d6987c0104c0,bb6ac4959196cc39
data/private/sketchnet/sketches/arthur-segal_vom-strande-page-7-1913.jpg,sketch,1,arthur-segal,train,ef0f0239a554bdd6d932e7a0943918842f1ab1bda3611fc0946ef6692b9c87f3,ec6a939494c3663b
data/private/sketchnet/sketches/arthur-segal_vom-strande-page-9-1913.jpg,sketch,1,arthur-segal,train,6b6abd500a2ace75e96f91634ebce3aed68f04af07d1b8176409c860c76277f1,aa2bc0c0c13f3f6e
data/private/sketchnet/sketches/arthur-segal_woodcut.jpg,sketch,1,arthur-segal,train,67217aa27aae2cbd9947087973cc325c7dc671b6e3857c2cb5cfed83803b440e,afcab035c02d95cb
data/private/sketchnet/sketches/arturo-souto_a-woman-1954.jpg,sketch,1,arturo-souto,val,d4654462ebf3487795e1f174cea7f7a3d207aea5072ca814ba6ed40bf20f7944,ed9286c192639bce
data/private/sketchnet/sketches/arturo-souto_album-cover-the-artists-are-on-the-war-in-spain-1937.jpg,sketch,1,arturo-souto,val,9d6f2a820da38f5f08dcd96d4f4ef994699e3908db01d1cd64a4b77c61cb9499,82a393b5f7d0cd03
data/private/sketchnet/sketches/arturo-souto_enthusiasm-of-fighting.jpg,sketch,1,arturo-souto,val,ec396aa69f272403d1c2ed6d0a27475f8e64e2cb0f674825674518cf282c4087,bac9379e498372b0
data/private/sketchnet/sketches/arturo-souto_galician-scene-1962.jpg,sketch,1,arturo-souto,val,36bfe78ca5135e5bd727c44e8f46623aff7a617b8bf18f457d134b93033fa5b1,eaa5a686ce2662cd
data/private/sketchnet/sketches/arturo-souto_leonel-alber-playing-the-violin.jpg,sketch,1,arturo-souto,val,b030f6a84cc978a0867161a384493f7db4db61ff9196deb59463f3dc1be1f638,be1690f88cc1c737
data/private/sketchnet/sketches/aubrey-beardsley_a-book-of-fifty-drawings-front-cover.jpg,sketch,1,aubrey-beardsley,test,64bb763c44ebe252846cd34fc8828c234209fe3849fcd1efb5010321f2171455,f35ccc11b38495b5
data/private/sketchnet/sketches/aubrey-beardsley_a-child-at-its-mother-s-bed.jpg,sketch,1,aubrey-beardsley,test,88be54662a8a13ed982581afb7492820035655f822eb39977c6e91876e3de7fb,954fe0e1631c1fe2
data/private/sketchnet/sketches/aubrey-beardsley_a-devil-in-woman-s-likeness-1.jpg,sketch,1,aubrey-beardsley,test,b1d1303a86fd54b91e8d1e288d375b332c17ec4aace1c3fbe1878f0ab6b1880c,daf026c41f1b3939
data/private/sketchnet/sketches/aubrey-beardsley_a-devil-in-woman-s-likeness.jpg,sketch,1,aubrey-beardsley,test,efb851a089bf0663346f0973631d0b281d9c4348636a6e82746b52e73da939c0,bbb7544a6c35524a
data/private/sketchnet/sketches/aubrey-beardsley_a-large-christmas-card-1895.jpg,sketch,1,aubrey-beardsley,test,4d00550f038e3d07f365fd845958a85dabad44cf0f468ad4cf7889795ffd601c,9bdae46693199172
data/private/sketchnet/sketches/aubrey-beardsley_a-repetition-of-tristan-und-isolde-1896.jpg,sketch,1,aubrey-beardsley,test,84c27e7345edd6dceabe41d706aabe270568702a8c65bebf4814a5d576d39798,c2652d1b1b7ee4c4
data/private/sketchnet/sketches/aubrey-beardsley_a-snare-of-vintage-1.jpg,sketch,1,aubrey-beardsley,test,042dc7188d31c08104c8e6026de8c050ca141d0c593d09da0550953707d3906e,d1636ca12acd15db
data/private/sketchnet/sketches/aubrey-beardsley_a-snare-of-vintage.jpg,sketch,1,aubrey-beardsley,test,932251c4a52738440134c15ea78259a1c19a42a8c62b33e9b94753754d88330e,95c23f49422763f6
data/private/sketchnet/sketches/aubrey-beardsley_a-suggested-reform-in-ballet-costume.jpg,sketch,1,aubrey-beardsley,test,4d3e6e7fd21b5d757457f5e423abfb2cc1abfd3e91d229651219f84ea2929868,b0e31f704ecc3ec4
data/private/sketchnet/sketches/aubrey-beardsley_adulterer-1897.jpg,sketch,1,aubrey-beardsley,test,641a4b5fa3987bfdd1992769d9226df195106effe77ecce61741075f2188b29e,c4646d999b9b9a92
data/private/sketchnet/sketches/aubrey-beardsley_albert-in-search-of-his-ideals-1897.jpg,sketch,1,aubrey-beardsley,test,c0e6ce28caf2a0977f5f9189d0385ed1f28501c20f31d910c2c9061e4a398256,9d9bafe554722121
data/private/sketchnet/sketches/aubrey-beardsley_ali-baba-in-the-woods-1897.jpg,sketch,1,aubrey-beardsley,test,d86f38780182b9e984133cb109620eacbc73fdb033b13150d029fe844393b651,ef33384291cdc536
data/private/sketchnet/sketches/aubrey-beardsley_apollo-pursuing-daphne-1896.jpg,sketch,1,aubrey-beardsley,test,308cefe43376cbb1ceb535ac0ceb98afee3020b51b336496ddcfc145550fce3b,a43276869e9cc9dc
data/private/sketchnet/sketches/aubrey-beardsley_arthur-and-the-strange-mantle.jpg,sketch,1,aubrey-beardsley,test,a0ff4d884f7c611790078181b9c34fd351ff513393bfc06e5f561f2165fdd487,cb1f3cc097393037
data/private/sketchnet/sketches/aubrey-beardsley_at-the-first-coner.jpg,sketch,1,aubrey-beardsley,test,b11222016bcf495de37c6697a6649f0057bb5385a8b23ec95b9422f73095440f,d0a73a622fd06b27
data/private/sketchnet/sketches/aubrey-beardsley_at-the-relton-arms.jpg,sketch,1,aubrey-beardsley,test,1968f6379195f68b8655bee1211ef35a174db265a8be9d56a58809adc528dff2,c5b5720d324f5d23
data/private/sketchnet/sketches/aubrey-beardsley_atalanta-in-calydon-with-the-hound.jpg,sketch,1,aubrey-beardsley,test,174a6107e64b19e035f02264a198aac90398e55c4f85fcd2bc165813edf87852,c0cd5a3ba5e435d2
data/private/sketchnet/sketches/aubrey-beardsley_atalanta-in-calydon.jpg,sketch,1,aubrey-beardsley,test,b3a0ea09f25f75cf861712c72f604c3c7414d4afa6444cfc98d910c108ec39d7,efb035f0f063cc48
data/private/sketchnet/sketches/aubrey-beardsley_ballet-of-marionettes-i.jpg,sketch,1,aubrey-beardsley,test,0222a246f8cc5e5b4f70b9903746db5432e055419f47d9837ad158d49f72d277,ed99d2629c630b65
data/private/sketchnet/sketches/aubrey-beardsley_ballet-of-marionettes-ii.jpg,sketch,1,aubrey-beardsley,test,180d1e0fc5558682877893ce402813e0474c56115ef4dde2026e9d7b12ecbdde,f097c9a42cca8779
data/private/sketchnet/sketches/aubrey-beardsley_ballet-of-marionettes-iii.jpg,sketch,1,aubrey-beardsley,test,72afcbaeca46f728daa5f27f82e1f747a058f4997c34a6e803543659041e351e,9ce141af1fe0391e
data/private/sketchnet/sketches/aubrey-beardsley_bathyllus-in-the-swan-dance.jpg,sketch,1,aubrey-beardsley,test,642b9a3b631233300941c9fd1f8a0cc1ea46f66f856f9c0864ed77b2ddde18d9,b03363c74e7c5899
data/private/sketchnet/sketches/aubrey-beardsley_bathyllus-taking-the-pose.jpg,sketch,1,aubrey-beardsley,test,2a2ef918aad8d545fb4c06b17b50feb95705cfd2149f39cf851d4d8ab76f1f09,c84a4ae535b535a7
data/private/sketchnet/sketches/aubrey-beardsley_birth-from-the-calf-of-the-leg.jpg,sketch,1,aubrey-beardsley,test,de986a1976ff4f7c0aa1f72ae10cbd327346a0cb0755f6bb07d9ba318ba0435b,cee36c2c43529da5
data/private/sketchnet/sketches/aubrey-beardsley_black-coffee-1895.jpg,sketch,1,aubrey-beardsley,test,c3a7ef95b1f4795a880a1cbbfd5aa550e96caa02e946f0faaa912fcffd516cac,bbe9c0c736c300cf
data/private/sketchnet/sketches/aubrey-beardsley_by-edgar-allan-poe.jpg,sketch,1,aubrey-beardsley,test,246653d68e139b2f8ddb5e6a4550616ed91ce659f739bf141369cf95ef0dc5f5,ba3eb1a1e1721791
data/private/sketchnet/sketches/aubrey-beardsley_caricature-of-a-figure-in-a-sunflower-dress.jpg,sketch,1,aubrey-beardsley,test,f9ae76020c4f8ecbc37b7eee57220a73408f5a19c6d91b901301cce4663c5234,a5ea299fd8d1c6c0
data/private/sketchnet/sketches/aubrey-beardsley_caricature-of-felix-mendelssohn.jpg,sketch,1,aubrey-beardsley,test,6aff95175d02454a3996f628209dd9393b0ba170876627b9d28a0b22f9c4a940,ac38d1e2f2921b6d
data/private/sketchnet/sketches/aubrey-beardsley_caricature-of-james-mcneill-whistler.jpg,sketch,1,aubrey-beardsley,test,123cfddaf482348b086c361d13676d65f0074f4d7725012d2a18fbe35a47c15c,c46d2d6d6ade1292
data/private/sketchnet/sketches/aubrey-beardsley_child.jpg,sketch,1,aubrey-beardsley,test,1e7833837875ff999779d80ec17d31a8ed51da96ea852958a066532dd4d02351,97bde02da40232ef
data/private/sketchnet/sketches/aubrey-beardsley_cinesias-entreating-myrrhina-to-coition.jpg,sketch,1,aubrey-beardsley,test,d5fb4e0b80ec18940bb6d52c1847b8016e4f8530483d5fa7db499f49343cdb1e,83859c7297fa290f
data/private/sketchnet/sketches/aubrey-beardsley_coiffing.jpg,sketch,1,aubrey-beardsley,test,22106cc112f897aa41a7d8c34eba49ac062c3982daded8090ec10904c46bf644,9417cbcc6c5627b1
data/private/sketchnet/sketches/aubrey-beardsley_count-valmont-1896.jpg,sketch,1,aubrey-beardsley,test,c0adf3b740b360abfa9f46234a449afa0e5fd01ec302c2ee4f154a4bd4ebca4c,ba85c44e1f98cd63
data/private/sketchnet/sketches/aubrey-beardsley_cover-and-spine-1893-1893.jpg,sketch,1,aubrey-beardsley,test,58bd8bddc87f91af6eb98eba833e25e12d91cb7c8ef4c062f516c329552762d5,ca4aca9594b593b9
data/private/sketchnet/sketches/aubrey-beardsley_cover-design-for-ali-baba-1897.jpg,sketch,1,aubrey-beardsley,test,d691197aa4729bf6ff28de0e541d1c89a759500d6de7b7a64bdd1a3d10aafe53,bd6ce096f2194939
data/private/sketchnet/sketches/aubrey-beardsley_cover-design-for-the-yellow-book.jpg,sketch,1,aubrey-beardsley,test,462bbbca218adb5ed27840bc943cfa836cf36532209be8f1f8d52f4268b50d67,ee9c926b8c76b248
data/private/sketchnet/sketches/aubrey-beardsley_cover-design-to-the-pierrot-of-the-minute-1897.jpg,sketch,1,aubrey-beardsley,test,9cade2dfca9b06b4d8d54560a7ed33a29f0610e214eece12b1c4a8ab24da8feb,8db6e2c391693966
data/private/sketchnet/sketches/aubrey-beardsley_creation.jpg,sketch,1,aubrey-beardsley,test,380cb5fbab36ff2f70b242298a4e652706fb479a0cd51aed65b3095674a75e9b,af8cf063dab0c968
data/private/sketchnet/sketches/aubrey-beardsley_das-rheingold.jpg,sketch,1,aubrey-beardsley,test,721c5196ee728fd7fa3824f994dff5c4a1b2b1f06bfaeb0e34c2d53a7d65744d,c8bd18769d470acb
data/private/sketchnet/sketches/aubrey-beardsley_design-for-a-frontispiece-to-virgilius-the-sorcerer.jpg,sketch,1,aubrey-beardsley,test,8df24a5169132bed246287715f63685db11f994e9eef4021f1cb7593071fc0f7,bf846c99d983d04e
data/private/sketchnet/sketches/aubrey-beardsley_design-for-end-paper-of-pierrot-1896.jpg,sketch,1,aubrey-beardsley,test,d483c895f7d5354e1f8f1c0995ce8b2ff0c39a90ee31785940fce90c4366384a,f29dc858b7267e01
data/private/sketchnet/sketches/aubrey-beardsley_design-for-the-cover-of-the-barbarous-britishers-by-h-d-traill.jpg,sketch,1,aubrey-beardsley,test,37b1bfe8a3e0b08a5959d2c4b334b2ee357e355ab1b4adcbe7562c6822a6fab4,c5ba441b7c49366e
data/private/sketchnet/sketches/boris-kustodiev_portrait-b-a-gorin-goryainov-1926.jpg,sketch,1,boris-kustodiev,val,642e5fc528f07c520439e4f21c3f1b10dcf881a0694f803b62fa0397887d5822,e6e693999b9c8c81
data/private/sketchnet/sketches/boris-kustodiev_portrait-of-a-k-kashparova-1911.jpg,sketch,1,boris-kustodiev,val,910e99960c38f5eac8775b5c545dbac0993b9efb87f38aa4bd091e5dbefbe3db,ede192976c6c1392
data/private/sketchnet/sketches/boris-kustodiev_portrait-of-a-k-mineev-1923.jpg,sketch,1,boris-kustodiev,val,fcde4d42c379ee082081690576f89ec6703c4b196880b998811b1c85b5ef954e,8bea4d8bd0b5a594
data/private/sketchnet/sketches/boris-kustodiev_portrait-of-a-peasant-kotov.jpg,sketch,1,boris-kustodiev,val,978fb353d15c64371e5721c5d8dd74dcd9559dad0946f3e802e05c2fa94e3554,e725c8d29813f3d8
data/private/sketchnet/sketches/boris-kustodiev_portrait-of-a-s-neverov-1926.jpg,sketch,1,boris-kustodiev,val,125770f7946b8818a1597b0f311a6bc077cfea2ed301f6d3a862d70f4eff4af3,a6e2931dc9e68c99
data/private/sketchnet/sketches/boris-kustodiev_portrait-of-a-woman-1920.jpg,sketch,1,boris-kustodiev,val,1268ce03e78244f578d99b83119b0ca411d9f4dbae3e29643b5b586a44a15f0a,b338f83c2223b3cb
data/private/sketchnet/sketches/boris-kustodiev_portrait-of-alexander-golovin-1907.jpg,sketch,1,boris-kustodiev,val,3778364592a996e9262449dfe0844a9e4c939364c54108fb2f56a47f7084bb6f,e233b19886cece99
data/private/sketchnet/sketches/boris-kustodiev_portrait-of-an-unknown-woman-1906.jpg,sketch,1,boris-kustodiev,val,d7569958053aaf6eb8621af50527ee389f8b1be79765c406df53e4e9d22a53a2,ee68b49592caca99
data/private/sketchnet/sketches/boris-kustodiev_portrait-of-barin-laputin-1922.jpg,sketch,1,boris-kustodiev,val,09f07afed33e0ce993d4206791458aae860d60264992008507c53cd21b24229c,f87b87628791c985
data/private/sketchnet/sketches/boris-kustodiev_portrait-of-d-s-stelletsky-1907.jpg,sketch,1,boris-kustodiev,val,e5d6063ce54dfd48daf2cad54f0d66c270e700150d51dc5827a81ffc9375e8d8,fd86d3990dcc9630
data/private/sketchnet/sketches/boris-kustodiev_portrait-of-evdokimova-1925.jpg,sketch,1,boris-kustodiev,val,7b6e2fbf3c0bf8fd588f16583f5cb68d6be94ec6d8026b5d35e1329e8b394cfa,b9b0f83d37e0180f
data/private/sketchnet/sketches/boris-kustodiev_portrait-of-vladimir-nemirovich-danchenko-1915.jpg,sketch,1,boris-kustodiev,val,2e0237e373870f3d2557b811aea7070ff52785153802a7535c21a45f9576bfc9,bfa6e09b19c08fe0
data/private/sketchnet/sketches/boris-kustodiev_portrait-of-vsevolod-voinov-1921-1.jpg,sketch,1,boris-kustodiev,val,7c9db602ecb522c553a483246b46ec4c237e82526bf9022c0a98adb1157474ca,e2e38999d98ce686
data/private/sketchnet/sketches/boris-kustodiev_portrait-of-vsevolod-voinov-1921.jpg,sketch,1,boris-kustodiev,val,ec606eb6e1c626b6b02dbd0dfeabe760463b77e6faf21f8cbb9cb0639b0852b5,b0b0cfc353cc4c7c
data/private/sketchnet/sketches/boris-kustodiev_portrait-of-vsevolod-voinov-1924.jpg,sketch,1,boris-kustodiev,val,21377d9b269e2566f5f6968e98bda5befab5f28000e13d83825089c99d86f61c,b430c1c3c3d3cd8f
data/private/sketchnet/sketches/boris-kustodiev_portrait-of-y-e-kustodieva-1903.jpg,sketch,1,boris-kustodiev,val,72ad1ca441bfa9233fb66e1a5751725b6eb10d35f58ab60978e52da13b31d321,e62293998ccdcd8e
data/private/sketchnet/sketches/boris-kustodiev_portrait-of-y-e-kustodieva-1922.jpg,sketch,1,boris-kustodiev,val,6721f03c6651e5a9447feb3dc2964209d5850872f4cf87199fbadd76c0b0ce90,b6c066a799cb0e78
data/private/sketchnet/sketches/boris-kustodiev_portrait-of-y-e-kustodieva-1925.jpg,sketch,1,boris-kustodiev,val,c0a712e016db6be7d78b5f823220ceccc20a497b235b3d7746c0657efeae5c7b,befc3078e98166c4
data/private/sketchnet/sketches/boris-kustodiev_portrait-of-y-e-proshinskaya-1901.jpg,sketch,1,boris-kustodiev,val,25ee1e6ecfbf51702cc32ada9b80dd7181d753e5f18084e5d425c0468b39f20b,b3e1e44e8636cc5c
data/private/sketchnet/sketches/boris-kustodiev_portrait-of-yevgeny-zamyatin-1923.jpg,sketch,1,boris-kustodiev,val,14eaf2930122e84752e608070a1ac542a67391ccec843f86e8cb56a489bd4ce8,b2333ce733313970
data/private/sketchnet/sketches/boris-kustodiev_portrait-of-yuri-korvin-krukovsky-1926.jpg,sketch,1,boris-kustodiev,val,ab5f53bc9a64f4cb41baba029cf38d9e056c6f6a9fb6c31084749e4a1cbf5c98,be9ec160d84e2799
data/private/sketchnet/sketches/boris-kustodiev_portrait-s-p-podyachev-1926.jpg,sketch,1,boris-kustodiev,val,0fe5b0f131b55fba76ea873c4f1004da4c8bc35ef71a569a0d3fa691ebaf87b7,e83287cd9c9cda32
data/private/sketchnet/sketches/boris-kustodiev_portrait-v-a-kastalsky-1921.jpg,sketch,1,boris-kustodiev,val,02bebfb430748f61ae266ba0bc27cbd8ea1726eb14b4342621ea1b38fbfe7048,b63ec1d0c0cdcdcc
data/private/sketchnet/sketches/boris-kustodiev_preparatory-drawing-for-the-painting-christmas-bargain-1918.jpg,sketch,1,boris-kustodiev,val,ad72f41008ba58aaf5ba43f1cde3905db92c893cdc422ec0657a8a1d1571714d,d4efe8458f1a2455
data/private/sketchnet/sketches/boris-kustodiev_public-garden-on-the-bank-of-the-volga-festivities-on-the-banks-of-the-volga-1918.jpg,sketch,1,boris-kustodiev,val,ae080ef5bf40b09e3fde6932eecf3a5d0cf815a84ca2566f79bc49edf82e419b,e0c11e23b61fdc2d
data/private/sketchnet/sketches/boris-kustodiev_ride-1915.jpg,sketch,1,boris-kustodiev,val,3f2f4ad8bc36576f07ba09f87079e071d2064fde79ee0b81cd7db6634b0e7a0a,db86214bcb53ac5a
data/private/sketchnet/sketches/boris-kustodiev_s-p-podyachev-in-his-hut-in-the-village-obolyaninove-1926.jpg,sketch,1,boris-kustodiev,val,a971bfc3c9450dfdc460fa0037485eff12679add0c0e1a87cc57fbe232df5d63,9ccf3ce3a51cb111
data/private/sketchnet/sketches/boris-kustodiev_seeing-off-m-v-dobuzhinsky-in-europe-1924.jpg,sketch,1,boris-kustodiev,val,aedaac4440a6685129a5ccd9fd6150e6e1e9bf68247385a577932868f0821156,aed883a798da6e44
data/private/sketchnet/sketches/boris-kustodiev_self-portrait-1902.jpg,sketch,1,boris-kustodiev,val,b4c8dce3af55d22d901424fe0140a51e858f5994cd991f88d8a93186096a4c5f,e99296c69a592967
data/private/sketchnet/sketches/boris-kustodiev_self-portrait-1904-1.jpg,sketch,1,boris-kustodiev,val,37a3e9441cdc1d83c6f9bf60165a546a376d3f2cba862e165f3025b4cd97f301,ebe8c534b495d292
data/private/sketchnet/sketches/boris-kustodiev_self-portrait-1904-2.jpg,sketch,1,boris-kustodiev,val,58f14fd0ad1031d3b02fbb8c5e56290bba625fdcd5ba6d3e40d8823cfd7c1a98,e992e76386679886
data/private/sketchnet/sketches/boris-kustodiev_self-portrait-1904.jpg,sketch,1,boris-kustodiev,val,2794129c5ac48436ce6181431e8c1a9ad0338a6b304ad4128670476fd8bc70c1,adb44290d209dfcf
data/private/sketchnet/sketches/caspar-david-friedrich_adolf-gottlieb-friedrich-reading-1802.jpg,sketch,1,caspar-david-friedrich,train,8ce426ef38ddff5498b8b60727b4c06eb091e01c5dcc6b78839676650404e483,85853b5a6a2d6d3a
data/private/sketchnet/sketches/caspar-david-friedrich_basel.jpg,sketch,1,caspar-david-friedrich,train,e566b4dfb78f33c37b03651af3a1ae4186697ad198fb50daba77d1dbbb1ae6be,bcf0c3c7990f701c
data/private/sketchnet/sketches/caspar-david-friedrich_boy-sleeping-on-a-grave.jpg,sketch,1,caspar-david-friedrich,train,cf1e2e9c7905c9e4fd6ba8bfbd476d38567c49e68cf72babc4bd548f0a7c295b,bf95c832b44bd168
data/private/sketchnet/sketches/caspar-david-friedrich_carl-vogelvon-vogelstein-1823.jpg,sketch,1,caspar-david-friedrich,train,ee20c2e76a60e126952d280b84b71852ef777b3a8f5325dd6575238d3e9b0802,ecb0c7633996c343
data/private/sketchnet/sketches/caspar-david-friedrich_ernst-theodor-johann-bruckner.jpg,sketch,1,caspar-david-friedrich,train,1bb0e12a3cec33aff2060d54cf07f021a43c06c0479f4e770b63fcb25c03e825,8d3a15706335756b
data/private/sketchnet/sketches/edmund-dulac_asenath-from-the-picture-book-for-the-red-cross.jpg,sketch,1,edmund-dulac,train,bac3933cdd500633dcd8aa7271e3d6297e8c0d3968cf11feb7a7da8867c4f79c,bce0c33cc3c03dc7
data/private/sketchnet/sketches/eric-fischl_study-for-sheer-weight-of-history.jpg,sketch,1,eric-fischl,train,9538eedfe25b81017cb05714232306ca3054f3d103485f56b99cb37ce6624716,b9cdc933f6069838
data/private/sketchnet/sketches/ernst-ludwig-kirchner_resting-couple.jpg,sketch,1,ernst-ludwig-kirchner,train,55f10246d7437d18452395688126dd337bba19d3c6b0532bca0cc1515ae2b2fd,eb1b3531d261d0e3
data/private/sketchnet/sketches/ernst-ludwig-kirchner_self-portrait-1938.jpg,sketch,1,ernst-ludwig-kirchner,train,2dd89e11a6610e7cccd91ff3fba863b571c18fceddaca42798dc2b6683c76f1e,9f19f098d9c1c0fc
data/private/sketchnet/sketches/ernst-ludwig-kirchner_self-portrait-5.jpg,sketch,1,ernst-ludwig-kirchner,train,6f516c647f3bbe4b110050d4db5f8e2837ef00f0b868ec75dd6f86a7dae31b72,ca70b42fa536b4f0
data/private/sketchnet/sketches/ernst-ludwig-kirchner_small-french.jpg,sketch,1,ernst-ludwig-kirchner,train,014663673aa9fe396b8fc2373145ab6a87e017d39c49e519e5737f081ffdf022,bf1f9cf8f0e0800b
data/private/sketchnet/sketches/ernst-ludwig-kirchner_snow-at-the-staffelalp.jpg,sketch,1,ernst-ludwig-kirchner,train,f7e4e8880f690596edb037b8d336fbde1a53a2d8f3885333257d1b56f82310b7,bb52da3a62c28d69
data/private/sketchnet/sketches/ernst-ludwig-kirchner_street-scene-in-berlin.jpg,sketch,1,ernst-ludwig-kirchner,train,eebe47896455eaca3964e299e8c49b5104f7fa066c789003135011a22a4b204d,af6fcce3c0a0fc80
data/private/sketchnet/sketches/ernst-ludwig-kirchner_study-of-a-head.jpg,sketch,1,ernst-ludwig-kirchner,train,d5ffbe5223841b30ae04755a97d198e3a1ac114a6de146459bf9692a74d39ff3,da3c2d63e44a8597
data/private/sketchnet/sketches/ernst-ludwig-kirchner_study-on-red-tart.jpg,sketch,1,ernst-ludwig-kirchner,train,ee7472359f8f7ef342c2940cc39c840f9803f88623814aafc4c0e106d94d59c1,bc0b9fa6e071c9b0
data/private/sketchnet/sketches/ernst-ludwig-kirchner_three-faces.jpg,sketch,1,ernst-ludwig-kirchner,train,62f4f1acf1d4d267f359d946331d5d55d17f8a7d7d46461527f921ca245c0326,aee4c11b915bd06d
data/private/sketchnet/sketches/ernst-ludwig-kirchner_three-women-in-a-cafe.jpg,sketch,1,ernst-ludwig-kirchner,train,38654da0ac37995e1a205c8f4709ccf1782806e29f1afa5c19c41af381a956a9,efb40f78940eb02b
data/private/sketchnet/sketches/ernst-ludwig-kirchner_two-nude-girls.jpg,sketch,1,ernst-ludwig-kirchner,train,db2033c0b486ea87b3613dd8cd1aabc3bf27f31a345e0b59509484d797003fb4,afdc7823b0264fb0
data/private/sketchnet/sketches/ernst-ludwig-kirchner_two-railway-bridges-in-dresden.jpg,sketch,1,ernst-ludwig-kirchner,train,4450dd7b742aee61eff43e9e63594ce25969c9cde2a07c73bc071e660e480fcd,9f3f90b79948ca28
data/private/sketchnet/sketches/felix-vallotton_portrait-of-french-pacifist-and-esperantist-gaston-moch-1898.jpg,sketch,1,felix-vallotton,test,919a632cbacfd23bb5a462401febea001bc07274cc0b08e8a628fd731f5f291a,bce03325c12fc66b
data/private/sketchnet/sketches/felix-vallotton_portrait-of-french-painter-l-on-pourtau-1898.jpg,sketch,1,felix-vallotton,test,4cc64c753192c998492269db40ae54a271355b5493159dd1b0feb4bf401dd353,ea32b489c696d3c9
data/private/sketchnet/sketches/felix-vallotton_portrait-of-french-philosopher-and-historian-hippolyte-taine-1897.jpg,sketch,1,felix-vallotton,test,5424d427da7e2acf96e9e93e2fbe376b62dbfc18ae4d070e8f4aa7c25e232f2c,eb4cb5b13694c073
data/private/sketchnet/sketches/felix-vallotton_portrait-of-french-poet-albert-samain-1896.jpg,sketch,1,felix-vallotton,test,276b4a4a63663d41a41b9fe69e96cc03d01b7c2df987e083b0a31e91e52a3a83,ee72a121c28d97d6
data/private/sketchnet/sketches/felix-vallotton_portrait-of-french-poet-and-dandy-robert-de-montesquiou-1898.jpg,sketch,1,felix-vallotton,test,c7f7ccb2734622463aba713873f6efcd5ff039625163fc33ee9641494bdd2a55,b86ce39bc4348da5
data/private/sketchnet/sketches/felix-vallotton_portrait-of-french-poet-francis-viel-griffin-1898.jpg,sketch,1,felix-vallotton,test,aac6a30e5dd5c6db4ab368e8436fa4f44d64e1c7c85f9b86a0dc2b470d483a58,aacee931c42c93ce
data/private/sketchnet/sketches/felix-vallotton_portrait-of-french-poet-gustave-kahn-1896.jpg,sketch,1,felix-vallotton,test,12057e8d476b03c81f3c50b5efd28f0ce84d7909bf61b3a569704e1c953bd4f0,ba1ef831c120c7cf
data/private/sketchnet/sketches/felix-vallotton_portrait-of-french-poet-jehan-rictus-1898.jpg,sketch,1,felix-vallotton,test,0573610c29603678f39581cd384110843f5e0c87edbd2c0fe6cd50bc6dfd7103,ea6085b5c29df09e
data/private/sketchnet/sketches/felix-vallotton_portrait-of-french-poet-jules-laforgue-1898.jpg,sketch,1,felix-vallotton,test,cdb412afb4945902e0473bec2c1a1cf6645b27e3f85a1fe847b45224843659f1,ea61b195bcc6c2c3
data/private/sketchnet/sketches/felix-vallotton_portrait-of-french-poet-laurent-tailhade-1896.jpg,sketch,1,felix-vallotton,test,6f2fadeef92f6a7ba15fdb5532f8ff21b55c1dcffa8eb79abf842e09fbdcb254,9ff0a50ff0359c0a
data/private/sketchnet/sketches/felix-vallotton_portrait-of-french-poet-le-comte-de-lautr-amont-1896.jpg,sketch,1,felix-vallotton,test,57305aae8a09ca9d44ba538bafdf99e644477b556ee366a2cf1fee49b292b421,fa6fa1acd4d1c114
data/private/sketchnet/sketches/felix-vallotton_portrait-of-french-poet-phra-m-mikha-l-1898.jpg,sketch,1,felix-vallotton,test,367ba9905ac8de9f25cbd46a166029114d3fbb18fcb142249f182aab2201eb56,bc34c2dbc960d38d
data/private/sketchnet/sketches/felix-vallotton_portrait-of-french-poet-pierre-quillard-1896.jpg,sketch,1,felix-vallotton,test,2124104d91bef634edb08d6e3dad458299392761f2bdf07e4cb93f89df5991ff,f8cbb4349592c699
data/private/sketchnet/sketches/felix-vallotton_portrait-of-french-poet-saint-pol-roux-1898.jpg,sketch,1,felix-vallotton,test,c58272b74114177993d02807c8a00a2dbd65c0c3614c5b61ce34204345cdc8b2,fa6cb183c2bc8f50
data/private/sketchnet/sketches/felix-vallotton_portrait-of-french-poet-tristan-corbi-re-1898.jpg,sketch,1,felix-vallotton,test,1ae6c4e0b7c7769e92fb67e3b9ee58572f92e4d16a5d022dfd3803d4cf44cfe9,ee1ae1f887219497
data/private/sketchnet/sketches/felix-vallotton_portrait-of-french-politician-l-on-blum-1900.jpg,sketch,1,felix-vallotton,test,69d8fb650974fd94df50ee4748b11e68ca5603e8369f6a30ead2e1b04492be8a,bb9760f4c62f8560
data/private/sketchnet/sketches/felix-vallotton_portrait-of-french-writer-albert-aurier-1898.jpg,sketch,1,felix-vallotton,test,2ae4b1e19372894d61cb6e17009dcef6158b45d457bbaf2f634fa0165a57c68e,af0bb0f4c2238f93
data/private/sketchnet/sketches/felix-vallotton_portrait-of-french-writer-alfred-vallette-1898.jpg,sketch,1,felix-vallotton,test,3bb917b1a2f487bd611049cf530c9756fe331ccfcdd05233a264e1d35bcbf71a,ee68b197b06487c3
data/private/sketchnet/sketches/felix-vallotton_portrait-of-french-writer-and-playwright-alfred-jarry-1901.jpg,sketch,1,felix-vallotton,test,0b008ba762ff743b5f684e78c2fcf2e5a788405a253be105b940700fa49752a6,ee3ee1b0e490c6c3
data/private/sketchnet/sketches/felix-vallotton_portrait-of-french-writer-and-poet-adolphe-rett-1898.jpg,sketch,1,felix-vallotton,test,36d97d600b6393d7100793b1ff79d45a33351c104ec611a4ac283d8bc4828516,bd6cb494c3c391a6
data/private/sketchnet/sketches/felix-vallotton_portrait-of-french-writer-and-poet-henri-de-r-gnier-1898.jpg,sketch,1,felix-vallotton,test,dd8c1bda077aa2cc0748166dc88d2503a678801d56c7be040e7195392ad7d805,eb97f860c23927c4
data/private/sketchnet/sketches/felix-vallotton_portrait-of-french-writer-andr-ferdinand-herold-1896.jpg,sketch,1,felix-vallotton,test,7270ea5ee6b03037ee0360eb2f45d4983d511b100ef6d3555020165ea57eb064,bbc224359467c78b
data/private/sketchnet/sketches/felix-vallotton_portrait-of-french-writer-andr-fontainas-1898.jpg,sketch,1,felix-vallotton,test,17a4b4423a18d61b6f22dba14b01096be00113641d01ffcad11476d9b1692bab,eb4b3434b136d9c2
data/private/sketchnet/sketches/felix-vallotton_portrait-of-french-writer-andr-gide-1898.jpg,sketch,1,felix-vallotton,test,91e57b0c0c1d48078c3940200d21e72d1ca7bd48618040a9bab8c13179daac08,afe5a5e1d24a8c83
data/private/sketchnet/sketches/felix-vallotton_portrait-of-french-writer-auguste-villiers-de-l-isle-adam-1898.jpg,sketch,1,felix-vallotton,test,072540d599852c76e9bbe1733722eb111f5e9f11659d30e968f2cfc61d25d013,ee4bf4a590d0d097
data/private/sketchnet/sketches/felix-vallotton_portrait-of-french-writer-camille-mauclair-1898.jpg,sketch,1,felix-vallotton,test,66b902fd0eb740ad4f77e0dbefb5536ca0da731391de8803a20c2ee836ca6b79,be5ac1a4cf3b12c2
data/private/sketchnet/sketches/felix-vallotton_portrait-of-french-writer-douard-dujardin-1898.jpg,sketch,1,felix-vallotton,test,2d922b105a61e3fc4c72d379fd9ea8cb56108531592f335d09d755dee6e7f100,e9da923491c3c6ce
data/private/sketchnet/sketches/felix-vallotton_portrait-of-french-writer-ernest-hello-1898.jpg,sketch,1,felix-vallotton,test,a8591020567f9e8b251cab3cb67df78397cec319bda355b6a4bebebc72e77e22,bb2fe470d027e1c2
data/private/sketchnet/sketches/felix-vallotton_portrait-of-french-writer-f-lix-f-n-on-1898.jpg,sketch,1,felix-vallotton,test,20bea500917822f9d7fb7768318abcedb0df87953846cbc17da648536c5df1cf,af1ff0e0c06193cb
data/private/sketchnet/sketches/felix-vallotton_portrait-of-french-writer-francis-jammes-1898.jpg,sketch,1,felix-vallotton,test,c806e39c559f96f910c914e0947601a82c1da709e7cdc58bc2a283b801c5f9ad,ef1e60788531d687
data/private/sketchnet/sketches/felix-vallotton_portrait-of-french-writer-francis-poictevin-1898.jpg,sketch,1,felix-vallotton,test,d77ce22aecff2159d7234e853595dfce49b04d1b8c6399a66033a5068e12b00d,eb6834a7b0c5c1d3
data/private/sketchnet/sketches/felix-vallotton_portrait-of-french-writer-henri-mazel-1898.jpg,sketch,1,felix-vallotton,test,47ea155b23a21c51fe086560541a079a6f0f343b7cfdfaabf7aa729c2d94cc29,ba42e13da1e43736
data/private/sketchnet/sketches/felix-vallotton_portrait-of-french-writer-henry-bataille-1898.jpg,sketch,1,felix-vallotton,test,d3a9f5db1709bb4646b477600fdc3d1fe1e936cee7d938dd46b4de15bc012376,fe9621b0c365c16e
data/private/sketchnet/sketches/felix-vallotton_portrait-of-french-writer-hugues-rebell-1898.jpg,sketch,1,felix-vallotton,test,b0c5213c2b586cf1952c2e0f7f596c0607f54c35af14e6a9768f9f15b2e70a0a,be35e1c0ce839393
data/private/sketchnet/sketches/felix-vallotton_portrait-of-french-writer-jean-lorrain-1898.jpg,sketch,1,felix-vallotton,test,11e9d658cba0027268c0253721fa1dcf5a5f197e136f1f383f7bd87ac493d4ed,fa6365a1b44e861b
data/private/sketchnet/sketches/felix-vallotton_portrait-of-french-writer-joris-karl-huysmans-1898.jpg,sketch,1,felix-vallotton,test,aa515043994d0e9f13d9173d1b6e519541fdcb3ee52bbbb959a131e8673d2cbc,e68c8937753c92d2
data/private/sketchnet/sketches/felix-vallotton_portrait-of-french-writer-jules-renard-1898.jpg,sketch,1,felix-vallotton,test,3c2270a5ba48a678275345a4e1d7b3a599fe43f3d6d2bc313cd507d062d6cd36,9be0ad4af0259d72
data/private/sketchnet/sketches/felix-vallotton_portrait-of-french-writer-l-on-bloy-1898.jpg,sketch,1,felix-vallotton,test,7e2e6e4f5b5e8b702a33bd61de870b756ce6d615e6db1662e7e4f7fb82c6cb25,ee37e1688664d896
data/private/sketchnet/sketches/felix-vallotton_portrait-of-french-writer-louis-dumur-1896.jpg,sketch,1,felix-vallotton,test,0d32e6b4374051a57279d043012715e7f767051288f6fbd1ffe236fde7d14754,eb60b4b79113ccc6
data/private/sketchnet/sketches/felix-vallotton_portrait-of-french-writer-marcel-boulenger-1899.jpg,sketch,1,felix-vallotton,test,2fee2013ddb18cb4015b9bcde8285b6fe82be5897b2f3185c1ae661173d1ef4d,b916e7ed983384c1
data/private/sketchnet/sketches/filipp-malyavin_lenin-1920.jpg,sketch,1,filipp-malyavin,val,b199e870e042566c6586dbe61e1903cf4a79836ed4845c5ded993993d9efdc45,fdb2d2cd3c342560
data/private/sketchnet/sketches/francis-picabia_self-portrait-3.jpg,sketch,1,francis-picabia,train,105c0a25fa5d0f040e2e4234f0a40c4e52603ee783d1bd05afad38b70b1b8cf7,fc2ccb32f0b2f094
data/private/sketchnet/sketches/francis-picabia_self-portrait.jpg,sketch,1,francis-picabia,train,9a60adea1c60c976e5ed19c0dcd0db6d81f605c8e6920d1b73d3e773b5627b7b,bc6f1eb0c230e16d
data/private/sketchnet/sketches/francisco-goya_the-duchess-of-alba-arranging-her-hair-1796.jpg,sketch,1,francisco-goya,train,0ef52495d7553a5a727069fc8225c4d7e5d1e6c6270dc2f7e9b25ac8059948c9,b49849c7c39cd89d
data/private/sketchnet/sketches/francisco-goya_the-lineage-1799.jpg,sketch,1,francisco-goya,train,4bfa18600ce797e8f792931fe3b7349d02aef2baabb1f6f19c61ecd0139a9923,bf2791dac26d9830
data/private/sketchnet/sketches/francisco-goya_the-morisco-gazul-is-the-first-to-fight-bulls-with-a-lance-1816.jpg,sketch,1,francisco-goya,train,5f10dee43cd703ae73c2bf55b68911af979dc69cd5dc327eb86a5c9003678216,b8c3926c6933e33c
data/private/sketchnet/sketches/francisco-goya_the-old-woman-with-a-mirror.jpg,sketch,1,francisco-goya,train,fcb72f5163e60df9311319466ea2372d72ce3da43a36fe6ce19d717e7ee7a745,b4b0c38fc46e9cb1
data/private/sketchnet/sketches/francisco-goya_the-same.jpg,sketch,1,francisco-goya,train,047bffe8b2effb9dc4824ba805be8b97311b8d50cafbc01dd8517e87c980601d,e9c31436354dcb36
data/private/sketchnet/sketches/fyodor-solntsev_mobleman-clothing-of-the-xvii-century-morning-silk-kaftan.jpg,sketch,1,fyodor-solntsev,test,298fec703921e41f4dc018e9105ce2e6b5e26ea6fae2f6824aa6a7d216a103dc,fa8c8473857dd189
data/private/sketchnet/sketches/fyodor-solntsev_people-clothes-the-province-of-kiev-1.jpg,sketch,1,fyodor-solntsev,test,cd81a381a993e8e9d46c6b821d718a88cf3431ea140c396acbe0d96e924f52f8,bec4c563d53ac095
data/private/sketchnet/sketches/fyodor-solntsev_people-clothes-the-province-of-kiev-2.jpg,sketch,1,fyodor-solntsev,test,4f60d3291141762123702b18a986cf67ee658a97402dbb25abdbf63fe825f385,afa5c25a951c7ae0
data/private/sketchnet/sketches/fyodor-solntsev_people-clothes-the-province-of-kiev-3.jpg,sketch,1,fyodor-solntsev,test,c0e0bf24ab176f41a512688e72243165fbe726dbdcac14aaee3f77c5db338e89,ad94d263936b919c
data/private/sketchnet/sketches/fyodor-solntsev_people-clothes-the-province-of-kiev.jpg,sketch,1,fyodor-solntsev,test,5bcfbcde1b1bc912e31eaff5a5cb00a83eb40ec0c0afe3b6a933dc25c454f998,fa85956a877ac0ac
data/private/sketchnet/sketches/gustav-klimt_kneeling-male-nude-with-sprawled-out-arms-male-torso.jpg,sketch,1,gustav-klimt,train,4179f1343ee5728c1341e3687f994fe8f445cb71fad9703a07710b70723412cb,b839a7cb86c4ce4c
data/private/sketchnet/sketches/gustav-klimt_sculpture.jpg,sketch,1,gustav-klimt,train,6e0c23c6d745817920b0f3e9863b001d6f1fe2be801e4e40d0b487dbe7020ded,e41e4f9a58747361
data/private/sketchnet/sketches/gustav-klimt_standing-woman-in-kimono-dame-im-kimono-1918.jpg,sketch,1,gustav-klimt,train,59c764ceeb6c3446606f143d8c3d1242da863e14d8397fb038e16d5ad9f486f6,e6a64699897399ac
data/private/sketchnet/sketches/gustave-dore_ezra-reads-the-law-to-the-people.jpg,sketch,1,gustave-dore,train,de000f0e5bea6a1d923edf0509c107a869eebced73089bea0d928b1926e605b5,d8d8ce06e765b036
data/private/sketchnet/sketches/gustave-dore_farinata.jpg,sketch,1,gustave-dore,train,66f5e99cb594662f34d0822772d2c74d29be1202f9725abe933baa220738399c,fb32ad4dc0729166
data/private/sketchnet/sketches/gustave-dore_for-the-defense-of-christ.jpg,sketch,1,gustave-dore,train,297a7f3ebd4c471bdd5408e7222327c668c80f2544fcbb6822643eb0ce8bd2fe,bf29d870ec2da44a
data/private/sketchnet/sketches/gustave-dore_foreign-nations-are-slain-by-lions-in-samaria.jpg,sketch,1,gustave-dore,train,36d4e83288e6912bc1f7f9532e6f0cf5546a834123a70fe86b7fcb1581c532fd,89c3c96f308e63f8
data/private/sketchnet/sketches/gustave-dore_forgers-ii(1).jpg,sketch,1,gustave-dore,train,3e0b78fd7c504c9265d78427fcfcca1689503cc14a0a01343912647cda17bec9,a76ecc13b11ee348
data/private/sketchnet/sketches/gustave-dore_forgers.jpg,sketch,1,gustave-dore,train,40a45ede98287bac7eb8cae80d4a2d2b909c2bc9a95024e4b0ede9dd48715831,aa6b9456d394e11e
data/private/sketchnet/sketches/gustave-dore_forthwith-upright-he-rears-from-off-the-pool-his-mighty-stature.jpg,sketch,1,gustave-dore,train,7112eb9aa6fbc604d47b472788b1fc1c05ae77c3c19694b539198037021e873f,c9c9f63f2d856034
data/private/sketchnet/sketches/gustave-dore_frontispiece-of-all-five-books-of-gargantua-and-pantagruel.jpg,sketch,1,gustave-dore,train,6adcac0d2d9ce89760cef8a8483030b16e4cef5fce8f495906fc8b6e398b05ad,be1eeee2800be163
data/private/sketchnet/sketches/gustave-dore_fulk-nerra-assailed-by-the-phantoms-of-his-victims.jpg,sketch,1,gustave-dore,train,443ebf73d7c2d3c6af9f66b2f2ffbc9171533506a528dcfe00bb42b9d10b0159,af3af04ad4299d46
data/private/sketchnet/sketches/gustave-dore_gaining-converts.jpg,sketch,1,gustave-dore,train,502fb7b51ffb50943dca3395994ef030b84beca79a6f6d5daa86fda1247fabba,be338f0fe270e02c
data/private/sketchnet/sketches/gustave-dore_gargantua-1873-1.jpg,sketch,1,gustave-dore,train,cb9ec976c0897f5f932f05776ae80493c5a470656c4793c16fe6089428c3fd72,eeadb3319918c4ca
data/private/sketchnet/sketches/gustave-dore_gargantua-1873.jpg,sketch,1,gustave-dore,train,407eed662a2496b93aa682baae26b4622f524dcae9dff22c3642fd127e1d32fb,eac2d41d953a91ec
data/private/sketchnet/sketches/gustave-dore_gargantua-and-pantagruel-1.jpg,sketch,1,gustave-dore,train,62b18be48cbe63d0f5a49ccd24c7447473f632c7f0282a2660f9dc3b2ae05fcf,bb90984ae435f731
data/private/sketchnet/sketches/gustave-dore_gargantua-and-pantagruel.jpg,sketch,1,gustave-dore,train,664136c3a00f9d3fcb75f872440f00760e4dc1697d7799605b7c6cef3f6df406,aa4ed532c3b18dc5
data/private/sketchnet/sketches/gustave-dore_geraint-and-enid-ride-away.jpg,sketch,1,gustave-dore,train,16820655edfe3bfd0241b13b69601d375240da4c60a2ab9e90d34c2c007ad768,fd4c851ada316d92
data/private/sketchnet/sketches/gustave-dore_gerard-of-avesnes-exposed-on-the-walls-of-arsuf-1877.jpg,sketch,1,gustave-dore,train,7d75be41a8403480e31fb0a36e8036a3f60a931a02dc3ffae6c3a7da764fecde,9893f3693a167698
data/private/sketchnet/sketches/gustave-dore_geri-del-bello.jpg,sketch,1,gustave-dore,train,a9b9e7458a351926a7e2b479979363fc592b01f3290d9fc114a38a70eb38f30b,ae3be86c9517e0c2
data/private/sketchnet/sketches/gustave-dore_geryon-symbol-of-deceit.jpg,sketch,1,gustave-dore,train,6446363ea3cde68f6500030729e7691c2e35e1d94ba430bfd93ada98a679d067,ea72bb49a515c992
data/private/sketchnet/sketches/gustave-dore_gideon-chooses-300-soldiers.jpg,sketch,1,gustave-dore,train,e102615e0d752e4a6b037d06b2f8fb664b1536671308e543aa3039b522438768,cf13b848f23ccbc2
data/private/sketchnet/sketches/gustave-dore_glorious-death-of-jacques-de-maille-marshal-of-the-temple-1877.jpg,sketch,1,gustave-dore,train,053402170de0354a5cb250713ad8f57b5270a9fbc24ef4c9b85cec79766d1d5a,8ff0834d761307ea
data/private/sketchnet/sketches/gustave-dore_godfrey-enters-jerusalem-1877.jpg,sketch,1,gustave-dore,train,c30b4b67e9ee3477104400cd096cd281a896944e61f287de9e20e5562b6ac1cb,ff818466e239991d
data/private/sketchnet/sketches/gustave-dore_godfrey-imposes-tributes-upon.jpg,sketch,1,gustave-dore,train,d520bab612743f9e32f682e7af8f61700d46544654796a14d102ae518f4de492,bb63c40fb87cc8a1
data/private/sketchnet/sketches/gustave-dore_godfrey-meets-the-remains-of-the-army-of-peter-the-hermit.jpg,sketch,1,gustave-dore,train,724f013df53f23df023e0838c2837d503ea1ecf5119292f8a95e1b78725b50a2,ee70f0cc931d9863
data/private/sketchnet/sketches/gustave-dore_hagar-and-ishmael-in-the-wilderness.jpg,sketch,1,gustave-dore,train,b4ec11e4982c69a3131e76f8fd3c157d90ae4220bd46362e376ed8cc247c1299,cb4fbc708345cc36
data/private/sketchnet/sketches/gustave-dore_he-perceived-that-her-little-foot-slid-in-without-trouble.jpg,sketch,1,gustave-dore,train,6f7fd3d2b219f8fe085ec203b9af89b716164ba85b97b276d14eef2e5824e900,c6ab98c5b3720ce9
data/private/sketchnet/sketches/gustave-dore_he-sprang-unpon-the-old-woman-and-ate-her-up.jpg,sketch,1,gustave-dore,train,bb4f626dffeafd1dfaa44cc1a5c60c0c121d86dfd8d65fb6a9ed8c6c7909ca21,f4b63ac8843ae4d9
data/private/sketchnet/sketches/gustave-dore_heaven-be-praised-they-are-my-brothers.jpg,sketch,1,gustave-dore,train,3c230a1e4593e4d521226d152ed317aa7275724454cd64a09da9edfa88a31621,f835d81220ec27ef
data/private/sketchnet/sketches/gustave-dore_heaven-rung-with-jubilee-and-loud-hosannas-filled-the-eternal-regions.jpg,sketch,1,gustave-dore,train,ee53afef64df64c01ee756f9f0bfec59a9ed3b8734f87492f5d65ea3a4397481,d4996d76da0b82b2
data/private/sketchnet/sketches/gustave-dore_heliodorus-is-cast-down.jpg,sketch,1,gustave-dore,train,52c193653c703aed569c7b5599f0f7d7a833e8c45a568a25d8c6ae25fc745636,8bedfc60980ee31a
data/private/sketchnet/sketches/gustave-dore_hell-at-last-yawning-received-them-whole.jpg,sketch,1,gustave-dore,train,111ada34a9111ec16310f36b775c261149a67dfc2a76804219ec48e3cceb43cc,8dc8ec2e32360fe9
data/private/sketchnet/sketches/gustave-dore_help-the-marquis-of-carabas-is-drowning.jpg,sketch,1,gustave-dore,train,4a7d8c77b796f8881bc9da08fadd617108023ee736fcc42a0bfa37d60ca76c83,c933776c1ec1348e
data/private/sketchnet/sketches/gustave-dore_her-friends-were-eager-to-see-the-splendors-of-her-house.jpg,sketch,1,gustave-dore,train,079d713cce0062213e1470c20d0323a1a437301ae34ecf7c21e60cc7c8bf3b53,d61c93e13e42f43a
data/private/sketchnet/sketches/gustave-dore_heresiarchs.jpg,sketch,1,gustave-dore,train,198792bb5a5770358cb98e2e63f7b773583ccba8f77937e1d875333bdf4311c1,ba26e459954ad16e
data/private/sketchnet/sketches/gustave-dore_him-fast-sleeping-soon-he-found-in-labyrinth-of-many-a-round-self-rolled.jpg,sketch,1,gustave-dore,train,84ac5af449d57fb17ebe52c7080e9e5a00f6348cab441963ca1ca4ef2b30df62,ede99214e66a19a5
data/private/sketchnet/sketches/gustave-dore_him-the-almighty-power-hurled-headlong-flaming-from-the-eternal-sky.jpg,sketch,1,gustave-dore,train,68cdc3483e84c5cadd34e8bfdd4cf8cdacfd16dbe9eaf2fb7d28f2e433b4593a,d6c2d80f3561617e
data/private/sketchnet/sketches/gustave-dore_hop-o-my-thumb-climbs-to-the-top-of-a-tall-tree-to-see-what-he-can-see.jpg,sketch,1,gustave-dore,train,d844c3694669a1344a6895cb3a095ef67eeee7a54351b37d285c7c17ff53b1f9,9c67e958328c7a8d
data/private/sketchnet/sketches/gustave-dore_hop-o-my-thumb.jpg,sketch,1,gustave-dore,train,feead66044c62df03c82b0cfa4249b16c1ea16d228111572f96edaa0fe56ac11,c0785d9365c53e65
data/private/sketchnet/sketches/gustave-dore_hospitality-of-barbarians-to-pilgrims.jpg,sketch,1,gustave-dore,train,ff3efaa8c3f477907f22c1e3fde899df03a910ed1678619c421acd1d0a08d2b0,ff48c072c236b50f
data/private/sketchnet/sketches/gustave-dore_houndsditch-1872.jpg,sketch,1,gustave-dore,train,6ca988d746b84e5686719a44dc52afa56f576b85c3e989a6f4d4a9760a5f26f0,c541f3331e1e9c39
data/private/sketchnet/sketches/gustave-dore_idylls-of-the-king-1.jpg,sketch,1,gustave-dore,train,55a73c93b4cd63db84023f7508bfd725ca505d6363f02e72b71e51036ca937c9,8e4fb331c3e75c80
data/private/sketchnet/sketches/gustave-dore_idylls-of-the-king-10.jpg,sketch,1,gustave-dore,train,75d8b29580703f703a3cd3a3ac83ec02de12acc1a38b521edf578c09b680d3a0,8ac2df2d661e383c
data/private/sketchnet/sketches/gustave-dore_idylls-of-the-king-11.jpg,sketch,1,gustave-dore,train,7fecbd35a10349f7048e611af8ab22fd3cce2105d6c860686befe9c089492292,e6e3b43c09c7b0e8
data/private/sketchnet/sketches/gustave-dore_idylls-of-the-king-12.jpg,sketch,1,gustave-dore,train,edb65f1214f0b42b3f5337c7dcf5f5979e1a814cd294bbc8ef8658eba8a9c359,dac0a72d9913365e
data/private/sketchnet/sketches/gustave-dore_idylls-of-the-king-13.jpg,sketch,1,gustave-dore,train,44d2fc8dfc2fa9b30ff7e5c61ffb7a82bb80de10f860282f8fe16c1e6f398497,9e9c98b0f879c964
data/private/sketchnet/sketches/gustave-dore_idylls-of-the-king-14.jpg,sketch,1,gustave-dore,train,7839a4748f98a5e9da88f7f38e6c0b8587171168d27eff5ec74a169adf6c6929,cab09ca5aecca35a
data/private/sketchnet/sketches/gustave-dore_idylls-of-the-king-15.jpg,sketch,1,gustave-dore,train,464739dfda23e40a0d12d705092150307281aba0261a8921a2b019b083f22173,b89d9856f262b22b
data/private/sketchnet/sketches/gustave-dore_idylls-of-the-king-16.jpg,sketch,1,gustave-dore,train,2f27976d909996c1728b655f1fdc85d743245904c7de71c67df1878bdcba888b,cac1bb3b24c6e338
data/private/sketchnet/sketches/gustave-dore_idylls-of-the-king-17.jpg,sketch,1,gustave-dore,train,49f8ee03e29664b2a15427c1fd1bf80c58f2df500267afcf185e1145b27afe83,fa38cd90eb48e48e
data/private/sketchnet/sketches/gustave-dore_idylls-of-the-king-2.jpg,sketch,1,gustave-dore,train,0cc8a90a404f421ac4ed05b714519bf4f87886cfe90a8a6bf9181e257c166386,aaacd1436c2d7636
data/private/sketchnet/sketches/gustave-dore_idylls-of-the-king-3.jpg,sketch,1,gustave-dore,train,a7ae42f3ccae0bac3d7754161ed26342d796a1e07eae74ca5d6eee0e05fc9340,9893cee664cf1159
data/private/sketchnet/sketches/gustave-dore_idylls-of-the-king-4.jpg,sketch,1,gustave-dore,train,6a83d715990494bbb4b6872fc3977a7376ccbb55a54a1622e84ca49dadc083c2,ce6ec4f52a903f12
data/private/sketchnet/sketches/gustave-dore_idylls-of-the-king-5.jpg,sketch,1,gustave-dore,train,9a297b78e7ae128c894703eab48ff34ef6b924aa0ec735ef7d78bf778f2c55b3,eec6c4091e1f3f90
data/private/sketchnet/sketches/gustave-dore_idylls-of-the-king-6.jpg,sketch,1,gustave-dore,train,ba76446da3b06ab776aa4a2acc5b42856bb707c978e69c7ea5f8d92a00c863eb,8e2ccb1c8de23fc8
data/private/sketchnet/sketches/gustave-dore_idylls-of-the-king-7.jpg,sketch,1,gustave-dore,train,4658977fb6dff8dd65be11c6326e7640b76ce7044320b6c4f53c378c5bfb7100,f644e993966cc94c
data/private/sketchnet/sketches/gustave-dore_idylls-of-the-king-8.jpg,sketch,1,gustave-dore,train,e24422b4f115c9d4df741c853b84b9221ba312bb2bac44e033330c9160903b92,9b601e366f957a12
data/private/sketchnet/sketches/gustave-dore_idylls-of-the-king-9.jpg,sketch,1,gustave-dore,train,3c590d77ed62460ce81442164089ba60640e4f9c736dc7027caf7cafa78fbf5c,9c32a7ac7aab5816
data/private/sketchnet/sketches/harry-clarke_tales-of-mystery-and-imagination-by-edgar-allan-poe-1923-10.jpg,sketch,1,harry-clarke,train,f559d5f44c23846c9e15151fb50bb34893468833e175b1be82dce31a293a7aa9,bf25c0d01f0bf22e
data/private/sketchnet/sketches/harry-clarke_tales-of-mystery-and-imagination-by-edgar-allan-poe-1923-11.jpg,sketch,1,harry-clarke,train,c5ecdd3ba817f042acb1439bfb6c5a3aa9d7a5bceef30e9f9e1641661834da43,cec7a64ec94eb038
data/private/sketchnet/sketches/harry-clarke_tales-of-mystery-and-imagination-by-edgar-allan-poe-1923-13.jpg,sketch,1,harry-clarke,train,e15f667e0a4cca323c97008c12fbef59cbd2ce6a7221e62294fa64f51fe0146e,c3c18c6e6b52da1e
data/private/sketchnet/sketches/harry-clarke_tales-of-mystery-and-imagination-by-edgar-allan-poe-1923-14.jpg,sketch,1,harry-clarke,train,5a1077e01322b2f863776a42cff395b7081a6458f278169f02d82d5cdb39eb57,fe4898a6990bcf70
data/private/sketchnet/sketches/harry-clarke_tales-of-mystery-and-imagination-by-edgar-allan-poe-1923-15.jpg,sketch,1,harry-clarke,train,e7befbbe4975242eef758730fe9d766c294f93d8a4ac1231dc59ad5f85ea9ecf,be72708873718d27
data/private/sketchnet/sketches/harry-clarke_tales-of-mystery-and-imagination-by-edgar-allan-poe-1923-16.jpg,sketch,1,harry-clarke,train,9e8cefbe1ae40d23e37515a0bf8a7593ccab67868d44a1a529f76bbcd186f4b8,eec40732f718186f
data/private/sketchnet/sketches/harry-clarke_tales-of-mystery-and-imagination-by-edgar-allan-poe-1923-17.jpg,sketch,1,harry-clarke,train,5d0177d7f352d1968efed18612542ad7278c9dd44bc75a36b4b6ece1cff72481,fed6ab4a90358c29
data/private/sketchnet/sketches/harry-clarke_tales-of-mystery-and-imagination-by-edgar-allan-poe-1923-18.jpg,sketch,1,harry-clarke,train,33d6f63efd2bae83a074133ebbb86d50b3328f81612fdae222793eb062727ef1,ea1f3bc0c433e8c6
data/private/sketchnet/sketches/harry-clarke_tales-of-mystery-and-imagination-by-edgar-allan-poe-1923-19.jpg,sketch,1,harry-clarke,train,b405b48cb130ec738e11f598f0ab46cecea512fb2575d4869f8d617f8bdd7615,ee7a1f8781c6e0b0
data/private/sketchnet/sketches/harry-clarke_tales-of-mystery-and-imagination-by-edgar-allan-poe-1923-21.jpg,sketch,1,harry-clarke,train,a6820a2603ce4ff072465fc582195d269f1b35f191ee4fa872d5baf2f3abc4d1,cb3c97e03c8b64d8
data/private/sketchnet/sketches/harry-clarke_tales-of-mystery-and-imagination-by-edgar-allan-poe-1923-22.jpg,sketch,1,harry-clarke,train,8ed70e7657a2d981d921df81790d7899f1d45d1a34f5b493ec842c92176c4f2e,eac4b18bc63e9127
data/private/sketchnet/sketches/harry-clarke_tales-of-mystery-and-imagination-by-edgar-allan-poe-1923-23.jpg,sketch,1,harry-clarke,train,fe1bbdda48e20ff86700f634c14afbac21b729cca57d4cbcfc3c063b8d8e70c9,95c5bcf462417c3a
data/private/sketchnet/sketches/harry-clarke_tales-of-mystery-and-imagination-by-edgar-allan-poe-1923-5.jpg,sketch,1,harry-clarke,train,a88663c53f17e12a63e0bf815a728261affa7c59fa10b2cedc1f58a7c62eff9c,aa70c5702f562f0f
data/private/sketchnet/sketches/harry-clarke_tales-of-mystery-and-imagination-by-edgar-allan-poe-1923-6.jpg,sketch,1,harry-clarke,train,77879aa39f2e1acc97db2486fce0115f12730aa8a4465dbaab48ad22152d5077,eeca31f0ca2cda85
data/private/sketchnet/sketches/harry-clarke_tales-of-mystery-and-imagination-by-edgar-allan-poe-1923-7.jpg,sketch,1,harry-clarke,train,e0a1a29a6b7e8c582ace669eaa369d5a3c8187a906d8d0b6870eb8636009c923,af79944a9c4bc13c
data/private/sketchnet/sketches/harry-clarke_tales-of-mystery-and-imagination-by-edgar-allan-poe-1923-8.jpg,sketch,1,harry-clarke,train,92858fcd9fee1cc0b0d4d3393f4ae847e663a0bddbd87364a48c092115ce1499,cf85377ac094b1b8
data/private/sketchnet/sketches/harry-clarke_tales-of-mystery-and-imagination-by-edgar-allan-poe-1923-9.jpg,sketch,1,harry-clarke,train,fc909490438611c5a4a3318c8456c95c7478991c5d1da1a799a65471facd1171,af2c585bbc0486f6
data/private/sketchnet/sketches/harry-clarke_tales-of-mystery-and-imagination-by-edgar-allan-poe-1923.jpg,sketch,1,harry-clarke,train,012ca8d231d695405cf9bbf8efc93f035fee4945d56d4d372f193cc64b781e3b,beb76148dad96902
data/private/sketchnet/sketches/harry-clarke_the-year-s-at-the-spring-1920-10.jpg,sketch,1,harry-clarke,train,18fa1b71d2be73bcaf1a13f59894d135528c3b86373c02b9126e538650702dd8,e2972c4ab568d335
data/private/sketchnet/sketches/harry-clarke_the-year-s-at-the-spring-1920-11.jpg,sketch,1,harry-clarke,train,69705e70f0498105b0096f349fc80b9875174fa919d8b3e70bba2be0d588fa26,ab698cb1954c7696
data/private/sketchnet/sketches/harry-clarke_the-year-s-at-the-spring-1920-15.jpg,sketch,1,harry-clarke,train,ff48219e6e6814c570c6ecadecc5c48c0adcda55b89d7182a4e88cfe3c0f068c,9ee5681ead329417
data/private/sketchnet/sketches/harry-clarke_the-year-s-at-the-spring-1920-16.jpg,sketch,1,harry-clarke,train,7980e41a42e9256c25c208fc28e9371ffde03c678023878d74f8802e0030644f,90c56bb84771bc47
data/private/sketchnet/sketches/harry-clarke_the-year-s-at-the-spring-1920-17.jpg,sketch,1,harry-clarke,train,f3c2b178837ff78dcd12afc3e47a28ba8d8e6843e0cf513b1c5b5d57fdfa21ac,a6d04ba5b45aa76c
data/private/sketchnet/sketches/harry-clarke_the-year-s-at-the-spring-1920-18.jpg,sketch,1,harry-clarke,train,e342df1e140a7bd59736a60943376ea8c274d13d72bbdbc7f46fa152cbf819f9,da85bd6a4e52e704
data/private/sketchnet/sketches/harry-clarke_the-year-s-at-the-spring-1920-19.jpg,sketch,1,harry-clarke,train,1a14b842ad533e031381e985bc6403d757fdaa2efe30239766df8829ffffad68,bbb1904e0ecdcdd0
data/private/sketchnet/sketches/harry-clarke_the-year-s-at-the-spring-1920-2.jpg,sketch,1,harry-clarke,train,dff75cfc5bdcda24d828d4c9d7c68fe8996f55196604707cd3a17488656c2ef2,bb219c5ce18b9c9a
data/private/sketchnet/sketches/harry-clarke_the-year-s-at-the-spring-1920-22.jpg,sketch,1,harry-clarke,train,bddeacab2c9e85bb1c47d3c8432716f564a8bf3b135958196b55c66f80bb20c6,fb99c0338e4e85ca
data/private/sketchnet/sketches/harry-clarke_the-year-s-at-the-spring-1920-23.jpg,sketch,1,harry-clarke,train,0c7f992a8dd92c5bed7ce7c48a6132fad321778ece4e6431c4fa573cfe3dbb49,eab3c14c9c99cd38
data/private/sketchnet/sketches/harry-clarke_the-year-s-at-the-spring-1920-26.jpg,sketch,1,harry-clarke,train,86b39af182fe98dfabea05e2ffe9ea38e063c2e9135e3e3ee4e273496ffd7ab2,abe916e419d826e9
data/private/sketchnet/sketches/harry-clarke_the-year-s-at-the-spring-1920-27.jpg,sketch,1,harry-clarke,train,ce5101d8d1bb31cdf2a85aaae16e6718234c0ea4bfef875b8a99b13f50b87177,b1b8cca643a153bd
data/private/sketchnet/sketches/harry-clarke_the-year-s-at-the-spring-1920-29.jpg,sketch,1,harry-clarke,train,609eb4ac2c79d031e8b473b40c10a0fbb5b22113fd4ba16a72ec1e4a4010c703,a3e64d99e63cd00b
data/private/sketchnet/sketches/harry-clarke_the-year-s-at-the-spring-1920-3.jpg,sketch,1,harry-clarke,train,647bfc3bdabc13c9f6ef1fecdc2607fff42ac6ad8acf25bb49c5635cf9c6389a,b6c31c89768dd16c
data/private/sketchnet/sketches/harry-clarke_the-year-s-at-the-spring-1920-30.jpg,sketch,1,harry-clarke,train,6f6b11a8974923a629ab5d7c9bb336b8b0d4819e2cb3f669324c11eccbbdf4b0,eec2b13dc03c36c6
data/private/sketchnet/sketches/harry-clarke_the-year-s-at-the-spring-1920-31.jpg,sketch,1,harry-clarke,train,ca94da8cdb1dcd859417c866c113d2191c50fbc18bc100dadb5884657d2d3325,83b548923dda2fcc
data/private/sketchnet/sketches/harry-clarke_the-year-s-at-the-spring-1920-32.jpg,sketch,1,harry-clarke,train,7278a5bd968931183fac1adbad35f5a392d92ae41f79b3778426e50b39422cb2,b3874c1fb9608337
data/private/sketchnet/sketches/harry-clarke_the-year-s-at-the-spring-1920-33.jpg,sketch,1,harry-clarke,train,6d923b32d53f7e74ef8cc2930c5fbb3927aa9e717bfae04886bcc3874fdccbdf,b28ec221addad4ec
data/private/sketchnet/sketches/harry-clarke_the-year-s-at-the-spring-1920-34.jpg,sketch,1,harry-clarke,train,20e30f823a5170809eb5996cfb8b59bce29d31f867883bd5e7c6fb9893e180d0,ead9953ec0618f32
data/private/sketchnet/sketches/harry-clarke_the-year-s-at-the-spring-1920-35.jpg,sketch,1,harry-clarke,train,a7105047aaadd6a3ed4c69158a4854e9aa8458d6e14e3fc3575998065ce0aad3,be30e14b96b5ca4a
data/private/sketchnet/sketches/harry-clarke_the-year-s-at-the-spring-1920-5.jpg,sketch,1,harry-clarke,train,ba72c229a7c6ed76a096089f16d0029edd01c1491059d67daf71a167d06d2606,fa95856a1c3ac137
data/private/sketchnet/sketches/harry-clarke_the-year-s-at-the-spring-1920-6.jpg,sketch,1,harry-clarke,train,d26d3c861ad73be61ebb85004a040035aeae7928b61f53694da45f2380774ddb,acc5c14f9b34cd62
data/private/sketchnet/sketches/harry-clarke_the-year-s-at-the-spring-1920-7.jpg,sketch,1,harry-clarke,train,cb4550a5bd637ac77303de686c313b2ca2f0b34827776b761ab6967100807145,bec09527cbe8b505
data/private/sketchnet/sketches/harry-clarke_the-year-s-at-the-spring-1920-8.jpg,sketch,1,harry-clarke,train,a8c95d9cc7ac052d8dd72447124a37e7c436ba246576d6a1711153f96dd89a11,bfe1f10eccb3840c
data/private/sketchnet/sketches/harry-clarke_the-year-s-at-the-spring-1920-9.jpg,sketch,1,harry-clarke,train,303a5bf83dd996cbe6e088d3c58195850d87b9d3032b106e28b300d69f12fad0,9f84ec4ed93992c2
data/private/sketchnet/sketches/ilya-mashkov_portrait-1943.jpg,sketch,1,ilya-mashkov,train,06a6ee4e9c64d4d5c9cb1fc1e10dc7f4b376a17a324c8b3ef088499dff67013d,fc9ccb2393c3261a
data/private/sketchnet/sketches/ilya-mashkov_radish-1942.jpg,sketch,1,ilya-mashkov,train,1ddb1f07022a1a7ecd884a02fcd86678b56ef68bdfff02422d0565b16d4787bb,82ca09bd7ac7b54a
data/private/sketchnet/sketches/ilya-mashkov_the-head-of-laocoon-1900.jpg,sketch,1,ilya-mashkov,train,122703a169f4b9478dd55fe1c715858dddd5a2fb5e7ac8e2611a686babd2e78f,b00f07f04fce3ec2
data/private/sketchnet/sketches/ilya-repin_a-woman-in-a-cap.jpg,sketch,1,ilya-repin,train,a0e7bff37336a7b52728bca43dccfce71c4b0d3476e13ab4d97f66e68ba5df52,eb3eb0e0b091c7c6
data/private/sketchnet/sketches/ilya-repin_ada-girl-1882.jpg,sketch,1,ilya-repin,train,4990d36e04c7b272a1c9aeac7b8d3f7d098e3e764ebacd5e46793efe5a7313c9,f493cb659830e6c5
data/private/sketchnet/sketches/ilya-repin_at-dominic-s-1887.jpg,sketch,1,ilya-repin,train,3c85d89ee95a42805116b9c668c32ff606078b8216e0fb44bebfacd17ed0c1cf,c94d8751e5dad886
data/private/sketchnet/sketches/ilya-repin_betrayal-in-the-garden-of-gethsemane-1888.jpg,sketch,1,ilya-repin,train,2a923aa54e20a9160a54c4a3fbb7da5ac4d284a06b8d2c8893b02781cc8d1273,a9248f40ccff69c3
data/private/sketchnet/sketches/ilya-repin_cavalcade-in-abramtzevo-1879.jpg,sketch,1,ilya-repin,train,b8bbcc4f0d2a03258a40a9a82571b9bc9ec3a7d46ab10edbae8d7436dbcfd7c2,ef9c900b672545bc
data/private/sketchnet/sketches/ivan-bilibin_illustration-for-the-poem-the-tale-of-the-fisherman-and-the-fish-by-alexander-pushkin(1).jpg,sketch,1,ivan-bilibin,train,3395672543eb9bddf912c7a91fe200fa141971ee324df02c520e1cf9b1439026,c05e3d4ada61cb72
data/private/sketchnet/sketches/ivan-bilibin_illustration-for-the-poem-the-tale-of-the-golden-cockerel-by-alexander-pushkin-1910(1).jpg,sketch,1,ivan-bilibin,train,30905ea957765ecd55a2ed3759e835f18aa7ef00ebe3f6def3283453f23a13df,b60e72c099319bf3
data/private/sketchnet/sketches/ivan-bilibin_illustration-for-the-poem-two-crow-by-alexander-pushkin-1910(1).jpg,sketch,1,ivan-bilibin,train,32cdc27ef116e51dfb91d5a9582251e41402f2d9168b49d04c40a8cc9cc138cf,ea6a1c95b406e64f
data/private/sketchnet/sketches/ivan-bilibin_illustration-for-the-russian-fairy-story-the-frog-princess-1901(1).jpg,sketch,1,ivan-bilibin,train,6f80bdab8bcb7aca292c77b57d1257fbad9e0692fe963eedd13257620a9f2b09,f87085ce6e3499c9
data/private/sketchnet/sketches/ivan-bilibin_illustration-for-the-russian-fairy-story-the-frog-princess-1901-1.jpg,sketch,1,ivan-bilibin,train,87e7b94415e4dcba355c0916bac4030269f27782f98f70b18ba9fb312633af34,e62699996696d964
data/private/sketchnet/sketches/jackson-pollock_number-29-1950.jpg,sketch,1,jackson-pollock,val,479fd8300bea9061db9bbf547ca31278c2846b21bfa123a5b91e542ada3b9b86,ab80dc6c901fed33
data/private/sketchnet/sketches/james-tissot_men-or-women-of-the-day-no-300-caricature-of-don-manuel-rances-y-villanueva.jpg,sketch,1,james-tissot,train,ef8ba45238b51c4b9ed79658e9fb463e46702ce82f4f7aaac770de65865b9c9e,edc6c6399a6190cb
data/private/sketchnet/sketches/james-tissot_men-or-women-of-the-day-no-310-caricature-of-the-duke-of-saldanha.jpg,sketch,1,james-tissot,train,8709a0347f51424dc1b36add9352fd2306fdd4197178baba1bf0950b6d4095fa,bf90e0e79a1961b4
data/private/sketchnet/sketches/james-tissot_out-building-of-the-armenian-convent-jerusalem-illustration-from-the-life-of-our-lord-jesus.jpg,sketch,1,james-tissot,train,c0d57ed29f087b4425e301985db3d4f7c50e117870982d72c43b96ddee062973,c7629909fa069d9b
data/private/sketchnet/sketches/james-tissot_phoenician-capital-1889.jpg,sketch,1,james-tissot,train,19621a86905f96c066ebaa29a650108e3b5bc5de874109a8fc6fcb4f58a1c735,e72e9a336cf0a0c5
data/private/sketchnet/sketches/james-tissot_portrait-of-m-b.jpg,sketch,1,james-tissot,train,9cc84b65a17ecbce84547dbff940430325489e74d82e605a068adf67b7b10436,88f5f30ebcc00bb9
data/private/sketchnet/sketches/james-tissot_portrait-of-woman.jpg,sketch,1,james-tissot,train,9136c5860295787cbc7b82ad875035b03a845416ff6f176a7aa1632749a46c3a,a1f88e86ccca995b
data/private/sketchnet/sketches/jan-sluyters_two-nudes-in-studio.jpg,sketch,1,jan-sluyters,val,34de41c16e17c4f9966b6e84c54b151fa818b4155c49a82b82397c6e6033d38a,8fd4d82fc16ae283
data/private/sketchnet/sketches/jean-david_children.jpg,sketch,1,jean-david,train,03995c0ac029a00b09f7a9f73cb42ee533e52215428914f983aab0808c6dd514,abc3873ccb3d8826
data/private/sketchnet/sketches/jean-david_figure(1).jpg,sketch,1,jean-david,train,8cc718036ba45beafc5ab3ee22e658d15310d811d85f755c53bfdd8a870095a3,ee6a1995859a9a1b
data/private/sketchnet/sketches/jean-dubuffet_landscape-of-algeria.jpg,sketch,1,jean-dubuffet,train,4ec50a3bcc06c12b1870f9eeb2aed12196cb3846bbc66db02f702133b7b2e704,98bb9744ec50ef22
data/private/sketchnet/sketches/jean-dubuffet_portrait-of-armand-salacrou.jpg,sketch,1,jean-dubuffet,train,cb250ed579797ae933aa103fb2586d5369993bcd8420286de5c79236932114cc,b030d947c7cfcc8c
data/private/sketchnet/sketches/jean-fautrier_nu-couch-1944.jpg,sketch,1,jean-fautrier,val,7168179f2032615b15ef12da9e7f15f16385f135e3e1010e66a3e0a79fa27887,fe22c3472c78d287
data/private/sketchnet/sketches/jean-helion_leland-bell-reading-i-1951.jpg,sketch,1,jean-helion,val,d5a430ffbb08448ce962e81ec5afd93e8c443aefa2fdcfa088bff9603ccaab24,b83cccc1c9664f36
data/private/sketchnet/sketches/juan-gris_portrait-daniel-henry-kahnweiler-1921.jpg,sketch,1,juan-gris,train,a9c7a81d7cf12c7bee0a7a6917066e969fd2a0edf0bd9306cc30a4909432464a,ba578da5c85a6664
data/private/sketchnet/sketches/jury-annenkov_illustration-to-aleksander-blok-s-poem-the-twelve-1918-4.jpg,sketch,1,jury-annenkov,train,64dfa79188aac581719f3c64bd57522857722ca2811e321d9e6318837970cb7a,df3ce143336806b6
data/private/sketchnet/sketches/jury-annenkov_illustration-to-aleksander-blok-s-poem-the-twelve-1918-5.jpg,sketch,1,jury-annenkov,train,8b47fd5b643bcc0b7e4a1f730272c152a1e4334e5a3fa6ad1a53debc1945c295,ed6de062952785e8
data/private/sketchnet/sketches/jury-annenkov_illustration-to-aleksander-blok-s-poem-the-twelve-1918-6.jpg,sketch,1,jury-annenkov,train,8cbfd704e236fe18ade04f7e45c5b3d073c2b9baf7ce9e1d71ff91e49ab1bdee,a9c9bef69e920909
data/private/sketchnet/sketches/jury-annenkov_illustration-to-aleksander-blok-s-poem-the-twelve-1918.jpg,sketch,1,jury-annenkov,train,0ba2ba3814547674a842806514499cfdc71074526995bd8c46c651c45b72a8d4,9f1f8d4e5eb18940
data/private/sketchnet/sketches/jury-annenkov_maurice-ravel-1932.jpg,sketch,1,jury-annenkov,train,f73e600626984bf88fdfb9bc9c45c8d70e7327566760eb498b2659767e45e843,bf1bd2d0e0646972
data/private/sketchnet/sketches/jury-annenkov_portrait-of-elena-annenkova-1917.jpg,sketch,1,jury-annenkov,train,0edbbfa9244c4dae6e1a8ad1ad8b45551cefdcfabc57d79133441de036b3d582,caf707c311169e5a
data/private/sketchnet/sketches/jury-annenkov_portrait-of-kamenev-1926.jpg,sketch,1,jury-annenkov,train,48534b43540cf46247585f5586bd863c42818750688105d0df1c4528b6a24acb,e1698c1eb6b29b86
data/private/sketchnet/sketches/jury-annenkov_portrait-of-poet-anna-akhmatova-1921.jpg,sketch,1,jury-annenkov,train,b50a9de488740a0ad557b7fddf3d5505709233cec7191d7d44a42f3327c259ce,aa6c1695cd931e99
data/private/sketchnet/sketches/jury-annenkov_portrait-of-poet-boris-pasternak-1921.jpg,sketch,1,jury-annenkov,train,50d8af6850c65773ce1c77880054d77e53aebf8dc1c8c1c954e27a14a686207f,bd3f3061c096c5cb
data/private/sketchnet/sketches/jury-annenkov_portrait-of-trotsky-1926.jpg,sketch,1,jury-annenkov,train,1451aec94d3e9f1a50f7222a3415d39f9d9ee0a205d48cd37eeee363a95ee956,b939c2c6c48c9f8b
data/private/sketchnet/sketches/jury-annenkov_portrait-of-zinoviev-1926.jpg,sketch,1,jury-annenkov,train,8bccbfb7c828edc29bbef9fae13167de6c0fc8e57e0a3d2ccd177734285fedae,e868b4b5da92c2cb
data/private/sketchnet/sketches/jury-annenkov_sergei-yesenin-russian-poet-1923.jpg,sketch,1,jury-annenkov,train,d7e5276a7f95bb5f616c0666bb44a0f9a29c14e2925d7efd3661472e913ca155,ab2bf0f60ea1c0d6
data/private/sketchnet/sketches/jury-annenkov_spire-and-trees-1945.jpg,sketch,1,jury-annenkov,train,05433ee9d3b3d5547a637cf0a81ae44e8b79f37a76b1c16d6338bbea512d0958,ec299392f2f40da5
data/private/sketchnet/sketches/jury-annenkov_the-intellectual.jpg,sketch,1,jury-annenkov,train,294c97ebb71b4a6a52d1856d3b8e5cb184c8b2b6676a2a9387a9d1108b1d5fff,eb61949f983c681b
data/private/sketchnet/sketches/jury-annenkov_vladimir-mayakovsky.jpg,sketch,1,jury-annenkov,train,a03f8dd625076051cbf1329b3f4114d3d7296e98e0e53c47f3b345480ff8eb4d,a7807ec9139ef036
data/private/sketchnet/sketches/karl-bryullov_portrait-of-a-man-from-the-tittoni-s-family(1).jpg,sketch,1,karl-bryullov,train,a0f6c581332d9968e43db5157e65659d732445c67c44d76566a2bdf23d3000a7,a0f7936e49911ed8
data/private/sketchnet/sketches/karl-bryullov_portrait-of-a-young-woman-embroidering-1832(1).jpg,sketch,1,karl-bryullov,train,d7afd7321d5082bba54de4aa8f3c3e85c86b4b1d56b2c4782271b15e19d32cd7,fc38a4c3e3083e2f
data/private/sketchnet/sketches/karl-bryullov_portrait-of-alexander-bruloff(1).jpg,sketch,1,karl-bryullov,train,d88fefe8ef210f5637c02debda614f2423553acf2a51cefe12345f5620ed4da4,e6329999cfcc9c30
data/private/sketchnet/sketches/karl-bryullov_portrait-of-an-unknown-woman-in-a-turban(1).jpg,sketch,1,karl-bryullov,train,75c3e4718f9beb45d1bc8e469b1925b704aef407806be925c74a4e3d9d077ab6,a4269b99da66659a
data/private/sketchnet/sketches/karl-bryullov_portrait-of-f-a-bruni-1828.jpg,sketch,1,karl-bryullov,train,533cd08786e8570814d2a68d34893a22111ff165417a92a6567759e9910c09ea,f2248c9bcbcd991c
data/private/sketchnet/sketches/karl-bryullov_portrait-of-f-d-gverazzi-1830.jpg,sketch,1,karl-bryullov,train,030be729c61aa4299f96dfc30c47089a2fadb421690dd234fee4963a6a678ab9,e4e49b1ac8999bd8
data/private/sketchnet/sketches/karl-bryullov_portrait-of-grand-duchess-maria-nikolaevna.jpg,sketch,1,karl-bryullov,train,3b4fba4e541974fa9278c76037ae5f707057089cee905e7e9e33d1e1efcb5c16,e5259a92996d6566
data/private/sketchnet/sketches/karl-bryullov_portrait-of-grand-duchess-olga-nikolaevna.jpg,sketch,1,karl-bryullov,train,7b476567c1c95e389c6408d1ee8a784758d5067e011e01315108b5d04ade671f,e1718e8639396dc6
data/private/sketchnet/sketches/karl-bryullov_portrait-of-maria-kikina-as-a-child-1820.jpg,sketch,1,karl-bryullov,train,8c7f80367a5701a42eaa16be2334d892b8e987ebf21efd2fade8e9ef33c864b3,f236327b91c38b89
data/private/sketchnet/sketches/karl-bryullov_portrait-of-p-sokolova-the-artist-s-sister.jpg,sketch,1,karl-bryullov,train,94b7387c83aa533a5a3681e967acec81595fd343d1e9f4e1faf9aa45dcc620d4,aaf1950dc3c9ce2c
data/private/sketchnet/sketches/karl-bryullov_portrait-of-p-v-basin-1.jpg,sketch,1,karl-bryullov,train,b460a989e219877f5d675c957a9cbcb3b7a7bebdfd91cac0a6d06e7888189aa9,e4919b6e919b4cb4
data/private/sketchnet/sketches/kathe-kollwitz_bread-1924.jpg,sketch,1,kathe-kollwitz,train,0df5720d2a9c955d98935d76de6fb9402044ebefba22e915f3ea8c7621484321,bc36970f52d039b8
data/private/sketchnet/sketches/kathe-kollwitz_germany-s-children-starve-1924.jpg,sketch,1,kathe-kollwitz,train,8ae93780fc6d2c6eccf5a1a06ad3fe518cb3472c9bd10b63103e24eefce4bfd9,be48d127c9f49187
data/private/sketchnet/sketches/kathe-kollwitz_not_detected_235963.jpg,sketch,1,kathe-kollwitz,train,b5fcfa42bf5184c75e1870f16b51bc87ba54b0261fff47ce88bf300a62334929,ee3fd0319cc0e29c
data/private/sketchnet/sketches/kathe-kollwitz_not_detected_235964.jpg,sketch,1,kathe-kollwitz,train,f1846c3112f8a2927bf9f8c466bac089d73002d7e4dccc78d27c16fe9267cbcb,ff51a63c9989c322
data/private/sketchnet/sketches/kathe-kollwitz_not_detected_235965.jpg,sketch,1,kathe-kollwitz,train,446a562259585d2c10d771ffe4c87f16cae6452c5ea72e3e0d80d01e477dda46,aa62b12fce3d5892
data/private/sketchnet/sketches/kathe-kollwitz_not_detected_235966.jpg,sketch,1,kathe-kollwitz,train,249f108071db3ad1be9f208c0bac6a4a68c16be177fbd4598cd0bd4539f49726,f2a29535cb93701b
data/private/sketchnet/sketches/kathe-kollwitz_not_detected_235967.jpg,sketch,1,kathe-kollwitz,train,bbe6520dfe1d636baa5c1a099ed6ad6c35b847be437214b68ce898ee96df5297,b093c998ce4ccf63
data/private/sketchnet/sketches/kathe-kollwitz_not_detected_235968.jpg,sketch,1,kathe-kollwitz,train,5f9e3b471d7b7beb5bad1aebda5fadee14404a92750477452400ebac7e079de9,8addcecc8536a28b
data/private/sketchnet/sketches/kathe-kollwitz_not_detected_235969.jpg,sketch,1,kathe-kollwitz,train,5c441a1897381d1ca7f5be2639807af583e97916fe51fd870378370be1af77c4,c834c373b65d9847
data/private/sketchnet/sketches/kathe-kollwitz_not_detected_235970.jpg,sketch,1,kathe-kollwitz,train,e62515153a331561e92587845cfc42692bd4dbbf2aa219097da97adfbce6e2e7,b1f18f1ec30c9cc9
data/private/sketchnet/sketches/kathe-kollwitz_not_detected_235972.jpg,sketch,1,kathe-kollwitz,train,490a4ca7a0628dd5a9f2f5800b1eef9e03a632f78a0f30525d4b3f57975116a7,bb48ef19986f4123
data/private/sketchnet/sketches/kathe-kollwitz_not_detected_235973.jpg,sketch,1,kathe-kollwitz,train,02241116eba690e8029e27e62c1e1e43e0ff33a5a5e1e5bb86779564e5392655,d23dc5a52dc429d6
data/private/sketchnet/sketches/kathe-kollwitz_not_detected_235974.jpg,sketch,1,kathe-kollwitz,train,6eebe447ddad13aafd9517f79f28a64f1f3c5e87fb3299b672c4ccc595a6db55,dada25e1a137dc12
data/private/sketchnet/sketches/kathe-kollwitz_not_detected_235975.jpg,sketch,1,kathe-kollwitz,train,3995d1b7586829a2759af2d33f3f39787a2b65733025a6db0f31c41942029bd6,bf2fc0dcc2310fc2
data/private/sketchnet/sketches/kathe-kollwitz_not_detected_235976.jpg,sketch,1,kathe-kollwitz,train,e8e8fbc22fbf36035e786bd20a3f08f0608b27e1c81b3682738290d0562994d0,fca39174c32ec598
data/private/sketchnet/sketches/kathe-kollwitz_not_detected_235977.jpg,sketch,1,kathe-kollwitz,train,a16eb6e69ae9d87b3dba0bced59394b25ec8cd9807dab9e792abd6c9b6f494a6,e28d9736d9e85c42
data/private/sketchnet/sketches/kathe-kollwitz_not_detected_235978.jpg,sketch,1,kathe-kollwitz,train,da8cd7d05014fcf3558fc2ae937805d4b98aa973c76218f354ac30eee2611d3b,fe708e87a227c25a
data/private/sketchnet/sketches/kathe-kollwitz_not_detected_235979.jpg,sketch,1,kathe-kollwitz,train,c854f60c2493dd689de79c2b7847ee4a25d68a87fd7ad1a33907a9af2dbf3a43,db84c45baa2e8c2f
data/private/sketchnet/sketches/kathe-kollwitz_not_detected_235980.jpg,sketch,1,kathe-kollwitz,train,0d125a62dfcf2f90a63c519f01cade39a0115520a7981d54b26ac6fe40281f12,f51ce07892639ae3
data/private/sketchnet/sketches/kathe-kollwitz_not_detected_235982.jpg,sketch,1,kathe-kollwitz,train,34ce91de5103d4d5025912dbfc3bb92097b0504069341fbb83f417cc50eb25b6,e9e5873e941a9859
data/private/sketchnet/sketches/kathe-kollwitz_not_detected_235983.jpg,sketch,1,kathe-kollwitz,train,8a4e9febc1892eb11e2e9503e65c8569e4c6f612eb0d6ba2869dd329ea71a7bb,9768f923dc92e90c
data/private/sketchnet/sketches/kathe-kollwitz_not_detected_235984.jpg,sketch,1,kathe-kollwitz,train,9e5514c59a16639d03db09c0bb7c06474e199442a43ea139ea802cc82a6cbfe2,ee85c5e2078fcc2c
data/private/sketchnet/sketches/kathe-kollwitz_not_detected_235985.jpg,sketch,1,kathe-kollwitz,train,80c9b6a58b8ebc8c66346853c898f0843790b5c73f1cf181eb2c69aff406200e,eee39590e2c09b17
data/private/sketchnet/sketches/kathe-kollwitz_not_detected_235986.jpg,sketch,1,kathe-kollwitz,train,e80ee341b6cc575d2d9643f6b0054fcf1d2a614600d60cf130eaa5c5436737c8,99e4939a6f524c53
data/private/sketchnet/sketches/kathe-kollwitz_not_detected_235987.jpg,sketch,1,kathe-kollwitz,train,527c8fd1eaf8f6d8c590bfa7955b99bd1c4dc5692200826b9ee18cf5a7281e9d,e6a0f933c45c39ac
data/private/sketchnet/sketches/kathe-kollwitz_not_detected_235988.jpg,sketch,1,kathe-kollwitz,train,71e9a8f21258194fda8ae0540ea4977949eaa8aea9a3c9daaad2154ab68b139a,f84a0fb46bb4f0d0
data/private/sketchnet/sketches/kathe-kollwitz_not_detected_235989.jpg,sketch,1,kathe-kollwitz,train,bfb0c2ff38569810c66612c7998a67eb2062ac8c5cb189589b70b29700aa1325,aebd42c2b584f4e1
data/private/sketchnet/sketches/kathe-kollwitz_not_detected_235990.jpg,sketch,1,kathe-kollwitz,train,ea21ce5af0e1299746856a6a347edc3123175dc3dedb80e2c96c92b3658063cd,ffaca491e4578207
data/private/sketchnet/sketches/kathe-kollwitz_not_detected_235991.jpg,sketch,1,kathe-kollwitz,train,baba56610b4df8dbdde0250013cfa8e017c4fde64f547861a5a9b1e864f82dbd,bb6ecd0ed0c1c435
data/private/sketchnet/sketches/kathe-kollwitz_not_detected_235992.jpg,sketch,1,kathe-kollwitz,train,265f2ea76a3bbb4c2b77ec2f592fcf79b6f443dd433be64e546cf6d08dd7decf,bcbcfc40b930c565
data/private/sketchnet/sketches/kathe-kollwitz_not_detected_235993.jpg,sketch,1,kathe-kollwitz,train,34cdc62d0484cec51a8b473e97ecbb2c1a9d58651d7751ae49e87ed75e360261,aee8c52ed2b4c487
data/private/sketchnet/sketches/kathe-kollwitz_not_detected_235995.jpg,sketch,1,kathe-kollwitz,train,9b017e781d91f1c869719a5e36642703ab5524bcc5d1baada8522b7377713ba0,bf69d02dc098a727
data/private/sketchnet/sketches/kathe-kollwitz_not_detected_235996.jpg,sketch,1,kathe-kollwitz,train,59c06b73fd2149f0280e5e4af2fff438e7ec0a6a881c849a72e4dc5de0d85ffa,fbb1f1448253974a
data/private/sketchnet/sketches/kathe-kollwitz_not_detected_235997.jpg,sketch,1,kathe-kollwitz,train,a2c3c9ff169ff5ebcceb8c493c7878b9c83156b6911ce0a864b8a341076287c2,e5d0922f9b38c536
data/private/sketchnet/sketches/kathe-kollwitz_outbreak-1908.jpg,sketch,1,kathe-kollwitz,train,043682b6a39ec356bf32200197cca847f2d847da9836261f4081362b4836e9f1,f8cca628cc139d9b
data/private/sketchnet/sketches/kathe-kollwitz_revolt-by-the-gates-of-a-park-1897.jpg,sketch,1,kathe-kollwitz,train,e7f1c6d64ee33f9a931c4daaeb65c5748bf83367b9c46d6ab04852dc50e3558d,bab55c38f29d9884
data/private/sketchnet/sketches/kathe-kollwitz_the-end-1897.jpg,sketch,1,kathe-kollwitz,train,019ceebb28820ccbce7fc2acd03eca942136d2ff13c40b88dec3d96e7bf009d7,bab0ad476b6dc860
data/private/sketchnet/sketches/kathe-kollwitz_the-march-of-the-weavers-in-berlin-1897.jpg,sketch,1,kathe-kollwitz,train,d1c0c0e9ac3c89ff725037de8009ec61fc3b7c13614fa87aaa4922ba794796a2,e299e76a251a5565
data/private/sketchnet/sketches/kathe-kollwitz_the-prisoners-1908.jpg,sketch,1,kathe-kollwitz,train,c0aba4fa715ee6a2cd114874fb6e684c2d33e40ab1e79a59b12c0bc2baaa86d4,aed4d061a3d69789
data/private/sketchnet/sketches/kathe-kollwitz_whetting-the-scythe.jpg,sketch,1,kathe-kollwitz,train,11ce19ee49b0d76f775fb08dfa593051513629818fb759cfec864bcfd0f1ea45,f8a83e62273bf0c1
data/private/sketchnet/sketches/katsushika-hokusai_kappa.jpg,sketch,1,katsushika-hokusai,train,1212a1fcb06744252f1738a6a59bfa6c49d1320d1e34966fcfd29d269f6294fe,e8c6bf61853c9037
data/private/sketchnet/sketches/katsushika-hokusai_kuwana-4.jpg,sketch,1,katsushika-hokusai,train,d2db8cacc895aeffd4bea1fa8d7f8cd6ed8ea14ec4a7e0249e4827ae34404966,ebb47c4e8184c66b
data/private/sketchnet/sketches/katsushika-hokusai_kuwana.jpg,sketch,1,katsushika-hokusai,train,b8f9ed975e062879653a08f1c67afe0924cb0410d6d6e1cf78205b4ead3653df,95c442bf68921f6e
data/private/sketchnet/sketches/katsushika-hokusai_manga-1.jpg,sketch,1,katsushika-hokusai,train,99a64f57bd0b7a904c4830e83b19d4ab387b161c784472210d1202237dc6fc94,d56c30643393d637
data/private/sketchnet/sketches/katsushika-hokusai_manga-10.jpg,sketch,1,katsushika-hokusai,train,78fb3305947f8d34d5a140cc74f157861d5d4f19b0f49ce9e7249e6898a8e7f9,e26295bc919993e6
data/private/sketchnet/sketches/katsushika-hokusai_manga-11.jpg,sketch,1,katsushika-hokusai,train,890824f38b74343dcdadc3e4042abdafa628fd218b960f8772e60e4043009e08,ab94e0eec68338e9
data/private/sketchnet/sketches/katsushika-hokusai_manga-2.jpg,sketch,1,katsushika-hokusai,train,338e1d2bf68e530d49024533ccd358c654ac531e014ab63cbf93cc2757fc9d55,d13519c5a43bd2e6
data/private/sketchnet/sketches/katsushika-hokusai_manga-3.jpg,sketch,1,katsushika-hokusai,train,c9f8d4def75c60da60406267a53f3969c9dfbf978ffd7c5917670bca1c2d1f35,a8bb744e9763258c
data/private/sketchnet/sketches/katsushika-hokusai_manga-4.jpg,sketch,1,katsushika-hokusai,train,3407409c3873ae1427a60b6c0c1c7e358fd99da104e1aff6b994b59960a3fb7d,a8b9598264d9e576
data/private/sketchnet/sketches/katsushika-hokusai_manga-5.jpg,sketch,1,katsushika-hokusai,train,0073ab891363ba4a387e07dc59dbe1b1703554eaba297f07638023891b57e41e,ff1fdd44900c3643
data/private/sketchnet/sketches/katsushika-hokusai_manga-6.jpg,sketch,1,katsushika-hokusai,train,ecb3395e7eada9c3754703563150e0f2e96810eeaa5e862dddf4f081c9d127f5,ddcdb0c4c438973a
data/private/sketchnet/sketches/katsushika-hokusai_manga-7.jpg,sketch,1,katsushika-hokusai,train,dbdc7f6ab2ba9c259fdb0dbe41b50f558b28807a85b924f51f076a374afd2b5f,aa8dc6b094626b3f
data/private/sketchnet/sketches/katsushika-hokusai_manga-8.jpg,sketch,1,katsushika-hokusai,train,6193a79c911c720694943139282aba9f8fdf41c7804cbe0f9df406aaf94d9fb8,de95a496c2876ed0
data/private/sketchnet/sketches/katsushika-hokusai_manga-9.jpg,sketch,1,katsushika-hokusai,train,1fb0e4cba20871ef999d06ae896f9132094d48fa0e5646591e95bb4a5056fd81,80cbc16c9337cdf1
data/private/sketchnet/sketches/katsushika-hokusai_manga.jpg,sketch,1,katsushika-hokusai,train,88dcedbfa5331acb79a30d098c747d43e3979812f97900fe90d10bbc9da370b3,9b1b25c2f1a4d9c6
data/private/sketchnet/sketches/katsushika-hokusai_mount-fuji-as-seen-from-the-island-tsuku-dajima.jpg,sketch,1,katsushika-hokusai,train,84e3b8b859998dfab6818d1289752482f3a66b47d87a41ce54d3c0cef696a591,95cf40791f6a4972
data/private/sketchnet/sketches/katsushika-hokusai_ningyo.jpg,sketch,1,katsushika-hokusai,train,3b6ebf053985947b0535ff9c33c2497cb03fd0d765575e920312989d15a9fd61,b079b42697cac267
data/private/sketchnet/sketches/kazimir-malevich_arithmetics-1913.jpg,sketch,1,kazimir-malevich,train,3335f548c7eaa035f43045a14252ae054de4375bbc68035faad23bee93650cc1,bcfcd213c1d69911
data/private/sketchnet/sketches/kazimir-malevich_green-and-black-1913.jpg,sketch,1,kazimir-malevich,train,7f4bd74c772658023057f9e0a6904b1f003e66e3dcd04c4bb3e94f76fc8f6ac8,ea12da649585e99b
data/private/sketchnet/sketches/kazimir-malevich_not_detected_219727-1913.jpg,sketch,1,kazimir-malevich,train,2b9130afe84c407c429944f969687bbd51638b12acce9e036718f209d49b062b,be71c90ec4d13732
data/private/sketchnet/sketches/kazimir-malevich_sketch-for-a-portrait-of-ivan-klyun.jpg,sketch,1,kazimir-malevich,train,cfcfd2f74f350810840cbd0103ffce0fe12c95a4db68b508684491a9b4d24881,800459dbeadb393b
data/private/sketchnet/sketches/kazimir-malevich_two-and-a-pushcart-1911.jpg,sketch,1,kazimir-malevich,train,0276ff6502dbc172760421980bda7181845c37de61d862a5db558a8addcffa77,affad0a9c046d227
data/private/sketchnet/sketches/konstantin-somov_girl-olia-1.jpg,sketch,1,konstantin-somov,val,42a1275f9f078a4e99a577f0cf61e1b7fa49e0df5227713ff4c7f962fd2c6769,b878c7c32dcc9313
data/private/sketchnet/sketches/konstantin-somov_girl-olia-2.jpg,sketch,1,konstantin-somov,val,64997d7aa666732b62c7c875b6c35abae7daf7bcb6b7126a573be0088d01eba0,bc3c3879c5c3c1e1
data/private/sketchnet/sketches/konstantin-somov_goethe-muse-and-cupid.jpg,sketch,1,konstantin-somov,val,e90fa6eca528df0cc57f8d4831593951c42f64bdfbbe56e24eb43da6c3d5a238,9863273d6aa06ecd
data/private/sketchnet/sketches/konstantin-somov_lady-with-the-dog.jpg,sketch,1,konstantin-somov,val,baa3e13268241cfa07ca836315bbb5ae88fde140a8c53d40320bf8efc63429c0,e06b2ea4ff183c2c
data/private/sketchnet/sketches/konstantin-somov_lady.jpg,sketch,1,konstantin-somov,val,b765bb770a2e54457f989ce7ccc79e247c4a4a1c176bee49433ab7dbfe934460,b33333c3c78c9c8c
data/private/sketchnet/sketches/leonardo-da-vinci_design-for-a-giant-crossbow-1482.jpg,sketch,1,leonardo-da-vinci,test,169ac40ceb02347946ec807c8d73336657eb0a515f93135984fe53ab242bdb02,e733990dac6ca60d
data/private/sketchnet/sketches/leonardo-da-vinci_designs-for-a-boat.jpg,sketch,1,leonardo-da-vinci,test,0312de0981ecba76215203794e1d176cdc9cd43dfa9472e902139ed243bb54e1,da2dc3f0bd1e0654
data/private/sketchnet/sketches/leonardo-da-vinci_drawings-of-water-lifting-devices.jpg,sketch,1,leonardo-da-vinci,test,56362c69e7e81ab4e750fa8e6361d479693c37e7b6d9143a1c270e3c0ad7a984,83d3e594dc85e598
data/private/sketchnet/sketches/leonardo-da-vinci_flying-machine.jpg,sketch,1,leonardo-da-vinci,test,9e7cacef075262d95afeb95c55991194c4ef29c586f741a04fa66b7caa36e1f9,af9439d894cbe0e1
data/private/sketchnet/sketches/leonardo-da-vinci_grotesque-profile.jpg,sketch,1,leonardo-da-vinci,test,ed76921d09be4ce2112362a415e0f13d29811874e9833f7bd420d92ff88a7e49,ae8bc0f47f030cf2
data/private/sketchnet/sketches/leonardo-da-vinci_head-of-a-girl.jpg,sketch,1,leonardo-da-vinci,test,291a8ee4a37328eb075c2c800dd1bab5380ea4a72f9e97a8ed2ad1d8d7b02f07,e4ad18db77905c64
data/private/sketchnet/sketches/leonardo-da-vinci_head-of-an-old-man.jpg,sketch,1,leonardo-da-vinci,test,24d3b14f970d70a0592794d069bef868629b5dae792e3591a8b5ea77276ec2c9,bf1ac21083daf5b4
data/private/sketchnet/sketches/leonardo-da-vinci_landscape-drawing-for-santa-maria-della-neve-1473.jpg,sketch,1,leonardo-da-vinci,test,b827633e564e76507dfc3eed7d96568f5f91baddaf23f2090a4f629b7187d1de,a4cadb4997342637
data/private/sketchnet/sketches/leonardo-da-vinci_lily.jpg,sketch,1,leonardo-da-vinci,test,d7da6fa1f046a11385c76991bd280238e4e0b16578f3a77b8f98d313c6faa0b2,b937c2b5c64d4ce0
data/private/sketchnet/sketches/leonardo-da-vinci_multi-barrel-gun.jpg,sketch,1,leonardo-da-vinci,test,8438d7a2e5d97c75e26a29defaa73893fd662220dd55b2a7ac36e72a9fb75084,b065ccb8929fcc72
data/private/sketchnet/sketches/leonardo-da-vinci_one-of-leonardo-da-vinci-s-designs-for-an-ornithopter.jpg,sketch,1,leonardo-da-vinci,test,eaa038bb8b8ca9ed8e40fbffd7f27d7b1d8e64d37f235efee2e7ff970fee5f5e,a0318fcb2fbe4b21
data/private/sketchnet/sketches/leonardo-da-vinci_perspectival-study-of-the-adoration-of-the-magi.jpg,sketch,1,leonardo-da-vinci,test,6a3b932d0cf88e36f5a11919d4cd7d5ea72c6658147f8b172410e8c8cf6719eb,9b9dc646e0e2b1b1
data/private/sketchnet/sketches/leonardo-da-vinci_profile-of-a-warrior-in-helmet.jpg,sketch,1,leonardo-da-vinci,test,e2cd61bc7c7dd291cb55beab30cef78000c5e4943df0f0698cbaf1b427115574,e9c21c95c6d2b52b
data/private/sketchnet/sketches/leonardo-da-vinci_scythed-chariot.jpg,sketch,1,leonardo-da-vinci,test,d925f9242cf99de0f97c5bee580415dac91640e05661c9f58baefe083efd5a6a,d0556ae1a4a53f27
data/private/sketchnet/sketches/leonardo-da-vinci_self-portrait-leonardo-discovered-a-2009-in-leonardo-s-codex-on-the-flight-of-birds.jpg,sketch,1,leonardo-da-vinci,test,593e2078bb17b9c6dd45d3ca07c0b549f6e96cbc8a8351a45de15d045175775b,d0d4eda90a5cbe51
data/private/sketchnet/sketches/leonardo-da-vinci_siege-defenses.jpg,sketch,1,leonardo-da-vinci,test,73670302ba2da047cec6249e566a5c1809dc962e792b210633244d611e9a711d,f689ab8a51929d69
data/private/sketchnet/sketches/leonardo-da-vinci_studies-of-a-bewalking.jpg,sketch,1,leonardo-da-vinci,test,efdcb7492b4ebc15f16eb49c830aeb447cb4a84069d919399bcc8a70493f8888,f2609996e38e3c99
data/private/sketchnet/sketches/leonardo-da-vinci_studies-of-central-plan-buildings-1480.jpg,sketch,1,leonardo-da-vinci,test,68a9bd4121139af27c625e00b3bffa39f11461f81e49fd014d163f6201967049,f5c20df59f483464
data/private/sketchnet/sketches/leonardo-da-vinci_studies-of-human-skull-1489.jpg,sketch,1,leonardo-da-vinci,test,801cce8752c041a9f098f130dea4cb09838f2846fde1b983c2fce2e363fbe86f,eeda99b499e59012
data/private/sketchnet/sketches/leonardo-da-vinci_study-for-the-adoration-of-the-magi.jpg,sketch,1,leonardo-da-vinci,test,d392ab34f00dc4702d7cae0b19f3f386e4a50838ddefebe9e32a005ff9584ceb,c5479bd6a0a96175
data/private/sketchnet/sketches/leonardo-da-vinci_study-for-the-madonna-with-the-fruit-bowl.jpg,sketch,1,leonardo-da-vinci,test,b3915d31838b7807e8adcb326dd54c75412d920677ed8e146bd2d2df6918b61d,e8973c629d6c12ad
data/private/sketchnet/sketches/leonardo-da-vinci_study-of-a-central-church.jpg,sketch,1,leonardo-da-vinci,test,945120ef4c71327e00b7dd0ec5e24b47a758373e1948169db25fba5d23ba5733,ef66940ec29a94e9
data/private/sketchnet/sketches/leonardo-da-vinci_study-of-a-child-with-a-cat.jpg,sketch,1,leonardo-da-vinci,test,1ed94b1f705bedd7ce9ee4a12cb202e9433ae0936a83beb77fdf61015a1194d5,b8e2463cc7d8cc0f
data/private/sketchnet/sketches/leonardo-da-vinci_study-of-hands.jpg,sketch,1,leonardo-da-vinci,test,51115d7dc0af9aded9651b60d9b70202bec526a6df68ad44d0869da256291d7f,b5d133c4873bb4c4
data/private/sketchnet/sketches/leonardo-da-vinci_study-of-nursing-madonna-and-profile-heads.jpg,sketch,1,leonardo-da-vinci,test,6d3d06695d0e379019b6dbcbd9e9a3a6e856cd81061fa1ea48ca341b546bb5b9,b93160ce4fc2de8c
data/private/sketchnet/sketches/leonardo-da-vinci_study-of-the-effect-of-light-on-a-profile-head-facsimile.jpg,sketch,1,leonardo-da-vinci,test,676f696eaa922a8418efce8255eb42f522ed98de25b8543dcabf478074c360b8,afb770f8e0328d22
data/private/sketchnet/sketches/leonardo-da-vinci_study-of-the-hanged-bernardo-di-bandino-baroncelli-assassin-of-giuliano-de-medici-1479.jpg,sketch,1,leonardo-da-vinci,test,789136e19adc47c291936d1e168fb2309bc6ba02dc3368e79b0c245cecb81f27,e93794b29362cdc1
data/private/sketchnet/sketches/leonardo-da-vinci_study-of-the-madonna-and-child-with-a-cat.jpg,sketch,1,leonardo-da-vinci,test,2814c58a7a907bffddf06ee00f803e032ac454c65cb3bdfd79218233c24b4c3d,fa94874bd4619c63
data/private/sketchnet/sketches/leonardo-da-vinci_study-sheet-1478.jpg,sketch,1,leonardo-da-vinci,test,3a678d4c7877ecd6be7966327df7b5a02cf48ab9d614341994e567686d3fffed,9eccf09b0b5e3494
data/private/sketchnet/sketches/leonardo-da-vinci_study.jpg,sketch,1,leonardo-da-vinci,test,2ba909936b8abfe90c5b4d803326763c662069ae36a0f48aee0d4b985da73d6c,9b19f0e4e5df1b00
data/private/sketchnet/sketches/leonardo-da-vinci_the-anatomy-of-a-foot.jpg,sketch,1,leonardo-da-vinci,test,73ed7d2d7f833ebda1ce741a9da4612672c1130bd7ca639bcf56da2b7ffae0e8,ea96b56a9471861d
data/private/sketchnet/sketches/leonardo-da-vinci_woman-s-head.jpg,sketch,1,leonardo-da-vinci,test,63b344691e897c1e249c3163760828527f6aab2d43ecbedda0187902fd13fddd,b1a6d05b4ef1390d
data/private/sketchnet/sketches/luca-signorelli_four-demons-with-a-book.jpg,sketch,1,luca-signorelli,val,082e3ae350dae9f2cae8c69e962709ab7d25f3f6be5163ca96f2a416d840f72f,8591f696cda24f19
data/private/sketchnet/sketches/luca-signorelli_head-of-a-poet-wearing-a-cap.jpg,sketch,1,luca-signorelli,val,1a513d724b5b137e2b421d6863c310c48d6e4511b60be944d2b2cc52c371d803,aa4ad43d817a36f4
data/private/sketchnet/sketches/m.c.-escher_portrait-of-a-bearded-man.jpg,sketch,1,m.c.-escher,train,17d781b07875b99589a74c588ac774e2714928a468c19488c2936e5b20116c6a,bbb43152e52b546c
data/private/sketchnet/sketches/man-ray_untitled.jpg,sketch,1,man-ray,train,57299c8f9c9d63fe158eca66584bb7a6ddffb07ea713e372b1d5860eb8fa4334,fa60b5b1d0a7da12
data/private/sketchnet/sketches/marc-chagall_banquet-at-the-police-chief-s-house.jpg,sketch,1,marc-chagall,train,3bd1142b5c0a56bed2a05c4068339ad4fde0e40baac84172786f26a7afa148aa,fa3d85e21ac5d158
data/private/sketchnet/sketches/marc-chagall_banquet-degenerates-into-brawl.jpg,sketch,1,marc-chagall,train,d2f978396226eccaa7ddb42cfa21911e529c299283ed85dd6896612f684c50b3,d164c83ba59c1ff0
data/private/sketchnet/sketches/marc-chagall_bathsheba-reminds-david-of-his-promise-to-appoint-their-son-solomon-as-king-of-israel-after-him-1956.jpg,sketch,1,marc-chagall,train,c04d1658538ae501bb3137e19f46234fd913b870ac4fddcd18e38f60b10c5dfa,cac6bd19e13ae093
data/private/sketchnet/sketches/marc-chagall_before-the-death-blind-isaac-bless-his-second-son-jacob-rebecca-told-him-to-make-it-for-his-1956.jpg,sketch,1,marc-chagall,train,d3be6c34758a5432869233b611e63f78c8aa1008344ab61ef269fa96926c17d5,ee85b043b93d0c73
data/private/sketchnet/sketches/marc-chagall_biblical-subject-1956.jpg,sketch,1,marc-chagall,train,59b824d22578a14f454f081f16b9f5d919584dd435e19ed2099b2d4f5dc85e9f,ed69c38638b092e7
data/private/sketchnet/sketches/marc-chagall_blue-horse-with-the-couple-1982.jpg,sketch,1,marc-chagall,train,28c57d4616c33f31fe85277ecfec773ee5f1a0cb63192fd64c84629775f55429,fb3697c9c8499c30
data/private/sketchnet/sketches/marc-chagall_bouquet-and-full-moon-1957.jpg,sketch,1,marc-chagall,train,e70a21154a00cd0773c449f9b0f87f5b5a495a7bf4e90121c1a82a1856dbc66a,d10a8260b1bfdef1
data/private/sketchnet/sketches/marc-chagall_bouquet-with-hand-1957.jpg,sketch,1,marc-chagall,train,9d76f44adecb0809bd5bbd6a27a291621e722552ab887301b180fa2ab3f0549c,85e3c61cd9c39678
data/private/sketchnet/sketches/marc-chagall_branch-and-flute-player-1957.jpg,sketch,1,marc-chagall,train,cc71e34c3c84fa29ad343ad85dd62811c5c90cc04c584c9211e556a10fd92526,92793d5b97066c58
data/private/sketchnet/sketches/marc-chagall_bushes-and-angel-sketch-to-vitrage-in-chapelle-des-cordeliers-in-sarrebourg-1976.jpg,sketch,1,marc-chagall,train,f9a4c6d15e1cbd5764e75e4955393ef2f59cdf8d9c82cae3aa06427726b607f2,f6ac89623c9b42b5
data/private/sketchnet/sketches/marc-chagall_bushes-and-birds-sketch-to-vitrage-in-chapelle-des-cordeliers-in-sarrebourg-1976.jpg,sketch,1,marc-chagall,train,40573f54d315689e8f6de01969639763870454efe2df70dc09f69ad79fdfb8ee,f98682399e696996
data/private/sketchnet/sketches/marc-chagall_bushes-and-village-sketch-to-vitrage-in-chapelle-des-cordeliers-in-sarrebourg-1976.jpg,sketch,1,marc-chagall,train,3a784db6a0cbd99f2c3d070b1e47995516bdfc61cb17e3cd532961a9f892b040,d9ac86c2b53c68c7
data/private/sketchnet/sketches/marc-chagall_by-beating-the-philistines-saul-killed-himself-by-his-own-sword-i-samuel-xxxi-2-6.jpg,sketch,1,marc-chagall,train,aaf5343e91c7aac6c27ea66d21107070dac930f0d1b642ef03393f7d953db1f8,b9e0830df656c972
data/private/sketchnet/sketches/marc-chagall_celebration-1982.jpg,sketch,1,marc-chagall,train,a5eb74c683aa88946c88545bab88a2e6114bc5f533d6bfd4d7d7fd991ba179f8,ebc1963ec0b51d62
data/private/sketchnet/sketches/marc-chagall_chapel-du-saillant-1979.jpg,sketch,1,marc-chagall,train,a644c2a249093efd1d42ea1e397f2489ff5d0609cb3032bbc5e926f9746a4474,ed16966d4b923465
data/private/sketchnet/sketches/marc-chagall_chichikov-shaves.jpg,sketch,1,marc-chagall,train,ede9cfa28d5457f907f472808fbb5a47a0c40f0930cad445c61316dbe6fc7d8f,aaa0f03fb4b183da
data/private/sketchnet/sketches/marc-chagall_christ-family-1959.jpg,sketch,1,marc-chagall,train,561af1dd55f7140a39146bfb1fb0b9f89c0c9d8ad142a054b0661821e29d0931,aa49dda68417d732
data/private/sketchnet/sketches/marc-chagall_circumcision-prescribed-by-god-to-abraham-genesis-xvii-10.jpg,sketch,1,marc-chagall,train,efc92d9ff5dc65f66d81cc266f9ae04aa676c598dbb883520737ec96ad4b1394,fe91e2e28736a485
data/private/sketchnet/sketches/marc-chagall_rachel-hides-her-father-s-household-gods-1960.jpg,sketch,1,marc-chagall,train,3acb3c1786df45a90806c3796a88f9a42c03d88cdeb3fd5547c06fb5e2a12e40,bab1e17b862699b0
data/private/sketchnet/sketches/marc-chagall_rebecca-gives-drink-to-the-servant-of-abraham-which-recognizes-the-bride-destined-by-god-to.jpg,sketch,1,marc-chagall,train,caba23e2c5b7223a4f16b30b7dda2c37a38c20735d4673c995b1a64c21d8c8df,b3cc70d0dcf1610f
data/private/sketchnet/sketches/marc-chagall_reconciliation-of-all-creatures-under-the-reign-of-the-justice-promised-by-isaiah-isaiah-xi-5-9.jpg,sketch,1,marc-chagall,train,7a685a2b557d3d0376bfb68c7a2888d36d8beee53efd206f41058fb1c81ca7ce,fa983bab3a58e092
data/private/sketchnet/sketches/marc-chagall_revelations-of-nozdryov.jpg,sketch,1,marc-chagall,train,aad74e7077ed67de1962f5247bba5c6183e23c0f815db86994e2d7b280a9a9e7,afd0a42fd0358d78
data/private/sketchnet/sketches/marc-chagall_samson-kills-a-young-lion-judges-xiv-5-6.jpg,sketch,1,marc-chagall,train,48c2a2b46d58458f1f1d2e7e9ef823b02f923d0a56a025cf5392f120cd54072a,ef92d2489c2dea92
data/private/sketchnet/sketches/marc-chagall_samuel-is-pouring-anointing-oil-to-saul-s-head-in-sign-of-coronation-him-as-king-of-israel-i.jpg,sketch,1,marc-chagall,train,dffa018a49057c8feb794db75f3160c0a019d77a1179cd309c980a43f11cf444,e8a5d25ac985e1c7
data/private/sketchnet/sketches/marc-chagall_self-portrait-1963.jpg,sketch,1,marc-chagall,train,a79763b05ec2a92ca9d3820cf7f5dc8a82f8d211b83da89f846db26c3bf79d39,a9f92d20c471c35f
data/private/sketchnet/sketches/marc-chagall_selifan-interrupts-petrouchka-cleaning.jpg,sketch,1,marc-chagall,train,ded8b8968f512d1ad623730e1682be6c2ce66afbbbfdc1faba39e2ef06a3076e,f346c99f30a0e336
data/private/sketchnet/sketches/max-liebermann_ulrich-von-wilamowitz-moellendorff-1915.jpg,sketch,1,max-liebermann,train,5865b32ead5fef70df3b4829131eea51f9bc110caf56926ef44793e4c6e962ec,ee2c90b297cb8b8c
data/private/sketchnet/sketches/max-liebermann_view-of-the-roofs-of-florence.jpg,sketch,1,max-liebermann,train,04ce0053de59dc089573cc069e5562d0e8be295072168da4936645990594994d,b4d3b5c4698bc932
data/private/sketchnet/sketches/medi-wechsler-dinu_fatme.jpg,sketch,1,medi-wechsler-dinu,val,04e4a58d55cd8460d1955a98493c1a506704fb9ccce96cd5baf4375308fe7423,f5e4798f06380b71
data/private/sketchnet/sketches/medi-wechsler-dinu_medi-and-gheorghe-dinu.jpg,sketch,1,medi-wechsler-dinu,val,af45587ebd20592882d4c371717b81001852631039a693722227289b7fedbcd0,bd5d8a1a9ca38a0f
data/private/sketchnet/sketches/medi-wechsler-dinu_portrait-of-mamut.jpg,sketch,1,medi-wechsler-dinu,val,ea28dcb306c35b97d0bfaca59cec0932341a6f5540620ff254910905c918dadb,f19379334c0f32cc
data/private/sketchnet/sketches/medi-wechsler-dinu_untitled-balchik.jpg,sketch,1,medi-wechsler-dinu,val,c6eaec9f66d51ec23e61f07cdba319207c13cdf71237aa9a45b799bca5d37ff4,d0ce29b4d5cac1e9
data/private/sketchnet/sketches/mikhail-vrubel_mermaid.jpg,sketch,1,mikhail-vrubel,train,6364d08de99e52f6e3e01ce4827d9281e3477e0f313f3f13d256a7f45755d21d,bfbcc15a8ee120c6
data/private/sketchnet/sketches/mikhail-vrubel_portrait-of-nadezhda-zabela-vrubel-1904.jpg,sketch,1,mikhail-vrubel,train,5a2e0bb30d0e26ed61c7cc36d10fd8fa06390088e3132ce954dbf72e7e3d068f,f939e366b0c30f90
data/private/sketchnet/sketches/mikhail-vrubel_self-portrait-1885.jpg,sketch,1,mikhail-vrubel,train,bc4e832d4f89ba2c2c6b15b9d52ddc17c3188f812c72dde424a40740de2d800c,ce42e17a9624b3b9
data/private/sketchnet/sketches/mikhail-vrubel_self-portrait-1904.jpg,sketch,1,mikhail-vrubel,train,292c187c40ca5a347e04de5ebffa3327b74cd84b5da4cc0391dd795ac9886715,adf912e0918ed78c
data/private/sketchnet/sketches/mikhail-vrubel_tamara-and-demon-1891.jpg,sketch,1,mikhail-vrubel,train,d7cfa1cf215b2b792973ae11a99a9902a915044b0420d0e6cb09f0b8b4b3a509,fa699564aad2919a
data/private/sketchnet/sketches/mstislav-dobuzhinsky_vitebsk-circus-1923.jpg,sketch,1,mstislav-dobuzhinsky,train,d760e4659271727b75ed29c76dc4da5b5edb00bfd371b32073071876785975fb,d735e9b520681772
data/private/sketchnet/sketches/mstislav-dobuzhinsky_vitebsk-the-staircase-1923.jpg,sketch,1,mstislav-dobuzhinsky,train,a5364937a3faed72d6902cae33fbffa24d434bda4d40de17deee5715d836bf53,bbc2e4a1caa8873d
data/private/sketchnet/sketches/mstislav-dobuzhinsky_wasteland-on-vasilievsky-island-1922.jpg,sketch,1,mstislav-dobuzhinsky,train,1ac3975acaec93528961e07e27693e4726ede0a5431e9860d2bdefa5acaf5eb6,afb770925e836921
data/private/sketchnet/sketches/nicholas-roerich_ledenets-1919-2.jpg,sketch,1,nicholas-roerich,train,31e4d7289734e90f6c3c4595683298779214c5265e549a68ffed4c854da5f80b,c16b4e9c79c91a5a
data/private/sketchnet/sketches/nicholas-roerich_ledenets-1919.jpg,sketch,1,nicholas-roerich,train,b87e3b043c8ddc509c4132cdcd92f357a1fadf0e646bace0f481f4b8093e42b4,d5a11fc06ec74d8c
data/private/sketchnet/sketches/nicholas-roerich_light-night-1909.jpg,sketch,1,nicholas-roerich,train,f3381ef9486ec47f7a6bfaddffd9abb25b64883ee6608bd8c172dc2ad668e3e7,f491196abc4ce749
data/private/sketchnet/sketches/nicholas-roerich_light-night-castle-of-prince-judas-iscariot-1909.jpg,sketch,1,nicholas-roerich,train,d74192ad9a387838b929f482630cb6b0e33b03df4527c66ed25d1d12e9090761,94998b4a9c6ce5e6
data/private/sketchnet/sketches/nicholas-roerich_maleine-s-room-1913-1.jpg,sketch,1,nicholas-roerich,train,feadd04eec7e80d417bafe10f774b5e8979247c368a2669d5a24cc4fbf800afa,9aa404fac92f6727
data/private/sketchnet/sketches/nicholas-roerich_malong-1912.jpg,sketch,1,nicholas-roerich,train,cde23e6e301a769945f699f5efd52a4b867f747930960c302cc98c458558d8cb,e897975a937a0c64
data/private/sketchnet/sketches/nicholas-roerich_man-with-a-horn-1900.jpg,sketch,1,nicholas-roerich,train,a2137f1da2ad86d592c6fe0b47910e24e173a716d79d884e67cf6c150b0587ee,be2e1999848e9cda
data/private/sketchnet/sketches/nicholas-roerich_mariners-1912-1.jpg,sketch,1,nicholas-roerich,train,d766089227dbec2910e6f517ca372153910e037638f0ec0db8f3a547a151d909,b4f2c3c7ce228d38
data/private/sketchnet/sketches/nicholas-roerich_mariners-1912.jpg,sketch,1,nicholas-roerich,train,3826ab5151794eb35075a2cbbab79c934f292a59a7092476197aaa1bafef3f60,b0bc93c381f339c6
data/private/sketchnet/sketches/nicholas-roerich_musiians-1921.jpg,sketch,1,nicholas-roerich,train,ee9058cb9d26bdd9485b664a7365c2288a5e1e76de90af65b3d06fb44183e280,f7e6a03d9d2ac184
data/private/sketchnet/sketches/nicholas-roerich_old-king-1910.jpg,sketch,1,nicholas-roerich,train,35071ffcaa3274110385833570c1e9d31a8d231f93bf09d4241498ec466c16bc,eed2d519224c93e6
data/private/sketchnet/sketches/nicholas-roerich_old-town.jpg,sketch,1,nicholas-roerich,train,734c618d4b7ebc90b5d1e73a744b6265aab43d095277c34bcde88c80bc98e075,9191e46ede2629e3
data/private/sketchnet/sketches/nicholas-roerich_ominous-1901-3.jpg,sketch,1,nicholas-roerich,train,4ef2dd928f71e6f2d59f99157f00c32472905525abf7a5fcbe797fb93788e94f,bdfd944b94b48382
data/private/sketchnet/sketches/nicholas-roerich_ominous-1901-4.jpg,sketch,1,nicholas-roerich,train,684462df76cb414657ef63d1daa345e63ef766dc91498b51e8423e172c7c9731,eae5954c96da90d2
data/private/sketchnet/sketches/nicholas-roerich_oze-1912.jpg,sketch,1,nicholas-roerich,train,344b824e227f6fb9295c1c88a1e5f061ed624dbc81689e26f20013c7a8135be2,e704fc969cf89426
data/private/sketchnet/sketches/nicholas-roerich_oze-s-death-1912.jpg,sketch,1,nicholas-roerich,train,01f846f5a03a86549b568fe5174377506ecb469378afc76a0fa67c0b525654dd,9f4e8312ee31dcb0
data/private/sketchnet/sketches/nicholas-roerich_oze-s-room-1912-1.jpg,sketch,1,nicholas-roerich,train,41ef76f833349f666f041707d5744987fef62894687f049a3075e355306441d3,9d601e7bc84d3ac3
data/private/sketchnet/sketches/nicholas-roerich_oze-s-room-1912-2.jpg,sketch,1,nicholas-roerich,train,b988ebd1a8cbef6cd2baf0f8a5d60188a8757f29700a8a40de810636fa1ccd7a,b43aab0bfcc491b1
data/private/sketchnet/sketches/nicholas-roerich_scenery-sketch-for-mussorgsky-s-opera-boris-godunov.jpg,sketch,1,nicholas-roerich,train,3a152a5353cbc3de2863d18550cbdf0cba93d6256a9a4e0ae87998567f82bcb4,ea3cb532a989c4c7
data/private/sketchnet/sketches/nicholas-roerich_scenery-sketch-for-mussorgsky-s-opera-khovanshchina-1919.jpg,sketch,1,nicholas-roerich,train,cad9e0efca13198c71a801803e77f093254ea82b5bce78b6b68199de8d305919,ee85913c64339bd2
data/private/sketchnet/sketches/nicholas-roerich_scenery-sketch-for-mussorgsky-s-opera-khovanshchina.jpg,sketch,1,nicholas-roerich,train,b408520265542f9491d3d7603353dd7c6bc4ec55be14278bcfd1fa29f0dcc48a,8f60696f219a1b1f
data/private/sketchnet/sketches/nicholas-roerich_sea-1919.jpg,sketch,1,nicholas-roerich,train,1d2b71e9044d3d6f435c232a25200ff6dde426208ebb5fdaf0de15f9204c528f,f8e53a78643a2c63
data/private/sketchnet/sketches/nicholas-roerich_seagull-1901.jpg,sketch,1,nicholas-roerich,train,04793958e469029336d936aadf1187567232bbe4801c43aa39d0b8a1cf10ff1e,ee73908492d9cbc5
data/private/sketchnet/sketches/nicholas-roerich_shchegolikha-1912-2.jpg,sketch,1,nicholas-roerich,train,7bdbe108b241800e89237ee32275fe6018d40f196b763297c8a82f14e57ddb86,b936c3c39b8d6c84
data/private/sketchnet/sketches/nicholas-roerich_shepherd-1912.jpg,sketch,1,nicholas-roerich,train,07a9555f1be481bae8109de2c968b2e631dd31138d3b13d71578f737bb2ca925,b4fec2c3cac35834
data/private/sketchnet/sketches/nicholas-roerich_sketch-of-costumes-for-snow-maiden-1.jpg,sketch,1,nicholas-roerich,train,05ab27dd28e69b8194beecad4070e338df2c18f7402a12560c558d2246f0b4c9,bcaf4fd0a056ed04
data/private/sketchnet/sketches/nicholas-roerich_sketch-of-costumes-for-snow-maiden-2.jpg,sketch,1,nicholas-roerich,train,dff1c7e982e7641a7e0f4b03b6c62dc612a55b22ff1a96bb124cb1be6eafa873,abd108c7974adc6c
data/private/sketchnet/sketches/nicholas-roerich_sketch-of-costumes-for-snow-maiden-3.jpg,sketch,1,nicholas-roerich,train,568bc4aa151c924259cb4620b0020b36e4d310e40d2c96810e48b41b63152f10,a8fc9652630f7370
data/private/sketchnet/sketches/nicholas-roerich_sketch-of-costumes-for-snow-maiden-4.jpg,sketch,1,nicholas-roerich,train,0f1ac5c74e0872a93fafc601b96ac069b262e41689a3d469d41f5323c05ca300,b483da5c0d3cf0d3
data/private/sketchnet/sketches/olexandr-archipenko_seated-female-nude-with-left-hand-on-right-leg.jpg,sketch,1,olexandr-archipenko,train,134730090a602c08cfc8a3fedc257c896b83c949b8fa659204682fd3129520bd,e1661d9cca32257b
data/private/sketchnet/sketches/olexandr-archipenko_seated-female-nude-with-left-leg-bent.jpg,sketch,1,olexandr-archipenko,train,d7bb036f8b8e637cc825efe9a3f0cef6f04fa450b1ab3858569e45b05c2af9a3,aec0811fd06bf4ad
data/private/sketchnet/sketches/olexandr-archipenko_two-nude-female-figures.jpg,sketch,1,olexandr-archipenko,train,bd350308e5e10d29e4396d63be403fcecc0f7d86d2c8a5e6525105f2f96d39ab,baa5c176a033994f
data/private/sketchnet/sketches/otto-gustav-carlsund_dresden-s-spectrum-the-joker-1922.jpg,sketch,1,otto-gustav-carlsund,val,cb45aab85676d4f3e7ff72033e1c8afdcdedfdbbea5a00d53edd8d56c408f839,fa30c88e852eb5f1
data/private/sketchnet/sketches/otto-gustav-carlsund_dresdens-spektrum-dresdens-hj-rta-1922.jpg,sketch,1,otto-gustav-carlsund,val,2bebbe890cd8767b6fe21ead86caada037e07e26f0e68c860ce0137cc2174768,b83dc3d028963e3d
data/private/sketchnet/sketches/otto-gustav-carlsund_dresdens-spektrum-hj-rter-knekt-1922.jpg,sketch,1,otto-gustav-carlsund,val,02a045ec8c708c4593ab59d4a0e539a7b084083b6b5946ed38776aaf4db6d299,e7d898d2596d6125
data/private/sketchnet/sketches/otto-gustav-carlsund_dresdens-spektrum-hj-rter-kung-1922.jpg,sketch,1,otto-gustav-carlsund,val,ba94647cdeb23afec2b6358977a1de596fbefa1247bd59bc2bc2a9b879dfd10a,bb4b4bc84878e197
data/private/sketchnet/sketches/otto-gustav-carlsund_dresdens-spektrum-spader-dam-1922.jpg,sketch,1,otto-gustav-carlsund,val,6a4bdef3d28e141d01b77348a265d75019a5e986dbcaf01355651c0e8663a4b6,b3698f78309ce436
data/private/sketchnet/sketches/otto-gustav-carlsund_dresdens-spektrum-spader-ess-1922.jpg,sketch,1,otto-gustav-carlsund,val,76d901c5346f7a62afb256e7158e5ebbd270914a6570b93185f1b8319c670b45,e5619e9679386465
data/private/sketchnet/sketches/otto-gustav-carlsund_sitting-cubist-woman-1927.jpg,sketch,1,otto-gustav-carlsund,val,320243b241ab75792a46d598afa815589baf4a04f608ba3144d158d3ce959196,fce3d263340c13d3
data/private/sketchnet/sketches/pablo-picasso_a-rooster-1938.jpg,sketch,1,pablo-picasso,test,e898f65f662b62575314fc662e93c8d7bfd5fc42c42ca96b580d235869eafcda,a8988f66c6a7790d
data/private/sketchnet/sketches/pablo-picasso_a-simple-meal-1904-1.jpg,sketch,1,pablo-picasso,test,fc064e9a50fe06876aaf4ed55d3329cced37b4c58f9c027541c8197d96857824,b8cd8692924b6d6d
data/private/sketchnet/sketches/pablo-picasso_blind-man-and-girl-1904.jpg,sketch,1,pablo-picasso,test,a198e1106d31dca7e10904ef4b81daa4b44b076e620c24c7a5047eeedaf8fb40,bce346875ab83893
data/private/sketchnet/sketches/pablo-picasso_bull-plate-x-1946.jpg,sketch,1,pablo-picasso,test,5497b91be8bddbd2c5c504ca1e0e2bbc7e1880b218b088407e5de3835d97cc62,acc369903ec66796
data/private/sketchnet/sketches/pablo-picasso_bull-plate-xi-1946.jpg,sketch,1,pablo-picasso,test,f0e1f76b5040f7c32091d9cd94a0ac8da4d0c335a11be4519010c2650035782d,bfd32cc429d3429a
data/private/sketchnet/sketches/pablo-picasso_catalan-woman-1911.jpg,sketch,1,pablo-picasso,test,db472a03350df5579668ddf98b51e8fd21253ee2295f3639afe01f2e82307a70,f2b67266c35831d1
data/private/sketchnet/sketches/pablo-picasso_dancer-1954.jpg,sketch,1,pablo-picasso,test,90f299feb28c1024bd3819d1e3d15639cd89d201087abcda90f43fe46d47c807,e6269c993366cc99
data/private/sketchnet/sketches/pablo-picasso_scenes-of-bullfighting-1945.jpg,sketch,1,pablo-picasso,test,73db6f362663e453cbc15430b58378c9071a35424b25731c1181c02e77f37dbd,bae0e90ea7b14ac3
data/private/sketchnet/sketches/pablo-picasso_study-to-girls-from-avignon-1906.jpg,sketch,1,pablo-picasso,test,29aab0887da76a1654690f0cefc54d77681502986ca0e7532aada1be9efed54e,e8eb95d4966424b5
data/private/sketchnet/sketches/pablo-picasso_the-girls-of-avignon-study-1907.jpg,sketch,1,pablo-picasso,test,7ce645ca37cbcd8b260cce129b074e3d976ce94b9a9be2310c75f983c35c1d37,ee4ea39bc090d9ac
data/private/sketchnet/sketches/pablo-picasso_two-naked-figures.jpg,sketch,1,pablo-picasso,test,22325dd3e3378cf4bfdf5ddd85b4727ca837b9469b94a4c74a838873daeba615,feb6c3c6835a811a
data/private/sketchnet/sketches/paul-cezanne_the-green-pitcher-1887.jpg,sketch,1,paul-cezanne,train,e53811c4ff4a6fb266068d4a83df84e7fe29a889cbc3cbe619239457b3fe5b3d,bc7ac3314dc7306c
data/private/sketchnet/sketches/paul-cezanne_the-lime-kiln.jpg,sketch,1,paul-cezanne,train,74ba1a0328131b2be58079cfe0cb003273acbc32235d1c5437b9b79a2a9d8d2c,88d4ff1802e79c3d
data/private/sketchnet/sketches/paul-cezanne_the-oak-1885.jpg,sketch,1,paul-cezanne,train,34ee882fd5517969ba8823c2651d9a26099747eda70668405530928dc2449bac,b60c99f38a474979
data/private/sketchnet/sketches/paul-cezanne_trees-by-the-water-1900.jpg,sketch,1,paul-cezanne,train,ed791b5df502e7ed26c0b0f65ba0bad47e100e803e03ee3cde88e46d28a88747,c69a2df024b3df28
data/private/sketchnet/sketches/peter-paul-rubens_sacrifice-of-abraham.jpg,sketch,1,peter-paul-rubens,train,9402df1fad74e5fa7df1a203ce6d6254318e9526762344e7a88292c20193f67d,bc96c0950dc3bc4f
data/private/sketchnet/sketches/peter-paul-rubens_saint-gregory-with-saints-domitilla-maurus-and-papianus-1.jpg,sketch,1,peter-paul-rubens,train,c056ce8107c86838e32336f9e2e6fcaf7a632bc2d20277c3f404c88d04a18259,9d8b784e3aad27c0
data/private/sketchnet/sketches/peter-paul-rubens_silenus-or-bacchus-and-satyrs.jpg,sketch,1,peter-paul-rubens,train,bc6c83b08360a9e8427007c8f622909a606d9d299f6a6361426b37e092fdd7cf,d7e682d8fc0ec055
data/private/sketchnet/sketches/peter-paul-rubens_st-onufrij-instruct-monk.jpg,sketch,1,peter-paul-rubens,train,acc5f743b952ab0ed55f14162b74b35ad12b74722c872a6a8f1686673b7ee406,de4ca3c99e30342f
data/private/sketchnet/sketches/peter-paul-rubens_study-for-a-standing-female-saint.jpg,sketch,1,peter-paul-rubens,train,3eebe033f8bb574d3300aae8f70c75b9e1ca79eb48126bc332340ffc8513ac49,f8c545c6079e0f99
data/private/sketchnet/sketches/peter-paul-rubens_study-for-an-equestrian-portrait-of-the-duke-of-lerma-1603.jpg,sketch,1,peter-paul-rubens,train,ab2d13b20e06b7b1ffd3113e25b3a60df32013ec738cada2c41874d0b4e9ef74,bb399e1fc992c019
data/private/sketchnet/sketches/peter-paul-rubens_the-abduction-of-bulls.jpg,sketch,1,peter-paul-rubens,train,f01c9764b490bf1cdc9050d20c2d074e179277f58fa9449a0cbc9292b059fae5,97ed38f4730025d9
data/private/sketchnet/sketches/peter-paul-rubens_the-damage-of-sennaherib-1.jpg,sketch,1,peter-paul-rubens,train,fea5f7115382f96857d670ee91c71333ca33781cb2e12302a95471260b55c2be,b8ce4770310c976f
data/private/sketchnet/sketches/peter-paul-rubens_the-damage-of-sennaherib.jpg,sketch,1,peter-paul-rubens,train,11098327ea294ab932cd090e9d97b5f398f136fb312961aa1ff8218838ee4419,8bdb4225cb64de19
data/private/sketchnet/sketches/peter-paul-rubens_the-girl-squatted-down-1618.jpg,sketch,1,peter-paul-rubens,train,22b48037e61b0ca58a97fb5411e1c87c20a0d144e4214f1dbd9c18b149c76a53,8fe4cd82b319d833
data/private/sketchnet/sketches/pyotr-konchalovsky_abramtsevo-the-boys-at-the-river-drawing-for-the-painting-boys-bathing-1920.jpg,sketch,1,pyotr-konchalovsky,train,3b1046e679d0bec4798c2ffae01f492be2f88d8c6e3ddcf3b5a28c6f6accb056,f93c8462b66fc514
data/private/sketchnet/sketches/pyotr-konchalovsky_abramtsevo-the-bridge-drawing-for-the-painting-bridge-in-abramtsevo-1911.jpg,sketch,1,pyotr-konchalovsky,train,0f40f0658ea2412f2ae75827aaba0bfb82d075fb72817e687de3e0872b21a664,afd0946ac917711d
data/private/sketchnet/sketches/pyotr-konchalovsky_portrait-of-a-violinist-grigory-fedorovich-romashkov-1918-1.jpg,sketch,1,pyotr-konchalovsky,train,c5915f8ec4fab940a99b9811e096a10eb2eeb95961e1757e48c87837f6d59d61,e16686977958c29b
data/private/sketchnet/sketches/pyotr-konchalovsky_portrait-the-sketch-1913.jpg,sketch,1,pyotr-konchalovsky,train,bd41057495bd6ea34e2c6992d2f2623d9a546610e8473040ad2d11d3239d5ea8,bfb0d3cdc30b3c80
data/private/sketchnet/sketches/pyotr-konchalovsky_sketch-a-still-life-with-copper-jugs-1917.jpg,sketch,1,pyotr-konchalovsky,train,6455a851a0a020eb46c08e2de0672cdcaef31cd112c01b93867f25781178be41,e683953cd9619c96
data/private/sketchnet/sketches/pyotr-konchalovsky_still-life-with-violin-1916.jpg,sketch,1,pyotr-konchalovsky,train,6726530fdaedc3849f2808e333e8cd6ff91784c419a80732ce840afb066aec3d,e9919206cc6dceb3
data/private/sketchnet/sketches/raoul-dufy_the-pleasures-of-peace-dance-the-journey-to-the-islands-1910.jpg,sketch,1,raoul-dufy,test,fc7b3d7ce378fad83233906886725b44dcae7b8ded6b9a129da2466fdbe92acb,aa94b2e3bcd8c3c1
data/private/sketchnet/sketches/raphael-kirchner_to-love.jpg,sketch,1,raphael-kirchner,test,113e95055fb1b1e9042ebb41c3071e2751f4d6c0ca175a558961e31004b636a2,ec6cc5989ac39b1a
data/private/sketchnet/sketches/raphael-kirchner_unknown-10.jpg,sketch,1,raphael-kirchner,test,083369ec6249f19abf721faa2536d963000598b818f15dca7aefe273bf8a551b,e56d9292926b6c6c
data/private/sketchnet/sketches/raphael-kirchner_unknown-12.jpg,sketch,1,raphael-kirchner,test,82b18fabe07ea7f166fdaf83f8b37ec7261b3ae648f694b1f950fbe81ce17cf6,c07d96931a2d7996
data/private/sketchnet/sketches/raphael-kirchner_unknown-13.jpg,sketch,1,raphael-kirchner,test,fedc5051b10bbdd7214be5d3e284d84db66b44c3bacd756c0f27e476e48705aa,e695c4621da9d996
data/private/sketchnet/sketches/raphael-kirchner_unknown-15.jpg,sketch,1,raphael-kirchner,test,234bf078ab30cf36ab88d89b8ca6321f791619775be5c89fb791d9b6e4223ab0,c4652f931b9b5a64
data/private/sketchnet/sketches/raphael-kirchner_unknown-16.jpg,sketch,1,raphael-kirchner,test,d044d4b52b02083e2d093154d860517c78c5b0d4bf2a7cc36b7263b48b7a8197,b86293b1c799ca69
data/private/sketchnet/sketches/raphael-kirchner_unknown-17.jpg,sketch,1,raphael-kirchner,test,22e023d573ae805d6b471479629f8c58da204a345fce97ab09936bbfe90d5fe1,b18e9125cfce622d
data/private/sketchnet/sketches/raphael-kirchner_unknown-18.jpg,sketch,1,raphael-kirchner,test,7ad8bd8e2f75d7fb39692741c71e3b4e485140c54c99b849b451dc180d66389b,a0b5643e9ace5999
data/private/sketchnet/sketches/raphael-kirchner_unknown-1906.jpg,sketch,1,raphael-kirchner,test,31581d469cf306edf0f6eaab7174699da52ce3cc544d5b129224baf68950680a,bd83c3387ce4931a
data/private/sketchnet/sketches/raphael-kirchner_unknown-1909.jpg,sketch,1,raphael-kirchner,test,c2490948b7792339e5749acabb0ffbc2e2c3e49a56bae629f98488b583c89dd5,8fe170be3d139314
data/private/sketchnet/sketches/raphael-kirchner_unknown-1916-2.jpg,sketch,1,raphael-kirchner,test,83ed3c55701e626c2210e715b52170370a904111cb3a6a4bbfb8b1ae125cb03f,ea999d72908eb037
data/private/sketchnet/sketches/raphael-kirchner_unknown-1916-3.jpg,sketch,1,raphael-kirchner,test,d21c180d31ac83701d834e2d60c7f63259cd80aa870fb63740484c7539f9ed2e,e437933b9b8c4b09
data/private/sketchnet/sketches/raphael-kirchner_unknown-1916-5.jpg,sketch,1,raphael-kirchner,test,e0f072b7bbbe01d8c0ea005c51033b7b6465c37e6dec162380b14f23ae415bb7,bb32e6c78ccc8c4c
data/private/sketchnet/sketches/raphael-kirchner_unknown-1916.jpg,sketch,1,raphael-kirchner,test,2502b5ab280453807a4917a450692808b8e7ac6152503f46749304a2f0db3040,e1699bb364cc4c96
data/private/sketchnet/sketches/raphael-kirchner_unknown-2.jpg,sketch,1,raphael-kirchner,test,45efd640eef278c4a624a4da8dcfa0e991f81ec3aedd89ad8f5158cdbebd9023,ee9b913459c2b634
data/private/sketchnet/sketches/raphael-kirchner_unknown-5.jpg,sketch,1,raphael-kirchner,test,d0cbcc6dff019df375e14b3a11df2b284b7221e50ffd9a2b516228b084e95955,e5899272a54e59e5
data/private/sketchnet/sketches/raphael-kirchner_unknown-7.jpg,sketch,1,raphael-kirchner,test,b4979dcb054bb82dbc7d132c4afc31733a9934b54ef4e4feb60acf5ad8e72d6d,84e1933e618f9c79
data/private/sketchnet/sketches/raphael-kirchner_unknown.jpg,sketch,1,raphael-kirchner,test,84a7e3648e9542a8315b1f6c8b3e32cafab0c212252160c0f21ef49deab31d9f,ba39b5c848a78765
data/private/sketchnet/sketches/raphael-kirchner_viennese-1.jpg,sketch,1,raphael-kirchner,test,208d858e8e46ae89445b032468671f656bd730a801f501eb4e238150404764f8,fa85d90b7462c98d
data/private/sketchnet/sketches/raphael-kirchner_viennese-blood-1.jpg,sketch,1,raphael-kirchner,test,51bf918530c8a3ef717165a36840ea54ad8ada376385fd3303e180f35bc17364,b067cd98c7b4b491
data/private/sketchnet/sketches/raphael-kirchner_viennese-blood-2.jpg,sketch,1,raphael-kirchner,test,e5d1b615af384a2f31ed30e531d897fd5e1b46ff22aae5b9feab9a20a6ea54cd,daa7e5181ac5b43a
data/private/sketchnet/sketches/raphael-kirchner_viennese-blood-3.jpg,sketch,1,raphael-kirchner,test,98da561a712864353a7d5463248944d77697ee950efcfc6887d07525eb6077a3,b026cb99e5ce9871
data/private/sketchnet/sketches/raphael-kirchner_viennese-blood.jpg,sketch,1,raphael-kirchner,test,bef166a7e9ad12ae278603ab0970b7ba95edbb7d2332c9e68e794f2d8e367a7d,e24a4b4a5d95f0b5
data/private/sketchnet/sketches/raphael-kirchner_viennese.jpg,sketch,1,raphael-kirchner,test,d2cbae61037cced1baf4e591534c35326772dc586c0e0764af90e2a24d4d03da,d29d2927dc0df24c
data/private/sketchnet/sketches/raphael-kirchner_vivienne-segal.jpg,sketch,1,raphael-kirchner,test,ff5a6a17a0d7b568f8a7a7b8236e2cb1d8e96270e611d9f8cb32f1128d6bb612,ed69c696969c9898
data/private/sketchnet/sketches/raphael-kirchner_yvonne-shelton-1.jpg,sketch,1,raphael-kirchner,test,d014a23e360ce535ba43f77bb653e539c8bce46635ab08f8284ba2913261d5c5,ed4b942453901fdb
data/private/sketchnet/sketches/raphael_studies-for-the-transfiguration.jpg,sketch,1,raphael,train,cc1388643c8ff283f5fc967d0da4d625736dee9f9d270e3f274b544bb04e2e99,8ef4ac89ca9b4672
data/private/sketchnet/sketches/raphael_study-for-adam-1509.jpg,sketch,1,raphael,train,fe98b31f178f1676cc2862385d5f251a1dc3e0eafa7c901ece44f789e3b0fe7c,a99acc6365937325
data/private/sketchnet/sketches/raphael_study-for-st-paul-preaching-in-athens-1515.jpg,sketch,1,raphael,train,af2aa6ea9ea20130bcaa0a0e4182a2b38ce49f683888855eb2a88534242bd4bc,8eb1f907e30e2665
data/private/sketchnet/sketches/raphael_study-for-the-disputa-1509.jpg,sketch,1,raphael,train,995e2c2dfa436c363f6b00d9950bffab2b570c3832e84914b7a7a5b0810e3297,b9e3668e113dc1cc
data/private/sketchnet/sketches/raphael_study-for-the-entombment-in-the-galleria-borghese-rome.jpg,sketch,1,raphael,train,f9f31618b0a4f47f12005b0e59458451a1d799b251beaa2d4016fd072926ded4,b8dfb5819cca7250
data/private/sketchnet/sketches/raphael_study-for-the-head-1507.jpg,sketch,1,raphael,train,f152bef0a2cbc9c510a14b3f8113f7d018936a6e27693fbebd2c7379c27dc746,edd630f1d0b14d61
data/private/sketchnet/sketches/raphael_study-for-the-head-of-a-poet.jpg,sketch,1,raphael,train,4024ad1a8e1e3f6d149abbeaa5b5cc8a420fe7c97579a4b3702b32c71739c2e8,d695cda82e8d0da9
data/private/sketchnet/sketches/raphael_study-for-the-holy-family-1518.jpg,sketch,1,raphael,train,db621e0652a6f818966190ac8dc157e1c7c54e65f2098535ed7ec7b3be5a3475,e9ce1648ae35b722
data/private/sketchnet/sketches/raphael_study-for-the-knight-s-dream.jpg,sketch,1,raphael,train,ed7ca63bdbaed1bb152a1e270aacc7eaf33031680510bdec722234620bc10121,eac3b4b08c27913f
data/private/sketchnet/sketches/raphael_study-of-god-the-father-1515.jpg,sketch,1,raphael,train,6aa9c7f7a34b1260a618a9bb0d448e0b9c5fc96bd1c6b9eb33bb7c466cb393d8,cac29929c97676b1
data/private/sketchnet/sketches/rembrandt_a-cavalry-fight-1632.jpg,sketch,1,rembrandt,val,52a5e12d111672a8b88ca2fbfe9925d25378f9489ccf225765baa4579afe4f25,afc0982f956bc03d
data/private/sketchnet/sketches/rembrandt_a-cottage-with-white-pales-1642.jpg,sketch,1,rembrandt,val,142ee4ec14d0339d036e37edf1b6e2448c74ba38fa814772283e7f8a39360bb9,e9949263ad5b962c
data/private/sketchnet/sketches/rembrandt_a-man-in-an-arboug-1642.jpg,sketch,1,rembrandt,val,eb61ae2ec7d9819b75e5ecefd8af163427833984313f2b06d0a13ece2c549738,a3c4dc09d33bb166
data/private/sketchnet/sketches/rembrandt_a-man-making-water-1631.jpg,sketch,1,rembrandt,val,b53bfdb8bfeccbe2fb42f7913b36dc85799fe9f281f8c36a335ac2ac8f871573,be93c360ce0bc43e
data/private/sketchnet/sketches/rembrandt_a-man-playing-cards-1641.jpg,sketch,1,rembrandt,val,b9a603d16f149e4a84b4152b45898d61d8a8ee3084b6a1de0514fbcf4b8a7385,ea6bb4968b9c845a
data/private/sketchnet/sketches/rembrandt_a-man-seated-at-a-table-covered-with-books-1636.jpg,sketch,1,rembrandt,val,a728057316946d3dc7d75b8d0f95b0e8212ea07d55f78720530de746fe649a52,e6c4991e516b9e62
data/private/sketchnet/sketches/rembrandt_a-man-with-a-crucifix-and-chain-1641.jpg,sketch,1,rembrandt,val,310eaff61198380c77c14bcb8de8887ff79ca3a452570debae8c9710569cf450,fa3be566949291c1
data/private/sketchnet/sketches/rembrandt_a-man-with-a-large-beard-and-a-low-fur-cap-1631.jpg,sketch,1,rembrandt,val,1d2f7b34abe45e401a084d4e801c86099e0a0462cf916a5cae07b7f5e16d969f,b995cece97388134
data/private/sketchnet/sketches/rembrandt_a-man-with-a-short-beard-and-embroidered-cloak-1631.jpg,sketch,1,rembrandt,val,9a185d24ae4bd89fd5415b5da7fea852a025fd06c0db0d327bb7b9a5963a95cd,b7c0499ce233ce36
data/private/sketchnet/sketches/rembrandt_a-man-with-curly-hair-1635.jpg,sketch,1,rembrandt,val,466bf170c4ee99b4ee1110b4e28956fc7fde5caf721ce9485ab2ef1403de6c15,b333cc8e89cd8939
data/private/sketchnet/sketches/rembrandt_a-nurse-and-an-eating-child.jpg,sketch,1,rembrandt,val,af3eb05f015d4d8d1df869747aa3f95984079bc11187d3b28ea70ed16805b225,e9b5924ea5c6313a
data/private/sketchnet/sketches/rembrandt_a-peasant-carrying-milk-pales-1650.jpg,sketch,1,rembrandt,val,c3fae36e7637c384ecf9df50948661c22a11adeb0e442d9c7b767054d189e1a7,bb858c73b038c55e
data/private/sketchnet/sketches/rembrandt_a-polander-turned-to-the-left-1632.jpg,sketch,1,rembrandt,val,41c86ca3a618b350e157afa2ce6502056921f71be029187771cc2ecb7c16e4d3,b3e206e7384ecc0f
data/private/sketchnet/sketches/rembrandt_a-polander-walking-towards-the-right-1635.jpg,sketch,1,rembrandt,val,00304915f28e54f831b81696b070a1c65552a652f12b1e6a9fbfd189bdc449f6,b3ce8e633909cc33
data/private/sketchnet/sketches/rembrandt_a-portrait-of-a-man-with-a-broad-brimmed-hat-and-a-ruff-1638.jpg,sketch,1,rembrandt,val,354cec7f545a79caee0ba68c45b1439731002cc19254766c40d831d8c0376f37,bff4c1c0062df331
data/private/sketchnet/sketches/rembrandt_a-ragged-peasant-with-his-hands-behind-him-1635.jpg,sketch,1,rembrandt,val,bbb08d12c1295ab690cdd567f23e82f8ddad994525b004295635a1bbaa934175,e69cd833b1489d63
data/private/sketchnet/sketches/rembrandt_a-repose-in-outline-1645.jpg,sketch,1,rembrandt,val,1c71b9bf28dd55122c84e941d9a23dd118a506231b5790800c3a3bf829f7e198,bf23cc3c69c4a558
data/private/sketchnet/sketches/rembrandt_a-river-with-a-sailing-boat-on-nieuwe-meer.jpg,sketch,1,rembrandt,val,bf2d338cc6a2269c8df2fb11771cbfdcdd6c7a834cc670c08a55802f2c445d21,98e33c1ae718639e
data/private/sketchnet/sketches/rembrandt_a-seated-woman-naked-to-the-waste.jpg,sketch,1,rembrandt,val,6f1e502a89b0cf7d1812b8b0a21ecc6e3a4152904ef88edad683c5463a65c3e8,ebb4a443c7999c70
data/private/sketchnet/sketches/rembrandt_a-sketch-for-a-flight-into-egypt-1632.jpg,sketch,1,rembrandt,val,9513a7f6d9c51e45f9a9577a6e5ed9af2472faa5db8bcd772bffcb123ab7639b,ebe18426921bc3db
data/private/sketchnet/sketches/rembrandt_a-small-lion-hunt-with-a-lioness-1641.jpg,sketch,1,rembrandt,val,ad018282da76abc789bc6f2b4804b21758ff166d2694135f36d1f409e489f153,bfc06397681cf03a
data/private/sketchnet/sketches/rembrandt_a-study-for-the-great-jewish-bride.jpg,sketch,1,rembrandt,val,891e39e75b3d53838bd37f04486fd78ed95b4fe489f7aef9cb46856929c492e4,87a1fec1b11acd4c
data/private/sketchnet/sketches/rembrandt_a-study-of-a-female-nude-seen-from-the-back-1634.jpg,sketch,1,rembrandt,val,d7a989ea76df6baebde5b98040c6a08393ab36067652bcf4e720fc347f6f43e5,b1c68e73d91ac21d
data/private/sketchnet/sketches/rembrandt_a-study-of-a-woman-asleep-1630.jpg,sketch,1,rembrandt,val,80d5ad21f9e388605dc3051681fb7cf1361de7eaa00c69393f9f4407b8b296c6,ad96c269f431d86c
data/private/sketchnet/sketches/rembrandt_a-village-with-a-river-1645.jpg,sketch,1,rembrandt,val,d8f5b518b9fdaf700d26157d8c18aec0658995ac1354a947f23d44d781b4bdae,9ee7301ec7308f38
data/private/sketchnet/sketches/rembrandt_a-village-with-a-square-tower-1650.jpg,sketch,1,rembrandt,val,ffbdfb75c5fa9d4dd65e5625713f5b402df17e01c680881572854f9599e299e8,eed0957ac825b748
data/private/sketchnet/sketches/rembrandt_a-woman-lying-on-a-bed-1658.jpg,sketch,1,rembrandt,val,000867abc496b58441bc2e2fce98434ae848898b6e815b200b4a3c5dcc59d327,8fa56897bc62b14c
data/private/sketchnet/sketches/rembrandt_a-woman-making-water-1631.jpg,sketch,1,rembrandt,val,805f2d04f9712960e5a7035ba40208e1ab9f0af53ec866c825ecbdc8eec6dfe7,be4ec13b94236794
data/private/sketchnet/sketches/rembrandt_a-woman-seated-before-a-dutch-stove-1658.jpg,sketch,1,rembrandt,val,d5d6ff419a2c93c0c51de1f7550198f88b3815a66e7705699f65722c055673a6,ea973960ce66f00e
data/private/sketchnet/sketches/rembrandt_a-woman-sitting-up-in-bed.jpg,sketch,1,rembrandt,val,0644a725e1ec1bc14e8927c4b405a6bdae322bcc3bd006529aff88dabacb95e2,b9e1cece32314317
data/private/sketchnet/sketches/rembrandt_a-woman-with-a-child-frightened-by-a-dog-1636.jpg,sketch,1,rembrandt,val,b4e9c8b05c5732b01a35ecccc86036f4e8b7d04ae37d10e46a982c6c7dcc12de,ea9b1a6f945ba0a4
data/private/sketchnet/sketches/rembrandt_a-young-man-seated-and-standing-the-walking-trainer-1646.jpg,sketch,1,rembrandt,val,1631018f38860bec0b273d325a54c5f67b80c88ce8969191be39a17535c1a0d2,bbd4c31bbc62910e
data/private/sketchnet/sketches/rembrandt_bust-of-an-old-man-with-a-flowing-beard-the-head-bowed-forward-the-left-shoulder-unshaded-1630.jpg,sketch,1,rembrandt,val,b934cef5a39f34f8fc843593b742c8e8e626c0f96bf33cabc07dbaa4bcfbc0bf,bec0cb1bc06fb431
data/private/sketchnet/sketches/rembrandt_bust-of-an-old-man-with-a-large-beard-1631.jpg,sketch,1,rembrandt,val,353439a9af5fc431906fa9400f38d3a0f9702465464310e674922df789f2a8b8,b3e0ce0e7139c639
data/private/sketchnet/sketches/rembrandt_bust-of-an-old-woman-rembrandt-s-mother-1628.jpg,sketch,1,rembrandt,val,34ae937e0b00618b1155a96813c8ea7f252a1a0fb300bf01fc1bcda5926c4a4a,b9b0c7c7f41a8c1c
data/private/sketchnet/sketches/rembrandt_child-in-a-tantrum.jpg,sketch,1,rembrandt,val,d09d6d01070c31e1a3ed02e77b4bcdce4a6169bbab360193e383ccbe482b89c9,829495695a7ed2e5
data/private/sketchnet/sketches/rembrandt_christ-and-the-woman-of-samaria-an-arched-print-1658.jpg,sketch,1,rembrandt,val,43252bcabc112d33f87c6d92d23ee9c1d8a9373f6b581c31d42d26a17595a0ac,bac6b719e039c934
data/private/sketchnet/sketches/rembrandt_christ-appearing-to-the-apostles-1656.jpg,sketch,1,rembrandt,val,171f3efbb00fbc5cd59d7821b3695ac9111e546beaa117ea7e2230d37f05c752,eab99487916d8a4e
data/private/sketchnet/sketches/rembrandt_christ-at-emmaus-1634.jpg,sketch,1,rembrandt,val,2ff914dcfd4dc74d766e88e66c94e3d63f517f6ccaf06effa6d30fe50fa34f3c,bb18cd67c0648d9d
data/private/sketchnet/sketches/rembrandt_christ-at-emmaus-1654.jpg,sketch,1,rembrandt,val,635b5659209c6b07cf0b2bbff9c88bd88f02f3db054007dca5f5d1379ff0025e,ea8df6629136854b
data/private/sketchnet/sketches/rembrandt_christ-crucified-between-the-two-thieves-an-oval-plate-1641.jpg,sketch,1,rembrandt,val,19fce5b402913d3af8e2f3f9002e8b292c3f1d647e1a3858a94fa655e59c4011,fe90e027c5da8768
data/private/sketchnet/sketches/rembrandt_christ-crucified-between-the-two-thieves-three-crosses-1659.jpg,sketch,1,rembrandt,val,7287fc35280fc242bbab5a0e4d16d86f7d837e2cf28e5360d527908f25d749bb,dfd2c0c9e123b12e
data/private/sketchnet/sketches/rembrandt_christ-disputing-with-the-doctors-1630.jpg,sketch,1,rembrandt,val,f02e91adfdc30e3d4147fdcbe52f83a1116933176eeec9816a850c0e451ab7b9,ebc4963ba419c927
data/private/sketchnet/sketches/rembrandt_christ-disputing-with-the-doctors-1652.jpg,sketch,1,rembrandt,val,e6f11e540791ed120a0cab5debbc504e8feba539ae51b00e8ab3f5a6cca70d12,ca48cae9b193b51e
data/private/sketchnet/sketches/rembrandt_christ-driving-the-moneychangers-from-the-temple-1635.jpg,sketch,1,rembrandt,val,e3b36467fe968b91e5d1b407110149f7b4e23b21871ba8ade1fc820cd944efd1,bec1b53fc048c32b
data/private/sketchnet/sketches/rembrandt_christ-preaching-1652.jpg,sketch,1,rembrandt,val,5d20775d93e50b0d9655e15e0e005a80be3073595dd3725d729f3fc89c226142,ca3ace4db1d89465
data/private/sketchnet/sketches/rembrandt_christ-presented-to-the-people-1655.jpg,sketch,1,rembrandt,val,8a32e7d706d570c953e56dfcd41f64bcfbb1e5000ab2301f12c78e13e27de2f9,9ebce0daa332870d
data/private/sketchnet/sketches/rembrandt_christ-returning-from-the-temple-with-his-parents-1654.jpg,sketch,1,rembrandt,val,c733c58bcc38bb0f8394cfa7f1d057d4af17fd1a567b7c5a4dc2accb1f6042c5,8ea5fb09ce52916c
data/private/sketchnet/sketches/rembrandt_christ-seated-disputing-with-the-doctors-1654.jpg,sketch,1,rembrandt,val,1d06a37dac944d407db45b0255801b26f3a1113538cec8a96b663e8dff46fe75,ebcdb242b41ec272
data/private/sketchnet/sketches/rembrandt_cottage-with-wooden-fence-amid-trees.jpg,sketch,1,rembrandt,val,9c780b571ab08046bcd5c5362689eedae88c78d78e19feb935129c3315097371,b999d2067f07b069
data/private/sketchnet/sketches/rembrandt_death-of-the-virgin.jpg,sketch,1,rembrandt,val,2ba6bfc8f2d132c73cdac2c9a2471859820eee7063f0e4bf013302de4ffd507e,dee23de2ca13d411
data/private/sketchnet/sketches/rembrandt_diana-at-the-bath-1631-1.jpg,sketch,1,rembrandt,val,6b8842e4be2f5b9ee36353f7a92dec6ef9fe1fc530d5da6b6b3b98cb713fe4c7,ccb1e1d6a6d90963
data/private/sketchnet/sketches/rembrandt_jesus-and-the-adulteress-by-rembrandt.jpg,sketch,1,rembrandt,val,dcb4fdd5eb796e6828fc4ff9c7d96d41cf149dcf0bbf17de48472e0fe5bb3ac1,f9c0b632694f9634
data/private/sketchnet/sketches/rembrandt_jesus-christ-entombed-1654.jpg,sketch,1,rembrandt,val,be4d87643cb37e32424a263b4812a9940cdbd1dfd050d6bed0dd3019c56e95b2,afe09495e28d7a07
data/private/sketchnet/sketches/rembrandt_jesus-christ-s-body-carried-to-the-tomb-1645.jpg,sketch,1,rembrandt,val,67eabdb07b8ebb70e9c9db3c5c42f34b591ac8df663b8694746945c2b78d5509,afe0b07285c9cee4
data/private/sketchnet/sketches/rembrandt_jesus-disputing-the-doctors-a-larger-print-1652.jpg,sketch,1,rembrandt,val,4a3ffb949bdd61ff91723fe293508cfe68731bfc0e87dd87011e27e78511ecb1,ca4a4ae9a9839d1f
data/private/sketchnet/sketches/rembrandt_jesus-disputing-with-the-doctors-1630.jpg,sketch,1,rembrandt,val,18664a8790d61979758066f9ba4f3cb222ae7b72b23513c7653eb103c1a8de3d,ebc43639e418e917
data/private/sketchnet/sketches/rembrandt_jesus-disputing-with-the-doctors-the-smaller-print-1654.jpg,sketch,1,rembrandt,val,4644d134b8fa3b6eb5220fdbb6b531cf3270f9c146eef72897946ad28299ab45,cbedb242b41ec272
data/private/sketchnet/sketches/rembrandt_joseph-recounting-his-dreams.jpg,sketch,1,rembrandt,val,38ea06546753d6b6413a359310566fbcdf2d07b2a8e363b2c0dc71b1e385292f,901f2ab5caf5cac8
data/private/sketchnet/sketches/rembrandt_joseph-s-coat-brought-to-jacob-1633.jpg,sketch,1,rembrandt,val,0b1d607b3a19f5171b4d3f100f51c49f1e9ef507f74f9b038f3c87cf2ca65a48,aee4d618b34bd807
data/private/sketchnet/sketches/rembrandt_old-man-with-flowing-beard-looking-down-left.jpg,sketch,1,rembrandt,val,205bbf035ad6cf746624dbdc3c3c5e5603607a70b3ba0281461def778e51761a,b8f04f8771ce8d90
data/private/sketchnet/sketches/rembrandt_one-of-the-two-old-1634.jpg,sketch,1,rembrandt,val,3078c0e2ccf6515b9817862b23bd8b629d2886034bb4e632b8906ce8ca989ca9,e3b39cc84934c772
data/private/sketchnet/sketches/rembrandt_overhanging-bushes-in-a-ditch.jpg,sketch,1,rembrandt,val,66c311d1d44029f78026d1a2e6273c8673f139543fc0f566ef6bec46857a8375,c09d2a72af69bf40
data/private/sketchnet/sketches/rembrandt_peasant-family-on-the-tramp-1652.jpg,sketch,1,rembrandt,val,66253002c2d0467c508f9c4580e49681acd9e62ca18003dab63ab0159f39a335,b366c48bc93999ca
data/private/sketchnet/sketches/rembrandt_peasant-with-his-hands-behind-his-back-1631.jpg,sketch,1,rembrandt,val,a29c017b7143c5860edba7b8f329abc0ea0440ff3e00cb468d79ce1d416c6822,ace19e9ad33ac10e
data/private/sketchnet/sketches/rembrandt_polander-leaning-on-a-stick-1632.jpg,sketch,1,rembrandt,val,276a861056bd56d4477435c300f4522b589f53464fff1b2b0bf1c17b856c924d,b3e2c66e990ccc36
data/private/sketchnet/sketches/rembrandt_portrait-of-a-boy-1641.jpg,sketch,1,rembrandt,val,a646f70d143894f327cbe889ae8c24dcc85b69e607038aa6d6878b8e5f44c46a,b9c49e1ac12ee43b
data/private/sketchnet/sketches/rembrandt_portrait-of-clement-de-jonge-1651.jpg,sketch,1,rembrandt,val,a8a82ea518def70f098ff5711f833c9a4bd88bfd83c04aa9b6e3fc337d0596f7,aff0dac7c51e3820
data/private/sketchnet/sketches/rembrandt_portrait-of-lieven-willemsz-van-coppenol-1653.jpg,sketch,1,rembrandt,val,491f838bdd17e549768b175968b7e4d5d84d089f30edc6f099107a627051e939,eb9d3ee08cd0910f
data/private/sketchnet/sketches/rembrandt_saint-francis-praying.jpg,sketch,1,rembrandt,val,22f89f724b3967b66f1ef3cd54cdc993b0069c7c6457883ff2d2ab2f4b55c857,bf388d14f2859f09
data/private/sketchnet/sketches/rembrandt_saskia-as-st-catherine.jpg,sketch,1,rembrandt,val,9df1523fbdd339c9bd7359f3225b06183f8d840a113622a262f108ffa5abf7ee,aeb9c2c32f36f820
data/private/sketchnet/sketches/rembrandt_saskia-in-a-straw-hat-1633.jpg,sketch,1,rembrandt,val,dc625b462a69a8831f4d0e1b6b306a056f8d665341ec9725b0067cef429d06ec,bfbae9a9e060b0a1
data/private/sketchnet/sketches/rembrandt_saskia-with-a-child.jpg,sketch,1,rembrandt,val,8f73da3edae67430982a0c86107eed452446237a2049b7eba1e136fa574bc889,f6c6814cae59a35a
data/private/sketchnet/sketches/rembrandt_seated-beggar-and-his-dog-1629.jpg,sketch,1,rembrandt,val,c91a5e6419bff64388e136602ef882b058531c6d7e5d56585ee0a91653960e11,afc09c3bc125f01f
data/private/sketchnet/sketches/rembrandt_seated-female-nude.jpg,sketch,1,rembrandt,val,2380d20047aa91e416bb1c89a37818b0969a3ab31f3b7d2920919252cd94cee9,bcf86103ce6798c6
data/private/sketchnet/sketches/rembrandt_seated-naked-woman-woman-bathing-her-feet-at-a-brook-1658.jpg,sketch,1,rembrandt,val,f5bec9e4d82755bb92561ed4ecde6edc275b3fe50db845649441f2465c396b56,ba4ee4b49e18c50f
data/private/sketchnet/sketches/rembrandt_seated-old-man-possibly-rembrandt-s-father.jpg,sketch,1,rembrandt,val,176139a55dafef1d2d5f5f926c757c0c2d8d6fdc5049aa1a487ff9a41c21b8ba,9bcce410c617cf36
data/private/sketchnet/sketches/rembrandt_seated-saskia-with-a-letter-in-her-left-hand-1635.jpg,sketch,1,rembrandt,val,50f281ea3b16ca70818d0ffa92d1930b5ce84917dc64aad93de5902b67ccb03e,e997942cd25b9865
data/private/sketchnet/sketches/rembrandt_self-portrait-10.jpg,sketch,1,rembrandt,val,96eeefb1a5c8bfcd4d0112bcf0c16fb7d3047557f7b82845c2255a5c2a49c67b,eeb49369c1126e8d
data/private/sketchnet/sketches/rembrandt_self-portrait-1630.jpg,sketch,1,rembrandt,val,5da8b571e52dbf7478f28170b554c0b244b6dbbf8f81fbcb1b2eb2dbd7aade45,ac6dd3d2848fc398
data/private/sketchnet/sketches/rembrandt_self-portrait-1659-2.jpg,sketch,1,rembrandt,val,d2353dfd8b33ebcbc1badbb8c802c24fef51c11141c808f54ece37861cdc9fad,e4355393c78e582d
data/private/sketchnet/sketches/rembrandt_self-portrait-9.jpg,sketch,1,rembrandt,val,fd24c22ddb945f633fb24249b74c7d8bb5b5d62dbb290b741151ca6eb1f85824,bbe0969bc816e19a
data/private/sketchnet/sketches/rembrandt_self-portrait-in-a-cap-and-scarf-with-the-face-dark-bust-1633.jpg,sketch,1,rembrandt,val,ce1586419bb3f0126120f449212d76e7bbabf1bf9f1fee73d9b2b1ab2f8b4493,bbb4ce03c16c969a
data/private/sketchnet/sketches/rembrandt_self-portrait-in-a-flat-cap-and-embroidered-dress-1642.jpg,sketch,1,rembrandt,val,0c68cc57424b205119597067049bcb27b9d23a81d28f2c54a0fa69a1e3e496bf,abc1981c877b59e4
data/private/sketchnet/sketches/rembrandt_self-portrait-in-a-fur-cap-bust-1630.jpg,sketch,1,rembrandt,val,de7cafdf6f4a1234ffe99d47d37c9242a9e498bf260569c59e3287255a89878a,e995929c786ec14b
data/private/sketchnet/sketches/rembrandt_self-portrait-in-velvet-cap-and-plume-1638.jpg,sketch,1,rembrandt,val,24837b253c76ac8f16b2866d8450ae5f018b0666a4738a30c348e3179f5062e4,bcc0cf8394786c37
data/private/sketchnet/sketches/rembrandt_self-portrait-leaning-forward-bust-1628.jpg,sketch,1,rembrandt,val,b8634c59c18ee29373f188e3049ce3e8cf4633a86f0674f9004bba8697e19d65,b8e9c6969dc8f019
data/private/sketchnet/sketches/rembrandt_self-portrait-leaning-forward-listening-1628.jpg,sketch,1,rembrandt,val,a8625cbba466537abfcf130f0a7bc10ee753084ae6fc52c69910bc3c6154b8fe,bf91c62f904ec92a
data/private/sketchnet/sketches/rembrandt_self-portrait-with-long-bushy-hair-1631.jpg,sketch,1,rembrandt,val,e68125842498047f9518ce6a4b436309e5ab5f4d0c57b757b4bed09bb9d2c1b5,bba4c0da8f344c37
data/private/sketchnet/sketches/rembrandt_self-portrait-with-saskia-1636.jpg,sketch,1,rembrandt,val,8a9b815eca7a1fccbf47af78f00add7cbfbdd3313995f8044fba933355d47f21,ea89b594db5a6461
data/private/sketchnet/sketches/rembrandt_self-portrait.jpg,sketch,1,rembrandt,val,6928e3364e182bd204e1bbbecc9e264f93e739c8e12e9656ce1259a752e3e789,ec68c39795999742
data/private/sketchnet/sketches/rembrandt_shah-jahan-and-dara-shikoh.jpg,sketch,1,rembrandt,val,486c29539777c1ec06f231980770ebcfd5159c72da255fb79e8e2f3b60730946,da85b572c4e9984d
data/private/sketchnet/sketches/rembrandt_sheet-of-sketches-with-a-portrait-of-saskia.jpg,sketch,1,rembrandt,val,c6fbb6087ce296b6472678bc7db9986e18791ac7ed6cdea8f23a3dba75554f01,e9b5d24a99616d49
data/private/sketchnet/sketches/rembrandt_the-baptism-of-the-eunuch-1641.jpg,sketch,1,rembrandt,val,734e9477b59c686768975eb662949791311e6b900442549be24451001bad3105,ae9cc363ac53bc44
data/private/sketchnet/sketches/rembrandt_the-barrel-organ-player-polander-standing-with-arms-folded-1631.jpg,sketch,1,rembrandt,val,8c9367a6f569ba3f43cd96868dae36453c1dccf9c00bd6230fb785d9dda31ccf,a3cc8e639929cd33
data/private/sketchnet/sketches/rembrandt_the-blindness-of-tobit-1629.jpg,sketch,1,rembrandt,val,4b4e8668eec2c4b8b95fc50eb719786134a53f70b525c892863a4b696cdd42a4,bf90c76acc34e027
data/private/sketchnet/sketches/rembrandt_the-boathouse-called-a-grotto-with-a-brook-1645.jpg,sketch,1,rembrandt,val,fae3121288cccf50c194fe87841e810a1a9104392907682d262b9044ee265521,add2926dc336e01b
data/private/sketchnet/sketches/rembrandt_the-crucifixion-a-square-small-plate-1634.jpg,sketch,1,rembrandt,val,d3bcf6fe63c0d86fe2e90bb873ede4966a788411a298dad00e42c7115983b3bb,bbcce36b8427e803
data/private/sketchnet/sketches/rembrandt_the-descent-from-the-cross-by-torchlight-1654.jpg,sketch,1,rembrandt,val,caf8edf042b619c3846285136da1b1f8a2208c5042927d5edaf104b9ed81732d,ea60913cec9ac5c7
data/private/sketchnet/sketches/rembrandt_the-flight-into-egypt-1630.jpg,sketch,1,rembrandt,val,6e6a812c133bd1185aa56d1563f4b290facc503b72f4c3fc4903be119637c8e8,bf3ae468d09bc494
data/private/sketchnet/sketches/rembrandt_the-flight-into-egypt-a-night-piece-1651.jpg,sketch,1,rembrandt,val,6336d5463a78ac41b427f50f28ef90923211580e01006eba5fcbbbe88a4d0f75,fa37a4c4937ac10d
data/private/sketchnet/sketches/rembrandt_the-flight-into-egypt-a-sketch-1627.jpg,sketch,1,rembrandt,val,4af974498b0cea1be38e17566cd0d0daf964fd77d50da578a52d138ff652aab3,bb8d1c62e03bd90e
data/private/sketchnet/sketches/rembrandt_the-flight-into-egypt-called-in-the-style-of-elzheimer-1653.jpg,sketch,1,rembrandt,val,f151cc5f371c6ca66deb02f7c4f6ce9a2cc88cc85b0960826290ce0bd30221db,cac0b3b38ca4b36e
data/private/sketchnet/sketches/rembrandt_the-flight-into-egypt-crossing-a-brook-1654.jpg,sketch,1,rembrandt,val,ae1a80811398469a15d3c591e29648a64a62b4f289aedd64133eae6a5314fad2,ee0793d0c96994d6
data/private/sketchnet/sketches/rembrandt_the-flight-into-egypt.jpg,sketch,1,rembrandt,val,e6467de639d9be6d4438343f64f32465ff72a506aa4daf7a4c421845a9eea7dc,fe07b3d0c96994c4
data/private/sketchnet/sketches/rembrandt_two-studies-of-a-bird-of-paradise-1630.jpg,sketch,1,rembrandt,val,7bb53519691b4f5ed1441a62fb5a740062d83d86cfb7cc858ada5b53ae99b6eb,bb3895c2cacd8cc6
data/private/sketchnet/sketches/rembrandt_two-studies-of-the-head-of-an-old-man.jpg,sketch,1,rembrandt,val,bf907e42a6ecdddb79760598545758dac025208f6e57640b5aa5fdb1ee47bed1,f87a87aca5a531c1
data/private/sketchnet/sketches/rembrandt_two-thatched-cottages-with-figures-at-the-window.jpg,sketch,1,rembrandt,val,9d2926cc17627fa4003575c69ef8462dcca21b29a113213cd22764965ebe79cf,abd8d0064e3b3cf8
data/private/sketchnet/sketches/rembrandt_two-women-teaching-a-child-to-walk.jpg,sketch,1,rembrandt,val,361baa23f76a390817344f5ff1492ef97a4818a6d5e5f6d3b42c622f94db6407,e23a99b5a5468f89
data/private/sketchnet/sketches/rembrandt_view-of-amstel-river-in-amsterdam-1641.jpg,sketch,1,rembrandt,val,3e389c59a1d85f957ab8ad5117da9a4a43d1ae5b8899e8641fc515e65b69b79f,d4a32c53a51ec1be
data/private/sketchnet/sketches/rembrandt_view-of-amsterdam-1640.jpg,sketch,1,rembrandt,val,1dd2fa825f21f78c3cd650430830cf985e4a250bd209b5d40eb99c7ed21ba7a8,bec13a5ae51ae720
data/private/sketchnet/sketches/rembrandt_view-of-diemen-1655.jpg,sketch,1,rembrandt,val,621f328e9613ab5f72b44953266cca51bf5cff3f08ad3ed016b939eed0468bba,c060d7d9191f47e9
data/private/sketchnet/sketches/rembrandt_view-of-houtewael-near-the-sint-anthoniespoort-1650.jpg,sketch,1,rembrandt,val,08223a5e9604051382fbd801fffdf3ff98c5a9f1cdb3305e647103027b093de0,e4c13c639dbc433c
data/private/sketchnet/sketches/richard-gerstl_self-portrait-1907.jpg,sketch,1,richard-gerstl,train,8ab4fad365a935177beed5dcd4d51718132ee03ec80872b189465f3f41a76356,ff2d7032f270c0d2
data/private/sketchnet/sketches/rogier-van-der-weyden_bishop-kneeling-in-profile-swinging-a-censer-accompanied-by-a-clerk.jpg,sketch,1,rogier-van-der-weyden,train,eb9fcbd32b4b40c59d5f372f1829340875cbd6a348352e9fe6f7527b103c60a5,fcd8c866432f1363
data/private/sketchnet/sketches/rogier-van-der-weyden_demons-tortures-a-sinner.jpg,sketch,1,rogier-van-der-weyden,train,846a9412d11febe02a6b5281eaf6a617ee406613ba7f615ccaf76701794dfda1,a1f4ce48bd2ce163
data/private/sketchnet/sketches/rogier-van-der-weyden_kneeling-woman.jpg,sketch,1,rogier-van-der-weyden,train,bd658642e7522858238918c34ece4eda9b9faeb724d9dde8155359ae704e0811,ed929a69963ac136
data/private/sketchnet/sketches/rogier-van-der-weyden_portrait-of-a-young-man.jpg,sketch,1,rogier-van-der-weyden,train,e9d89e7e5ec15c5e1c7b370cf11422a94c292c67984e6f00bd5f754d5c4a58f0,bef147067c21631e
data/private/sketchnet/sketches/saul-steinberg_paris-1984.jpg,sketch,1,saul-steinberg,train,62ce93835f04ba8378ba6d609b9140abacb4f2bd89bd82aa7c883846e7bb03b1,81946b967b974ee0
data/private/sketchnet/sketches/saul-steinberg_passport-1951.jpg,sketch,1,saul-steinberg,train,2de1e8f74eaf039669f540eaadc9aea7d8703083cefaa2a499a7cec6b2728e2a,e333cc9cc88c992f
data/private/sketchnet/sketches/saul-steinberg_railway-1951.jpg,sketch,1,saul-steinberg,train,105fdc8306593475a92c86d0cedac0b4a873924f6a375a5c748f220f5ef517d3,db99a04c97a78c95
data/private/sketchnet/sketches/saul-steinberg_the-waltz-1953.jpg,sketch,1,saul-steinberg,train,0a9f85c4c8f4f3848c575b6043d7146d426f2ead9d84a019cc6a7926b0245bc7,a69937668933856e
data/private/sketchnet/sketches/saul-steinberg_two-gendarmes-1950.jpg,sketch,1,saul-steinberg,train,3947555f39ac22188d5917a032f29cac5d6d2a6e6a0d89468ed6f099ba645376,ed699396cf633024
data/private/sketchnet/sketches/saul-steinberg_untitled-1961.jpg,sketch,1,saul-steinberg,train,0dd5f3105c32ccd00070ece9bf35efa05af6bc6633c9e509117f92ac0be20129,a98df448ca2583fb
data/private/sketchnet/sketches/saul-steinberg_untitled-1962.jpg,sketch,1,saul-steinberg,train,6666c9610848fccd5f284d682e7c6f4ebc838a6487470319144d736205471bdc,ed90d02d97e29c4b
data/private/sketchnet/sketches/saul-steinberg_untitled-1964.jpg,sketch,1,saul-steinberg,train,0ed2c8071cbe9f81dae9a42776678afd114eff9e4cfb303c76a6a9bff2002d7d,acc39c3a619cc771
data/private/sketchnet/sketches/saul-steinberg_untitled-question-marks-1961.jpg,sketch,1,saul-steinberg,train,b6b372cabf75a8d2fe55a74d492d3afdf7e9fa08f752c630869af3ad729f3fb4,b372e1cdcc8d8c8c
data/private/sketchnet/sketches/saul-steinberg_untitled-steinberg-1966.jpg,sketch,1,saul-steinberg,train,bf523b2ca34aed261136ffffe3119f8517c06b2fea6cc24ec1ffec6f32cfdf8b,87fcfc5b81276881
data/private/sketchnet/sketches/saul-steinberg_utopia-1974.jpg,sketch,1,saul-steinberg,train,3e254a3abc094eb72368193aac19ea6d7d7fbabb60e5044dee344ffcb2fccb46,f2cb78c989334e26
data/private/sketchnet/sketches/saul-steinberg_view-of-the-world-from-9th-avenue-1976.jpg,sketch,1,saul-steinberg,train,0936ef545a857976eb7d8b54e6cecd10a7400ad70fe729e62c65f7fd8e421315,afa45a69166ead50
data/private/sketchnet/sketches/stuart-davis_seine-cart-1939.jpg,sketch,1,stuart-davis,val,507767b9a589663032d531a429041767be5b4b64f384b9b26d7f2e36eb85789e,ac31da4ea127f2c6
data/private/sketchnet/sketches/tano-festa_la-mano-dell-artista.jpg,sketch,1,tano-festa,val,cb02db07b9fac404dae2262561d048ec8e3bf41d115c763a4c4f5fd11c3c0571,b9c6d0691e97c833
data/private/sketchnet/sketches/theo-van-doesburg_composition-the-cow-6.jpg,sketch,1,theo-van-doesburg,train,3daff756f7f7b7fd99e63edea4bd79e277cbdd0a0725636d088ff98c24e2af3a,9e7be164079e3868
data/private/sketchnet/sketches/theo-van-doesburg_composition-the-cow-7.jpg,sketch,1,theo-van-doesburg,train,eef40b5364ab6391991daf157067847441397b6790084d58a879eee740aef14f,f9c58e7235494e94
data/private/sketchnet/sketches/theodoor-van-thulden_holy-man.jpg,sketch,1,theodoor-van-thulden,val,c08c0e7e1a62cab7644ad52d284ffac51274a6a732fba932fc56a63a1baa9873,e3c899b30e58d31d
data/private/sketchnet/sketches/theodoor-van-thulden_minerva-and-odysseus-at-telemachus.jpg,sketch,1,theodoor-van-thulden,val,e9b9883688348f2c39954f35bbe3f3025b2c7d493a448a8c32d7540da16458ef,c6a5bae0c59a159d
data/private/sketchnet/sketches/theodoor-van-thulden_odysseus-lands-at-beach-of-hades.jpg,sketch,1,theodoor-van-thulden,val,a6d7dc0372576626f600165b65edb193cd2cd25b4f93fe1c54b94b7c8391404f,ababa5949436f02e
data/private/sketchnet/sketches/theodoor-van-thulden_odysseus-recognised-by-his-dog.jpg,sketch,1,theodoor-van-thulden,val,7ee17e25aa557cf0c8c98ed2ad94553a3029e8cb22056083d720bd051e892b85,82cbe504cd1fcf34
data/private/sketchnet/sketches/theodoor-van-thulden_penelope-announces-odyseus-s-return.jpg,sketch,1,theodoor-van-thulden,val,a838b9986a15ea01ff7ecce5df036df666fda7eb059ea5a3d09c39afcdf86bee,964ad926ae419e3b
data/private/sketchnet/sketches/toyen_a-dolphin-and-three-nymfs.jpg,sketch,1,toyen,train,2a41de23a041f9fb123a2ad88433635fdad197e7161ab37abd2e40ea9922efd7,fa98a566c336961a
data/private/sketchnet/sketches/toyen_a-face-in-the-tree.jpg,sketch,1,toyen,train,d3f607486f75b9422d415d25867ce71ab0877a0f0255d39678912c54115d37cd,be3f85cad9c2e030
data/private/sketchnet/sketches/toyen_a-face-on-the-water-level.jpg,sketch,1,toyen,train,2d26f593c9e88a034b6802175116e65f2bc97929945a132336fa1bdbe85f446d,ef62d4849c89395b
data/private/sketchnet/sketches/toyen_a-girl-at-the-construction.jpg,sketch,1,toyen,train,604f50bc712fd07b8e6bf59f51fd5156d8c5cab9222b6130fd3dbd585246ac97,f35b88a4c5d8536a
data/private/sketchnet/sketches/toyen_a-girl-face-with-gentian.jpg,sketch,1,toyen,train,614f36600eaec727216ac42ed2377528913f23943cb541ad5658a96d19ee5715,ca37bf6c9942e0d0
data/private/sketchnet/sketches/toyen_a-girl-profile-with-a-branch.jpg,sketch,1,toyen,train,b6505eee96dd281e7d238be911d4eb264434e58f6cd9e177cf75ebb1c276ded2,bb19cdc4e07ac84b
data/private/sketchnet/sketches/toyen_a-girl-sleeping-under-the-stars-1944.jpg,sketch,1,toyen,train,ccddca4fa433786ab0d1b140e07d4b72b5edfb01cdcb6d0752e0f5718fab799f,bc61c39f3860e696
data/private/sketchnet/sketches/toyen_a-girl-with-the-cones.jpg,sketch,1,toyen,train,a65819a109f7b2c9ca8716739c7c1b97b114f3a0199ddac731ef4320ba315ede,f034861b99ccc7c7
data/private/sketchnet/sketches/toyen_a-girl-with-the-crucifix.jpg,sketch,1,toyen,train,8772e1d372b73d7e01f3b218d55d70a8b66fe8647e2a25920428bf9b39f5f4a7,bf38e0e6c2c6d01b
data/private/sketchnet/sketches/toyen_a-girl-with-the-dandelion.jpg,sketch,1,toyen,train,30478ea3a94e09cb157e8f8357b381d490c4297876acf0dc8242aab2ff099d4f,bce5c31e38a5471a
data/private/sketchnet/sketches/toyen_a-girl-with-the-pine-branches.jpg,sketch,1,toyen,train,a7965ebec25e963284bac5831d91337d2fd2c86cdcaf363c89c6b7821639a7f9,ea4395bd86b0c5c9
data/private/sketchnet/sketches/toyen_a-girl-with-the-rose.jpg,sketch,1,toyen,train,f7922b984c7e5bdfd0771d12de0a2ca7569b22e6b503d25023edbf5dfb8a4749,fbe3949cc21e9423
data/private/sketchnet/sketches/toyen_a-girl-with-the-rosehips.jpg,sketch,1,toyen,train,f3ec2e6f93858dafe2246e3016bbb5150535ed1d9d26503e44d1c92dd1aae8e0,b6a7c18c1e73f206
data/private/sketchnet/sketches/toyen_a-lady-with-dolphins-1934.jpg,sketch,1,toyen,train,fe189976d656a3998dbcfb70e9f1cd758f36a47943b1271fbd048b0f1bcbba69,b333c63327cec831
data/private/sketchnet/sketches/toyen_a-lover.jpg,sketch,1,toyen,train,ba56233790632ded6e49f62651280a75c89f1ace91f852f1587805bb9d42d3f5,fc2d0c65c3c39393
data/private/sketchnet/sketches/toyen_a-nest-in-the-branches.jpg,sketch,1,toyen,train,7269996ced7a9b691ce84e37772e7086487e7916203bdcf68304513891c297c1,be38c0c19fcc3936
data/private/sketchnet/sketches/toyen_a-starry-eyed-girl-with-a-flower-1939.jpg,sketch,1,toyen,train,c96104beecca35523eac7c254538ecc81621a01d284ccccc6857c7ba666670e6,fbb4c04b870f9c31
data/private/sketchnet/sketches/toyen_a-starry-eyed-girl-with-the-rose.jpg,sketch,1,toyen,train,d74ffc2362496a2f25ad44f4f033c292bcdeb14db0af2d1cefbb3a552a0b1d70,eae5b45ac925c62c
data/private/sketchnet/sketches/toyen_a-wonder-with-the-angel-1932.jpg,sketch,1,toyen,train,d672996cd6662eaa9a38262d9328510dc50008e90718c6b48ef6211f80c35964,f3cc87718c929333
data/private/sketchnet/sketches/toyen_crying.jpg,sketch,1,toyen,train,8e796fd53a783bd692dc4974c9fda08cf3788f99584e9cfdebf1ae79d05a9e4f,ec92966d516d2633
data/private/sketchnet/sketches/toyen_epika.jpg,sketch,1,toyen,train,9cae06019e05bc577384f2a9a38f0665aaf1847ed1c50a7cc4cf45b4cda481db,bf37e0ccc262c19c
data/private/sketchnet/sketches/toyen_on-the-kitchen-table-1929.jpg,sketch,1,toyen,train,dfcbfcfb67977b3ecb5fa06ffc1961b38051dcdc11537abf77b16ff6f132191e,f886c949c739923d
data/private/sketchnet/sketches/toyen_sleeping-on-the-roses.jpg,sketch,1,toyen,train,8e8d99376f10875e840640eb7874636b909beb18eae45849e98bafdcb18538d7,8f1fe15d943990b2
data/private/sketchnet/sketches/toyen_still-life-with-serviete-1929.jpg,sketch,1,toyen,train,1737ac65687b0a637eeb9174c97c015300b82191797a0650235a010eb7149b20,edc5943c4b9394c5
data/private/sketchnet/sketches/toyen_the-easter-wind-1946.jpg,sketch,1,toyen,train,bb32f82ad0f5866b7223fdcd7fabac799a9a155850cb01720b55f55e808bf8dd,bfe0cb1bc04e6698
data/private/sketchnet/sketches/toyen_the-face-behind-the-window.jpg,sketch,1,toyen,train,56c70f79f6dd87875d480e333fa0527beeafb1a272de8b4abe415f80b52a5b2b,eb85923ac57a95e0
data/private/sketchnet/sketches/toyen_the-fawn.jpg,sketch,1,toyen,train,f4069c7ad2c8c7baa978d7f7c85c0c60c399be47a00de9e19e67baa2f509e2df,8af7210d7b8cc11f
data/private/sketchnet/sketches/toyen_the-nest-1936.jpg,sketch,1,toyen,train,e121b187af9d422975c330c68b1a51cf51a06dee9bad647037d62d5650f258e2,ae22db3dcc6c94c8
data/private/sketchnet/sketches/toyen_torso.jpg,sketch,1,toyen,train,3fe03edfbf04a8fadeb6a8c4abf7368a3697f2726c0298c4902ba62bc422aa30,ee6cacc7a142c1b5
data/private/sketchnet/sketches/toyen_two-friends-1932.jpg,sketch,1,toyen,train,bb2b8a288e54a93ddfb42f5c67fa4dd1cfdba392160a4903332ec897e6ffff2c,fcc3922ec334a49b
data/private/sketchnet/sketches/toyen_two-girls-with-flowers-1932.jpg,sketch,1,toyen,train,3f0f74e79e7c596e9dfd381ca1a664b8aee3702cf1931df7843d1ba4f6de2089,bf33862c68cb9f10
data/private/sketchnet/sketches/toyen_two-masks.jpg,sketch,1,toyen,train,35881d07ff6310a873da87a0012d757892766756d062bcc970a38b8f3172ac31,beb4c15af169c126
data/private/sketchnet/sketches/toyen_under-the-eiffel-tower.jpg,sketch,1,toyen,train,ca5ba9231450a1361a83d70fd831fd24faca72263cbab4a05abc290cc61b2ea8,ed6d969249c3d2a2
data/private/sketchnet/sketches/tsuguharu-foujita_club-el-patio.jpg,sketch,1,tsuguharu-foujita,train,bc32951d4293bbf761b5acf521f6212738e35ccb22d2b5f8580c0d357b1acc7b,ff3914d24325f1c8
data/private/sketchnet/sketches/tsuguharu-foujita_dream-1947.jpg,sketch,1,tsuguharu-foujita,train,b4bb9548f2971b8fb77b9a39524e4f8796f8d9f45533ddf8b0fa5573ada6ed6e,ea2f9595e566a284
data/private/sketchnet/sketches/tsuguharu-foujita_femme-en-pri-re.jpg,sketch,1,tsuguharu-foujita,train,52a40f66bcc199c472cd1191b58f097a64574177713217447553a30fcc1bc66c,ace4719b1a7d61e0
data/private/sketchnet/sketches/umberto-boccioni_silvia-1915.jpg,sketch,1,umberto-boccioni,train,e3645911b8df90db020e27aec7120d9918910b5d00fbd706cfa9fb5fc26aa215,8aa0d4f7ca2f1995
data/private/sketchnet/sketches/vajda-lajos_table-still-life-with-armchair-1934.jpg,sketch,1,vajda-lajos,train,4a150ace2e8ed7971a1c6541e714053d867f20fbd6171e67622e84e313e0c645,af6a85359ecc6192
data/private/sketchnet/sketches/vicente-manansala_untitled-bamboos.jpg,sketch,1,vicente-manansala,train,fc373ac7cca2830e9c5fc50e59988910684ed460efc81ae2cd9b754be415efe9,ede6938f8ad8a031
data/private/sketchnet/sketches/vincent-van-gogh_park-view.jpg,sketch,1,vincent-van-gogh,test,9aa8511d296d6ca07a1ae8f62df7562d1cd316ae44be86aadc09ef7f5620a73f,d8b805630ddeba63
data/private/sketchnet/sketches/vincent-van-gogh_park-with-figures.jpg,sketch,1,vincent-van-gogh,test,89231a44de0f5cdb3a837c0d82ed0709dee4a6305c64592c6f97983acc019e2e,bab589624e6cc19e
data/private/sketchnet/sketches/vincent-van-gogh_path-between-pine-trees-1889.jpg,sketch,1,vincent-van-gogh,test,bc05dc2f76896c176f74ed46ab06dd45f72ff2737fb4a398a3491c1a4a399cb0,bfd68670a530dec0
data/private/sketchnet/sketches/vincent-van-gogh_peasant-digging-1890.jpg,sketch,1,vincent-van-gogh,test,1458efe4864163a623106d1d7fa41f64edd4e7817721555c3f4caa21ebe746e8,b8b29c48cfc5e60d
data/private/sketchnet/sketches/vincent-van-gogh_peasant-woman-digging-1890.jpg,sketch,1,vincent-van-gogh,test,3db2618cb2cb2f95142f05f140c11c64259ddebf4ae19f7f38ac521e28714807,e5928ead635658a3
data/private/sketchnet/sketches/vincent-van-gogh_peasant-woman-head-9.jpg,sketch,1,vincent-van-gogh,test,145ce2f04d355bbdf76a2e81fbd1f0a457ccd1e8b3862e95ee641cd855d8de7a,a008d2d23cbdfed2
data/private/sketchnet/sketches/vincent-van-gogh_peasant.jpg,sketch,1,vincent-van-gogh,test,bd60f27ed026729cc8c005010bd79e92c13d3d42cb5b312381e9126923bd3095,b3e21fb0b50fd242
data/private/sketchnet/sketches/vincent-van-gogh_people-walking-in-front-of-snow-covered-cottage-1890.jpg,sketch,1,vincent-van-gogh,test,e3942e1b99d273ad82f2eb5cf9d2b126ea89162d993bdbf8524240f70df5fcf3,b8c7c7b42728c99a
data/private/sketchnet/sketches/vincent-van-gogh_people-walking-in-front-of-snow-covered-cottage-2-1890.jpg,sketch,1,vincent-van-gogh,test,2658ca58b9386ac3a21a54bd1adf34d7313c0a740c55b44bbea93add0b13fa69,8af03c67528f0b37
data/private/sketchnet/sketches/vincent-van-gogh_people-walking-in-front-of-the-palais-du-luxembourg-1886.jpg,sketch,1,vincent-van-gogh,test,ee10af6915e3d503ca38bf0ba7997f813b9c9b8b0cd9f917265a067b9f7b5459,fe6c9512ad625293
data/private/sketchnet/sketches/vincent-van-gogh_people-walking-on-a-street-in-the-evening-1886.jpg,sketch,1,vincent-van-gogh,test,a24bbb500a8c75466433aba2ac69a9fe2dd36ba813ab810411b85ee68456a716,b865f6a2436a827e
data/private/sketchnet/sketches/vincent-van-gogh_pianist-1887.jpg,sketch,1,vincent-van-gogh,test,61510b69fe11cb4183494d385e35d5de428512f24ef8f5e1921c5db8e829b547,f2878d4c51b5ce4a
data/private/sketchnet/sketches/vincent-van-gogh_pine-trees-along-a-road-to-a-house-1889.jpg,sketch,1,vincent-van-gogh,test,090a5bf93eacf7c0181cc0b405ec3576c3fa81a2514ec842c00d6ac48fac4e87,e2628463dd8e2db9
data/private/sketchnet/sketches/vincent-van-gogh_pine-trees-in-front-of-the-wall-of-the-asylum-1889-1.jpg,sketch,1,vincent-van-gogh,test,71f99f95c7961b413d1800ea56b1ae935484aead328b6f914becb789be54a6d0,ba8e4d49c961ebe0
data/private/sketchnet/sketches/vincent-van-gogh_pine-trees-in-front-of-the-wall-of-the-asylum-1889.jpg,sketch,1,vincent-van-gogh,test,15b0b7df300bed2355316e8aea1dcbbdef91540949f779f1923adc1aeb8f5099,be9c5d66f102c6d0
data/private/sketchnet/sketches/vincent-van-gogh_pine-trees-in-front-of-the-wall-of-the-asylum-4-1889.jpg,sketch,1,vincent-van-gogh,test,f61dc162d43e3350a111bdda295878fba9ef8cf154cce82da4477db0689001ed,be37d02ae772c1c0
data/private/sketchnet/sketches/vincent-van-gogh_pine-trees-in-the-garden-of-the-asylum-1889.jpg,sketch,1,vincent-van-gogh,test,286435d5737a7f3f5e7c04c5223547cda634e5dfb8446dd56818381e0c761668,eb37c95090b6b09d
data/private/sketchnet/sketches/vincent-van-gogh_pine-trees-near-the-wall-of-the-asylum-1889-1.jpg,sketch,1,vincent-van-gogh,test,6dab8b299558bbae364aafa680de4a3a1562e36d1a9398bd9099813f8f574cf7,aad5f148a6198eb6
data/private/sketchnet/sketches/vincent-van-gogh_pine-trees-near-the-wall-of-the-asylum-1889-2.jpg,sketch,1,vincent-van-gogh,test,3e7ba6d6597d4168ccf291d58539bd6ceb2db0f76ef080c9b8ceff3c90e6dbd9,eaccd0b636a364c6
data/private/sketchnet/sketches/vincent-van-gogh_pine-trees-near-the-wall-of-the-asylum-1889.jpg,sketch,1,vincent-van-gogh,test,ed632a75ff3268a7270a67505ad8188f7c16d57f8e836bb641514e166dd29516,bb7bb482469ca139
data/private/sketchnet/sketches/vincent-van-gogh_pine-trees-seen-against-the-wall-of-the-asylum-1889-1.jpg,sketch,1,vincent-van-gogh,test,de78f36391f5f36f6f2b65f2880c8979a31da1ba5b416c9edca74b91ba66bc9f,ea99f522d818e6c5
data/private/sketchnet/sketches/vincent-van-gogh_pine-trees-seen-against-the-wall-of-the-asylum-1889-2.jpg,sketch,1,vincent-van-gogh,test,1fa7930301853f469c08699c2e581f7fcbb78477b93cb8ca6f35b00ea5596392,f684cae3725b2d84
data/private/sketchnet/sketches/vincent-van-gogh_pine-trees-seen-against-the-wall-of-the-asylum-1889.jpg,sketch,1,vincent-van-gogh,test,a2f0a5d9f47a0fabb3af5240b412058f98b1c2fb3cb1db796f4753b68876dfb1,fbb03e3c8076e0c9
data/private/sketchnet/sketches/vincent-van-gogh_plaster-statuette-1886-1.jpg,sketch,1,vincent-van-gogh,test,fdcd35723e6918a45af5fa39d843b32b3413365315b2e912c3d30c6cc5c1b891,bc9f87d6c464e0e0
data/private/sketchnet/sketches/vincent-van-gogh_plaster-statuette-1886.jpg,sketch,1,vincent-van-gogh,test,24313735b579a4c10c022b050d8eddf52862b269f1bd047425ec3f5484a5e692,af2fd230b0d2d296
data/private/sketchnet/sketches/vittore-carpaccio_the-triumph-of-st-george-1502.jpg,sketch,1,vittore-carpaccio,test,7d3b06c9c51c714e74644db8ed6ddf6aa8d8e0fcff24009cb76afa2a61aa782f,9682f0d53d20afdc
data/private/sketchnet/sketches/william-hogarth_scholars-at-a-lecture.jpg,sketch,1,william-hogarth,train,4d6e0eed4dfa6bfd26dd6ab2793094f20096cd4299b27be61864a95c5e8ff503,95bfd19e23446c51
data/private/sketchnet/sketches/william-hogarth_the-bench-1758.jpg,sketch,1,william-hogarth,train,e46ca50e2f3b8d984654966edd4ae2deb9c6d867ac0d09a2c18fbcbc134b2c5d,9b1b94b56319987a
data/private/sketchnet/sketches/william-hogarth_the-bruiser-charles-churchill-once-the-reverend-in-the-character-of-a-russian-hercules-1763.jpg,sketch,1,william-hogarth,train,471f6e8271e4391ca5442b9a3ccbbb88b1aff48c6616adfd82f745c8f1703e90,839ade684f3c6938
data/private/sketchnet/sketches/william-hogarth_the-chorus.jpg,sketch,1,william-hogarth,train,4ec03e1e0a45f9cc91f969f29419c391b5682869251a86ad22122a03626a002f,88e0f54386785d6f
data/private/sketchnet/sketches/william-hogarth_the-company-of-undertakers.jpg,sketch,1,william-hogarth,train,47a8a27afd07d17a167645d8472945a8e2d3784770263fa5316d43665a997a5a,8169bf34f04b41ee
data/private/sketchnet/sketches/william-hogarth_the-five-orders-of-perriwigs.jpg,sketch,1,william-hogarth,train,43295ab3b14d769d6836ab606ab64aa88708e62bcac5fd6fe5afc9794fe0f085,d5ffc2049d6de012
data/private/sketchnet/sketches/william-hogarth_the-laughing-audience-or-a-pleased-audience.jpg,sketch,1,william-hogarth,train,f13132da96b41332d482467d87f5cf9a0202d11507ba42cf24a5321e22898034,ea6e4371cc18edd0
data/private/sketchnet/sketches/william-hogarth_the-pit.jpg,sketch,1,william-hogarth,train,75ffbdbdacf3209e8048caa290bcf432edf0c696a51bd346ed1f4b996afd2085,cc36c0c1b5e8fe4a
